Date,Time,CPU All Power Consumption (W),GPU Power Consumption (W)
19.4.2025,2:25:9.427,15.097,3.675
19.4.2025,2:25:10.427,15.097,17.250
19.4.2025,2:25:11.432,34.121,33.567
19.4.2025,2:25:12.422,32.666,48.975
19.4.2025,2:25:13.420,32.541,54.012
19.4.2025,2:25:14.422,32.749,33.857
19.4.2025,2:25:15.437,31.651,37.062
19.4.2025,2:25:16.441,31.902,53.088
19.4.2025,2:25:17.440,32.680,25.438
19.4.2025,2:25:18.457,32.238,46.922
19.4.2025,2:25:19.461,31.752,46.346
19.4.2025,2:25:20.464,32.157,27.905
19.4.2025,2:25:21.479,32.517,54.647
19.4.2025,2:25:22.483,31.771,32.090
19.4.2025,2:25:23.482,30.271,43.370
19.4.2025,2:25:24.482,31.523,32.326
19.4.2025,2:25:25.501,30.847,53.543
19.4.2025,2:25:26.506,31.155,37.434
19.4.2025,2:25:27.522,31.268,35.574
19.4.2025,2:25:28.525,31.108,55.215
19.4.2025,2:25:29.512,31.820,28.836
19.4.2025,2:25:30.526,31.774,41.098
19.4.2025,2:25:31.512,31.896,49.811
19.4.2025,2:25:32.530,31.148,26.973
19.4.2025,2:25:33.533,31.657,48.059
19.4.2025,2:25:34.531,32.131,44.203
19.4.2025,2:25:35.546,31.580,34.031
19.4.2025,2:25:36.563,31.580,23.541
19.4.2025,2:25:37.578,40.108,49.824
19.4.2025,2:25:38.592,32.508,28.871
19.4.2025,2:25:39.592,31.739,51.351
19.4.2025,2:25:40.593,33.567,33.668
19.4.2025,2:25:41.611,32.500,42.317
19.4.2025,2:25:42.612,32.751,34.227
19.4.2025,2:25:43.614,35.668,39.470
19.4.2025,2:25:44.616,35.338,34.694
19.4.2025,2:25:45.634,34.927,54.044
19.4.2025,2:25:46.654,33.570,26.773
19.4.2025,2:25:47.650,34.156,54.251
19.4.2025,2:25:48.649,32.314,29.824
19.4.2025,2:25:49.652,31.622,41.723
19.4.2025,2:25:50.655,32.160,48.715
19.4.2025,2:25:51.663,32.160,34.540
19.4.2025,2:25:52.673,36.866,25.531
19.4.2025,2:25:53.691,34.817,56.614
19.4.2025,2:25:54.702,35.811,32.251
19.4.2025,2:25:55.718,36.669,37.838
19.4.2025,2:25:56.722,32.631,41.520
19.4.2025,2:25:57.738,37.371,26.803
19.4.2025,2:25:58.757,34.371,53.839
19.4.2025,2:25:59.770,33.554,28.294
19.4.2025,2:26:0.785,37.063,50.065
19.4.2025,2:26:1.800,38.773,45.913
19.4.2025,2:26:2.801,35.283,45.733
19.4.2025,2:26:3.813,33.003,39.489
19.4.2025,2:26:4.801,35.143,46.987
19.4.2025,2:26:5.805,33.475,29.490
19.4.2025,2:26:6.804,31.784,47.542
19.4.2025,2:26:7.797,31.775,41.453
19.4.2025,2:26:8.800,30.745,34.743
19.4.2025,2:26:9.803,31.693,52.330
19.4.2025,2:26:10.800,31.444,25.912
19.4.2025,2:26:11.801,30.855,45.173
19.4.2025,2:26:12.800,31.031,47.040
19.4.2025,2:26:13.799,30.779,28.586
19.4.2025,2:26:14.815,30.628,51.434
19.4.2025,2:26:15.813,30.773,41.083
19.4.2025,2:26:16.814,30.623,35.819
19.4.2025,2:26:17.828,30.768,55.257
19.4.2025,2:26:18.845,32.076,25.441
19.4.2025,2:26:19.843,31.896,47.187
19.4.2025,2:26:20.859,30.999,45.684
19.4.2025,2:26:21.861,30.629,31.538
19.4.2025,2:26:22.865,30.711,28.284
19.4.2025,2:26:23.865,30.668,44.089
19.4.2025,2:26:24.870,30.982,48.016
19.4.2025,2:26:25.870,30.721,29.270
19.4.2025,2:26:26.871,30.229,48.936
19.4.2025,2:26:27.858,30.548,39.691
19.4.2025,2:26:28.878,31.024,36.555
19.4.2025,2:26:29.890,30.622,55.370
19.4.2025,2:26:30.905,30.775,30.851
19.4.2025,2:26:31.905,30.556,40.220
19.4.2025,2:26:32.906,30.826,50.989
19.4.2025,2:26:33.920,30.620,29.851
19.4.2025,2:26:34.920,30.471,54.679
19.4.2025,2:26:35.936,30.693,36.400
19.4.2025,2:26:36.935,30.796,39.223
19.4.2025,2:26:37.935,31.160,52.438
19.4.2025,2:26:38.935,30.552,26.330
19.4.2025,2:26:39.950,30.571,47.399
19.4.2025,2:26:40.967,30.542,44.401
19.4.2025,2:26:41.980,30.791,31.654
19.4.2025,2:26:42.981,30.459,55.267
19.4.2025,2:26:43.997,30.520,45.363
19.4.2025,2:26:45.012,30.374,45.300
19.4.2025,2:26:46.027,30.507,45.480
19.4.2025,2:26:47.030,30.889,54.462
19.4.2025,2:26:48.030,30.456,26.075
19.4.2025,2:26:49.044,30.643,29.396
19.4.2025,2:26:50.044,30.541,42.236
19.4.2025,2:26:51.058,30.579,34.775
19.4.2025,2:26:52.075,30.638,54.344
19.4.2025,2:26:53.077,30.027,28.018
19.4.2025,2:26:54.091,30.274,46.840
19.4.2025,2:26:55.095,30.499,43.761
19.4.2025,2:26:56.096,30.553,33.323
19.4.2025,2:26:57.113,30.303,56.766
19.4.2025,2:26:58.114,30.514,28.616
19.4.2025,2:26:59.133,30.491,44.567
19.4.2025,2:27:0.134,30.643,48.548
19.4.2025,2:27:1.123,30.580,29.506
19.4.2025,2:27:2.140,30.694,52.162
19.4.2025,2:27:3.156,31.178,38.670
19.4.2025,2:27:4.157,30.481,49.156
19.4.2025,2:27:5.175,30.498,28.795
19.4.2025,2:27:6.175,30.425,52.660
19.4.2025,2:27:7.179,30.849,33.543
19.4.2025,2:27:8.181,30.313,38.304
19.4.2025,2:27:9.182,30.543,52.635
19.4.2025,2:27:10.170,30.525,27.868
19.4.2025,2:27:11.173,30.509,45.048
19.4.2025,2:27:12.176,30.501,44.762
19.4.2025,2:27:13.176,30.514,33.215
19.4.2025,2:27:14.176,30.444,56.089
19.4.2025,2:27:15.176,30.559,31.112
19.4.2025,2:27:16.192,30.229,41.510
19.4.2025,2:27:17.194,30.352,47.668
19.4.2025,2:27:18.195,30.383,30.710
19.4.2025,2:27:19.198,30.499,30.283
19.4.2025,2:27:20.213,30.276,43.190
19.4.2025,2:27:21.228,30.627,47.350
19.4.2025,2:27:22.224,30.369,32.346
19.4.2025,2:27:23.225,30.402,54.406
19.4.2025,2:27:24.227,30.246,28.959
19.4.2025,2:27:25.227,30.136,45.610
19.4.2025,2:27:26.228,30.433,44.460
19.4.2025,2:27:27.228,30.819,34.161
19.4.2025,2:27:28.228,30.286,56.139
19.4.2025,2:27:29.228,30.766,35.125
19.4.2025,2:27:30.231,30.977,38.393
19.4.2025,2:27:31.247,31.054,33.295
19.4.2025,2:27:32.263,30.776,46.744
19.4.2025,2:27:33.277,30.371,53.060
19.4.2025,2:27:34.275,30.070,54.229
19.4.2025,2:27:35.289,30.267,55.220
19.4.2025,2:27:36.287,30.248,52.727
19.4.2025,2:27:37.291,30.732,50.536
19.4.2025,2:27:38.290,30.702,45.736
19.4.2025,2:27:39.304,30.164,45.291
19.4.2025,2:27:40.307,30.184,43.137
19.4.2025,2:27:41.305,30.230,48.891
19.4.2025,2:27:42.321,29.954,49.718
19.4.2025,2:27:43.323,30.180,50.217
19.4.2025,2:27:44.318,30.517,51.714
19.4.2025,2:27:45.318,30.144,51.714
19.4.2025,2:27:46.336,30.266,54.737
19.4.2025,2:27:47.337,29.944,51.989
19.4.2025,2:27:48.338,30.015,51.989
19.4.2025,2:27:49.354,30.138,48.248
19.4.2025,2:27:50.349,30.153,43.792
19.4.2025,2:27:51.352,30.022,40.614
19.4.2025,2:27:52.367,30.141,37.175
19.4.2025,2:27:53.368,32.583,36.303
19.4.2025,2:27:54.384,29.916,30.577
19.4.2025,2:27:55.386,30.251,32.873
19.4.2025,2:27:56.388,30.047,35.917
19.4.2025,2:27:57.402,29.924,38.075
19.4.2025,2:27:58.420,29.884,43.011
19.4.2025,2:27:59.439,29.882,50.218
19.4.2025,2:28:0.456,30.167,51.720
19.4.2025,2:28:1.458,29.832,52.769
19.4.2025,2:28:2.460,29.928,30.898
19.4.2025,2:28:3.463,29.842,29.898
19.4.2025,2:28:4.479,29.934,30.728
19.4.2025,2:28:5.469,29.746,31.555
19.4.2025,2:28:6.486,30.023,32.960
19.4.2025,2:28:7.486,30.008,35.110
19.4.2025,2:28:8.487,30.060,37.535
19.4.2025,2:28:9.491,29.949,37.290
19.4.2025,2:28:10.506,29.925,37.918
19.4.2025,2:28:11.507,29.883,38.475
19.4.2025,2:28:12.523,30.154,42.933
19.4.2025,2:28:13.539,29.880,42.765
19.4.2025,2:28:14.554,29.963,47.580
19.4.2025,2:28:15.558,29.647,52.510
19.4.2025,2:28:16.571,29.829,54.718
19.4.2025,2:28:17.574,30.099,54.769
19.4.2025,2:28:18.562,29.719,33.502
19.4.2025,2:28:19.581,29.848,36.439
19.4.2025,2:28:20.583,29.666,40.886
19.4.2025,2:28:21.602,29.980,41.488
19.4.2025,2:28:22.616,30.244,41.265
19.4.2025,2:28:23.616,29.961,47.211
19.4.2025,2:28:24.635,29.882,53.548
19.4.2025,2:28:25.636,29.881,52.879
19.4.2025,2:28:26.637,29.991,56.745
19.4.2025,2:28:27.641,29.845,56.635
19.4.2025,2:28:28.656,29.842,51.811
19.4.2025,2:28:29.673,29.676,32.896
19.4.2025,2:28:30.674,30.009,33.941
19.4.2025,2:28:31.675,29.968,39.416
19.4.2025,2:28:32.678,30.122,41.310
19.4.2025,2:28:33.693,29.942,46.813
19.4.2025,2:28:34.708,29.893,48.179
19.4.2025,2:28:35.724,29.843,48.147
19.4.2025,2:28:36.728,30.172,49.881
19.4.2025,2:28:37.730,29.895,54.060
19.4.2025,2:28:38.716,29.979,53.865
19.4.2025,2:28:39.730,29.540,55.221
19.4.2025,2:28:40.727,29.934,52.086
19.4.2025,2:28:41.731,29.860,49.383
19.4.2025,2:28:42.744,31.653,41.292
19.4.2025,2:28:43.744,30.005,37.639
19.4.2025,2:28:44.746,30.699,30.832
19.4.2025,2:28:45.749,31.127,53.364
19.4.2025,2:28:46.752,29.880,50.896
19.4.2025,2:28:47.768,29.920,45.732
19.4.2025,2:28:48.771,30.431,38.224
19.4.2025,2:28:49.773,29.510,37.241
19.4.2025,2:28:50.773,29.510,33.440
19.4.2025,2:28:51.772,29.844,32.193
19.4.2025,2:28:52.773,29.881,32.079
19.4.2025,2:28:53.776,29.559,30.669
19.4.2025,2:28:54.780,29.610,33.334
19.4.2025,2:28:55.794,29.719,34.859
19.4.2025,2:28:56.808,29.833,36.275
19.4.2025,2:28:57.839,30.243,36.984
19.4.2025,2:28:58.840,29.904,36.036
19.4.2025,2:28:59.840,30.104,36.395
19.4.2025,2:29:0.842,30.184,49.471
19.4.2025,2:29:1.844,29.945,46.986
19.4.2025,2:29:2.845,30.631,42.937
19.4.2025,2:29:3.843,29.763,40.105
19.4.2025,2:29:4.861,29.578,37.464
19.4.2025,2:29:5.860,29.667,36.860
19.4.2025,2:29:6.860,29.807,36.869
19.4.2025,2:29:7.875,29.622,33.407
19.4.2025,2:29:8.891,29.976,32.123
19.4.2025,2:29:9.894,29.929,29.916
19.4.2025,2:29:10.894,30.029,31.581
19.4.2025,2:29:11.911,30.135,33.025
19.4.2025,2:29:12.926,29.972,37.198
19.4.2025,2:29:13.928,29.978,37.921
19.4.2025,2:29:14.946,29.900,40.312
19.4.2025,2:29:15.945,29.568,44.036
19.4.2025,2:29:16.945,29.664,43.586
19.4.2025,2:29:17.959,29.791,38.690
19.4.2025,2:29:18.960,29.687,37.894
19.4.2025,2:29:19.974,29.945,49.584
19.4.2025,2:29:20.993,29.927,33.323
19.4.2025,2:29:21.991,29.679,28.683
19.4.2025,2:29:23.007,30.018,56.007
19.4.2025,2:29:24.023,29.998,31.804
19.4.2025,2:29:25.020,29.766,33.546
19.4.2025,2:29:26.025,29.971,33.410
19.4.2025,2:29:27.041,30.055,35.851
19.4.2025,2:29:28.043,32.030,44.020
19.4.2025,2:29:29.047,30.100,45.202
19.4.2025,2:29:30.063,29.692,49.387
19.4.2025,2:29:31.080,29.865,53.124
19.4.2025,2:29:32.082,29.832,54.238
19.4.2025,2:29:33.083,30.096,54.241
19.4.2025,2:29:34.102,30.082,30.178
19.4.2025,2:29:35.105,29.841,32.079
19.4.2025,2:29:36.091,30.144,31.377
19.4.2025,2:29:37.091,30.129,33.835
19.4.2025,2:29:38.107,29.858,35.354
19.4.2025,2:29:39.124,29.926,38.528
19.4.2025,2:29:40.140,29.707,37.472
19.4.2025,2:29:41.141,30.353,34.772
19.4.2025,2:29:42.161,30.492,34.179
19.4.2025,2:29:43.158,30.235,31.090
19.4.2025,2:29:44.177,29.281,33.099
19.4.2025,2:29:45.181,29.707,51.215
19.4.2025,2:29:46.183,32.825,37.625
19.4.2025,2:29:47.168,30.049,36.678
19.4.2025,2:29:48.169,30.062,35.563
19.4.2025,2:29:49.171,29.547,34.698
19.4.2025,2:29:50.190,29.604,29.555
19.4.2025,2:29:51.192,30.060,32.511
19.4.2025,2:29:52.195,29.642,34.501
19.4.2025,2:29:53.212,29.959,38.236
19.4.2025,2:29:54.214,29.715,41.349
19.4.2025,2:29:55.225,29.711,42.657
19.4.2025,2:29:56.225,29.663,48.370
19.4.2025,2:29:57.240,29.900,49.756
19.4.2025,2:29:58.241,29.827,34.692
19.4.2025,2:29:59.253,29.698,55.052
19.4.2025,2:30:0.256,29.657,30.528
19.4.2025,2:30:1.273,29.548,33.384
19.4.2025,2:30:2.287,30.057,34.175
19.4.2025,2:30:3.289,29.958,35.890
19.4.2025,2:30:4.291,29.868,36.992
19.4.2025,2:30:5.289,29.650,37.121
19.4.2025,2:30:6.289,29.799,36.914
19.4.2025,2:30:7.307,29.619,38.730
19.4.2025,2:30:8.307,29.980,41.192
19.4.2025,2:30:9.296,29.724,41.870
19.4.2025,2:30:10.294,29.275,44.004
19.4.2025,2:30:11.296,29.670,45.114
19.4.2025,2:30:12.295,29.726,48.922
19.4.2025,2:30:13.295,29.834,51.350
19.4.2025,2:30:14.293,29.865,51.403
19.4.2025,2:30:15.323,29.681,30.452
19.4.2025,2:30:16.324,29.451,55.558
19.4.2025,2:30:17.325,29.984,53.027
19.4.2025,2:30:18.340,29.737,35.334
19.4.2025,2:30:19.353,29.893,34.628
19.4.2025,2:30:20.355,29.633,37.669
19.4.2025,2:30:21.372,29.944,41.206
19.4.2025,2:30:22.400,29.831,44.690
19.4.2025,2:30:23.401,29.772,47.367
19.4.2025,2:30:24.400,29.830,51.530
19.4.2025,2:30:25.413,29.483,53.792
19.4.2025,2:30:26.429,29.826,56.175
19.4.2025,2:30:27.431,29.555,52.809
19.4.2025,2:30:28.430,29.489,50.769
19.4.2025,2:30:29.431,29.773,47.513
19.4.2025,2:30:30.431,29.733,46.145
19.4.2025,2:30:31.433,29.852,41.206
19.4.2025,2:30:32.419,29.738,38.113
19.4.2025,2:30:33.437,29.802,35.607
19.4.2025,2:30:34.441,29.742,31.595
19.4.2025,2:30:35.441,29.816,54.889
19.4.2025,2:30:36.443,29.895,55.703
19.4.2025,2:30:37.444,30.122,52.063
19.4.2025,2:30:38.443,29.976,47.457
19.4.2025,2:30:39.443,29.435,46.455
19.4.2025,2:30:40.458,29.696,43.914
19.4.2025,2:30:41.459,29.641,41.461
19.4.2025,2:30:42.464,29.711,40.327
19.4.2025,2:30:43.466,29.993,36.589
19.4.2025,2:30:44.469,29.744,35.677
19.4.2025,2:30:45.472,29.730,34.588
19.4.2025,2:30:46.473,29.747,30.209
19.4.2025,2:30:47.475,29.782,30.867
19.4.2025,2:30:48.494,29.851,51.789
19.4.2025,2:30:49.496,29.682,48.080
19.4.2025,2:30:50.508,29.602,46.406
19.4.2025,2:30:51.523,29.901,39.717
19.4.2025,2:30:52.523,29.816,39.642
19.4.2025,2:30:53.519,29.986,39.521
19.4.2025,2:30:54.522,29.900,38.565
19.4.2025,2:30:55.538,29.657,35.405
19.4.2025,2:30:56.542,29.862,32.680
19.4.2025,2:30:57.541,29.625,33.794
19.4.2025,2:30:58.543,29.672,31.515
19.4.2025,2:30:59.545,29.669,31.348
19.4.2025,2:31:0.565,30.005,30.769
19.4.2025,2:31:1.568,29.902,30.744
19.4.2025,2:31:2.567,32.722,49.127
19.4.2025,2:31:3.570,29.905,45.535
19.4.2025,2:31:4.584,29.615,39.028
19.4.2025,2:31:5.587,29.679,39.275
19.4.2025,2:31:6.603,29.935,37.410
19.4.2025,2:31:7.604,30.043,34.826
19.4.2025,2:31:8.604,29.659,33.081
19.4.2025,2:31:9.603,29.556,31.905
19.4.2025,2:31:10.592,29.719,30.608
19.4.2025,2:31:11.609,29.578,32.869
19.4.2025,2:31:12.610,29.571,35.587
19.4.2025,2:31:13.625,29.816,38.228
19.4.2025,2:31:14.629,29.855,41.233
19.4.2025,2:31:15.631,29.489,42.617
19.4.2025,2:31:16.646,29.733,46.564
19.4.2025,2:31:17.647,29.696,50.506
19.4.2025,2:31:18.645,29.496,53.526
19.4.2025,2:31:19.644,29.584,54.822
19.4.2025,2:31:20.648,29.856,30.493
19.4.2025,2:31:21.648,29.820,30.930
19.4.2025,2:31:22.651,30.100,32.805
19.4.2025,2:31:23.649,29.766,36.876
19.4.2025,2:31:24.652,29.588,37.735
19.4.2025,2:31:25.656,30.060,38.840
19.4.2025,2:31:26.673,29.815,41.980
19.4.2025,2:31:27.677,29.627,43.093
19.4.2025,2:31:28.675,29.829,50.330
19.4.2025,2:31:29.674,29.486,51.042
19.4.2025,2:31:30.674,29.703,53.075
19.4.2025,2:31:31.673,29.968,55.909
19.4.2025,2:31:32.686,29.651,52.510
19.4.2025,2:31:33.702,29.795,52.398
19.4.2025,2:31:34.716,29.851,50.930
19.4.2025,2:31:35.717,29.803,50.322
19.4.2025,2:31:36.722,29.683,47.491
19.4.2025,2:31:37.720,30.147,44.879
19.4.2025,2:31:38.725,29.911,41.671
19.4.2025,2:31:39.728,29.757,41.721
19.4.2025,2:31:40.730,29.904,45.109
19.4.2025,2:31:41.718,29.698,47.345
19.4.2025,2:31:42.721,30.110,47.968
19.4.2025,2:31:43.723,29.648,52.199
19.4.2025,2:31:44.737,30.051,53.259
19.4.2025,2:31:45.739,29.862,53.566
19.4.2025,2:31:46.743,29.659,56.052
19.4.2025,2:31:47.758,29.870,54.274
19.4.2025,2:31:48.761,29.810,50.207
19.4.2025,2:31:49.776,29.981,46.586
19.4.2025,2:31:50.776,30.245,36.331
19.4.2025,2:31:51.789,30.235,38.782
19.4.2025,2:31:52.808,30.254,52.387
19.4.2025,2:31:53.823,30.074,53.760
19.4.2025,2:31:54.823,29.443,30.736
19.4.2025,2:31:55.809,29.748,31.584
19.4.2025,2:31:56.812,29.777,34.205
19.4.2025,2:31:57.814,29.890,37.532
19.4.2025,2:31:58.816,29.657,37.978
19.4.2025,2:31:59.832,29.616,40.290
19.4.2025,2:32:0.832,29.924,43.840
19.4.2025,2:32:1.832,29.579,47.308
19.4.2025,2:32:2.836,29.933,51.065
19.4.2025,2:32:3.851,29.790,53.684
19.4.2025,2:32:4.850,29.733,55.208
19.4.2025,2:32:5.867,29.869,55.108
19.4.2025,2:32:6.880,29.745,54.622
19.4.2025,2:32:7.883,30.002,55.293
19.4.2025,2:32:8.884,30.039,50.577
19.4.2025,2:32:9.900,29.807,36.041
19.4.2025,2:32:10.902,29.603,40.541
19.4.2025,2:32:11.901,29.747,43.964
19.4.2025,2:32:12.889,29.964,49.025
19.4.2025,2:32:13.891,29.811,49.893
19.4.2025,2:32:14.912,29.689,54.427
19.4.2025,2:32:15.929,29.837,54.386
19.4.2025,2:32:16.930,29.849,49.671
19.4.2025,2:32:17.927,29.614,50.176
19.4.2025,2:32:18.923,29.462,43.786
19.4.2025,2:32:19.924,30.044,43.869
19.4.2025,2:32:20.942,29.641,37.827
19.4.2025,2:32:21.943,29.649,37.204
19.4.2025,2:32:22.961,29.918,33.492
19.4.2025,2:32:23.964,29.948,33.320
19.4.2025,2:32:24.967,29.656,29.783
19.4.2025,2:32:25.967,29.876,54.977
19.4.2025,2:32:26.981,29.794,53.477
19.4.2025,2:32:27.981,29.485,49.004
19.4.2025,2:32:28.982,29.716,48.276
19.4.2025,2:32:29.998,29.832,43.005
19.4.2025,2:32:31.016,29.949,41.763
19.4.2025,2:32:32.031,29.859,41.418
19.4.2025,2:32:33.032,29.744,37.064
19.4.2025,2:32:34.035,29.539,33.874
19.4.2025,2:32:35.052,29.551,32.133
19.4.2025,2:32:36.053,29.737,30.908
19.4.2025,2:32:37.055,32.353,35.998
19.4.2025,2:32:38.055,29.937,38.721
19.4.2025,2:32:39.058,29.852,43.256
19.4.2025,2:32:40.057,29.652,47.684
19.4.2025,2:32:41.045,29.585,52.004
19.4.2025,2:32:42.049,29.886,33.218
19.4.2025,2:32:43.048,29.829,32.246
19.4.2025,2:32:44.055,29.885,31.226
19.4.2025,2:32:45.053,36.180,51.685
19.4.2025,2:32:46.045,33.419,47.572
19.4.2025,2:32:47.054,35.477,27.089
19.4.2025,2:32:48.054,35.821,46.295
19.4.2025,2:32:49.059,35.979,49.060
19.4.2025,2:32:50.056,34.126,37.813
19.4.2025,2:32:51.056,34.402,31.477
19.4.2025,2:32:52.072,33.386,41.069
19.4.2025,2:32:53.071,33.643,52.583
19.4.2025,2:32:54.072,32.766,49.376
19.4.2025,2:32:55.070,33.403,49.376
19.4.2025,2:32:56.089,34.283,30.914
19.4.2025,2:32:57.089,33.107,39.219
19.4.2025,2:32:58.092,34.034,50.322
19.4.2025,2:32:59.091,33.553,56.344
19.4.2025,2:33:0.091,33.642,35.910
19.4.2025,2:33:1.105,33.709,52.453
19.4.2025,2:33:2.104,33.168,52.453
19.4.2025,2:33:3.119,33.254,46.471
19.4.2025,2:33:4.119,33.076,46.471
19.4.2025,2:33:5.134,32.729,31.816
19.4.2025,2:33:6.140,33.775,37.664
19.4.2025,2:33:7.143,34.268,47.653
19.4.2025,2:33:8.145,34.368,52.115
19.4.2025,2:33:9.144,33.218,52.115
19.4.2025,2:33:10.161,33.519,47.247
19.4.2025,2:33:11.176,33.457,43.528
19.4.2025,2:33:12.191,34.373,35.661
19.4.2025,2:33:13.195,33.375,46.953
19.4.2025,2:33:14.196,33.170,54.107
19.4.2025,2:33:15.209,32.807,50.781
19.4.2025,2:33:16.227,33.231,43.092
19.4.2025,2:33:17.244,32.729,32.280
19.4.2025,2:33:18.230,30.278,54.879
19.4.2025,2:33:19.234,31.024,50.209
19.4.2025,2:33:20.251,33.754,37.883
19.4.2025,2:33:21.250,30.337,30.613
19.4.2025,2:33:22.265,35.301,39.443
19.4.2025,2:33:23.275,31.802,45.522
19.4.2025,2:33:24.272,32.045,53.581
19.4.2025,2:33:25.272,33.151,52.276
19.4.2025,2:33:26.273,31.531,43.502
19.4.2025,2:33:27.288,30.140,36.722
19.4.2025,2:33:28.305,34.262,33.500
19.4.2025,2:33:29.304,31.729,46.382
19.4.2025,2:33:30.300,34.119,46.382
19.4.2025,2:33:31.294,33.109,55.303
19.4.2025,2:33:32.294,33.193,48.766
19.4.2025,2:33:33.319,33.267,36.163
19.4.2025,2:33:34.319,35.140,31.351
19.4.2025,2:33:35.322,29.988,44.764
19.4.2025,2:33:36.311,30.259,54.555
19.4.2025,2:33:37.315,29.867,53.374
19.4.2025,2:33:38.333,29.553,48.906
19.4.2025,2:33:39.348,29.573,44.699
19.4.2025,2:33:40.346,29.542,42.203
19.4.2025,2:33:41.345,29.413,47.060
19.4.2025,2:33:42.363,30.945,51.352
19.4.2025,2:33:43.364,32.427,55.426
19.4.2025,2:33:44.362,32.006,45.339
19.4.2025,2:33:45.368,30.424,34.124
19.4.2025,2:33:46.382,29.700,31.015
19.4.2025,2:33:47.398,29.748,31.358
19.4.2025,2:33:48.400,29.779,36.805
19.4.2025,2:33:49.401,29.749,37.580
19.4.2025,2:33:50.388,29.804,43.174
19.4.2025,2:33:51.406,29.713,48.113
19.4.2025,2:33:52.421,29.837,54.104
19.4.2025,2:33:53.424,29.883,55.348
19.4.2025,2:33:54.443,29.524,49.914
19.4.2025,2:33:55.446,29.612,47.653
19.4.2025,2:33:56.461,29.665,46.348
19.4.2025,2:33:57.475,29.669,45.275
19.4.2025,2:33:58.472,29.833,45.275
19.4.2025,2:33:59.475,29.849,46.609
19.4.2025,2:34:0.488,29.896,52.541
19.4.2025,2:34:1.502,30.001,31.335
19.4.2025,2:34:2.516,30.859,33.581
19.4.2025,2:34:3.534,30.324,35.293
19.4.2025,2:34:4.534,29.979,38.822
19.4.2025,2:34:5.548,29.782,52.084
19.4.2025,2:34:6.562,29.594,55.393
19.4.2025,2:34:7.563,29.585,51.740
19.4.2025,2:34:8.564,29.583,51.885
19.4.2025,2:34:9.578,29.617,46.263
19.4.2025,2:34:10.581,29.672,44.106
19.4.2025,2:34:11.581,32.227,32.715
19.4.2025,2:34:12.582,29.769,30.980
19.4.2025,2:34:13.582,30.024,33.156
19.4.2025,2:34:14.599,29.623,38.482
19.4.2025,2:34:15.600,29.542,42.685
19.4.2025,2:34:16.600,29.805,38.690
19.4.2025,2:34:17.602,29.504,32.201
19.4.2025,2:34:18.605,29.476,33.202
19.4.2025,2:34:19.606,29.653,30.422
19.4.2025,2:34:20.610,29.807,33.751
19.4.2025,2:34:21.625,29.647,35.600
19.4.2025,2:34:22.627,29.627,40.101
19.4.2025,2:34:23.630,29.617,41.761
19.4.2025,2:34:24.645,29.695,47.346
19.4.2025,2:34:25.644,29.716,47.598
19.4.2025,2:34:26.644,29.745,53.050
19.4.2025,2:34:27.645,29.854,29.438
19.4.2025,2:34:28.650,29.898,32.245
19.4.2025,2:34:29.667,29.832,35.713
19.4.2025,2:34:30.666,29.805,42.540
19.4.2025,2:34:31.682,29.794,45.554
19.4.2025,2:34:32.682,29.487,45.554
19.4.2025,2:34:33.683,29.723,48.017
19.4.2025,2:34:34.684,29.876,49.601
19.4.2025,2:34:35.686,29.735,52.414
19.4.2025,2:34:36.703,29.913,50.060
19.4.2025,2:34:37.703,29.721,50.060
19.4.2025,2:34:38.704,29.266,43.958
19.4.2025,2:34:39.708,29.644,43.478
19.4.2025,2:34:40.711,29.627,37.046
19.4.2025,2:34:41.715,30.017,36.623
19.4.2025,2:34:42.744,29.618,34.136
19.4.2025,2:34:43.750,29.751,32.132
19.4.2025,2:34:44.761,29.575,31.716
19.4.2025,2:34:45.760,29.544,31.716
19.4.2025,2:34:46.762,29.606,34.807
19.4.2025,2:34:47.765,29.480,37.092
19.4.2025,2:34:48.768,29.773,48.806
19.4.2025,2:34:49.769,29.756,48.746
19.4.2025,2:34:50.773,29.573,43.988
19.4.2025,2:34:51.773,29.852,39.123
19.4.2025,2:34:52.771,29.448,36.158
19.4.2025,2:34:53.770,29.528,33.963
19.4.2025,2:34:54.775,29.677,31.708
19.4.2025,2:34:55.777,29.655,32.540
19.4.2025,2:34:56.777,29.733,37.871
19.4.2025,2:34:57.779,29.573,43.200
19.4.2025,2:34:58.794,29.849,47.642
19.4.2025,2:34:59.794,29.771,51.987
19.4.2025,2:35:0.794,29.730,52.872
19.4.2025,2:35:1.807,29.638,54.791
19.4.2025,2:35:2.795,29.796,52.155
19.4.2025,2:35:3.793,29.819,52.221
19.4.2025,2:35:4.808,29.296,47.847
19.4.2025,2:35:5.824,29.791,41.256
19.4.2025,2:35:6.827,29.530,46.432
19.4.2025,2:35:7.842,29.854,47.581
19.4.2025,2:35:8.844,29.924,52.561
19.4.2025,2:35:9.859,29.586,52.953
19.4.2025,2:35:10.861,29.803,55.242
19.4.2025,2:35:11.860,29.760,51.870
19.4.2025,2:35:12.862,29.624,49.054
19.4.2025,2:35:13.876,29.679,50.247
19.4.2025,2:35:14.896,29.442,46.747
19.4.2025,2:35:15.899,29.622,46.639
19.4.2025,2:35:16.899,29.753,40.574
19.4.2025,2:35:17.890,29.621,37.497
19.4.2025,2:35:18.893,29.833,35.820
19.4.2025,2:35:19.895,29.874,53.184
19.4.2025,2:35:20.910,29.518,53.617
19.4.2025,2:35:21.930,29.590,51.036
19.4.2025,2:35:22.931,29.952,45.583
19.4.2025,2:35:23.932,30.051,42.676
19.4.2025,2:35:24.928,29.606,39.605
19.4.2025,2:35:25.944,29.607,38.123
19.4.2025,2:35:26.947,29.904,31.480
19.4.2025,2:35:27.945,29.748,30.270
19.4.2025,2:35:28.933,29.624,32.968
19.4.2025,2:35:29.949,29.551,35.017
19.4.2025,2:35:30.962,29.580,35.673
19.4.2025,2:35:31.965,29.508,40.161
19.4.2025,2:35:32.983,29.338,42.409
19.4.2025,2:35:33.986,29.805,42.745
19.4.2025,2:35:34.985,29.637,47.037
19.4.2025,2:35:35.998,29.653,49.838
19.4.2025,2:35:37.013,30.048,54.319
19.4.2025,2:35:38.017,29.552,54.549
19.4.2025,2:35:39.015,29.514,34.197
19.4.2025,2:35:40.030,29.671,37.050
19.4.2025,2:35:41.046,29.507,43.506
19.4.2025,2:35:42.046,29.758,45.908
19.4.2025,2:35:43.050,29.855,47.437
19.4.2025,2:35:44.049,29.833,51.039
19.4.2025,2:35:45.047,30.283,54.105
19.4.2025,2:35:46.063,31.473,49.299
19.4.2025,2:35:47.063,30.043,43.292
19.4.2025,2:35:48.079,29.633,41.003
19.4.2025,2:35:49.091,29.925,34.720
19.4.2025,2:35:50.110,29.676,32.066
19.4.2025,2:35:51.113,29.578,31.867
19.4.2025,2:35:52.114,29.622,29.525
19.4.2025,2:35:53.113,29.730,32.494
19.4.2025,2:35:54.113,29.578,34.132
19.4.2025,2:35:55.113,29.635,36.383
19.4.2025,2:35:56.131,29.589,39.989
19.4.2025,2:35:57.135,29.716,43.982
19.4.2025,2:35:58.136,29.445,47.067
19.4.2025,2:35:59.138,29.900,47.832
19.4.2025,2:36:0.154,29.834,34.690
19.4.2025,2:36:1.169,29.461,33.184
19.4.2025,2:36:2.188,29.556,31.349
19.4.2025,2:36:3.187,29.607,33.602
19.4.2025,2:36:4.201,29.767,37.031
19.4.2025,2:36:5.203,29.446,38.252
19.4.2025,2:36:6.205,29.473,39.229
19.4.2025,2:36:7.221,29.645,42.621
19.4.2025,2:36:8.237,29.579,47.299
19.4.2025,2:36:9.237,29.503,48.630
19.4.2025,2:36:10.252,29.668,53.515
19.4.2025,2:36:11.252,29.788,55.150
19.4.2025,2:36:12.268,29.347,50.440
19.4.2025,2:36:13.283,30.021,45.699
19.4.2025,2:36:14.283,30.327,39.481
19.4.2025,2:36:15.301,30.077,37.847
19.4.2025,2:36:16.304,29.659,52.961
19.4.2025,2:36:17.306,29.649,54.470
19.4.2025,2:36:18.295,29.538,54.708
19.4.2025,2:36:19.297,29.579,34.290
19.4.2025,2:36:20.296,29.622,38.438
19.4.2025,2:36:21.293,29.626,41.696
19.4.2025,2:36:22.297,29.639,49.054
19.4.2025,2:36:23.297,29.493,50.132
19.4.2025,2:36:24.295,29.801,54.303
19.4.2025,2:36:25.295,30.280,47.527
19.4.2025,2:36:26.297,30.449,37.914
19.4.2025,2:36:27.309,30.161,31.547
19.4.2025,2:36:28.324,29.593,32.554
19.4.2025,2:36:29.339,29.638,33.803
19.4.2025,2:36:30.340,29.783,37.385
19.4.2025,2:36:31.339,29.741,40.033
19.4.2025,2:36:32.340,29.726,42.587
19.4.2025,2:36:33.342,29.748,46.616
19.4.2025,2:36:34.339,29.754,48.105
19.4.2025,2:36:35.344,29.575,52.068
19.4.2025,2:36:36.360,29.545,56.054
19.4.2025,2:36:37.374,29.708,50.914
19.4.2025,2:36:38.389,29.814,47.954
19.4.2025,2:36:39.404,29.705,42.817
19.4.2025,2:36:40.420,29.756,41.986
19.4.2025,2:36:41.419,29.673,41.363
19.4.2025,2:36:42.437,29.668,35.848
19.4.2025,2:36:43.452,29.719,34.649
19.4.2025,2:36:44.469,29.708,30.647
19.4.2025,2:36:45.472,29.450,31.169
19.4.2025,2:36:46.473,29.506,34.127
19.4.2025,2:36:47.477,29.669,41.036
19.4.2025,2:36:48.493,29.737,41.933
19.4.2025,2:36:49.507,29.430,36.916
19.4.2025,2:36:50.508,29.603,31.869
19.4.2025,2:36:51.524,29.726,31.182
19.4.2025,2:36:52.537,29.440,32.652
19.4.2025,2:36:53.536,29.675,34.394
19.4.2025,2:36:54.548,29.585,37.344
19.4.2025,2:36:55.552,29.450,42.753
19.4.2025,2:36:56.552,29.613,46.496
19.4.2025,2:36:57.552,29.374,52.982
19.4.2025,2:36:58.552,29.490,55.145
19.4.2025,2:36:59.554,29.383,55.662
19.4.2025,2:37:0.553,29.698,51.488
19.4.2025,2:37:1.555,29.531,50.422
19.4.2025,2:37:2.558,29.496,46.656
19.4.2025,2:37:3.555,29.534,40.753
19.4.2025,2:37:4.557,29.651,36.957
19.4.2025,2:37:5.558,29.703,34.380
19.4.2025,2:37:6.544,29.655,31.074
19.4.2025,2:37:7.548,29.500,34.404
19.4.2025,2:37:8.550,29.721,36.515
19.4.2025,2:37:9.566,29.743,39.865
19.4.2025,2:37:10.582,29.523,42.700
19.4.2025,2:37:11.596,29.900,39.935
19.4.2025,2:37:12.614,29.768,50.924
19.4.2025,2:37:13.616,29.864,31.372
19.4.2025,2:37:14.632,29.836,32.043
19.4.2025,2:37:15.646,29.663,34.923
19.4.2025,2:37:16.651,29.665,35.194
19.4.2025,2:37:17.666,29.578,37.858
19.4.2025,2:37:18.666,29.451,40.807
19.4.2025,2:37:19.681,31.666,41.776
19.4.2025,2:37:20.681,29.644,47.499
19.4.2025,2:37:21.683,29.787,51.759
19.4.2025,2:37:22.680,29.773,52.576
19.4.2025,2:37:23.680,29.775,54.502
19.4.2025,2:37:24.679,29.565,50.024
19.4.2025,2:37:25.684,29.450,47.250
19.4.2025,2:37:26.686,29.756,43.956
19.4.2025,2:37:27.688,29.693,41.734
19.4.2025,2:37:28.703,29.566,48.840
19.4.2025,2:37:29.722,30.194,50.335
19.4.2025,2:37:30.719,29.850,51.038
19.4.2025,2:37:31.718,29.457,52.490
19.4.2025,2:37:32.733,29.606,54.291
19.4.2025,2:37:33.734,29.366,54.314
19.4.2025,2:37:34.748,29.700,48.738
19.4.2025,2:37:35.763,29.504,43.262
19.4.2025,2:37:36.763,29.835,37.824
19.4.2025,2:37:37.777,29.582,36.912
19.4.2025,2:37:38.779,29.601,32.963
19.4.2025,2:37:39.782,29.558,30.042
19.4.2025,2:37:40.798,29.498,32.022
19.4.2025,2:37:41.814,29.350,35.625
19.4.2025,2:37:42.830,29.269,41.487
19.4.2025,2:37:43.833,29.868,48.759
19.4.2025,2:37:44.848,29.695,52.417
19.4.2025,2:37:45.861,30.529,53.246
19.4.2025,2:37:46.863,29.732,48.626
19.4.2025,2:37:47.878,29.486,42.372
19.4.2025,2:37:48.878,29.261,40.372
19.4.2025,2:37:49.881,29.074,50.769
19.4.2025,2:37:50.896,29.705,54.894
19.4.2025,2:37:51.910,29.182,55.280
19.4.2025,2:37:52.923,29.986,52.564
19.4.2025,2:37:53.921,29.805,49.511
19.4.2025,2:37:54.921,29.579,48.316
19.4.2025,2:37:55.920,29.692,41.375
19.4.2025,2:37:56.922,29.854,34.099
19.4.2025,2:37:57.925,29.894,32.066
19.4.2025,2:37:58.925,29.640,29.822
19.4.2025,2:37:59.924,29.933,32.037
19.4.2025,2:38:0.925,29.784,37.103
19.4.2025,2:38:1.940,29.446,39.562
19.4.2025,2:38:2.955,29.640,45.233
19.4.2025,2:38:3.960,29.713,47.048
19.4.2025,2:38:4.976,29.606,52.425
19.4.2025,2:38:5.978,29.547,56.198
19.4.2025,2:38:6.967,29.749,51.700
19.4.2025,2:38:7.974,29.677,51.585
19.4.2025,2:38:8.972,29.652,49.402
19.4.2025,2:38:9.972,29.652,46.572
19.4.2025,2:38:10.973,29.597,43.845
19.4.2025,2:38:11.972,29.411,40.159
19.4.2025,2:38:12.972,30.160,40.475
19.4.2025,2:38:13.974,29.480,34.105
19.4.2025,2:38:14.972,29.503,55.049
19.4.2025,2:38:15.974,29.569,51.289
19.4.2025,2:38:16.976,29.369,46.381
19.4.2025,2:38:17.978,29.384,39.871
19.4.2025,2:38:18.980,29.707,33.424
19.4.2025,2:38:19.966,29.696,33.631
19.4.2025,2:38:20.983,29.701,28.886
19.4.2025,2:38:21.999,29.517,33.812
19.4.2025,2:38:23.016,29.532,37.114
19.4.2025,2:38:24.018,29.692,42.285
19.4.2025,2:38:25.020,30.045,38.223
19.4.2025,2:38:26.024,30.118,33.624
19.4.2025,2:38:27.025,30.225,33.618
19.4.2025,2:38:28.027,29.275,38.490
19.4.2025,2:38:29.026,29.466,41.647
19.4.2025,2:38:30.040,29.495,47.518
19.4.2025,2:38:31.040,29.627,49.897
19.4.2025,2:38:32.057,29.434,54.838
19.4.2025,2:38:33.056,29.662,31.646
19.4.2025,2:38:34.044,29.474,34.309
19.4.2025,2:38:35.045,29.420,38.170
19.4.2025,2:38:36.046,29.409,40.702
19.4.2025,2:38:37.047,29.413,44.876
19.4.2025,2:38:38.062,29.925,48.519
19.4.2025,2:38:39.079,29.574,54.255
19.4.2025,2:38:40.078,29.467,49.919
19.4.2025,2:38:41.091,29.500,44.099
19.4.2025,2:38:42.093,29.428,38.219
19.4.2025,2:38:43.096,29.900,36.571
19.4.2025,2:38:44.109,29.789,29.707
19.4.2025,2:38:45.113,29.744,32.702
19.4.2025,2:38:46.114,29.598,34.202
19.4.2025,2:38:47.129,29.483,39.706
19.4.2025,2:38:48.129,29.490,45.053
19.4.2025,2:38:49.132,29.454,47.399
19.4.2025,2:38:50.131,29.837,51.109
19.4.2025,2:38:51.149,30.775,29.436
19.4.2025,2:38:52.147,34.693,37.907
19.4.2025,2:38:53.147,31.153,42.804
19.4.2025,2:38:54.147,29.478,44.817
19.4.2025,2:38:55.162,31.902,56.188
19.4.2025,2:38:56.164,29.311,52.915
19.4.2025,2:38:57.178,29.547,48.335
19.4.2025,2:38:58.178,29.341,45.018
19.4.2025,2:38:59.180,29.635,38.953
19.4.2025,2:39:0.182,29.505,36.331
19.4.2025,2:39:1.179,29.634,31.222
19.4.2025,2:39:2.178,29.680,34.015
19.4.2025,2:39:3.182,29.296,36.848
19.4.2025,2:39:4.186,29.862,38.303
19.4.2025,2:39:5.187,30.160,46.662
19.4.2025,2:39:6.207,29.748,52.186
19.4.2025,2:39:7.222,29.540,55.687
19.4.2025,2:39:8.238,29.406,31.029
19.4.2025,2:39:9.239,29.519,34.238
19.4.2025,2:39:10.252,29.570,36.829
19.4.2025,2:39:11.252,29.547,42.528
19.4.2025,2:39:12.255,29.241,45.464
19.4.2025,2:39:13.256,29.767,46.768
19.4.2025,2:39:14.276,29.531,52.677
19.4.2025,2:39:15.278,29.659,54.709
19.4.2025,2:39:16.293,29.577,52.208
19.4.2025,2:39:17.305,29.551,51.401
19.4.2025,2:39:18.294,29.926,50.009
19.4.2025,2:39:19.294,29.594,45.673
19.4.2025,2:39:20.295,29.721,41.174
19.4.2025,2:39:21.293,29.724,38.503
19.4.2025,2:39:22.297,29.480,33.373
19.4.2025,2:39:23.294,29.752,31.692
19.4.2025,2:39:24.298,29.790,30.631
19.4.2025,2:39:25.298,29.712,53.959
19.4.2025,2:39:26.312,29.802,51.272
19.4.2025,2:39:27.316,29.765,47.920
19.4.2025,2:39:28.329,29.408,43.762
19.4.2025,2:39:29.346,29.735,35.832
19.4.2025,2:39:30.347,29.729,35.613
19.4.2025,2:39:31.347,29.870,29.758
19.4.2025,2:39:32.349,29.295,33.608
19.4.2025,2:39:33.348,29.815,36.668
19.4.2025,2:39:34.351,29.603,40.132
19.4.2025,2:39:35.354,29.418,48.094
19.4.2025,2:39:36.356,29.495,54.074
19.4.2025,2:39:37.372,29.588,53.460
19.4.2025,2:39:38.389,29.830,52.854
19.4.2025,2:39:39.393,29.608,35.946
19.4.2025,2:39:40.396,29.648,39.679
19.4.2025,2:39:41.397,29.735,44.653
19.4.2025,2:39:42.396,29.532,47.431
19.4.2025,2:39:43.397,29.829,51.164
19.4.2025,2:39:44.397,33.205,54.044
19.4.2025,2:39:45.416,29.649,52.173
19.4.2025,2:39:46.431,29.443,51.273
19.4.2025,2:39:47.433,29.540,49.393
19.4.2025,2:39:48.418,29.611,44.293
19.4.2025,2:39:49.418,29.967,47.284
19.4.2025,2:39:50.419,29.439,50.393
19.4.2025,2:39:51.417,29.324,54.038
19.4.2025,2:39:52.424,29.733,49.013
19.4.2025,2:39:53.422,29.716,43.374
19.4.2025,2:39:54.423,29.524,40.773
19.4.2025,2:39:55.424,29.721,37.491
19.4.2025,2:39:56.426,29.705,32.592
19.4.2025,2:39:57.444,29.497,32.001
19.4.2025,2:39:58.445,29.507,33.229
19.4.2025,2:39:59.458,29.527,36.824
19.4.2025,2:40:0.460,29.290,40.950
19.4.2025,2:40:1.475,29.754,46.573
19.4.2025,2:40:2.473,29.387,48.949
19.4.2025,2:40:3.472,30.044,52.043
19.4.2025,2:40:4.470,29.597,56.251
19.4.2025,2:40:5.485,29.628,50.782
19.4.2025,2:40:6.500,29.396,48.278
19.4.2025,2:40:7.503,29.786,46.034
19.4.2025,2:40:8.503,29.770,41.879
19.4.2025,2:40:9.518,29.457,36.039
19.4.2025,2:40:10.535,29.653,33.220
19.4.2025,2:40:11.537,29.773,31.213
19.4.2025,2:40:12.541,29.390,36.508
19.4.2025,2:40:13.543,29.692,38.951
19.4.2025,2:40:14.545,29.776,41.675
19.4.2025,2:40:15.565,29.941,39.838
19.4.2025,2:40:16.563,29.452,34.676
19.4.2025,2:40:17.562,29.843,34.616
19.4.2025,2:40:18.578,29.675,32.208
19.4.2025,2:40:19.594,29.688,29.335
19.4.2025,2:40:20.593,29.640,33.897
19.4.2025,2:40:21.610,29.619,38.629
19.4.2025,2:40:22.610,29.662,40.240
19.4.2025,2:40:23.626,29.557,45.378
19.4.2025,2:40:24.642,29.488,47.766
19.4.2025,2:40:25.659,29.702,49.946
19.4.2025,2:40:26.680,29.595,52.789
19.4.2025,2:40:27.682,29.925,56.760
19.4.2025,2:40:28.680,29.543,51.485
19.4.2025,2:40:29.694,32.062,43.882
19.4.2025,2:40:30.694,29.377,39.482
19.4.2025,2:40:31.711,29.541,48.820
19.4.2025,2:40:32.725,29.327,54.041
19.4.2025,2:40:33.726,29.637,54.141
19.4.2025,2:40:34.742,29.627,51.229
19.4.2025,2:40:35.742,30.055,36.782
19.4.2025,2:40:36.742,30.232,38.797
19.4.2025,2:40:37.758,30.502,48.431
19.4.2025,2:40:38.756,29.722,53.724
19.4.2025,2:40:39.775,29.482,51.454
19.4.2025,2:40:40.790,29.581,47.094
19.4.2025,2:40:41.806,29.499,43.023
19.4.2025,2:40:42.806,29.706,38.566
19.4.2025,2:40:43.793,29.596,34.017
19.4.2025,2:40:44.806,29.673,31.085
19.4.2025,2:40:45.819,29.576,32.250
19.4.2025,2:40:46.834,29.712,37.323
19.4.2025,2:40:47.837,29.719,41.784
19.4.2025,2:40:48.854,29.320,46.201
19.4.2025,2:40:49.854,29.671,49.174
19.4.2025,2:40:50.842,29.749,38.658
19.4.2025,2:40:51.845,29.514,30.914
19.4.2025,2:40:52.856,30.011,30.937
19.4.2025,2:40:53.872,29.440,32.787
19.4.2025,2:40:54.886,29.512,36.740
19.4.2025,2:40:55.888,29.672,39.992
19.4.2025,2:40:56.891,29.755,46.544
19.4.2025,2:40:57.909,29.246,51.143
19.4.2025,2:40:58.908,29.381,55.720
19.4.2025,2:40:59.911,30.278,48.375
19.4.2025,2:41:0.910,29.321,42.951
19.4.2025,2:41:1.928,29.607,41.351
19.4.2025,2:41:2.929,29.499,36.253
19.4.2025,2:41:3.929,29.625,31.513
19.4.2025,2:41:4.927,29.482,32.691
19.4.2025,2:41:5.930,29.684,37.016
19.4.2025,2:41:6.929,29.845,38.814
19.4.2025,2:41:7.934,29.393,43.835
19.4.2025,2:41:8.932,29.758,47.714
19.4.2025,2:41:9.918,29.446,51.614
19.4.2025,2:41:10.919,29.611,54.902
19.4.2025,2:41:11.931,29.789,55.359
19.4.2025,2:41:12.933,29.516,52.708
19.4.2025,2:41:13.919,29.656,34.537
19.4.2025,2:41:14.919,29.639,33.566
19.4.2025,2:41:15.934,29.607,35.865
19.4.2025,2:41:16.933,29.646,37.747
19.4.2025,2:41:17.933,29.370,40.282
19.4.2025,2:41:18.933,29.267,42.002
19.4.2025,2:41:19.953,29.600,45.145
19.4.2025,2:41:20.967,29.646,50.770
19.4.2025,2:41:21.982,29.413,53.531
19.4.2025,2:41:22.984,29.436,52.686
19.4.2025,2:41:23.997,29.745,51.939
19.4.2025,2:41:25.013,29.295,51.043
19.4.2025,2:41:26.013,29.598,47.512
19.4.2025,2:41:27.015,29.770,41.567
19.4.2025,2:41:28.013,29.787,40.771
19.4.2025,2:41:29.013,29.456,34.276
19.4.2025,2:41:30.012,29.528,32.246
19.4.2025,2:41:31.013,29.636,29.242
19.4.2025,2:41:32.026,29.375,37.189
19.4.2025,2:41:33.040,29.461,40.098
19.4.2025,2:41:34.043,29.706,43.195
19.4.2025,2:41:35.044,29.635,50.853
19.4.2025,2:41:36.046,29.261,56.281
19.4.2025,2:41:37.051,29.222,34.723
19.4.2025,2:41:38.051,29.984,36.423
19.4.2025,2:41:39.052,29.843,41.995
19.4.2025,2:41:40.050,29.416,48.167
19.4.2025,2:41:41.049,29.560,53.817
19.4.2025,2:41:42.050,29.661,55.671
19.4.2025,2:41:43.051,29.513,49.730
19.4.2025,2:41:44.065,30.127,49.049
19.4.2025,2:41:45.067,29.740,45.230
19.4.2025,2:41:46.066,29.826,37.672
19.4.2025,2:41:47.078,29.474,34.363
19.4.2025,2:41:48.094,29.371,30.970
19.4.2025,2:41:49.096,29.505,32.236
19.4.2025,2:41:50.100,29.435,36.702
19.4.2025,2:41:51.113,31.413,45.486
19.4.2025,2:41:52.133,31.158,47.363
19.4.2025,2:41:53.136,30.209,53.759
19.4.2025,2:41:54.136,29.624,55.167
19.4.2025,2:41:55.140,29.598,49.713
19.4.2025,2:41:56.158,29.632,44.283
19.4.2025,2:41:57.160,29.857,41.414
19.4.2025,2:41:58.164,29.699,37.192
19.4.2025,2:41:59.166,29.762,38.080
19.4.2025,2:42:0.181,29.581,33.911
19.4.2025,2:42:1.168,29.690,54.352
19.4.2025,2:42:2.184,29.549,53.092
19.4.2025,2:42:3.186,30.507,44.095
19.4.2025,2:42:4.203,31.271,38.470
19.4.2025,2:42:5.218,29.826,34.808
19.4.2025,2:42:6.217,29.505,31.561
19.4.2025,2:42:7.219,29.518,35.483
19.4.2025,2:42:8.221,29.749,37.402
19.4.2025,2:42:9.239,29.964,43.337
19.4.2025,2:42:10.254,29.609,46.319
19.4.2025,2:42:11.256,29.635,50.187
19.4.2025,2:42:12.256,29.572,51.691
19.4.2025,2:42:13.272,29.766,56.006
19.4.2025,2:42:14.273,29.429,55.580
19.4.2025,2:42:15.272,29.660,50.303
19.4.2025,2:42:16.273,29.660,39.900
19.4.2025,2:42:17.289,29.860,43.203
19.4.2025,2:42:18.303,29.344,49.681
19.4.2025,2:42:19.304,29.631,52.039
19.4.2025,2:42:20.305,29.677,55.530
19.4.2025,2:42:21.309,29.689,52.520
19.4.2025,2:42:22.309,29.848,49.858
19.4.2025,2:42:23.310,29.736,45.008
19.4.2025,2:42:24.324,29.589,39.192
19.4.2025,2:42:25.328,29.645,36.358
19.4.2025,2:42:26.346,29.601,29.095
19.4.2025,2:42:27.348,29.823,31.715
19.4.2025,2:42:28.353,29.467,33.925
19.4.2025,2:42:29.356,29.761,46.960
19.4.2025,2:42:30.340,29.894,39.901
19.4.2025,2:42:31.346,29.741,37.561
19.4.2025,2:42:32.348,29.729,34.468
19.4.2025,2:42:33.345,29.621,31.011
19.4.2025,2:42:34.343,29.486,33.846
19.4.2025,2:42:35.345,29.743,37.267
19.4.2025,2:42:36.345,29.673,40.862
19.4.2025,2:42:37.342,29.885,46.900
19.4.2025,2:42:38.345,29.640,52.947
19.4.2025,2:42:39.351,29.414,56.414
19.4.2025,2:42:40.350,29.716,55.016
19.4.2025,2:42:41.366,29.707,50.033
19.4.2025,2:42:42.367,29.847,36.261
19.4.2025,2:42:43.368,29.346,38.634
19.4.2025,2:42:44.385,29.751,40.928
19.4.2025,2:42:45.372,30.245,45.197
19.4.2025,2:42:46.389,30.038,37.934
19.4.2025,2:42:47.388,30.314,38.536
19.4.2025,2:42:48.389,30.013,38.504
19.4.2025,2:42:49.393,29.631,37.623
19.4.2025,2:42:50.393,29.771,40.871
19.4.2025,2:42:51.407,29.759,46.924
19.4.2025,2:42:52.408,29.308,53.645
19.4.2025,2:42:53.412,29.471,51.670
19.4.2025,2:42:54.413,29.599,50.263
19.4.2025,2:42:55.414,29.664,49.349
19.4.2025,2:42:56.427,29.579,45.486
19.4.2025,2:42:57.429,29.534,39.460
19.4.2025,2:42:58.428,29.602,47.874
19.4.2025,2:42:59.431,29.680,53.589
19.4.2025,2:43:0.419,29.305,54.650
19.4.2025,2:43:1.433,29.550,52.139
19.4.2025,2:43:2.417,29.696,48.667
19.4.2025,2:43:3.422,29.920,44.133
19.4.2025,2:43:4.423,29.656,38.512
19.4.2025,2:43:5.422,29.374,35.541
19.4.2025,2:43:6.438,29.515,31.404
19.4.2025,2:43:7.439,29.576,34.743
19.4.2025,2:43:8.441,29.837,36.451
19.4.2025,2:43:9.445,29.839,36.861
19.4.2025,2:43:10.445,29.823,43.955
19.4.2025,2:43:11.444,29.515,37.170
19.4.2025,2:43:12.448,29.206,31.012
19.4.2025,2:43:13.445,29.727,32.350
19.4.2025,2:43:14.449,29.600,35.242
19.4.2025,2:43:15.467,29.642,40.367
19.4.2025,2:43:16.470,29.457,44.195
19.4.2025,2:43:17.473,29.820,49.309
19.4.2025,2:43:18.474,29.609,51.951
19.4.2025,2:43:19.478,29.703,54.402
19.4.2025,2:43:20.480,29.610,32.802
19.4.2025,2:43:21.464,29.486,48.192
19.4.2025,2:43:22.493,29.676,37.322
19.4.2025,2:43:23.511,29.639,42.318
19.4.2025,2:43:24.509,29.683,44.047
19.4.2025,2:43:25.524,29.963,47.177
19.4.2025,2:43:26.525,29.586,49.014
19.4.2025,2:43:27.526,29.475,51.470
19.4.2025,2:43:28.525,29.287,55.074
19.4.2025,2:43:29.513,29.507,52.725
19.4.2025,2:43:30.516,29.503,47.704
19.4.2025,2:43:31.530,29.380,41.701
19.4.2025,2:43:32.545,29.588,36.684
19.4.2025,2:43:33.547,29.719,33.843
19.4.2025,2:43:34.551,29.696,31.019
19.4.2025,2:43:35.564,29.709,33.236
19.4.2025,2:43:36.564,29.556,38.881
19.4.2025,2:43:37.566,32.149,47.713
19.4.2025,2:43:38.566,29.751,52.366
19.4.2025,2:43:39.583,29.845,56.760
19.4.2025,2:43:40.580,29.611,32.081
19.4.2025,2:43:41.582,29.775,52.557
19.4.2025,2:43:42.601,29.631,37.849
19.4.2025,2:43:43.605,30.405,39.541
19.4.2025,2:43:44.590,29.862,42.092
19.4.2025,2:43:45.603,29.341,44.501
19.4.2025,2:43:46.604,29.492,46.745
19.4.2025,2:43:47.604,29.421,50.095
19.4.2025,2:43:48.618,29.539,53.114
19.4.2025,2:43:49.607,29.517,53.758
19.4.2025,2:43:50.611,29.569,51.783
19.4.2025,2:43:51.610,29.901,49.657
19.4.2025,2:43:52.628,29.784,45.426
19.4.2025,2:43:53.647,29.826,38.891
19.4.2025,2:43:54.667,29.511,50.577
19.4.2025,2:43:55.668,29.662,55.473
19.4.2025,2:43:56.656,29.428,52.578
19.4.2025,2:43:57.675,29.721,48.200
19.4.2025,2:43:58.674,29.332,44.880
19.4.2025,2:43:59.677,29.606,40.121
19.4.2025,2:44:0.673,29.846,39.650
19.4.2025,2:44:1.673,29.988,38.292
19.4.2025,2:44:2.672,29.844,34.405
19.4.2025,2:44:3.673,30.084,31.614
19.4.2025,2:44:4.687,30.253,37.865
19.4.2025,2:44:5.689,29.974,40.556
19.4.2025,2:44:6.688,29.398,47.013
19.4.2025,2:44:7.703,29.757,50.070
19.4.2025,2:44:8.701,29.503,54.865
19.4.2025,2:44:9.718,29.661,54.788
19.4.2025,2:44:10.718,29.579,49.482
19.4.2025,2:44:11.716,29.599,48.566
19.4.2025,2:44:12.720,29.647,43.979
19.4.2025,2:44:13.718,29.806,42.266
19.4.2025,2:44:14.718,29.757,37.026
19.4.2025,2:44:15.719,29.607,34.463
19.4.2025,2:44:16.723,29.547,31.697
19.4.2025,2:44:17.723,29.674,31.807
19.4.2025,2:44:18.721,29.511,34.058
19.4.2025,2:44:19.724,29.491,39.791
19.4.2025,2:44:20.741,29.664,41.218
19.4.2025,2:44:21.756,29.441,36.930
19.4.2025,2:44:22.758,29.731,54.882
19.4.2025,2:44:23.776,29.882,31.550
19.4.2025,2:44:24.777,29.649,37.829
19.4.2025,2:44:25.776,29.618,43.471
19.4.2025,2:44:26.773,29.442,47.071
19.4.2025,2:44:27.775,29.651,50.973
19.4.2025,2:44:28.762,29.615,50.621
19.4.2025,2:44:29.763,29.680,51.601
19.4.2025,2:44:30.762,29.865,54.213
19.4.2025,2:44:31.782,29.578,53.089
19.4.2025,2:44:32.783,29.522,48.495
19.4.2025,2:44:33.801,29.638,41.905
19.4.2025,2:44:34.802,29.805,35.361
19.4.2025,2:44:35.805,29.607,32.386
19.4.2025,2:44:36.803,29.139,31.472
19.4.2025,2:44:37.802,30.039,34.547
19.4.2025,2:44:38.802,29.696,38.237
19.4.2025,2:44:39.802,29.647,41.872
19.4.2025,2:44:40.804,29.699,46.472
19.4.2025,2:44:41.806,29.628,51.320
19.4.2025,2:44:42.823,29.957,52.291
19.4.2025,2:44:43.822,29.714,55.825
19.4.2025,2:44:44.820,29.967,54.226
19.4.2025,2:44:45.823,29.832,36.371
19.4.2025,2:44:46.824,29.694,39.262
19.4.2025,2:44:47.855,29.630,43.985
19.4.2025,2:44:48.866,29.678,47.631
19.4.2025,2:44:49.866,29.683,53.241
19.4.2025,2:44:50.869,29.664,53.840
19.4.2025,2:44:51.873,29.355,49.167
19.4.2025,2:44:52.873,29.493,46.173
19.4.2025,2:44:53.876,29.683,41.076
19.4.2025,2:44:54.876,29.274,36.340
19.4.2025,2:44:55.892,29.505,30.533
19.4.2025,2:44:56.907,29.438,39.790
19.4.2025,2:44:57.912,30.241,39.957
19.4.2025,2:44:58.915,30.181,38.596
19.4.2025,2:44:59.916,30.005,51.604
19.4.2025,2:45:0.933,29.625,46.077
19.4.2025,2:45:1.920,29.555,40.857
19.4.2025,2:45:2.922,29.194,36.567
19.4.2025,2:45:3.925,29.760,33.556
19.4.2025,2:45:4.928,29.743,55.224
19.4.2025,2:45:5.930,29.718,50.964
19.4.2025,2:45:6.932,29.551,51.041
19.4.2025,2:45:7.920,29.534,45.694
19.4.2025,2:45:8.919,29.653,40.037
19.4.2025,2:45:9.918,29.754,38.756
19.4.2025,2:45:10.919,29.583,35.169
19.4.2025,2:45:11.918,32.095,34.664
19.4.2025,2:45:12.937,29.531,38.363
19.4.2025,2:45:13.939,29.958,41.716
19.4.2025,2:45:14.937,29.672,46.820
19.4.2025,2:45:15.952,29.583,50.467
19.4.2025,2:45:16.965,29.679,53.116
19.4.2025,2:45:17.980,29.882,54.788
19.4.2025,2:45:18.998,29.606,54.634
19.4.2025,2:45:20.001,29.693,52.214
19.4.2025,2:45:21.004,29.738,47.820
19.4.2025,2:45:22.007,30.023,43.148
19.4.2025,2:45:23.010,29.828,47.138
19.4.2025,2:45:24.014,29.755,50.194
19.4.2025,2:45:25.029,29.641,55.201
19.4.2025,2:45:26.046,29.630,53.690
19.4.2025,2:45:27.049,29.749,49.056
19.4.2025,2:45:28.065,29.580,43.063
19.4.2025,2:45:29.082,29.442,42.489
19.4.2025,2:45:30.097,29.695,37.788
19.4.2025,2:45:31.099,29.647,35.838
19.4.2025,2:45:32.100,29.535,31.020
19.4.2025,2:45:33.102,29.481,32.850
19.4.2025,2:45:34.105,29.446,35.712
19.4.2025,2:45:35.120,29.957,39.184
19.4.2025,2:45:36.123,29.720,42.876
19.4.2025,2:45:37.138,29.842,51.214
19.4.2025,2:45:38.145,29.604,52.643
19.4.2025,2:45:39.145,29.815,55.995
19.4.2025,2:45:40.154,29.382,52.853
19.4.2025,2:45:41.156,29.389,35.822
19.4.2025,2:45:42.155,29.749,36.820
19.4.2025,2:45:43.178,29.683,39.871
19.4.2025,2:45:44.181,29.544,43.471
19.4.2025,2:45:45.179,29.691,46.277
19.4.2025,2:45:46.177,29.674,49.087
19.4.2025,2:45:47.174,29.702,51.665
19.4.2025,2:45:48.178,29.652,52.321
19.4.2025,2:45:49.178,29.435,54.774
19.4.2025,2:45:50.182,29.602,52.428
19.4.2025,2:45:51.169,29.626,47.903
19.4.2025,2:45:52.186,29.812,46.892
19.4.2025,2:45:53.186,29.220,40.976
19.4.2025,2:45:54.200,29.766,38.519
19.4.2025,2:45:55.201,29.600,52.435
19.4.2025,2:45:56.204,29.562,53.706
19.4.2025,2:45:57.200,29.697,56.410
19.4.2025,2:45:58.207,29.628,51.952
19.4.2025,2:45:59.209,29.608,46.994
19.4.2025,2:46:0.210,29.719,46.785
19.4.2025,2:46:1.209,29.320,40.783
19.4.2025,2:46:2.210,29.338,39.317
19.4.2025,2:46:3.209,29.830,35.203
19.4.2025,2:46:4.213,29.733,31.260
19.4.2025,2:46:5.213,29.501,32.682
19.4.2025,2:46:6.201,29.830,51.995
19.4.2025,2:46:7.216,29.606,43.664
19.4.2025,2:46:8.233,29.566,39.627
19.4.2025,2:46:9.249,29.808,34.216
19.4.2025,2:46:10.253,29.629,32.483
19.4.2025,2:46:11.254,29.670,30.717
19.4.2025,2:46:12.256,29.285,33.277
19.4.2025,2:46:13.256,29.848,35.228
19.4.2025,2:46:14.258,29.387,40.441
19.4.2025,2:46:15.261,29.684,45.312
19.4.2025,2:46:16.281,29.698,49.230
19.4.2025,2:46:17.297,29.481,30.176
19.4.2025,2:46:18.313,29.571,30.690
19.4.2025,2:46:19.328,29.444,33.684
19.4.2025,2:46:20.331,29.549,34.541
19.4.2025,2:46:21.331,29.732,36.785
19.4.2025,2:46:22.346,29.424,40.893
19.4.2025,2:46:23.361,29.122,47.206
19.4.2025,2:46:24.364,29.662,47.984
19.4.2025,2:46:25.362,29.657,52.278
19.4.2025,2:46:26.378,29.569,54.414
19.4.2025,2:46:27.380,29.601,54.054
19.4.2025,2:46:28.399,29.859,50.268
19.4.2025,2:46:29.401,29.546,48.318
19.4.2025,2:46:30.399,29.209,41.176
19.4.2025,2:46:31.397,29.937,37.584
19.4.2025,2:46:32.396,29.551,35.899
19.4.2025,2:46:33.415,29.721,35.099
19.4.2025,2:46:34.431,29.685,31.553
19.4.2025,2:46:35.432,29.687,31.605
19.4.2025,2:46:36.430,29.526,33.164
19.4.2025,2:46:37.431,29.757,48.858
19.4.2025,2:46:38.446,29.836,43.577
19.4.2025,2:46:39.459,29.180,36.322
19.4.2025,2:46:40.462,29.427,33.674
19.4.2025,2:46:41.450,29.616,30.838
19.4.2025,2:46:42.452,29.564,33.207
19.4.2025,2:46:43.471,29.579,33.685
19.4.2025,2:46:44.473,29.458,37.524
19.4.2025,2:46:45.477,29.388,43.753
19.4.2025,2:46:46.494,32.067,51.703
19.4.2025,2:46:47.510,29.781,55.682
19.4.2025,2:46:48.526,29.423,53.436
19.4.2025,2:46:49.513,29.856,34.648
19.4.2025,2:46:50.513,29.402,40.174
19.4.2025,2:46:51.528,29.771,44.128
19.4.2025,2:46:52.548,29.698,45.736
19.4.2025,2:46:53.562,29.454,51.455
19.4.2025,2:46:54.562,29.540,52.245
19.4.2025,2:46:55.559,29.521,56.452
19.4.2025,2:46:56.574,29.685,52.708
19.4.2025,2:46:57.559,29.288,51.411
19.4.2025,2:46:58.575,29.643,47.813
19.4.2025,2:46:59.590,29.869,44.258
19.4.2025,2:47:0.593,29.518,38.210
19.4.2025,2:47:1.594,29.511,36.359
19.4.2025,2:47:2.597,29.552,30.185
19.4.2025,2:47:3.599,29.853,33.703
19.4.2025,2:47:4.597,29.566,35.930
19.4.2025,2:47:5.596,29.411,42.124
19.4.2025,2:47:6.596,29.653,46.692
19.4.2025,2:47:7.612,29.374,38.015
19.4.2025,2:47:8.615,30.254,38.522
19.4.2025,2:47:9.614,30.124,40.519
19.4.2025,2:47:10.618,29.846,35.790
19.4.2025,2:47:11.606,29.636,46.347
19.4.2025,2:47:12.621,29.550,40.705
19.4.2025,2:47:13.636,29.483,38.243
19.4.2025,2:47:14.645,29.269,33.553
19.4.2025,2:47:15.647,29.512,30.787
19.4.2025,2:47:16.651,30.090,31.657
19.4.2025,2:47:17.667,29.519,31.579
19.4.2025,2:47:18.669,29.777,33.343
19.4.2025,2:47:19.687,29.479,36.676
19.4.2025,2:47:20.683,29.513,39.846
19.4.2025,2:47:21.712,29.502,40.858
19.4.2025,2:47:22.713,29.907,46.860
19.4.2025,2:47:23.713,29.586,47.753
19.4.2025,2:47:24.712,29.405,49.165
19.4.2025,2:47:25.716,29.570,55.554
19.4.2025,2:47:26.716,29.698,54.786
19.4.2025,2:47:27.715,29.473,50.807
19.4.2025,2:47:28.734,29.991,45.999
19.4.2025,2:47:29.735,29.491,41.087
19.4.2025,2:47:30.737,29.522,47.168
19.4.2025,2:47:31.742,29.349,53.918
19.4.2025,2:47:32.741,29.589,54.976
19.4.2025,2:47:33.742,29.426,50.046
19.4.2025,2:47:34.761,29.701,44.736
19.4.2025,2:47:35.776,29.492,42.403
19.4.2025,2:47:36.775,29.714,37.040
19.4.2025,2:47:37.774,29.803,32.629
19.4.2025,2:47:38.774,29.887,31.908
19.4.2025,2:47:39.774,29.595,31.800
19.4.2025,2:47:40.774,29.738,33.973
19.4.2025,2:47:41.776,29.568,38.356
19.4.2025,2:47:42.791,29.734,43.354
19.4.2025,2:47:43.793,29.521,36.378
19.4.2025,2:47:44.798,31.370,34.027
19.4.2025,2:47:45.802,29.543,37.227
19.4.2025,2:47:46.802,29.599,42.249
19.4.2025,2:47:47.804,29.709,46.836
19.4.2025,2:47:48.807,29.686,48.431
19.4.2025,2:47:49.793,29.616,55.327
19.4.2025,2:47:50.797,29.665,53.096
19.4.2025,2:47:51.799,29.817,51.315
19.4.2025,2:47:52.801,29.542,48.657
19.4.2025,2:47:53.801,29.729,44.955
19.4.2025,2:47:54.802,29.188,38.711
19.4.2025,2:47:55.803,29.327,50.560
19.4.2025,2:47:56.814,29.710,51.826
19.4.2025,2:47:57.833,29.515,52.797
19.4.2025,2:47:58.850,29.806,49.412
19.4.2025,2:47:59.851,29.703,48.169
19.4.2025,2:48:0.854,29.659,44.238
19.4.2025,2:48:1.851,29.584,42.412
19.4.2025,2:48:2.853,29.617,35.542
19.4.2025,2:48:3.853,29.842,32.203
19.4.2025,2:48:4.853,29.409,30.631
19.4.2025,2:48:5.841,29.673,32.281
19.4.2025,2:48:6.854,29.792,36.605
19.4.2025,2:48:7.841,29.738,39.268
19.4.2025,2:48:8.859,29.781,45.664
19.4.2025,2:48:9.861,29.611,52.187
19.4.2025,2:48:10.860,29.603,30.173
19.4.2025,2:48:11.873,29.557,31.523
19.4.2025,2:48:12.878,29.671,35.780
19.4.2025,2:48:13.897,29.839,38.458
19.4.2025,2:48:14.895,29.750,41.724
19.4.2025,2:48:15.893,29.811,45.617
19.4.2025,2:48:16.895,29.724,47.531
19.4.2025,2:48:17.897,29.396,53.232
19.4.2025,2:48:18.914,29.290,53.344
19.4.2025,2:48:19.930,29.535,53.791
19.4.2025,2:48:20.930,31.891,46.579
19.4.2025,2:48:21.933,29.661,46.234
19.4.2025,2:48:22.935,29.644,39.927
19.4.2025,2:48:23.950,29.451,47.981
19.4.2025,2:48:24.967,29.774,53.796
19.4.2025,2:48:25.969,29.674,53.913
19.4.2025,2:48:26.973,29.723,52.976
19.4.2025,2:48:27.972,29.516,50.873
19.4.2025,2:48:28.990,29.579,46.273
19.4.2025,2:48:29.993,29.610,39.741
19.4.2025,2:48:30.995,29.467,38.604
19.4.2025,2:48:31.999,29.533,33.520
19.4.2025,2:48:33.016,29.582,32.447
19.4.2025,2:48:34.033,29.677,55.617
19.4.2025,2:48:35.046,29.890,50.837
19.4.2025,2:48:36.047,29.746,50.246
19.4.2025,2:48:37.063,29.893,44.870
19.4.2025,2:48:38.062,29.588,45.627
19.4.2025,2:48:39.079,29.903,43.596
19.4.2025,2:48:40.094,29.732,39.567
19.4.2025,2:48:41.097,29.623,35.805
19.4.2025,2:48:42.098,29.555,31.364
19.4.2025,2:48:43.096,29.475,34.974
19.4.2025,2:48:44.096,29.588,38.582
19.4.2025,2:48:45.097,29.790,44.774
19.4.2025,2:48:46.097,31.941,52.617
19.4.2025,2:48:47.111,32.402,50.862
19.4.2025,2:48:48.113,29.617,49.698
19.4.2025,2:48:49.132,29.684,45.562
19.4.2025,2:48:50.133,29.264,42.509
19.4.2025,2:48:51.136,29.590,36.903
19.4.2025,2:48:52.139,29.586,53.804
19.4.2025,2:48:53.137,29.655,54.653
19.4.2025,2:48:54.151,29.626,49.353
19.4.2025,2:48:55.138,29.242,48.398
19.4.2025,2:48:56.157,29.642,43.774
19.4.2025,2:48:57.159,29.330,36.697
19.4.2025,2:48:58.159,29.822,33.366
19.4.2025,2:48:59.162,29.396,31.355
19.4.2025,2:49:0.164,29.447,35.222
19.4.2025,2:49:1.177,29.499,41.256
19.4.2025,2:49:2.181,29.197,47.390
19.4.2025,2:49:3.180,29.409,51.217
19.4.2025,2:49:4.181,29.437,55.287
19.4.2025,2:49:5.183,29.256,53.004
19.4.2025,2:49:6.184,29.553,48.258
19.4.2025,2:49:7.187,29.362,39.888
19.4.2025,2:49:8.192,29.386,45.587
19.4.2025,2:49:9.194,29.591,51.751
19.4.2025,2:49:10.210,29.405,53.765
19.4.2025,2:49:11.228,29.457,52.599
19.4.2025,2:49:12.226,29.675,48.642
19.4.2025,2:49:13.214,29.548,44.797
19.4.2025,2:49:14.231,29.494,40.686
19.4.2025,2:49:15.247,29.515,34.421
19.4.2025,2:49:16.262,29.959,30.568
19.4.2025,2:49:17.277,29.484,30.071
19.4.2025,2:49:18.294,29.484,35.775
19.4.2025,2:49:19.295,29.822,37.757
19.4.2025,2:49:20.296,30.249,38.412
19.4.2025,2:49:21.301,29.841,38.624
19.4.2025,2:49:22.300,29.429,52.376
19.4.2025,2:49:23.297,29.488,52.822
19.4.2025,2:49:24.297,29.294,54.203
19.4.2025,2:49:25.312,29.341,51.812
19.4.2025,2:49:26.316,29.450,43.625
19.4.2025,2:49:27.333,29.707,42.145
19.4.2025,2:49:28.333,29.509,40.819
19.4.2025,2:49:29.334,29.511,40.389
19.4.2025,2:49:30.338,29.345,34.997
19.4.2025,2:49:31.353,29.636,33.560
19.4.2025,2:49:32.355,29.693,53.597
19.4.2025,2:49:33.373,29.674,53.303
19.4.2025,2:49:34.391,29.474,52.974
19.4.2025,2:49:35.411,29.612,51.182
19.4.2025,2:49:36.425,29.591,45.040
19.4.2025,2:49:37.423,29.775,39.873
19.4.2025,2:49:38.440,29.706,36.018
19.4.2025,2:49:39.456,29.728,30.152
19.4.2025,2:49:40.456,29.596,32.973
19.4.2025,2:49:41.474,29.495,35.772
19.4.2025,2:49:42.476,29.326,39.089
19.4.2025,2:49:43.476,29.670,40.698
19.4.2025,2:49:44.476,29.624,46.388
19.4.2025,2:49:45.481,29.586,49.147
19.4.2025,2:49:46.494,29.743,53.717
19.4.2025,2:49:47.495,29.700,54.548
19.4.2025,2:49:48.515,29.571,50.057
19.4.2025,2:49:49.517,29.464,40.146
19.4.2025,2:49:50.517,29.529,46.906
19.4.2025,2:49:51.517,29.623,50.135
19.4.2025,2:49:52.520,29.484,52.271
19.4.2025,2:49:53.520,29.453,54.763
19.4.2025,2:49:54.524,29.472,49.561
19.4.2025,2:49:55.524,31.847,43.920
19.4.2025,2:49:56.538,29.682,42.118
19.4.2025,2:49:57.552,29.592,37.442
19.4.2025,2:49:58.556,29.491,34.516
19.4.2025,2:49:59.557,29.439,30.867
19.4.2025,2:50:0.572,29.823,53.969
19.4.2025,2:50:1.571,29.682,49.197
19.4.2025,2:50:2.573,29.605,43.237
19.4.2025,2:50:3.587,29.512,38.674
19.4.2025,2:50:4.602,29.685,48.399
19.4.2025,2:50:5.604,29.695,51.389
19.4.2025,2:50:6.606,29.658,32.903
19.4.2025,2:50:7.611,29.507,32.116
19.4.2025,2:50:8.612,29.365,37.777
19.4.2025,2:50:9.613,29.514,40.472
19.4.2025,2:50:10.612,29.579,42.645
19.4.2025,2:50:11.616,29.410,48.549
19.4.2025,2:50:12.616,29.599,52.161
19.4.2025,2:50:13.628,29.527,54.851
19.4.2025,2:50:14.630,29.703,55.406
19.4.2025,2:50:15.630,29.469,52.485
19.4.2025,2:50:16.643,29.691,48.982
19.4.2025,2:50:17.645,29.422,48.104
19.4.2025,2:50:18.644,29.262,42.003
19.4.2025,2:50:19.647,29.355,36.563
19.4.2025,2:50:20.664,29.416,31.195
19.4.2025,2:50:21.652,29.763,54.537
19.4.2025,2:50:22.669,30.072,52.123
19.4.2025,2:50:23.687,29.416,47.614
19.4.2025,2:50:24.689,29.630,41.366
19.4.2025,2:50:25.706,29.470,39.367
19.4.2025,2:50:26.707,29.617,33.428
19.4.2025,2:50:27.724,29.514,31.698
19.4.2025,2:50:28.741,29.663,35.269
19.4.2025,2:50:29.741,29.619,38.829
19.4.2025,2:50:30.757,29.702,42.482
19.4.2025,2:50:31.770,29.670,45.733
19.4.2025,2:50:32.772,29.597,50.051
19.4.2025,2:50:33.786,29.313,56.393
19.4.2025,2:50:34.803,29.674,52.449
19.4.2025,2:50:35.807,29.308,47.008
19.4.2025,2:50:36.807,29.553,42.839
19.4.2025,2:50:37.793,29.812,46.992
19.4.2025,2:50:38.798,29.591,49.347
19.4.2025,2:50:39.801,29.624,50.862
19.4.2025,2:50:40.801,29.702,53.289
19.4.2025,2:50:41.820,29.398,55.636
19.4.2025,2:50:42.820,29.655,53.296
19.4.2025,2:50:43.824,29.491,50.557
19.4.2025,2:50:44.837,29.549,45.865
19.4.2025,2:50:45.838,29.349,39.362
19.4.2025,2:50:46.852,29.722,35.569
19.4.2025,2:50:47.855,29.346,33.065
19.4.2025,2:50:48.855,29.411,32.951
19.4.2025,2:50:49.840,29.230,35.771
19.4.2025,2:50:50.843,29.540,46.029
19.4.2025,2:50:51.856,29.430,40.880
19.4.2025,2:50:52.873,29.277,37.483
19.4.2025,2:50:53.902,29.650,34.420
19.4.2025,2:50:54.888,29.273,32.086
19.4.2025,2:50:55.907,29.137,33.864
19.4.2025,2:50:56.907,30.038,36.686
19.4.2025,2:50:57.921,29.323,40.052
19.4.2025,2:50:58.924,29.425,46.395
19.4.2025,2:50:59.922,29.710,50.473
19.4.2025,2:51:0.922,29.728,53.473
19.4.2025,2:51:1.925,29.669,54.281
19.4.2025,2:51:2.925,29.550,32.956
19.4.2025,2:51:3.925,29.562,34.474
19.4.2025,2:51:4.938,29.406,39.003
19.4.2025,2:51:5.954,29.772,42.034
19.4.2025,2:51:6.970,29.787,48.195
19.4.2025,2:51:7.975,29.682,49.880
19.4.2025,2:51:8.976,29.513,53.575
19.4.2025,2:51:9.975,29.333,55.902
19.4.2025,2:51:10.976,29.749,51.469
19.4.2025,2:51:11.994,29.437,48.803
19.4.2025,2:51:12.982,29.531,44.177
19.4.2025,2:51:13.984,29.551,42.409
19.4.2025,2:51:14.985,29.483,37.677
19.4.2025,2:51:16.003,29.459,34.894
19.4.2025,2:51:17.005,29.767,53.093
19.4.2025,2:51:18.021,29.453,54.683
19.4.2025,2:51:19.021,29.627,52.164
19.4.2025,2:51:20.023,29.781,49.828
19.4.2025,2:51:21.035,29.421,48.355
19.4.2025,2:51:22.036,29.377,42.296
19.4.2025,2:51:23.038,29.646,41.391
19.4.2025,2:51:24.056,29.342,36.396
19.4.2025,2:51:25.056,29.398,31.765
19.4.2025,2:51:26.058,29.255,32.905
19.4.2025,2:51:27.056,29.850,39.771
19.4.2025,2:51:28.044,29.389,41.535
19.4.2025,2:51:29.045,29.831,46.028
19.4.2025,2:51:30.048,32.094,38.521
19.4.2025,2:51:31.049,30.525,39.883
19.4.2025,2:51:32.049,29.976,35.502
19.4.2025,2:51:33.049,29.386,44.997
19.4.2025,2:51:34.050,29.711,47.247
19.4.2025,2:51:35.049,29.719,52.869
19.4.2025,2:51:36.065,29.422,52.360
19.4.2025,2:51:37.082,29.363,48.467
19.4.2025,2:51:38.101,29.443,47.851
19.4.2025,2:51:39.117,29.647,41.543
19.4.2025,2:51:40.120,29.483,44.606
19.4.2025,2:51:41.105,29.452,47.029
19.4.2025,2:51:42.116,29.555,47.566
19.4.2025,2:51:43.123,29.645,53.490
19.4.2025,2:51:44.142,29.484,56.097
19.4.2025,2:51:45.138,29.568,51.743
19.4.2025,2:51:46.160,29.366,52.103
19.4.2025,2:51:47.176,29.564,46.700
19.4.2025,2:51:48.191,29.389,40.174
19.4.2025,2:51:49.205,29.383,39.529
19.4.2025,2:51:50.222,29.346,35.695
19.4.2025,2:51:51.223,29.694,34.073
19.4.2025,2:51:52.218,29.598,32.034
19.4.2025,2:51:53.220,29.532,35.304
19.4.2025,2:51:54.222,29.763,49.730
19.4.2025,2:51:55.225,29.641,45.565
19.4.2025,2:51:56.226,29.486,39.249
19.4.2025,2:51:57.229,29.554,36.749
19.4.2025,2:51:58.229,29.486,32.263
19.4.2025,2:51:59.229,29.552,31.333
19.4.2025,2:52:0.229,29.685,35.336
19.4.2025,2:52:1.215,29.683,38.837
19.4.2025,2:52:2.231,29.625,46.256
19.4.2025,2:52:3.231,29.532,49.534
19.4.2025,2:52:4.251,30.630,30.121
19.4.2025,2:52:5.270,30.863,36.993
19.4.2025,2:52:6.283,29.514,44.767
19.4.2025,2:52:7.299,29.876,48.313
19.4.2025,2:52:8.301,29.696,51.437
19.4.2025,2:52:9.318,29.881,54.984
19.4.2025,2:52:10.317,29.382,54.157
19.4.2025,2:52:11.316,29.672,49.695
19.4.2025,2:52:12.317,29.685,46.747
19.4.2025,2:52:13.336,29.321,40.461
19.4.2025,2:52:14.354,29.767,35.250
19.4.2025,2:52:15.341,29.560,31.732
19.4.2025,2:52:16.342,29.484,32.864
19.4.2025,2:52:17.341,29.468,36.524
19.4.2025,2:52:18.355,29.521,39.075
19.4.2025,2:52:19.342,29.733,48.457
19.4.2025,2:52:20.346,29.867,44.101
19.4.2025,2:52:21.344,29.586,43.246
19.4.2025,2:52:22.345,29.887,37.553
19.4.2025,2:52:23.348,29.347,32.288
19.4.2025,2:52:24.347,29.616,30.444
19.4.2025,2:52:25.347,29.218,37.344
19.4.2025,2:52:26.350,29.390,41.779
19.4.2025,2:52:27.352,29.879,46.789
19.4.2025,2:52:28.351,29.710,51.329
19.4.2025,2:52:29.350,29.655,53.032
19.4.2025,2:52:30.368,29.540,55.210
19.4.2025,2:52:31.383,29.648,55.035
19.4.2025,2:52:32.397,29.745,53.118
19.4.2025,2:52:33.414,29.566,47.612
19.4.2025,2:52:34.429,29.655,41.672
19.4.2025,2:52:35.428,29.811,49.129
19.4.2025,2:52:36.444,29.804,33.947
19.4.2025,2:52:37.443,30.087,30.940
19.4.2025,2:52:38.444,30.098,33.914
19.4.2025,2:52:39.447,29.364,41.357
19.4.2025,2:52:40.462,29.416,41.112
19.4.2025,2:52:41.469,29.389,35.960
19.4.2025,2:52:42.469,29.619,31.428
19.4.2025,2:52:43.468,29.285,32.141
19.4.2025,2:52:44.471,29.689,38.514
19.4.2025,2:52:45.474,29.495,45.292
19.4.2025,2:52:46.490,29.770,47.636
19.4.2025,2:52:47.488,29.765,50.114
19.4.2025,2:52:48.508,29.352,54.637
19.4.2025,2:52:49.510,29.651,51.869
19.4.2025,2:52:50.511,29.322,50.078
19.4.2025,2:52:51.526,29.703,47.138
19.4.2025,2:52:52.526,29.494,45.243
19.4.2025,2:52:53.513,29.629,40.004
19.4.2025,2:52:54.513,29.636,34.739
19.4.2025,2:52:55.530,29.416,53.632
19.4.2025,2:52:56.546,29.568,53.604
19.4.2025,2:52:57.546,29.610,55.087
19.4.2025,2:52:58.548,29.771,53.359
19.4.2025,2:52:59.561,29.470,51.077
19.4.2025,2:53:0.577,29.657,45.566
19.4.2025,2:53:1.581,29.639,42.844
19.4.2025,2:53:2.594,29.516,37.856
19.4.2025,2:53:3.599,30.323,29.277
19.4.2025,2:53:4.598,30.918,34.188
19.4.2025,2:53:5.597,29.478,39.197
19.4.2025,2:53:6.611,29.421,41.807
19.4.2025,2:53:7.616,29.589,46.778
19.4.2025,2:53:8.618,29.640,49.919
19.4.2025,2:53:9.633,29.582,53.898
19.4.2025,2:53:10.648,29.268,54.856
19.4.2025,2:53:11.656,29.444,49.973
19.4.2025,2:53:12.650,29.550,47.583
19.4.2025,2:53:13.653,29.510,44.729
19.4.2025,2:53:14.655,29.403,40.391
19.4.2025,2:53:15.657,29.582,46.488
19.4.2025,2:53:16.661,29.197,49.879
19.4.2025,2:53:17.678,29.562,54.274
19.4.2025,2:53:18.678,29.561,54.906
19.4.2025,2:53:19.676,29.680,53.645
19.4.2025,2:53:20.679,29.447,54.009
19.4.2025,2:53:21.680,29.408,49.800
19.4.2025,2:53:22.680,29.470,47.431
19.4.2025,2:53:23.681,29.481,43.125
19.4.2025,2:53:24.669,29.483,40.715
19.4.2025,2:53:25.689,30.707,34.179
19.4.2025,2:53:26.688,29.782,30.486
19.4.2025,2:53:27.706,29.495,33.116
19.4.2025,2:53:28.709,29.509,39.221
19.4.2025,2:53:29.725,29.188,46.781
19.4.2025,2:53:30.728,29.305,51.003
19.4.2025,2:53:31.716,29.411,55.522
19.4.2025,2:53:32.719,29.450,52.000
19.4.2025,2:53:33.723,29.485,47.437
19.4.2025,2:53:34.724,29.751,41.454
19.4.2025,2:53:35.737,29.284,35.639
19.4.2025,2:53:36.739,29.256,29.252
19.4.2025,2:53:37.741,29.788,52.986
19.4.2025,2:53:38.745,29.846,53.078
19.4.2025,2:53:39.744,29.343,47.842
19.4.2025,2:53:40.730,29.717,36.586
19.4.2025,2:53:41.736,29.953,38.083
19.4.2025,2:53:42.751,30.472,38.984
19.4.2025,2:53:43.767,30.147,47.069
19.4.2025,2:53:44.786,29.373,41.314
19.4.2025,2:53:45.789,29.657,36.674
19.4.2025,2:53:46.803,29.361,32.974
19.4.2025,2:53:47.806,29.640,32.531
19.4.2025,2:53:48.807,29.690,35.061
19.4.2025,2:53:49.807,29.615,49.174
19.4.2025,2:53:50.807,29.552,44.039
19.4.2025,2:53:51.806,29.407,37.657
19.4.2025,2:53:52.795,29.665,30.593
19.4.2025,2:53:53.798,29.178,32.673
19.4.2025,2:53:54.796,29.604,35.480
19.4.2025,2:53:55.811,29.574,39.953
19.4.2025,2:53:56.811,29.644,42.208
19.4.2025,2:53:57.811,29.585,45.419
19.4.2025,2:53:58.810,29.571,52.356
19.4.2025,2:53:59.812,29.406,54.293
19.4.2025,2:54:0.811,29.508,55.969
19.4.2025,2:54:1.816,29.168,51.799
19.4.2025,2:54:2.830,29.344,45.359
19.4.2025,2:54:3.847,29.601,39.591
19.4.2025,2:54:4.861,29.621,35.762
19.4.2025,2:54:5.877,29.676,32.765
19.4.2025,2:54:6.896,29.482,30.686
19.4.2025,2:54:7.898,29.305,33.824
19.4.2025,2:54:8.899,29.661,35.761
19.4.2025,2:54:9.896,29.593,40.164
19.4.2025,2:54:10.913,29.507,45.076
19.4.2025,2:54:11.932,29.359,48.846
19.4.2025,2:54:12.933,29.324,54.016
19.4.2025,2:54:13.953,29.350,51.501
19.4.2025,2:54:14.971,29.636,37.515
19.4.2025,2:54:15.971,29.410,42.568
19.4.2025,2:54:16.971,29.521,47.751
19.4.2025,2:54:17.972,29.642,48.955
19.4.2025,2:54:18.978,29.614,54.507
19.4.2025,2:54:19.977,29.572,52.601
19.4.2025,2:54:20.985,29.444,49.031
19.4.2025,2:54:21.982,29.619,48.015
19.4.2025,2:54:22.999,29.655,44.456
19.4.2025,2:54:24.013,29.383,38.697
19.4.2025,2:54:25.028,29.679,38.372
19.4.2025,2:54:26.044,29.620,33.307
19.4.2025,2:54:27.056,29.363,33.318
19.4.2025,2:54:28.044,29.382,30.572
19.4.2025,2:54:29.046,29.557,34.178
19.4.2025,2:54:30.045,29.564,48.550
19.4.2025,2:54:31.059,29.555,42.859
19.4.2025,2:54:32.059,29.387,36.842
19.4.2025,2:54:33.061,29.693,33.087
19.4.2025,2:54:34.062,29.663,31.815
19.4.2025,2:54:35.063,29.665,31.258
19.4.2025,2:54:36.082,29.514,35.618
19.4.2025,2:54:37.077,29.554,42.201
19.4.2025,2:54:38.077,31.145,50.803
19.4.2025,2:54:39.077,30.580,53.939
19.4.2025,2:54:40.093,29.627,53.390
19.4.2025,2:54:41.092,29.169,48.425
19.4.2025,2:54:42.094,29.645,43.183
19.4.2025,2:54:43.108,29.234,39.238
19.4.2025,2:54:44.116,29.589,33.019
19.4.2025,2:54:45.124,29.670,30.160
19.4.2025,2:54:46.145,29.418,31.409
19.4.2025,2:54:47.161,29.516,34.793
19.4.2025,2:54:48.175,29.699,47.781
19.4.2025,2:54:49.178,29.318,42.399
19.4.2025,2:54:50.182,29.270,40.165
19.4.2025,2:54:51.182,29.451,33.470
19.4.2025,2:54:52.180,29.281,30.402
19.4.2025,2:54:53.181,29.404,33.133
19.4.2025,2:54:54.179,29.669,38.563
19.4.2025,2:54:55.180,29.501,41.263
19.4.2025,2:54:56.168,29.459,45.983
19.4.2025,2:54:57.168,29.391,49.298
19.4.2025,2:54:58.182,29.615,52.473
19.4.2025,2:54:59.169,29.376,54.425
19.4.2025,2:55:0.185,29.418,54.567
19.4.2025,2:55:1.198,29.597,50.747
19.4.2025,2:55:2.185,29.272,47.530
19.4.2025,2:55:3.184,29.719,41.402
19.4.2025,2:55:4.201,29.507,44.039
19.4.2025,2:55:5.204,29.286,47.559
19.4.2025,2:55:6.222,29.758,53.274
19.4.2025,2:55:7.221,29.372,54.979
19.4.2025,2:55:8.224,29.260,51.284
19.4.2025,2:55:9.221,29.796,46.219
19.4.2025,2:55:10.238,29.655,41.455
19.4.2025,2:55:11.240,29.461,39.493
19.4.2025,2:55:12.242,29.560,33.938
19.4.2025,2:55:13.243,29.713,32.574
19.4.2025,2:55:14.243,29.750,31.035
19.4.2025,2:55:15.243,29.478,35.526
19.4.2025,2:55:16.247,29.431,42.469
19.4.2025,2:55:17.248,29.374,46.700
19.4.2025,2:55:18.261,29.478,50.329
19.4.2025,2:55:19.262,29.366,53.871
19.4.2025,2:55:20.281,29.540,55.056
19.4.2025,2:55:21.283,29.418,49.251
19.4.2025,2:55:22.284,29.505,38.648
19.4.2025,2:55:23.289,29.683,41.363
19.4.2025,2:55:24.305,29.412,46.589
19.4.2025,2:55:25.307,29.633,47.098
19.4.2025,2:55:26.306,29.496,51.832
19.4.2025,2:55:27.322,29.591,54.728
19.4.2025,2:55:28.309,30.040,51.822
19.4.2025,2:55:29.314,29.489,50.243
19.4.2025,2:55:30.330,29.379,44.672
19.4.2025,2:55:31.344,29.492,40.893
19.4.2025,2:55:32.357,29.338,38.254
19.4.2025,2:55:33.371,29.272,32.661
19.4.2025,2:55:34.387,29.337,31.396
19.4.2025,2:55:35.390,29.481,36.789
19.4.2025,2:55:36.392,29.335,40.153
19.4.2025,2:55:37.395,29.429,46.869
19.4.2025,2:55:38.395,29.527,49.915
19.4.2025,2:55:39.397,29.618,54.818
19.4.2025,2:55:40.400,29.413,53.619
19.4.2025,2:55:41.402,29.435,48.126
19.4.2025,2:55:42.388,29.563,44.165
19.4.2025,2:55:43.389,29.469,48.766
19.4.2025,2:55:44.403,29.113,51.526
19.4.2025,2:55:45.409,29.325,56.185
19.4.2025,2:55:46.415,29.657,50.536
19.4.2025,2:55:47.433,29.580,50.633
19.4.2025,2:55:48.436,29.588,46.316
19.4.2025,2:55:49.436,29.332,42.546
19.4.2025,2:55:50.453,29.566,36.144
19.4.2025,2:55:51.465,29.737,35.509
19.4.2025,2:55:52.467,29.952,36.741
19.4.2025,2:55:53.467,30.078,36.068
19.4.2025,2:55:54.469,29.829,41.797
19.4.2025,2:55:55.471,29.655,47.971
19.4.2025,2:55:56.472,29.485,50.936
19.4.2025,2:55:57.475,29.648,55.276
19.4.2025,2:55:58.476,29.642,54.796
19.4.2025,2:55:59.474,29.508,52.361
19.4.2025,2:56:0.490,29.584,47.609
19.4.2025,2:56:1.506,29.213,42.210
19.4.2025,2:56:2.511,29.593,37.942
19.4.2025,2:56:3.525,29.354,31.477
19.4.2025,2:56:4.541,29.243,32.525
19.4.2025,2:56:5.556,29.279,39.208
19.4.2025,2:56:6.557,29.380,44.420
19.4.2025,2:56:7.556,29.561,52.833
19.4.2025,2:56:8.559,29.664,55.231
19.4.2025,2:56:9.561,29.458,30.511
19.4.2025,2:56:10.567,29.692,32.791
19.4.2025,2:56:11.569,29.806,35.389
19.4.2025,2:56:12.569,31.516,42.468
19.4.2025,2:56:13.583,30.226,46.679
19.4.2025,2:56:14.599,29.402,47.857
19.4.2025,2:56:15.602,29.575,53.161
19.4.2025,2:56:16.599,29.532,55.723
19.4.2025,2:56:17.600,29.543,48.051
19.4.2025,2:56:18.605,29.519,40.618
19.4.2025,2:56:19.591,29.685,37.898
19.4.2025,2:56:20.605,29.313,33.382
19.4.2025,2:56:21.591,29.414,30.341
19.4.2025,2:56:22.590,29.780,31.213
19.4.2025,2:56:23.606,29.569,34.532
19.4.2025,2:56:24.621,29.476,39.523
19.4.2025,2:56:25.636,29.464,45.205
19.4.2025,2:56:26.651,29.605,47.380
19.4.2025,2:56:27.640,29.359,48.898
19.4.2025,2:56:28.656,29.477,30.816
19.4.2025,2:56:29.673,29.458,32.612
19.4.2025,2:56:30.673,29.689,35.920
19.4.2025,2:56:31.676,29.795,39.669
19.4.2025,2:56:32.677,29.805,40.851
19.4.2025,2:56:33.681,29.424,46.792
19.4.2025,2:56:34.683,29.547,50.015
19.4.2025,2:56:35.684,29.598,52.384
19.4.2025,2:56:36.687,29.614,54.842
19.4.2025,2:56:37.699,29.558,49.996
19.4.2025,2:56:38.716,29.969,44.500
19.4.2025,2:56:39.719,29.628,41.153
19.4.2025,2:56:40.735,29.413,35.830
19.4.2025,2:56:41.739,29.704,33.218
19.4.2025,2:56:42.757,29.251,55.105
19.4.2025,2:56:43.771,29.862,32.876
19.4.2025,2:56:44.771,29.216,36.079
19.4.2025,2:56:45.786,29.234,49.025
19.4.2025,2:56:46.788,29.675,43.697
19.4.2025,2:56:47.790,29.607,42.548
19.4.2025,2:56:48.803,29.615,37.104
19.4.2025,2:56:49.818,29.478,36.657
19.4.2025,2:56:50.821,29.376,31.023
19.4.2025,2:56:51.821,29.384,33.591
19.4.2025,2:56:52.838,29.663,35.353
19.4.2025,2:56:53.834,29.292,40.263
19.4.2025,2:56:54.849,29.521,46.179
19.4.2025,2:56:55.869,29.392,49.745
19.4.2025,2:56:56.885,29.202,52.671
19.4.2025,2:56:57.898,29.783,54.896
19.4.2025,2:56:58.913,29.765,52.746
19.4.2025,2:56:59.928,29.526,48.737
19.4.2025,2:57:0.927,29.896,47.321
19.4.2025,2:57:1.928,29.191,41.469
19.4.2025,2:57:2.927,29.496,32.478
19.4.2025,2:57:3.927,29.667,54.876
19.4.2025,2:57:4.929,29.571,47.663
19.4.2025,2:57:5.928,29.576,42.795
19.4.2025,2:57:6.928,29.535,38.538
19.4.2025,2:57:7.927,29.271,34.026
19.4.2025,2:57:8.928,29.552,32.555
19.4.2025,2:57:9.929,29.847,30.669
19.4.2025,2:57:10.928,29.124,34.481
19.4.2025,2:57:11.932,29.522,38.789
19.4.2025,2:57:12.920,29.463,42.361
19.4.2025,2:57:13.922,29.573,45.963
19.4.2025,2:57:14.924,29.265,48.910
19.4.2025,2:57:15.924,29.582,52.672
19.4.2025,2:57:16.939,29.591,54.208
19.4.2025,2:57:17.939,29.510,52.709
19.4.2025,2:57:18.956,29.793,50.625
19.4.2025,2:57:19.973,29.488,45.035
19.4.2025,2:57:20.987,29.226,46.491
19.4.2025,2:57:21.990,29.162,51.304
19.4.2025,2:57:23.009,29.177,54.070
19.4.2025,2:57:24.012,29.554,49.477
19.4.2025,2:57:25.032,29.597,45.569
19.4.2025,2:57:26.032,29.638,45.191
19.4.2025,2:57:27.050,29.584,35.864
19.4.2025,2:57:28.051,32.119,31.219
19.4.2025,2:57:29.048,29.743,32.773
19.4.2025,2:57:30.052,29.583,36.021
19.4.2025,2:57:31.053,29.382,41.212
19.4.2025,2:57:32.052,29.440,46.659
19.4.2025,2:57:33.050,29.405,48.628
19.4.2025,2:57:34.052,29.502,33.888
19.4.2025,2:57:35.054,29.846,54.784
19.4.2025,2:57:36.054,29.436,32.150
19.4.2025,2:57:37.069,29.783,33.340
19.4.2025,2:57:38.072,29.487,35.911
19.4.2025,2:57:39.062,29.388,39.085
19.4.2025,2:57:40.063,29.524,41.922
19.4.2025,2:57:41.063,29.544,45.681
19.4.2025,2:57:42.065,29.577,48.981
19.4.2025,2:57:43.069,29.517,52.796
19.4.2025,2:57:44.071,29.500,54.870
19.4.2025,2:57:45.072,29.912,54.142
19.4.2025,2:57:46.072,29.459,52.249
19.4.2025,2:57:47.087,31.741,44.100
19.4.2025,2:57:48.089,29.242,37.544
19.4.2025,2:57:49.074,29.754,33.194
19.4.2025,2:57:50.092,29.439,53.004
19.4.2025,2:57:51.095,29.566,54.330
19.4.2025,2:57:52.093,29.592,49.478
19.4.2025,2:57:53.110,29.436,44.802
19.4.2025,2:57:54.114,29.255,43.824
19.4.2025,2:57:55.112,29.622,36.527
19.4.2025,2:57:56.117,29.639,34.400
19.4.2025,2:57:57.111,29.438,31.703
19.4.2025,2:57:58.113,29.490,31.983
19.4.2025,2:57:59.130,29.145,36.001
19.4.2025,2:58:0.129,29.513,40.851
19.4.2025,2:58:1.131,29.446,45.971
19.4.2025,2:58:2.139,29.451,50.949
19.4.2025,2:58:3.141,29.827,34.903
19.4.2025,2:58:4.157,30.305,35.941
19.4.2025,2:58:5.157,30.026,38.925
19.4.2025,2:58:6.172,29.471,41.378
19.4.2025,2:58:7.173,29.492,46.800
19.4.2025,2:58:8.175,29.741,51.602
19.4.2025,2:58:9.177,29.370,53.589
19.4.2025,2:58:10.178,29.537,54.078
19.4.2025,2:58:11.195,29.221,52.008
19.4.2025,2:58:12.196,29.575,47.717
19.4.2025,2:58:13.213,29.503,42.495
19.4.2025,2:58:14.212,29.385,38.194
19.4.2025,2:58:15.202,29.400,35.264
19.4.2025,2:58:16.215,29.326,52.802
19.4.2025,2:58:17.231,29.584,52.547
19.4.2025,2:58:18.229,29.549,52.048
19.4.2025,2:58:19.229,29.825,49.837
19.4.2025,2:58:20.230,29.456,44.780
19.4.2025,2:58:21.245,29.666,43.796
19.4.2025,2:58:22.241,29.408,40.007
19.4.2025,2:58:23.243,29.364,34.761
19.4.2025,2:58:24.239,29.362,31.827
19.4.2025,2:58:25.254,29.847,30.628
19.4.2025,2:58:26.269,29.516,34.091
19.4.2025,2:58:27.270,29.879,34.812
19.4.2025,2:58:28.274,29.908,38.908
19.4.2025,2:58:29.273,29.458,42.138
19.4.2025,2:58:30.271,29.599,42.138
19.4.2025,2:58:31.274,29.558,46.918
19.4.2025,2:58:32.276,29.771,48.242
19.4.2025,2:58:33.278,29.827,52.706
19.4.2025,2:58:34.281,29.622,53.270
19.4.2025,2:58:35.284,29.705,54.652
19.4.2025,2:58:36.286,29.314,34.528
19.4.2025,2:58:37.290,29.427,36.839
19.4.2025,2:58:38.292,29.521,39.750
19.4.2025,2:58:39.307,29.539,47.624
19.4.2025,2:58:40.308,29.790,47.624
19.4.2025,2:58:41.294,29.350,50.717
19.4.2025,2:58:42.309,29.591,53.917
19.4.2025,2:58:43.339,30.041,53.618
19.4.2025,2:58:44.338,29.440,53.644
19.4.2025,2:58:45.341,29.620,50.536
19.4.2025,2:58:46.342,29.193,49.435
19.4.2025,2:58:47.340,29.402,45.781
19.4.2025,2:58:48.353,29.610,37.345
19.4.2025,2:58:49.344,29.484,33.901
19.4.2025,2:58:50.345,29.343,32.265
19.4.2025,2:58:51.342,29.303,31.033
19.4.2025,2:58:52.344,29.452,34.554
19.4.2025,2:58:53.346,29.370,42.022
19.4.2025,2:58:54.347,29.488,44.314
19.4.2025,2:58:55.361,29.271,50.683
19.4.2025,2:58:56.364,29.762,54.726
19.4.2025,2:58:57.381,29.740,54.485
19.4.2025,2:58:58.399,29.633,52.846
19.4.2025,2:58:59.400,29.151,48.755
19.4.2025,2:59:0.387,29.533,47.053
19.4.2025,2:59:1.387,29.374,41.335
19.4.2025,2:59:2.392,29.401,36.696
19.4.2025,2:59:3.392,29.972,50.134
19.4.2025,2:59:4.394,29.605,54.874
19.4.2025,2:59:5.395,29.398,53.219
19.4.2025,2:59:6.399,29.482,48.429
19.4.2025,2:59:7.415,29.488,42.775
19.4.2025,2:59:8.418,29.675,39.410
19.4.2025,2:59:9.418,29.409,36.119
19.4.2025,2:59:10.419,29.440,32.647
19.4.2025,2:59:11.435,29.491,31.247
19.4.2025,2:59:12.436,29.523,34.891
19.4.2025,2:59:13.436,29.540,38.901
19.4.2025,2:59:14.440,29.527,42.031
19.4.2025,2:59:15.458,29.549,47.160
19.4.2025,2:59:16.475,29.532,51.266
19.4.2025,2:59:17.475,29.294,52.935
19.4.2025,2:59:18.477,29.669,56.238
19.4.2025,2:59:19.494,29.429,52.567
19.4.2025,2:59:20.495,29.499,34.173
19.4.2025,2:59:21.494,32.024,37.224
19.4.2025,2:59:22.481,29.705,46.060
19.4.2025,2:59:23.497,29.351,51.426
19.4.2025,2:59:24.515,29.691,51.806
19.4.2025,2:59:25.533,29.197,52.507
19.4.2025,2:59:26.536,29.535,54.321
19.4.2025,2:59:27.553,29.266,52.310
19.4.2025,2:59:28.569,29.492,46.921
19.4.2025,2:59:29.569,29.448,41.910
19.4.2025,2:59:30.573,29.599,39.051
19.4.2025,2:59:31.561,29.599,37.360
19.4.2025,2:59:32.560,29.291,53.015
19.4.2025,2:59:33.576,29.657,52.941
19.4.2025,2:59:34.594,29.804,55.620
19.4.2025,2:59:35.596,29.403,52.079
19.4.2025,2:59:36.599,29.507,47.184
19.4.2025,2:59:37.603,29.520,40.877
19.4.2025,2:59:38.602,29.562,36.735
19.4.2025,2:59:39.589,29.487,33.455
19.4.2025,2:59:40.607,29.343,32.132
19.4.2025,2:59:41.622,29.419,30.546
19.4.2025,2:59:42.651,29.394,35.363
19.4.2025,2:59:43.650,29.318,39.977
19.4.2025,2:59:44.662,29.468,46.708
19.4.2025,2:59:45.663,29.492,48.443
19.4.2025,2:59:46.663,29.645,53.205
19.4.2025,2:59:47.676,29.576,30.322
19.4.2025,2:59:48.677,29.506,33.139
19.4.2025,2:59:49.681,29.483,37.274
19.4.2025,2:59:50.698,29.870,41.389
19.4.2025,2:59:51.711,29.613,43.089
19.4.2025,2:59:52.728,29.183,47.089
19.4.2025,2:59:53.729,29.429,48.790
19.4.2025,2:59:54.744,29.471,54.415
19.4.2025,2:59:55.759,29.741,54.578
19.4.2025,2:59:56.774,29.426,50.118
19.4.2025,2:59:57.789,29.431,47.385
19.4.2025,2:59:58.801,29.485,43.943
19.4.2025,2:59:59.804,29.474,41.568
19.4.2025,3:0:0.801,29.531,37.953
19.4.2025,3:0:1.802,29.657,36.824
19.4.2025,3:0:2.804,29.515,30.708
19.4.2025,3:0:3.819,29.281,33.818
19.4.2025,3:0:4.832,29.501,40.601
19.4.2025,3:0:5.836,29.397,42.760
19.4.2025,3:0:6.835,29.656,46.060
19.4.2025,3:0:7.836,29.341,49.833
19.4.2025,3:0:8.851,29.512,51.437
19.4.2025,3:0:9.850,29.116,54.457
19.4.2025,3:0:10.868,29.668,36.640
19.4.2025,3:0:11.855,29.786,40.607
19.4.2025,3:0:12.860,29.333,45.233
19.4.2025,3:0:13.872,29.901,50.205
19.4.2025,3:0:14.886,30.573,38.598
19.4.2025,3:0:15.889,29.951,34.742
19.4.2025,3:0:16.889,29.834,37.988
19.4.2025,3:0:17.905,29.444,44.186
19.4.2025,3:0:18.908,29.560,45.007
19.4.2025,3:0:19.923,29.497,49.833
19.4.2025,3:0:20.922,29.700,51.051
19.4.2025,3:0:21.924,29.926,55.712
19.4.2025,3:0:22.921,29.729,52.911
19.4.2025,3:0:23.922,29.379,50.465
19.4.2025,3:0:24.923,29.612,48.163
19.4.2025,3:0:25.923,29.826,40.408
19.4.2025,3:0:26.925,29.465,38.330
19.4.2025,3:0:27.929,29.455,52.244
19.4.2025,3:0:28.927,29.671,55.241
19.4.2025,3:0:29.929,29.408,52.533
19.4.2025,3:0:30.927,29.768,46.178
19.4.2025,3:0:31.927,29.585,42.019
19.4.2025,3:0:32.930,29.888,41.251
19.4.2025,3:0:33.928,29.350,38.595
19.4.2025,3:0:34.927,29.547,34.518
19.4.2025,3:0:35.931,29.613,31.980
19.4.2025,3:0:36.932,29.887,31.402
19.4.2025,3:0:37.933,29.345,32.399
19.4.2025,3:0:38.930,29.634,36.934
19.4.2025,3:0:39.930,29.517,39.244
19.4.2025,3:0:40.945,29.257,44.903
19.4.2025,3:0:41.964,29.390,47.278
19.4.2025,3:0:42.980,29.199,33.539
19.4.2025,3:0:43.979,29.644,30.638
19.4.2025,3:0:44.967,29.460,35.943
19.4.2025,3:0:45.982,29.605,39.359
19.4.2025,3:0:46.982,29.621,41.751
19.4.2025,3:0:47.985,29.494,43.427
19.4.2025,3:0:49.001,29.678,46.873
19.4.2025,3:0:50.002,29.629,53.604
19.4.2025,3:0:51.019,29.594,53.666
19.4.2025,3:0:52.022,29.488,55.212
19.4.2025,3:0:53.024,29.738,50.072
19.4.2025,3:0:54.013,29.451,44.972
19.4.2025,3:0:55.013,29.380,42.153
19.4.2025,3:0:56.027,32.000,48.332
19.4.2025,3:0:57.027,29.489,55.441
19.4.2025,3:0:58.030,29.305,50.434
19.4.2025,3:0:59.045,29.440,48.566
19.4.2025,3:1:0.045,29.343,45.627
19.4.2025,3:1:1.043,29.526,38.883
19.4.2025,3:1:2.045,29.553,36.675
19.4.2025,3:1:3.045,29.739,32.407
19.4.2025,3:1:4.048,29.601,30.772
19.4.2025,3:1:5.048,29.994,33.254
19.4.2025,3:1:6.053,29.333,38.432
19.4.2025,3:1:7.059,29.607,42.092
19.4.2025,3:1:8.062,29.753,46.739
19.4.2025,3:1:9.062,29.371,32.362
19.4.2025,3:1:10.080,29.495,30.552
19.4.2025,3:1:11.082,29.564,35.913
19.4.2025,3:1:12.099,29.613,37.366
19.4.2025,3:1:13.117,29.681,41.981
19.4.2025,3:1:14.116,29.423,45.526
19.4.2025,3:1:15.134,29.629,48.181
19.4.2025,3:1:16.133,29.477,50.761
19.4.2025,3:1:17.124,29.579,54.231
19.4.2025,3:1:18.137,29.488,49.030
19.4.2025,3:1:19.154,29.794,49.009
19.4.2025,3:1:20.166,29.464,42.787
19.4.2025,3:1:21.169,29.464,36.610
19.4.2025,3:1:22.184,29.484,34.625
19.4.2025,3:1:23.199,29.553,32.427
19.4.2025,3:1:24.198,29.465,30.288
19.4.2025,3:1:25.197,29.557,32.184
19.4.2025,3:1:26.213,29.482,51.986
19.4.2025,3:1:27.212,29.391,48.320
19.4.2025,3:1:28.228,29.465,40.381
19.4.2025,3:1:29.229,29.716,41.624
19.4.2025,3:1:30.226,29.754,37.216
19.4.2025,3:1:31.223,29.356,31.325
19.4.2025,3:1:32.226,29.673,30.241
19.4.2025,3:1:33.230,29.789,31.718
19.4.2025,3:1:34.233,29.508,34.667
19.4.2025,3:1:35.248,29.335,38.017
19.4.2025,3:1:36.267,29.619,43.616
19.4.2025,3:1:37.282,29.591,46.377
19.4.2025,3:1:38.301,29.501,50.074
19.4.2025,3:1:39.300,29.798,52.469
19.4.2025,3:1:40.297,29.783,55.109
19.4.2025,3:1:41.303,29.311,52.076
19.4.2025,3:1:42.316,29.905,48.220
19.4.2025,3:1:43.331,29.167,41.352
19.4.2025,3:1:44.332,29.496,38.766
19.4.2025,3:1:45.346,29.632,36.514
19.4.2025,3:1:46.360,29.578,33.402
19.4.2025,3:1:47.362,29.214,31.828
19.4.2025,3:1:48.365,29.615,34.400
19.4.2025,3:1:49.382,29.456,37.631
19.4.2025,3:1:50.381,29.311,47.277
19.4.2025,3:1:51.382,29.373,43.697
19.4.2025,3:1:52.395,29.592,40.075
19.4.2025,3:1:53.409,29.335,31.889
19.4.2025,3:1:54.426,29.747,53.700
19.4.2025,3:1:55.439,29.293,54.013
19.4.2025,3:1:56.442,29.709,37.935
19.4.2025,3:1:57.460,29.567,42.450
19.4.2025,3:1:58.462,29.553,47.082
19.4.2025,3:1:59.479,29.345,48.582
19.4.2025,3:2:0.493,29.650,53.752
19.4.2025,3:2:1.510,29.400,52.673
19.4.2025,3:2:2.515,29.262,50.075
19.4.2025,3:2:3.517,29.618,45.486
19.4.2025,3:2:4.519,29.481,45.493
19.4.2025,3:2:5.519,29.598,39.762
19.4.2025,3:2:6.519,29.333,39.153
19.4.2025,3:2:7.518,29.330,31.934
19.4.2025,3:2:8.517,29.495,54.675
19.4.2025,3:2:9.519,29.255,50.568
19.4.2025,3:2:10.521,29.449,50.255
19.4.2025,3:2:11.540,29.631,44.421
19.4.2025,3:2:12.529,29.521,40.675
19.4.2025,3:2:13.546,29.602,37.224
19.4.2025,3:2:14.563,29.255,33.376
19.4.2025,3:2:15.579,29.576,30.063
19.4.2025,3:2:16.581,29.681,34.532
19.4.2025,3:2:17.581,29.400,39.047
19.4.2025,3:2:18.581,29.483,41.843
19.4.2025,3:2:19.581,29.587,45.805
19.4.2025,3:2:20.597,29.701,47.883
19.4.2025,3:2:21.599,29.361,51.133
19.4.2025,3:2:22.599,29.291,53.927
19.4.2025,3:2:23.601,29.196,49.408
19.4.2025,3:2:24.601,29.777,41.477
19.4.2025,3:2:25.604,30.104,39.889
19.4.2025,3:2:26.604,30.120,35.128
19.4.2025,3:2:27.602,29.474,30.013
19.4.2025,3:2:28.591,29.267,32.973
19.4.2025,3:2:29.606,30.464,34.923
19.4.2025,3:2:30.608,31.590,46.709
19.4.2025,3:2:31.626,29.509,51.462
19.4.2025,3:2:32.630,29.441,54.983
19.4.2025,3:2:33.632,29.228,53.121
19.4.2025,3:2:34.648,29.552,53.693
19.4.2025,3:2:35.664,29.381,46.471
19.4.2025,3:2:36.682,29.669,42.332
19.4.2025,3:2:37.684,29.684,46.507
19.4.2025,3:2:38.684,29.381,49.162
19.4.2025,3:2:39.686,29.880,51.463
19.4.2025,3:2:40.702,29.734,56.110
19.4.2025,3:2:41.720,29.428,52.836
19.4.2025,3:2:42.719,29.321,47.568
19.4.2025,3:2:43.719,29.341,41.789
19.4.2025,3:2:44.736,30.750,36.729
19.4.2025,3:2:45.736,29.419,30.604
19.4.2025,3:2:46.754,29.560,33.998
19.4.2025,3:2:47.772,29.514,41.608
19.4.2025,3:2:48.771,29.223,41.608
19.4.2025,3:2:49.772,29.392,47.299
19.4.2025,3:2:50.785,29.296,52.617
19.4.2025,3:2:51.787,29.300,54.956
19.4.2025,3:2:52.788,29.361,56.919
19.4.2025,3:2:53.793,29.496,33.233
19.4.2025,3:2:54.795,29.542,35.183
19.4.2025,3:2:55.799,29.495,39.122
19.4.2025,3:2:56.799,29.587,42.350
19.4.2025,3:2:57.802,29.590,45.359
19.4.2025,3:2:58.803,29.382,49.116
19.4.2025,3:2:59.806,29.517,53.101
19.4.2025,3:3:0.806,29.313,56.831
19.4.2025,3:3:1.807,29.359,51.899
19.4.2025,3:3:2.823,29.549,52.193
19.4.2025,3:3:3.822,29.820,48.162
19.4.2025,3:3:4.825,29.406,45.277
19.4.2025,3:3:5.844,29.601,46.781
19.4.2025,3:3:6.847,29.185,51.923
19.4.2025,3:3:7.844,29.467,54.403
19.4.2025,3:3:8.860,29.625,51.060
19.4.2025,3:3:9.859,29.631,49.686
19.4.2025,3:3:10.859,29.549,45.892
19.4.2025,3:3:11.858,29.480,43.072
19.4.2025,3:3:12.860,29.311,38.452
19.4.2025,3:3:13.863,29.501,34.412
19.4.2025,3:3:14.863,29.710,30.613
19.4.2025,3:3:15.863,29.553,34.713
19.4.2025,3:3:16.865,29.670,38.105
19.4.2025,3:3:17.863,29.530,42.499
19.4.2025,3:3:18.865,29.902,47.879
19.4.2025,3:3:19.882,29.530,52.459
19.4.2025,3:3:20.884,29.711,55.110
19.4.2025,3:3:21.886,29.462,33.068
19.4.2025,3:3:22.889,29.662,34.399
19.4.2025,3:3:23.893,29.226,36.626
19.4.2025,3:3:24.890,29.863,42.128
19.4.2025,3:3:25.908,29.346,44.231
19.4.2025,3:3:26.909,29.684,48.489
19.4.2025,3:3:27.911,29.666,50.538
19.4.2025,3:3:28.931,29.253,54.947
19.4.2025,3:3:29.932,29.537,54.205
19.4.2025,3:3:30.918,29.409,49.229
19.4.2025,3:3:31.923,29.611,43.598
19.4.2025,3:3:32.930,29.586,36.920
19.4.2025,3:3:33.928,29.400,36.002
19.4.2025,3:3:34.927,29.480,33.205
19.4.2025,3:3:35.927,29.421,32.037
19.4.2025,3:3:36.928,29.529,32.807
19.4.2025,3:3:37.933,29.803,37.808
19.4.2025,3:3:38.919,29.810,45.474
19.4.2025,3:3:39.922,29.523,42.165
19.4.2025,3:3:40.924,29.465,35.981
19.4.2025,3:3:41.927,29.712,33.722
19.4.2025,3:3:42.929,29.344,30.111
19.4.2025,3:3:43.928,29.506,34.238
19.4.2025,3:3:44.931,29.275,38.405
19.4.2025,3:3:45.933,29.940,42.703
19.4.2025,3:3:46.919,29.781,46.956
19.4.2025,3:3:47.920,30.876,51.706
19.4.2025,3:3:48.924,32.520,55.975
19.4.2025,3:3:49.924,31.062,50.786
19.4.2025,3:3:50.925,29.685,45.611
19.4.2025,3:3:51.929,29.858,41.175
19.4.2025,3:3:52.931,29.768,46.395
19.4.2025,3:3:53.933,29.497,47.509
19.4.2025,3:3:54.921,29.509,50.129
19.4.2025,3:3:55.924,29.522,52.053
19.4.2025,3:3:56.920,29.403,52.347
19.4.2025,3:3:57.918,29.382,48.243
19.4.2025,3:3:58.920,29.776,46.373
19.4.2025,3:3:59.934,29.666,41.173
19.4.2025,3:4:0.935,29.811,40.766
19.4.2025,3:4:1.962,29.458,38.107
19.4.2025,3:4:2.962,29.376,31.224
19.4.2025,3:4:3.950,30.285,32.687
19.4.2025,3:4:4.970,31.424,38.380
19.4.2025,3:4:5.968,29.636,44.603
19.4.2025,3:4:6.969,29.510,46.503
19.4.2025,3:4:7.971,29.666,49.590
19.4.2025,3:4:8.974,29.687,34.346
19.4.2025,3:4:9.989,29.721,31.311
19.4.2025,3:4:10.990,29.655,30.474
19.4.2025,3:4:12.002,29.483,32.953
19.4.2025,3:4:13.007,29.318,36.158
19.4.2025,3:4:14.009,29.540,40.926
19.4.2025,3:4:15.024,29.822,46.467
19.4.2025,3:4:16.040,29.481,50.669
19.4.2025,3:4:17.040,29.686,53.215
19.4.2025,3:4:18.029,29.841,55.366
19.4.2025,3:4:19.043,29.569,54.802
19.4.2025,3:4:20.047,29.503,50.505
19.4.2025,3:4:21.050,29.518,45.466
19.4.2025,3:4:22.052,29.516,41.861
19.4.2025,3:4:23.053,29.272,37.132
19.4.2025,3:4:24.074,29.747,32.708
19.4.2025,3:4:25.086,29.541,32.189
19.4.2025,3:4:26.089,29.479,35.594
19.4.2025,3:4:27.091,29.273,47.516
19.4.2025,3:4:28.090,29.421,39.000
19.4.2025,3:4:29.092,29.691,33.545
19.4.2025,3:4:30.095,29.654,30.355
19.4.2025,3:4:31.111,29.202,30.718
19.4.2025,3:4:32.115,29.476,34.456
19.4.2025,3:4:33.130,29.239,38.494
19.4.2025,3:4:34.132,29.652,43.966
19.4.2025,3:4:35.135,29.622,49.326
19.4.2025,3:4:36.134,29.924,40.725
19.4.2025,3:4:37.150,30.358,40.008
19.4.2025,3:4:38.153,29.659,38.205
19.4.2025,3:4:39.173,29.628,42.284
19.4.2025,3:4:40.175,29.092,44.403
19.4.2025,3:4:41.179,29.494,48.363
19.4.2025,3:4:42.178,29.287,53.346
19.4.2025,3:4:43.193,29.550,54.759
19.4.2025,3:4:44.195,29.222,52.910
19.4.2025,3:4:45.210,29.433,48.328
19.4.2025,3:4:46.209,29.293,43.981
19.4.2025,3:4:47.223,29.334,42.317
19.4.2025,3:4:48.222,29.432,39.537
19.4.2025,3:4:49.219,29.740,48.122
19.4.2025,3:4:50.218,29.328,51.454
19.4.2025,3:4:51.234,29.595,55.926
19.4.2025,3:4:52.252,29.696,33.239
19.4.2025,3:4:53.267,29.312,50.701
19.4.2025,3:4:54.281,29.567,47.869
19.4.2025,3:4:55.295,29.292,39.766
19.4.2025,3:4:56.294,29.295,35.089
19.4.2025,3:4:57.295,29.214,30.633
19.4.2025,3:4:58.311,29.568,31.227
19.4.2025,3:4:59.331,29.479,34.653
19.4.2025,3:5:0.333,29.553,39.028
19.4.2025,3:5:1.336,29.749,40.706
19.4.2025,3:5:2.351,29.498,44.945
19.4.2025,3:5:3.365,29.422,47.356
19.4.2025,3:5:4.364,29.354,51.043
19.4.2025,3:5:5.364,29.561,52.872
19.4.2025,3:5:6.383,29.484,53.182
19.4.2025,3:5:7.401,29.400,48.978
19.4.2025,3:5:8.402,29.392,46.702
19.4.2025,3:5:9.405,29.595,41.599
19.4.2025,3:5:10.418,29.534,47.355
19.4.2025,3:5:11.436,29.700,53.267
19.4.2025,3:5:12.454,29.743,55.493
19.4.2025,3:5:13.470,29.509,51.197
19.4.2025,3:5:14.468,29.440,46.569
19.4.2025,3:5:15.485,29.273,43.829
19.4.2025,3:5:16.502,29.547,37.483
19.4.2025,3:5:17.504,29.150,34.028
19.4.2025,3:5:18.505,29.291,31.565
19.4.2025,3:5:19.523,29.595,30.391
19.4.2025,3:5:20.522,29.479,33.812
19.4.2025,3:5:21.523,29.559,36.002
19.4.2025,3:5:22.539,29.459,37.008
19.4.2025,3:5:23.537,29.557,38.334
19.4.2025,3:5:24.537,29.554,40.651
19.4.2025,3:5:25.537,29.958,42.207
19.4.2025,3:5:26.542,29.538,35.805
19.4.2025,3:5:27.545,29.565,31.625
19.4.2025,3:5:28.544,29.565,30.328
19.4.2025,3:5:29.556,29.241,35.582
19.4.2025,3:5:30.544,29.312,40.190
19.4.2025,3:5:31.557,29.689,41.407
19.4.2025,3:5:32.558,29.439,46.275
19.4.2025,3:5:33.556,29.784,47.804
19.4.2025,3:5:34.543,29.237,49.445
19.4.2025,3:5:35.544,29.432,54.599
19.4.2025,3:5:36.545,29.875,54.309
19.4.2025,3:5:37.543,29.588,49.803
19.4.2025,3:5:38.545,31.078,49.891
19.4.2025,3:5:39.548,30.400,41.678
19.4.2025,3:5:40.550,29.444,37.679
19.4.2025,3:5:41.551,29.686,35.277
19.4.2025,3:5:42.555,29.359,33.125
19.4.2025,3:5:43.553,29.472,32.196
19.4.2025,3:5:44.551,29.485,34.101
19.4.2025,3:5:45.553,29.517,36.285
19.4.2025,3:5:46.553,29.752,41.685
19.4.2025,3:5:47.556,29.293,37.612
19.4.2025,3:5:48.542,29.506,34.080
19.4.2025,3:5:49.546,29.195,31.041
19.4.2025,3:5:50.549,29.373,31.669
19.4.2025,3:5:51.553,29.645,34.802
19.4.2025,3:5:52.556,29.556,37.296
19.4.2025,3:5:53.555,29.837,41.835
19.4.2025,3:5:54.572,29.414,45.248
19.4.2025,3:5:55.561,29.587,45.734
19.4.2025,3:5:56.561,29.338,51.479
19.4.2025,3:5:57.562,29.434,53.933
19.4.2025,3:5:58.578,29.297,52.983
19.4.2025,3:5:59.580,29.364,48.390
19.4.2025,3:6:0.594,29.812,42.693
19.4.2025,3:6:1.613,29.368,36.583
19.4.2025,3:6:2.613,29.521,52.204
19.4.2025,3:6:3.614,29.402,30.199
19.4.2025,3:6:4.613,29.670,32.993
19.4.2025,3:6:5.615,29.115,38.343
19.4.2025,3:6:6.618,29.537,43.094
19.4.2025,3:6:7.630,29.246,38.449
19.4.2025,3:6:8.648,29.554,32.092
19.4.2025,3:6:9.661,29.553,31.957
19.4.2025,3:6:10.664,29.262,35.725
19.4.2025,3:6:11.676,29.689,40.556
19.4.2025,3:6:12.675,29.291,45.578
19.4.2025,3:6:13.692,29.724,51.551
19.4.2025,3:6:14.694,29.185,53.066
19.4.2025,3:6:15.706,29.384,54.108
19.4.2025,3:6:16.708,29.366,51.890
19.4.2025,3:6:17.704,29.233,49.837
19.4.2025,3:6:18.721,29.765,46.984
19.4.2025,3:6:19.719,29.460,41.061
19.4.2025,3:6:20.718,29.608,34.370
19.4.2025,3:6:21.718,29.569,30.946
19.4.2025,3:6:22.734,29.335,36.104
19.4.2025,3:6:23.736,29.467,39.133
19.4.2025,3:6:24.752,29.397,43.736
19.4.2025,3:6:25.772,29.831,45.997
19.4.2025,3:6:26.773,29.396,46.569
19.4.2025,3:6:27.772,29.662,53.839
19.4.2025,3:6:28.788,29.672,32.501
19.4.2025,3:6:29.801,29.431,31.790
19.4.2025,3:6:30.803,29.573,34.699
19.4.2025,3:6:31.806,29.700,39.019
19.4.2025,3:6:32.822,29.567,44.429
19.4.2025,3:6:33.823,29.539,47.727
19.4.2025,3:6:34.837,29.514,50.496
19.4.2025,3:6:35.855,29.569,53.526
19.4.2025,3:6:36.856,29.153,50.281
19.4.2025,3:6:37.872,29.471,45.775
19.4.2025,3:6:38.875,29.627,42.494
19.4.2025,3:6:39.878,29.620,39.530
19.4.2025,3:6:40.879,29.595,32.495
19.4.2025,3:6:41.894,29.844,31.008
19.4.2025,3:6:42.893,29.403,32.079
19.4.2025,3:6:43.893,29.684,49.915
19.4.2025,3:6:44.909,29.586,46.119
19.4.2025,3:6:45.927,29.475,43.049
19.4.2025,3:6:46.944,30.113,38.921
19.4.2025,3:6:47.950,30.318,36.470
19.4.2025,3:6:48.965,29.544,39.131
19.4.2025,3:6:49.994,29.867,46.077
19.4.2025,3:6:50.998,29.390,44.021
19.4.2025,3:6:52.014,29.563,37.359
19.4.2025,3:6:53.031,29.612,38.188
19.4.2025,3:6:54.050,29.374,33.433
19.4.2025,3:6:55.054,29.285,31.138
19.4.2025,3:6:56.056,29.853,52.807
19.4.2025,3:6:57.056,29.549,48.911
19.4.2025,3:6:58.044,29.240,41.421
19.4.2025,3:6:59.046,29.393,37.489
19.4.2025,3:7:0.059,29.689,32.200
19.4.2025,3:7:1.076,29.637,30.371
19.4.2025,3:7:2.094,29.259,35.174
19.4.2025,3:7:3.094,29.679,39.088
19.4.2025,3:7:4.094,29.530,42.571
19.4.2025,3:7:5.112,31.150,46.970
19.4.2025,3:7:6.115,31.163,53.305
19.4.2025,3:7:7.116,29.680,48.164
19.4.2025,3:7:8.115,29.533,42.651
19.4.2025,3:7:9.120,29.445,38.350
19.4.2025,3:7:10.117,29.815,34.841
19.4.2025,3:7:11.131,29.470,29.349
19.4.2025,3:7:12.131,29.487,33.668
19.4.2025,3:7:13.151,31.521,38.406
19.4.2025,3:7:14.152,29.422,50.073
19.4.2025,3:7:15.169,29.492,29.746
19.4.2025,3:7:16.184,29.521,31.385
19.4.2025,3:7:17.182,29.586,34.064
19.4.2025,3:7:18.185,29.683,39.895
19.4.2025,3:7:19.184,29.728,41.946
19.4.2025,3:7:20.212,29.519,45.101
19.4.2025,3:7:21.214,29.446,47.353
19.4.2025,3:7:22.231,29.674,52.664
19.4.2025,3:7:23.247,29.346,53.979
19.4.2025,3:7:24.263,29.615,54.047
19.4.2025,3:7:25.262,29.020,51.498
19.4.2025,3:7:26.277,29.592,49.445
19.4.2025,3:7:27.292,29.432,47.042
19.4.2025,3:7:28.307,29.473,41.339
19.4.2025,3:7:29.309,29.128,34.933
19.4.2025,3:7:30.314,29.513,31.185
19.4.2025,3:7:31.313,29.485,33.484
19.4.2025,3:7:32.327,29.582,36.783
19.4.2025,3:7:33.340,29.147,40.447
19.4.2025,3:7:34.356,29.518,45.277
19.4.2025,3:7:35.360,29.355,47.379
19.4.2025,3:7:36.362,29.528,48.367
19.4.2025,3:7:37.362,29.679,34.526
19.4.2025,3:7:38.361,29.469,31.411
19.4.2025,3:7:39.361,29.660,48.539
19.4.2025,3:7:40.360,29.779,40.979
19.4.2025,3:7:41.363,29.364,41.084
19.4.2025,3:7:42.362,29.324,44.096
19.4.2025,3:7:43.378,29.369,48.190
19.4.2025,3:7:44.393,29.369,54.282
19.4.2025,3:7:45.408,29.552,54.592
19.4.2025,3:7:46.406,29.626,52.804
19.4.2025,3:7:47.421,29.480,45.622
19.4.2025,3:7:48.425,29.535,40.800
19.4.2025,3:7:49.427,29.490,36.086
19.4.2025,3:7:50.428,29.667,33.941
19.4.2025,3:7:51.430,29.656,30.772
19.4.2025,3:7:52.418,29.555,30.709
19.4.2025,3:7:53.433,29.518,31.244
19.4.2025,3:7:54.417,29.653,52.884
19.4.2025,3:7:55.417,29.932,49.516
19.4.2025,3:7:56.418,29.516,50.036
19.4.2025,3:7:57.423,29.140,43.997
19.4.2025,3:7:58.425,29.372,37.637
19.4.2025,3:7:59.440,29.633,34.606
19.4.2025,3:8:0.443,29.540,31.973
19.4.2025,3:8:1.438,29.668,32.020
19.4.2025,3:8:2.438,29.550,35.282
19.4.2025,3:8:3.454,29.328,37.479
19.4.2025,3:8:4.468,29.800,41.264
19.4.2025,3:8:5.468,29.696,42.770
19.4.2025,3:8:6.469,29.357,47.393
19.4.2025,3:8:7.466,29.556,52.786
19.4.2025,3:8:8.479,29.637,55.620
19.4.2025,3:8:9.482,29.999,53.265
19.4.2025,3:8:10.485,29.575,49.287
19.4.2025,3:8:11.485,29.573,45.383
19.4.2025,3:8:12.487,29.480,42.003
19.4.2025,3:8:13.502,29.512,38.440
19.4.2025,3:8:14.504,29.446,51.153
19.4.2025,3:8:15.504,29.733,52.914
19.4.2025,3:8:16.518,29.666,52.789
19.4.2025,3:8:17.531,29.547,50.618
19.4.2025,3:8:18.547,29.581,47.501
19.4.2025,3:8:19.548,29.844,44.980
19.4.2025,3:8:20.546,29.433,41.396
19.4.2025,3:8:21.546,29.537,35.853
19.4.2025,3:8:22.546,29.522,32.210
19.4.2025,3:8:23.547,29.422,30.577
19.4.2025,3:8:24.550,29.444,33.857
19.4.2025,3:8:25.549,29.931,34.133
19.4.2025,3:8:26.550,29.427,35.932
19.4.2025,3:8:27.551,29.371,42.384
19.4.2025,3:8:28.555,29.442,44.147
19.4.2025,3:8:29.567,30.033,48.068
19.4.2025,3:8:30.581,29.689,52.586
19.4.2025,3:8:31.597,29.471,53.310
19.4.2025,3:8:32.601,29.557,54.100
19.4.2025,3:8:33.602,29.844,51.521
19.4.2025,3:8:34.618,29.882,35.208
19.4.2025,3:8:35.634,29.431,37.037
19.4.2025,3:8:36.653,29.625,44.592
19.4.2025,3:8:37.637,29.648,45.546
19.4.2025,3:8:38.643,29.761,47.991
19.4.2025,3:8:39.645,29.998,53.350
19.4.2025,3:8:40.645,29.421,52.622
19.4.2025,3:8:41.643,29.598,50.760
19.4.2025,3:8:42.663,29.736,46.360
19.4.2025,3:8:43.666,29.510,41.781
19.4.2025,3:8:44.682,29.622,37.692
19.4.2025,3:8:45.681,30.026,32.348
19.4.2025,3:8:46.679,29.586,30.851
19.4.2025,3:8:47.669,31.800,32.971
19.4.2025,3:8:48.671,29.650,40.381
19.4.2025,3:8:49.673,29.600,39.438
19.4.2025,3:8:50.673,29.628,38.890
19.4.2025,3:8:51.687,29.512,34.929
19.4.2025,3:8:52.688,29.444,30.395
19.4.2025,3:8:53.702,29.686,33.099
19.4.2025,3:8:54.699,29.412,34.815
19.4.2025,3:8:55.716,29.621,38.197
19.4.2025,3:8:56.719,29.367,41.689
19.4.2025,3:8:57.736,30.597,39.670
19.4.2025,3:8:58.739,30.193,40.249
19.4.2025,3:8:59.738,30.032,40.217
19.4.2025,3:9:0.753,29.821,33.537
19.4.2025,3:9:1.750,29.497,31.685
19.4.2025,3:9:2.754,29.672,31.543
19.4.2025,3:9:3.770,29.729,35.923
19.4.2025,3:9:4.788,30.823,40.916
19.4.2025,3:9:5.807,29.977,34.268
19.4.2025,3:9:6.808,29.396,31.895
19.4.2025,3:9:7.793,30.002,31.415
19.4.2025,3:9:8.794,29.579,33.300
19.4.2025,3:9:9.796,29.421,38.166
19.4.2025,3:9:10.798,29.700,41.350
19.4.2025,3:9:11.798,29.612,47.364
19.4.2025,3:9:12.798,29.565,50.758
19.4.2025,3:9:13.801,29.698,53.256
19.4.2025,3:9:14.804,29.734,53.019
19.4.2025,3:9:15.820,29.605,48.375
19.4.2025,3:9:16.836,29.544,43.487
19.4.2025,3:9:17.837,29.842,39.342
19.4.2025,3:9:18.826,29.603,50.936
19.4.2025,3:9:19.840,29.421,52.450
19.4.2025,3:9:20.840,29.590,55.540
19.4.2025,3:9:21.857,29.627,52.855
19.4.2025,3:9:22.861,29.399,48.306
19.4.2025,3:9:23.878,29.460,41.880
19.4.2025,3:9:24.894,29.435,36.476
19.4.2025,3:9:25.896,29.515,33.714
19.4.2025,3:9:26.902,29.823,31.052
19.4.2025,3:9:27.888,29.615,31.531
19.4.2025,3:9:28.889,29.499,34.268
19.4.2025,3:9:29.891,29.662,37.214
19.4.2025,3:9:30.905,29.610,39.997
19.4.2025,3:9:31.911,29.727,44.677
19.4.2025,3:9:32.926,29.446,46.279
19.4.2025,3:9:33.936,29.753,48.557
19.4.2025,3:9:34.954,29.454,51.982
19.4.2025,3:9:35.956,29.193,31.503
19.4.2025,3:9:36.973,29.880,34.422
19.4.2025,3:9:37.971,29.672,37.323
19.4.2025,3:9:38.971,29.480,39.311
19.4.2025,3:9:39.972,29.479,43.467
19.4.2025,3:9:40.971,29.653,40.677
19.4.2025,3:9:41.972,29.539,46.205
19.4.2025,3:9:42.972,29.507,52.463
19.4.2025,3:9:43.975,29.904,53.978
19.4.2025,3:9:44.977,29.338,54.100
19.4.2025,3:9:45.980,29.577,47.992
19.4.2025,3:9:46.967,29.725,46.005
19.4.2025,3:9:47.967,29.723,43.235
19.4.2025,3:9:48.966,29.607,38.665
19.4.2025,3:9:49.966,29.829,35.686
19.4.2025,3:9:50.970,29.627,32.408
19.4.2025,3:9:51.973,29.562,29.350
19.4.2025,3:9:52.974,29.418,33.270
19.4.2025,3:9:53.972,29.589,37.782
19.4.2025,3:9:54.977,29.413,41.001
19.4.2025,3:9:55.974,29.823,43.657
19.4.2025,3:9:56.975,29.601,47.587
19.4.2025,3:9:57.976,29.323,50.206
19.4.2025,3:9:58.979,29.489,30.875
19.4.2025,3:9:59.981,29.580,35.681
19.4.2025,3:10:0.982,29.639,37.982
19.4.2025,3:10:1.999,29.557,44.677
19.4.2025,3:10:3.017,29.553,47.444
19.4.2025,3:10:4.033,29.411,53.305
19.4.2025,3:10:5.047,29.605,54.584
19.4.2025,3:10:6.048,29.551,50.988
19.4.2025,3:10:7.046,29.187,48.105
19.4.2025,3:10:8.046,29.534,44.022
19.4.2025,3:10:9.047,29.308,39.805
19.4.2025,3:10:10.061,29.556,35.562
19.4.2025,3:10:11.061,29.556,34.545
19.4.2025,3:10:12.063,29.556,54.510
19.4.2025,3:10:13.065,29.786,54.496
19.4.2025,3:10:14.080,29.904,49.131
19.4.2025,3:10:15.082,29.351,43.745
19.4.2025,3:10:16.098,29.513,40.601
19.4.2025,3:10:17.098,29.496,35.035
19.4.2025,3:10:18.097,29.952,31.319
19.4.2025,3:10:19.101,29.737,31.892
19.4.2025,3:10:20.116,29.202,36.497
19.4.2025,3:10:21.129,29.779,38.627
19.4.2025,3:10:22.144,31.855,45.246
19.4.2025,3:10:23.147,29.926,51.418
19.4.2025,3:10:24.148,29.572,55.591
19.4.2025,3:10:25.148,29.425,53.283
19.4.2025,3:10:26.149,29.599,50.556
19.4.2025,3:10:27.151,29.524,43.005
19.4.2025,3:10:28.152,29.856,43.949
19.4.2025,3:10:29.139,29.320,47.265
19.4.2025,3:10:30.157,29.528,48.457
19.4.2025,3:10:31.159,29.320,55.887
19.4.2025,3:10:32.160,29.766,52.060
19.4.2025,3:10:33.160,29.646,47.668
19.4.2025,3:10:34.173,29.560,45.171
19.4.2025,3:10:35.188,29.609,41.197
19.4.2025,3:10:36.207,29.816,34.995
19.4.2025,3:10:37.208,29.542,29.816
19.4.2025,3:10:38.213,29.810,33.582
19.4.2025,3:10:39.215,29.472,37.667
19.4.2025,3:10:40.229,29.580,40.399
19.4.2025,3:10:41.231,29.385,43.693
19.4.2025,3:10:42.246,29.338,47.435
19.4.2025,3:10:43.248,29.390,52.182
19.4.2025,3:10:44.262,29.567,53.772
19.4.2025,3:10:45.261,29.253,56.123
19.4.2025,3:10:46.265,29.546,33.621
19.4.2025,3:10:47.264,29.306,37.879
19.4.2025,3:10:48.269,29.385,44.523
19.4.2025,3:10:49.285,29.656,46.791
19.4.2025,3:10:50.288,29.614,52.500
19.4.2025,3:10:51.292,29.330,52.939
19.4.2025,3:10:52.305,30.733,53.658
19.4.2025,3:10:53.308,29.336,49.855
19.4.2025,3:10:54.324,29.632,44.748
19.4.2025,3:10:55.340,29.387,40.177
19.4.2025,3:10:56.341,29.619,39.562
19.4.2025,3:10:57.341,29.379,35.898
19.4.2025,3:10:58.343,29.368,29.517
19.4.2025,3:10:59.345,29.384,35.204
19.4.2025,3:11:0.345,29.859,41.184
19.4.2025,3:11:1.345,29.456,41.154
19.4.2025,3:11:2.347,29.595,38.706
19.4.2025,3:11:3.348,29.576,36.074
19.4.2025,3:11:4.362,29.556,30.524
19.4.2025,3:11:5.363,29.558,33.243
19.4.2025,3:11:6.365,29.792,36.719
19.4.2025,3:11:7.377,29.905,39.821
19.4.2025,3:11:8.394,30.087,39.563
19.4.2025,3:11:9.398,30.068,38.319
19.4.2025,3:11:10.399,30.531,37.893
19.4.2025,3:11:11.398,29.226,31.041
19.4.2025,3:11:12.416,29.801,33.376
19.4.2025,3:11:13.417,29.694,37.249
19.4.2025,3:11:14.403,29.305,47.343
19.4.2025,3:11:15.405,29.499,44.690
19.4.2025,3:11:16.421,29.214,36.690
19.4.2025,3:11:17.424,29.437,33.215
19.4.2025,3:11:18.440,29.509,31.591
19.4.2025,3:11:19.441,29.545,36.091
19.4.2025,3:11:20.458,29.635,38.072
19.4.2025,3:11:21.475,29.358,38.637
19.4.2025,3:11:22.471,29.508,40.433
19.4.2025,3:11:23.473,29.076,47.558
19.4.2025,3:11:24.472,29.549,50.117
19.4.2025,3:11:25.470,29.359,55.089
19.4.2025,3:11:26.474,29.760,52.581
19.4.2025,3:11:27.491,29.565,48.774
19.4.2025,3:11:28.490,29.491,41.848
19.4.2025,3:11:29.492,29.044,36.877
19.4.2025,3:11:30.497,29.504,32.965
19.4.2025,3:11:31.514,29.424,29.141
19.4.2025,3:11:32.517,29.661,53.132
19.4.2025,3:11:33.517,29.279,48.365
19.4.2025,3:11:34.532,29.547,44.935
19.4.2025,3:11:35.548,29.662,42.118
19.4.2025,3:11:36.549,29.866,36.206
19.4.2025,3:11:37.553,29.702,33.044
19.4.2025,3:11:38.553,29.586,30.334
19.4.2025,3:11:39.554,29.445,32.065
19.4.2025,3:11:40.552,29.592,33.994
19.4.2025,3:11:41.553,29.462,38.629
19.4.2025,3:11:42.568,29.505,41.144
19.4.2025,3:11:43.571,29.513,43.867
19.4.2025,3:11:44.561,29.373,48.468
19.4.2025,3:11:45.563,29.588,52.913
19.4.2025,3:11:46.576,29.667,53.871
19.4.2025,3:11:47.576,29.387,52.195
19.4.2025,3:11:48.592,29.628,49.294
19.4.2025,3:11:49.606,29.552,46.423
19.4.2025,3:11:50.622,29.639,40.728
19.4.2025,3:11:51.649,29.411,37.245
19.4.2025,3:11:52.666,29.542,34.468
19.4.2025,3:11:53.681,29.622,32.934
19.4.2025,3:11:54.680,29.427,30.549
19.4.2025,3:11:55.696,29.507,31.823
19.4.2025,3:11:56.713,32.141,39.291
19.4.2025,3:11:57.714,29.590,43.604
19.4.2025,3:11:58.731,29.463,38.541
19.4.2025,3:11:59.732,29.674,34.778
19.4.2025,3:12:0.746,29.753,34.766
19.4.2025,3:12:1.767,29.367,30.857
19.4.2025,3:12:2.768,29.318,33.997
19.4.2025,3:12:3.769,29.755,36.637
19.4.2025,3:12:4.766,29.620,37.362
19.4.2025,3:12:5.765,29.266,41.405
19.4.2025,3:12:6.769,29.264,46.395
19.4.2025,3:12:7.770,29.372,49.805
19.4.2025,3:12:8.771,29.349,54.710
19.4.2025,3:12:9.774,29.754,55.544
19.4.2025,3:12:10.786,29.803,50.745
19.4.2025,3:12:11.790,29.066,45.464
19.4.2025,3:12:12.791,29.357,43.711
19.4.2025,3:12:13.794,29.473,47.573
19.4.2025,3:12:14.796,29.587,48.673
19.4.2025,3:12:15.799,29.603,52.226
19.4.2025,3:12:16.802,29.676,54.450
19.4.2025,3:12:17.806,29.563,54.809
19.4.2025,3:12:18.807,29.499,50.037
19.4.2025,3:12:19.795,29.697,46.648
19.4.2025,3:12:20.811,29.482,42.859
19.4.2025,3:12:21.813,29.817,36.994
19.4.2025,3:12:22.830,29.528,32.128
19.4.2025,3:12:23.845,29.447,30.637
19.4.2025,3:12:24.847,29.350,33.276
19.4.2025,3:12:25.847,30.995,49.802
19.4.2025,3:12:26.846,29.707,40.818
19.4.2025,3:12:27.847,30.999,35.432
19.4.2025,3:12:28.845,30.663,53.320
19.4.2025,3:12:29.846,30.505,48.015
19.4.2025,3:12:30.863,29.661,43.457
19.4.2025,3:12:31.863,29.278,49.987
19.4.2025,3:12:32.877,30.605,55.697
19.4.2025,3:12:33.894,29.846,52.031
19.4.2025,3:12:34.893,30.727,36.969
19.4.2025,3:12:35.894,33.310,30.160
19.4.2025,3:12:36.895,32.931,38.513
19.4.2025,3:12:37.893,33.935,52.611
19.4.2025,3:12:38.896,33.917,36.385
19.4.2025,3:12:39.918,34.033,25.793
19.4.2025,3:12:40.904,34.305,25.715
19.4.2025,3:12:41.888,33.804,36.657
19.4.2025,3:12:42.905,33.738,53.247
19.4.2025,3:12:43.908,32.007,45.357
19.4.2025,3:12:44.909,32.692,32.551
19.4.2025,3:12:45.924,29.757,31.411
19.4.2025,3:12:46.927,29.671,37.207
19.4.2025,3:12:47.921,32.375,41.181
19.4.2025,3:12:48.923,33.471,52.406
19.4.2025,3:12:49.928,31.373,35.067
19.4.2025,3:12:50.929,30.233,29.348
19.4.2025,3:12:51.932,29.722,34.264
19.4.2025,3:12:52.919,29.932,42.770
19.4.2025,3:12:53.923,29.627,47.625
19.4.2025,3:12:54.925,29.515,52.530
19.4.2025,3:12:55.926,29.411,31.796
19.4.2025,3:12:56.925,29.413,35.523
19.4.2025,3:12:57.926,29.587,46.482
19.4.2025,3:12:58.944,29.509,44.886
19.4.2025,3:12:59.943,30.160,46.854
19.4.2025,3:13:0.934,29.727,53.567
19.4.2025,3:13:1.950,29.624,51.777
19.4.2025,3:13:2.966,29.636,44.878
19.4.2025,3:13:3.980,29.513,38.355
19.4.2025,3:13:5.011,29.751,33.001
19.4.2025,3:13:6.027,29.546,31.057
19.4.2025,3:13:7.012,29.392,33.958
19.4.2025,3:13:8.030,29.350,38.768
19.4.2025,3:13:9.049,29.609,46.207
19.4.2025,3:13:10.062,29.420,49.579
19.4.2025,3:13:11.079,29.675,54.576
19.4.2025,3:13:12.095,29.514,48.472
19.4.2025,3:13:13.099,29.343,44.272
19.4.2025,3:13:14.100,29.599,46.975
19.4.2025,3:13:15.104,29.519,53.411
19.4.2025,3:13:16.091,29.343,51.239
19.4.2025,3:13:17.109,29.451,45.635
19.4.2025,3:13:18.114,29.335,38.869
19.4.2025,3:13:19.114,29.643,34.616
19.4.2025,3:13:20.115,29.396,29.952
19.4.2025,3:13:21.121,29.599,33.887
19.4.2025,3:13:22.114,29.651,38.329
19.4.2025,3:13:23.123,29.850,38.220
19.4.2025,3:13:24.139,30.097,36.630
19.4.2025,3:13:25.141,29.973,50.683
19.4.2025,3:13:26.159,29.375,45.174
19.4.2025,3:13:27.157,29.617,35.744
19.4.2025,3:13:28.160,29.366,32.265
19.4.2025,3:13:29.178,29.311,32.780
19.4.2025,3:13:30.184,29.538,38.122
19.4.2025,3:13:31.185,29.707,40.058
19.4.2025,3:13:32.187,31.453,48.919
19.4.2025,3:13:33.190,29.226,54.234
19.4.2025,3:13:34.206,29.598,53.003
19.4.2025,3:13:35.206,29.415,48.714
19.4.2025,3:13:36.223,29.583,43.747
19.4.2025,3:13:37.220,29.540,36.281
19.4.2025,3:13:38.233,29.360,31.221
19.4.2025,3:13:39.236,29.761,33.612
19.4.2025,3:13:40.250,29.572,38.353
19.4.2025,3:13:41.251,29.225,46.933
19.4.2025,3:13:42.267,29.847,51.324
19.4.2025,3:13:43.270,30.136,53.919
19.4.2025,3:13:44.269,29.388,48.444
19.4.2025,3:13:45.284,29.757,42.283
19.4.2025,3:13:46.296,29.542,48.084
19.4.2025,3:13:47.297,31.389,52.955
19.4.2025,3:13:48.298,29.482,46.454
19.4.2025,3:13:49.313,29.629,36.074
19.4.2025,3:13:50.312,29.453,31.770
19.4.2025,3:13:51.326,29.686,31.553
19.4.2025,3:13:52.330,29.459,36.385
19.4.2025,3:13:53.348,29.635,39.419
19.4.2025,3:13:54.348,29.352,41.720
19.4.2025,3:13:55.366,29.470,48.467
19.4.2025,3:13:56.368,29.483,52.463
19.4.2025,3:13:57.369,29.358,56.586
19.4.2025,3:13:58.384,29.436,50.401
19.4.2025,3:13:59.398,29.693,46.726
19.4.2025,3:14:0.400,29.724,40.750
19.4.2025,3:14:1.402,29.727,34.062
19.4.2025,3:14:2.400,29.593,31.497
19.4.2025,3:14:3.388,29.447,34.835
19.4.2025,3:14:4.391,29.390,50.126
19.4.2025,3:14:5.389,29.642,42.530
19.4.2025,3:14:6.395,29.398,37.932
19.4.2025,3:14:7.399,29.525,34.425
19.4.2025,3:14:8.399,29.839,32.349
19.4.2025,3:14:9.410,29.667,32.159
19.4.2025,3:14:10.426,29.407,36.551
19.4.2025,3:14:11.426,29.689,41.051
19.4.2025,3:14:12.444,29.413,44.211
19.4.2025,3:14:13.447,29.544,49.569
19.4.2025,3:14:14.449,29.442,56.498
19.4.2025,3:14:15.448,29.164,52.120
19.4.2025,3:14:16.465,29.559,42.739
19.4.2025,3:14:17.466,29.372,34.014
19.4.2025,3:14:18.482,29.491,32.319
19.4.2025,3:14:19.486,29.612,31.751
19.4.2025,3:14:20.500,29.675,35.906
19.4.2025,3:14:21.516,29.233,42.253
19.4.2025,3:14:22.516,29.659,46.170
19.4.2025,3:14:23.515,29.405,52.405
19.4.2025,3:14:24.531,29.507,55.479
19.4.2025,3:14:25.547,29.487,52.046
19.4.2025,3:14:26.548,29.461,46.973
19.4.2025,3:14:27.567,29.707,39.372
19.4.2025,3:14:28.566,29.763,48.980
19.4.2025,3:14:29.580,29.518,53.852
19.4.2025,3:14:30.597,29.237,52.895
19.4.2025,3:14:31.604,29.242,48.920
19.4.2025,3:14:32.603,29.383,44.002
19.4.2025,3:14:33.619,29.384,34.611
19.4.2025,3:14:34.619,29.733,32.484
19.4.2025,3:14:35.633,29.525,30.214
19.4.2025,3:14:36.632,29.834,32.068
19.4.2025,3:14:37.646,29.609,36.741
19.4.2025,3:14:38.646,29.632,42.732
19.4.2025,3:14:39.650,29.629,47.619
19.4.2025,3:14:40.649,29.836,54.268
19.4.2025,3:14:41.648,29.362,54.490
19.4.2025,3:14:42.649,29.342,49.061
19.4.2025,3:14:43.637,29.618,47.649
19.4.2025,3:14:44.637,29.630,43.671
19.4.2025,3:14:45.637,29.552,37.045
19.4.2025,3:14:46.642,29.415,32.927
19.4.2025,3:14:47.642,29.560,30.618
19.4.2025,3:14:48.641,29.393,33.355
19.4.2025,3:14:49.646,29.410,48.852
19.4.2025,3:14:50.646,29.550,43.138
19.4.2025,3:14:51.650,29.540,36.714
19.4.2025,3:14:52.650,29.627,32.256
19.4.2025,3:14:53.667,29.371,32.968
19.4.2025,3:14:54.652,29.643,35.607
19.4.2025,3:14:55.669,29.386,42.388
19.4.2025,3:14:56.669,29.459,47.937
19.4.2025,3:14:57.670,29.501,51.506
19.4.2025,3:14:58.688,29.828,54.358
19.4.2025,3:14:59.690,29.645,50.831
19.4.2025,3:15:0.684,30.422,43.156
19.4.2025,3:15:1.686,29.300,34.740
19.4.2025,3:15:2.684,29.631,32.220
19.4.2025,3:15:3.687,29.554,33.593
19.4.2025,3:15:4.690,29.833,38.254
19.4.2025,3:15:5.693,30.635,42.533
19.4.2025,3:15:6.691,30.554,52.104
19.4.2025,3:15:7.705,29.471,54.573
19.4.2025,3:15:8.706,29.337,50.465
19.4.2025,3:15:9.707,29.502,39.644
19.4.2025,3:15:10.721,29.653,45.791
19.4.2025,3:15:11.722,29.527,52.496
19.4.2025,3:15:12.722,29.427,53.206
19.4.2025,3:15:13.721,29.427,52.086
19.4.2025,3:15:14.722,29.494,44.056
19.4.2025,3:15:15.725,29.312,40.304
19.4.2025,3:15:16.728,29.554,36.263
19.4.2025,3:15:17.716,29.453,35.812
19.4.2025,3:15:18.732,29.637,31.279
19.4.2025,3:15:19.732,29.434,30.925
19.4.2025,3:15:20.733,29.640,33.499
19.4.2025,3:15:21.752,29.286,39.492
19.4.2025,3:15:22.769,29.540,42.850
19.4.2025,3:15:23.769,29.540,38.422
19.4.2025,3:15:24.772,29.578,32.740
19.4.2025,3:15:25.771,29.264,54.919
19.4.2025,3:15:26.767,29.567,50.647
19.4.2025,3:15:27.772,29.458,39.428
19.4.2025,3:15:28.775,29.687,42.845
19.4.2025,3:15:29.791,29.608,47.761
19.4.2025,3:15:30.790,29.536,51.222
19.4.2025,3:15:31.806,29.438,53.398
19.4.2025,3:15:32.805,29.435,51.585
19.4.2025,3:15:33.822,29.692,37.747
19.4.2025,3:15:34.837,30.232,35.279
19.4.2025,3:15:35.829,30.183,37.051
19.4.2025,3:15:36.827,29.946,48.500
19.4.2025,3:15:37.832,29.562,45.105
19.4.2025,3:15:38.834,29.728,39.354
19.4.2025,3:15:39.852,29.623,39.825
19.4.2025,3:15:40.846,29.614,33.399
19.4.2025,3:15:41.846,29.463,54.732
19.4.2025,3:15:42.863,29.863,49.664
19.4.2025,3:15:43.868,29.491,44.691
19.4.2025,3:15:44.865,29.294,34.271
19.4.2025,3:15:45.883,29.581,31.941
19.4.2025,3:15:46.900,29.372,31.223
19.4.2025,3:15:47.900,29.612,37.774
19.4.2025,3:15:48.900,29.199,42.939
19.4.2025,3:15:49.913,29.324,47.004
19.4.2025,3:15:50.912,29.778,49.997
19.4.2025,3:15:51.927,29.361,55.250
19.4.2025,3:15:52.933,29.393,53.287
19.4.2025,3:15:53.932,29.599,48.805
19.4.2025,3:15:54.919,29.254,43.327
19.4.2025,3:15:55.937,29.520,46.626
19.4.2025,3:15:56.939,29.336,50.292
19.4.2025,3:15:57.958,29.235,53.208
19.4.2025,3:15:58.973,29.542,53.635
19.4.2025,3:15:59.973,29.533,49.646
19.4.2025,3:16:0.976,29.361,45.682
19.4.2025,3:16:1.974,29.499,39.179
19.4.2025,3:16:2.977,29.382,32.474
19.4.2025,3:16:3.978,29.467,33.408
19.4.2025,3:16:4.983,29.575,38.131
19.4.2025,3:16:5.982,29.559,41.457
19.4.2025,3:16:7.000,29.228,47.642
19.4.2025,3:16:8.015,29.601,51.985
19.4.2025,3:16:9.018,29.660,29.398
19.4.2025,3:16:10.020,29.374,33.930
19.4.2025,3:16:11.024,29.074,43.684
19.4.2025,3:16:12.039,29.391,47.610
19.4.2025,3:16:13.054,29.401,52.463
19.4.2025,3:16:14.045,29.744,55.747
19.4.2025,3:16:15.047,29.336,52.302
19.4.2025,3:16:16.047,29.184,46.962
19.4.2025,3:16:17.046,29.278,41.765
19.4.2025,3:16:18.060,29.500,34.679
19.4.2025,3:16:19.078,29.630,31.135
19.4.2025,3:16:20.078,29.366,32.705
19.4.2025,3:16:21.095,29.668,37.087
19.4.2025,3:16:22.092,29.454,41.644
19.4.2025,3:16:23.092,29.516,46.661
19.4.2025,3:16:24.092,29.388,47.715
19.4.2025,3:16:25.105,29.676,53.585
19.4.2025,3:16:26.119,29.252,54.256
19.4.2025,3:16:27.135,29.256,48.493
19.4.2025,3:16:28.137,29.574,46.931
19.4.2025,3:16:29.152,29.099,37.207
19.4.2025,3:16:30.168,29.437,34.444
19.4.2025,3:16:31.169,29.444,30.715
19.4.2025,3:16:32.183,29.320,35.034
19.4.2025,3:16:33.185,29.327,42.040
19.4.2025,3:16:34.200,29.648,48.679
19.4.2025,3:16:35.204,29.379,56.230
19.4.2025,3:16:36.218,29.508,50.854
19.4.2025,3:16:37.217,29.367,44.858
19.4.2025,3:16:38.219,29.548,36.793
19.4.2025,3:16:39.222,29.665,31.353
19.4.2025,3:16:40.225,29.599,54.748
19.4.2025,3:16:41.229,31.916,45.197
19.4.2025,3:16:42.232,29.351,39.145
19.4.2025,3:16:43.232,29.277,34.667
19.4.2025,3:16:44.236,29.662,30.826
19.4.2025,3:16:45.233,29.712,35.450
19.4.2025,3:16:46.233,29.448,40.906
19.4.2025,3:16:47.231,29.571,46.974
19.4.2025,3:16:48.248,29.359,49.459
19.4.2025,3:16:49.251,29.511,54.867
19.4.2025,3:16:50.267,29.568,49.617
19.4.2025,3:16:51.271,29.529,41.674
19.4.2025,3:16:52.273,29.172,36.405
19.4.2025,3:16:53.291,29.646,31.702
19.4.2025,3:16:54.306,29.276,54.149
19.4.2025,3:16:55.306,29.423,49.172
19.4.2025,3:16:56.306,29.085,44.380
19.4.2025,3:16:57.308,29.383,39.165
19.4.2025,3:16:58.313,29.325,32.857
19.4.2025,3:16:59.316,29.678,31.155
19.4.2025,3:17:0.332,29.627,34.980
19.4.2025,3:17:1.333,29.682,39.176
19.4.2025,3:17:2.346,29.502,43.359
19.4.2025,3:17:3.345,29.483,47.308
19.4.2025,3:17:4.347,29.358,54.705
19.4.2025,3:17:5.347,29.533,52.519
19.4.2025,3:17:6.346,29.218,40.727
19.4.2025,3:17:7.344,29.619,42.792
19.4.2025,3:17:8.363,29.573,47.523
19.4.2025,3:17:9.364,29.502,51.242
19.4.2025,3:17:10.363,29.600,52.983
19.4.2025,3:17:11.383,29.375,47.767
19.4.2025,3:17:12.383,29.661,39.977
19.4.2025,3:17:13.397,29.613,36.080
19.4.2025,3:17:14.415,29.570,31.347
19.4.2025,3:17:15.412,29.467,32.792
19.4.2025,3:17:16.429,29.620,37.466
19.4.2025,3:17:17.429,29.434,38.844
19.4.2025,3:17:18.429,29.302,44.727
19.4.2025,3:17:19.428,29.480,51.908
19.4.2025,3:17:20.428,29.742,55.938
19.4.2025,3:17:21.428,29.287,51.475
19.4.2025,3:17:22.429,29.517,47.656
19.4.2025,3:17:23.431,29.595,47.637
19.4.2025,3:17:24.433,29.183,52.195
19.4.2025,3:17:25.433,29.153,56.074
19.4.2025,3:17:26.436,29.338,52.057
19.4.2025,3:17:27.435,29.523,46.915
19.4.2025,3:17:28.451,29.426,41.336
19.4.2025,3:17:29.468,29.429,37.062
19.4.2025,3:17:30.471,29.291,32.451
19.4.2025,3:17:31.470,29.439,29.827
19.4.2025,3:17:32.472,29.220,35.140
19.4.2025,3:17:33.470,29.579,39.184
19.4.2025,3:17:34.485,29.497,45.598
19.4.2025,3:17:35.485,29.487,51.144
19.4.2025,3:17:36.501,29.219,54.093
19.4.2025,3:17:37.502,29.753,34.278
19.4.2025,3:17:38.516,29.275,42.613
19.4.2025,3:17:39.517,29.226,51.269
19.4.2025,3:17:40.535,29.537,53.767
19.4.2025,3:17:41.535,29.492,52.880
19.4.2025,3:17:42.536,29.593,50.131
19.4.2025,3:17:43.534,29.864,45.554
19.4.2025,3:17:44.552,29.587,39.522
19.4.2025,3:17:45.555,31.226,37.828
19.4.2025,3:17:46.557,30.241,39.378
19.4.2025,3:17:47.543,30.355,39.394
19.4.2025,3:17:48.547,29.932,45.511
19.4.2025,3:17:49.546,29.527,42.688
19.4.2025,3:17:50.547,29.516,46.560
19.4.2025,3:17:51.549,29.421,52.355
19.4.2025,3:17:52.550,29.358,53.572
19.4.2025,3:17:53.556,29.534,53.592
19.4.2025,3:17:54.555,29.607,54.713
19.4.2025,3:17:55.556,29.446,50.309
19.4.2025,3:17:56.571,29.676,48.798
19.4.2025,3:17:57.569,29.623,44.509
19.4.2025,3:17:58.585,29.449,37.093
19.4.2025,3:17:59.600,29.449,31.937
19.4.2025,3:18:0.601,29.270,31.114
19.4.2025,3:18:1.600,29.652,36.385
19.4.2025,3:18:2.597,29.466,42.010
19.4.2025,3:18:3.611,29.531,46.911
19.4.2025,3:18:4.626,29.532,50.143
19.4.2025,3:18:5.643,29.132,53.272
19.4.2025,3:18:6.640,29.613,53.709
19.4.2025,3:18:7.656,29.279,51.185
19.4.2025,3:18:8.673,29.613,39.085
19.4.2025,3:18:9.672,29.412,44.834
19.4.2025,3:18:10.688,29.732,48.215
19.4.2025,3:18:11.689,29.632,51.205
19.4.2025,3:18:12.692,29.559,55.237
19.4.2025,3:18:13.691,29.770,53.608
19.4.2025,3:18:14.711,29.362,46.398
19.4.2025,3:18:15.710,31.749,37.067
19.4.2025,3:18:16.707,29.661,34.724
19.4.2025,3:18:17.709,29.955,30.353
19.4.2025,3:18:18.726,29.552,33.204
19.4.2025,3:18:19.728,29.703,36.457
19.4.2025,3:18:20.716,29.405,43.428
19.4.2025,3:18:21.743,29.904,47.172
19.4.2025,3:18:22.745,29.639,50.768
19.4.2025,3:18:23.744,29.643,53.260
19.4.2025,3:18:24.758,29.941,52.583
19.4.2025,3:18:25.776,30.148,49.891
19.4.2025,3:18:26.763,29.623,47.373
19.4.2025,3:18:27.791,29.702,44.537
19.4.2025,3:18:28.793,29.348,40.813
19.4.2025,3:18:29.794,29.450,49.431
19.4.2025,3:18:30.799,29.443,53.079
19.4.2025,3:18:31.801,29.785,52.373
19.4.2025,3:18:32.804,29.730,45.697
19.4.2025,3:18:33.806,29.851,39.651
19.4.2025,3:18:34.809,30.004,33.855
19.4.2025,3:18:35.825,29.921,31.837
19.4.2025,3:18:36.837,29.683,32.130
19.4.2025,3:18:37.853,29.503,35.880
19.4.2025,3:18:38.853,30.143,43.066
19.4.2025,3:18:39.868,29.335,51.510
19.4.2025,3:18:40.865,29.564,55.282
19.4.2025,3:18:41.867,29.651,56.219
19.4.2025,3:18:42.871,29.714,33.517
19.4.2025,3:18:43.855,30.138,35.560
19.4.2025,3:18:44.858,29.854,39.625
19.4.2025,3:18:45.859,29.524,41.404
19.4.2025,3:18:46.860,29.721,44.599
19.4.2025,3:18:47.860,29.537,47.029
19.4.2025,3:18:48.860,29.666,52.923
19.4.2025,3:18:49.876,29.319,55.709
19.4.2025,3:18:50.892,31.010,47.538
19.4.2025,3:18:51.895,32.421,39.652
19.4.2025,3:18:52.895,30.781,34.610
19.4.2025,3:18:53.896,29.704,31.696
19.4.2025,3:18:54.896,29.345,51.776
19.4.2025,3:18:55.915,29.579,51.147
19.4.2025,3:18:56.916,29.416,45.457
19.4.2025,3:18:57.930,29.553,39.611
19.4.2025,3:18:58.932,29.640,36.454
19.4.2025,3:18:59.932,29.377,34.727
19.4.2025,3:19:0.937,29.447,31.572
19.4.2025,3:19:1.940,29.344,32.740
19.4.2025,3:19:2.957,29.712,35.841
19.4.2025,3:19:3.974,29.306,43.565
19.4.2025,3:19:4.975,29.131,47.926
19.4.2025,3:19:5.977,29.601,53.110
19.4.2025,3:19:6.980,29.343,54.287
19.4.2025,3:19:7.967,29.652,36.639
19.4.2025,3:19:8.971,29.655,37.148
19.4.2025,3:19:9.974,29.776,38.342
19.4.2025,3:19:10.975,29.496,43.494
19.4.2025,3:19:11.976,29.650,46.396
19.4.2025,3:19:12.974,29.750,50.710
19.4.2025,3:19:13.990,29.780,54.809
19.4.2025,3:19:15.009,29.252,51.574
19.4.2025,3:19:15.996,29.439,45.960
19.4.2025,3:19:17.014,29.530,38.177
19.4.2025,3:19:18.017,29.186,33.063
19.4.2025,3:19:19.019,29.587,31.154
19.4.2025,3:19:20.020,29.425,52.682
19.4.2025,3:19:21.021,29.557,48.524
19.4.2025,3:19:22.022,29.316,47.290
19.4.2025,3:19:23.023,29.657,41.634
19.4.2025,3:19:24.041,28.982,36.913
19.4.2025,3:19:25.028,29.421,34.584
19.4.2025,3:19:26.030,29.918,29.341
19.4.2025,3:19:27.032,29.459,32.860
19.4.2025,3:19:28.044,29.401,37.637
19.4.2025,3:19:29.048,29.603,39.356
19.4.2025,3:19:30.047,29.625,44.070
19.4.2025,3:19:31.049,29.563,47.671
19.4.2025,3:19:32.048,29.540,52.143
19.4.2025,3:19:33.062,29.279,55.557
19.4.2025,3:19:34.078,29.594,52.277
19.4.2025,3:19:35.082,29.407,47.614
19.4.2025,3:19:36.083,29.520,44.975
19.4.2025,3:19:37.097,29.473,41.316
19.4.2025,3:19:38.111,29.862,38.282
19.4.2025,3:19:39.113,29.445,34.076
19.4.2025,3:19:40.113,29.420,30.851
19.4.2025,3:19:41.115,29.288,54.216
19.4.2025,3:19:42.113,29.524,52.124
19.4.2025,3:19:43.113,29.806,47.504
19.4.2025,3:19:44.114,29.433,44.770
19.4.2025,3:19:45.128,29.548,37.647
19.4.2025,3:19:46.146,29.622,33.837
19.4.2025,3:19:47.149,29.249,31.633
19.4.2025,3:19:48.151,29.477,29.962
19.4.2025,3:19:49.142,29.390,32.686
19.4.2025,3:19:50.155,32.085,41.205
19.4.2025,3:19:51.158,29.465,47.084
19.4.2025,3:19:52.176,29.204,53.120
19.4.2025,3:19:53.179,29.410,56.635
19.4.2025,3:19:54.180,29.548,54.251
19.4.2025,3:19:55.179,29.746,51.702
19.4.2025,3:19:56.178,29.579,41.114
19.4.2025,3:19:57.178,30.013,39.259
19.4.2025,3:19:58.179,30.157,38.286
19.4.2025,3:19:59.182,30.293,37.986
19.4.2025,3:20:0.197,30.179,36.978
19.4.2025,3:20:1.200,30.070,38.874
19.4.2025,3:20:2.218,21.338,23.584
