Date,Time,CPU All Power Consumption (W),GPU Power Consumption (W)
17.4.2025,4:46:25.907,4.484,6.181
17.4.2025,4:46:26.910,27.329,33.971
17.4.2025,4:46:27.924,29.337,51.295
17.4.2025,4:46:28.923,29.924,37.188
17.4.2025,4:46:29.941,29.491,46.253
17.4.2025,4:46:30.947,29.568,44.738
17.4.2025,4:46:31.961,29.629,38.932
17.4.2025,4:46:32.978,29.771,48.593
17.4.2025,4:46:33.991,29.724,32.172
17.4.2025,4:46:34.990,29.602,52.654
17.4.2025,4:46:35.991,29.575,33.751
17.4.2025,4:46:37.006,29.697,51.350
17.4.2025,4:46:38.008,29.263,38.219
17.4.2025,4:46:39.025,29.465,38.552
17.4.2025,4:46:40.025,29.325,44.999
17.4.2025,4:46:41.013,29.627,45.070
17.4.2025,4:46:42.027,29.576,38.191
17.4.2025,4:46:43.013,29.803,49.752
17.4.2025,4:46:44.012,29.411,32.131
17.4.2025,4:46:45.014,29.228,53.263
17.4.2025,4:46:46.017,29.635,38.921
17.4.2025,4:46:47.014,29.277,43.246
17.4.2025,4:46:48.018,29.122,48.342
17.4.2025,4:46:49.016,29.542,32.913
17.4.2025,4:46:50.016,29.319,52.929
17.4.2025,4:46:51.016,29.490,33.020
17.4.2025,4:46:52.017,30.144,52.777
17.4.2025,4:46:53.016,29.078,40.253
17.4.2025,4:46:54.034,29.789,39.374
17.4.2025,4:46:55.032,29.550,39.579
17.4.2025,4:46:56.047,29.181,48.910
17.4.2025,4:46:57.045,29.865,32.738
17.4.2025,4:46:58.044,29.440,53.082
17.4.2025,4:46:59.061,29.524,35.306
17.4.2025,4:47:0.060,29.407,50.187
17.4.2025,4:47:1.062,29.087,43.003
17.4.2025,4:47:2.059,29.027,36.703
17.4.2025,4:47:3.078,29.182,50.379
17.4.2025,4:47:4.096,29.633,31.093
17.4.2025,4:47:5.098,29.599,53.687
17.4.2025,4:47:6.111,29.669,40.566
17.4.2025,4:47:7.115,29.238,47.152
17.4.2025,4:47:8.117,29.426,42.822
17.4.2025,4:47:9.112,29.569,48.691
17.4.2025,4:47:10.109,29.216,36.616
17.4.2025,4:47:11.109,29.471,51.143
17.4.2025,4:47:12.109,29.255,34.800
17.4.2025,4:47:13.113,29.148,47.440
17.4.2025,4:47:14.109,29.386,46.066
17.4.2025,4:47:15.115,29.155,34.791
17.4.2025,4:47:16.116,29.302,51.332
17.4.2025,4:47:17.112,30.008,33.682
17.4.2025,4:47:18.111,31.572,49.995
17.4.2025,4:47:19.113,29.148,47.286
17.4.2025,4:47:20.109,29.054,34.556
17.4.2025,4:47:21.114,29.157,34.682
17.4.2025,4:47:22.118,29.483,52.012
17.4.2025,4:47:23.132,28.983,35.524
17.4.2025,4:47:24.133,29.353,47.816
17.4.2025,4:47:25.132,29.061,46.668
17.4.2025,4:47:26.128,29.364,33.977
17.4.2025,4:47:27.147,29.472,50.551
17.4.2025,4:47:28.147,29.122,32.427
17.4.2025,4:47:29.148,29.284,54.564
17.4.2025,4:47:30.152,29.457,38.637
17.4.2025,4:47:31.140,29.145,45.810
17.4.2025,4:47:32.154,29.180,48.785
17.4.2025,4:47:33.155,29.112,32.603
17.4.2025,4:47:34.157,29.057,53.195
17.4.2025,4:47:35.158,29.292,41.358
17.4.2025,4:47:36.156,29.190,46.050
17.4.2025,4:47:37.156,29.033,33.091
17.4.2025,4:47:38.160,29.210,36.084
17.4.2025,4:47:39.162,29.295,39.977
17.4.2025,4:47:40.164,29.246,39.510
17.4.2025,4:47:41.164,29.366,50.116
17.4.2025,4:47:42.163,28.987,32.970
17.4.2025,4:47:43.182,29.099,53.487
17.4.2025,4:47:44.198,29.168,43.868
17.4.2025,4:47:45.201,29.384,35.542
17.4.2025,4:47:46.215,29.089,51.579
17.4.2025,4:47:47.232,29.279,33.370
17.4.2025,4:47:48.232,28.938,50.431
17.4.2025,4:47:49.234,29.059,44.622
17.4.2025,4:47:50.235,29.800,34.734
17.4.2025,4:47:51.254,28.796,52.847
17.4.2025,4:47:52.256,28.855,40.491
17.4.2025,4:47:53.257,29.151,38.425
17.4.2025,4:47:54.273,29.288,38.002
17.4.2025,4:47:55.289,29.105,49.065
17.4.2025,4:47:56.288,29.449,32.184
17.4.2025,4:47:57.304,29.019,50.896
17.4.2025,4:47:58.316,29.221,40.717
17.4.2025,4:47:59.318,29.231,41.278
17.4.2025,4:48:0.335,28.921,50.315
17.4.2025,4:48:1.335,29.091,33.621
17.4.2025,4:48:2.337,28.869,46.994
17.4.2025,4:48:3.340,29.073,45.950
17.4.2025,4:48:4.339,29.326,35.284
17.4.2025,4:48:5.340,28.765,53.235
17.4.2025,4:48:6.359,28.839,34.285
17.4.2025,4:48:7.366,28.523,35.626
17.4.2025,4:48:8.377,28.871,47.130
17.4.2025,4:48:9.380,29.536,47.727
17.4.2025,4:48:10.393,28.886,33.109
17.4.2025,4:48:11.395,28.977,53.401
17.4.2025,4:48:12.411,28.823,37.285
17.4.2025,4:48:13.425,29.142,49.571
17.4.2025,4:48:14.427,28.825,47.361
17.4.2025,4:48:15.441,29.234,34.005
17.4.2025,4:48:16.440,28.948,54.431
17.4.2025,4:48:17.456,29.001,39.060
17.4.2025,4:48:18.458,28.963,42.883
17.4.2025,4:48:19.462,28.722,48.884
17.4.2025,4:48:20.458,28.875,32.950
17.4.2025,4:48:21.460,28.784,53.637
17.4.2025,4:48:22.467,28.953,42.194
17.4.2025,4:48:23.469,29.021,45.430
17.4.2025,4:48:24.484,29.046,34.654
17.4.2025,4:48:25.500,28.924,51.419
17.4.2025,4:48:26.499,29.347,35.113
17.4.2025,4:48:27.518,28.728,48.057
17.4.2025,4:48:28.516,28.958,47.852
17.4.2025,4:48:29.515,28.891,34.069
17.4.2025,4:48:30.529,28.947,53.414
17.4.2025,4:48:31.546,29.209,36.371
17.4.2025,4:48:32.564,28.668,47.693
17.4.2025,4:48:33.565,28.953,45.123
17.4.2025,4:48:34.582,29.042,34.857
17.4.2025,4:48:35.599,28.943,52.020
17.4.2025,4:48:36.612,28.999,34.153
17.4.2025,4:48:37.614,28.630,48.406
17.4.2025,4:48:38.614,28.723,43.486
17.4.2025,4:48:39.616,29.231,35.079
17.4.2025,4:48:40.619,28.820,33.868
17.4.2025,4:48:41.620,28.626,52.836
17.4.2025,4:48:42.608,29.061,36.666
17.4.2025,4:48:43.620,28.721,43.682
17.4.2025,4:48:44.621,28.587,48.216
17.4.2025,4:48:45.622,28.808,30.977
17.4.2025,4:48:46.640,28.718,50.077
17.4.2025,4:48:47.644,28.674,47.314
17.4.2025,4:48:48.646,29.129,33.980
17.4.2025,4:48:49.646,28.789,52.554
17.4.2025,4:48:50.646,29.379,38.668
17.4.2025,4:48:51.668,29.638,37.274
17.4.2025,4:48:52.681,31.789,37.304
17.4.2025,4:48:53.682,28.732,55.457
17.4.2025,4:48:54.670,28.742,40.762
17.4.2025,4:48:55.685,28.611,37.359
17.4.2025,4:48:56.698,29.029,52.032
17.4.2025,4:48:57.685,28.766,36.046
17.4.2025,4:48:58.689,28.885,45.643
17.4.2025,4:48:59.704,28.708,46.612
17.4.2025,4:49:0.706,28.852,33.140
17.4.2025,4:49:1.708,28.497,52.568
17.4.2025,4:49:2.709,28.792,40.010
17.4.2025,4:49:3.710,28.950,45.801
17.4.2025,4:49:4.710,28.498,38.366
17.4.2025,4:49:5.727,28.838,50.226
17.4.2025,4:49:6.745,28.718,34.648
17.4.2025,4:49:7.734,28.839,48.603
17.4.2025,4:49:8.735,28.706,47.086
17.4.2025,4:49:9.732,29.116,33.901
17.4.2025,4:49:10.751,28.613,53.043
17.4.2025,4:49:11.755,28.610,37.298
17.4.2025,4:49:12.769,28.984,43.170
17.4.2025,4:49:13.769,28.556,48.541
17.4.2025,4:49:14.767,28.836,50.396
17.4.2025,4:49:15.765,28.672,33.329
17.4.2025,4:49:16.764,28.941,50.711
17.4.2025,4:49:17.784,28.896,44.709
17.4.2025,4:49:18.781,28.567,35.037
17.4.2025,4:49:19.799,28.824,50.528
17.4.2025,4:49:20.817,28.853,37.090
17.4.2025,4:49:21.816,28.508,43.492
17.4.2025,4:49:22.816,29.332,48.880
17.4.2025,4:49:23.821,28.730,31.945
17.4.2025,4:49:24.821,28.748,53.820
17.4.2025,4:49:25.824,29.004,40.327
17.4.2025,4:49:26.821,28.712,35.723
17.4.2025,4:49:27.819,28.809,51.453
17.4.2025,4:49:28.837,28.826,37.556
17.4.2025,4:49:29.836,28.763,45.981
17.4.2025,4:49:30.841,28.872,48.171
17.4.2025,4:49:31.858,28.858,49.155
17.4.2025,4:49:32.858,28.578,31.447
17.4.2025,4:49:33.872,28.859,49.533
17.4.2025,4:49:34.887,28.834,45.283
17.4.2025,4:49:35.888,28.593,36.043
17.4.2025,4:49:36.904,28.900,51.717
17.4.2025,4:49:37.906,28.912,34.155
17.4.2025,4:49:38.905,28.832,51.330
17.4.2025,4:49:39.929,28.819,47.105
17.4.2025,4:49:40.930,28.906,33.724
17.4.2025,4:49:41.928,28.678,34.255
17.4.2025,4:49:42.945,28.778,54.851
17.4.2025,4:49:43.945,28.569,38.448
17.4.2025,4:49:44.961,28.734,42.193
17.4.2025,4:49:45.979,28.752,49.245
17.4.2025,4:49:46.968,28.773,31.354
17.4.2025,4:49:47.982,28.699,52.765
17.4.2025,4:49:48.982,28.532,44.192
17.4.2025,4:49:49.986,28.514,35.363
17.4.2025,4:49:51.002,28.477,52.489
17.4.2025,4:49:52.018,28.926,35.299
17.4.2025,4:49:53.016,28.915,46.873
17.4.2025,4:49:54.016,28.344,48.187
17.4.2025,4:49:55.017,29.105,33.557
17.4.2025,4:49:56.017,28.616,55.411
17.4.2025,4:49:57.017,28.741,40.080
17.4.2025,4:49:58.033,29.056,38.500
17.4.2025,4:49:59.036,28.720,33.782
17.4.2025,4:50:0.036,28.717,53.868
17.4.2025,4:50:1.036,29.000,40.745
17.4.2025,4:50:2.037,28.692,38.063
17.4.2025,4:50:3.034,28.602,49.932
17.4.2025,4:50:4.035,28.702,31.275
17.4.2025,4:50:5.032,28.808,51.102
17.4.2025,4:50:6.034,28.537,46.785
17.4.2025,4:50:7.036,28.872,34.729
17.4.2025,4:50:8.050,28.739,53.425
17.4.2025,4:50:9.051,28.551,38.148
17.4.2025,4:50:10.066,28.942,38.888
17.4.2025,4:50:11.081,28.999,50.305
17.4.2025,4:50:12.080,28.561,35.254
17.4.2025,4:50:13.083,28.780,44.930
17.4.2025,4:50:14.083,28.543,48.459
17.4.2025,4:50:15.100,28.940,48.934
17.4.2025,4:50:16.116,28.785,31.599
17.4.2025,4:50:17.120,28.966,54.786
17.4.2025,4:50:18.109,28.610,42.361
17.4.2025,4:50:19.122,28.575,34.905
17.4.2025,4:50:20.139,28.900,51.986
17.4.2025,4:50:21.138,28.702,37.182
17.4.2025,4:50:22.141,28.828,44.058
17.4.2025,4:50:23.156,28.993,48.824
17.4.2025,4:50:24.169,28.898,32.808
17.4.2025,4:50:25.173,28.569,49.582
17.4.2025,4:50:26.173,29.359,45.095
17.4.2025,4:50:27.176,30.449,48.085
17.4.2025,4:50:28.179,28.566,31.093
17.4.2025,4:50:29.197,28.543,51.959
17.4.2025,4:50:30.193,29.015,45.822
17.4.2025,4:50:31.196,28.619,34.418
17.4.2025,4:50:32.192,28.785,53.793
17.4.2025,4:50:33.211,29.288,39.280
17.4.2025,4:50:34.215,28.606,42.491
17.4.2025,4:50:35.217,28.899,48.729
17.4.2025,4:50:36.236,28.614,32.999
17.4.2025,4:50:37.239,28.771,54.154
17.4.2025,4:50:38.237,28.886,38.831
17.4.2025,4:50:39.252,28.902,38.223
17.4.2025,4:50:40.252,28.933,50.927
17.4.2025,4:50:41.268,28.729,31.645
17.4.2025,4:50:42.265,28.677,53.005
17.4.2025,4:50:43.268,28.844,47.774
17.4.2025,4:50:44.283,28.629,48.489
17.4.2025,4:50:45.283,28.612,33.844
17.4.2025,4:50:46.282,29.056,53.895
17.4.2025,4:50:47.284,29.011,38.363
17.4.2025,4:50:48.300,28.836,40.236
17.4.2025,4:50:49.321,28.764,49.661
17.4.2025,4:50:50.321,28.741,31.940
17.4.2025,4:50:51.320,28.806,52.688
17.4.2025,4:50:52.318,28.653,44.050
17.4.2025,4:50:53.337,28.699,34.471
17.4.2025,4:50:54.352,28.442,51.736
17.4.2025,4:50:55.367,28.942,39.813
17.4.2025,4:50:56.381,28.467,39.632
17.4.2025,4:50:57.397,28.886,49.370
17.4.2025,4:50:58.415,29.038,33.841
17.4.2025,4:50:59.413,29.247,55.245
17.4.2025,4:51:0.414,28.825,55.123
17.4.2025,4:51:1.414,29.088,37.914
17.4.2025,4:51:2.412,28.806,45.139
17.4.2025,4:51:3.415,28.591,49.159
17.4.2025,4:51:4.419,28.472,31.460
17.4.2025,4:51:5.421,28.839,51.825
17.4.2025,4:51:6.439,28.976,43.557
17.4.2025,4:51:7.456,28.900,35.910
17.4.2025,4:51:8.474,28.743,50.027
17.4.2025,4:51:9.488,28.902,32.568
17.4.2025,4:51:10.486,28.902,51.393
17.4.2025,4:51:11.484,28.988,43.213
17.4.2025,4:51:12.501,28.933,39.828
17.4.2025,4:51:13.516,28.425,49.273
17.4.2025,4:51:14.517,28.821,32.867
17.4.2025,4:51:15.516,28.810,50.936
17.4.2025,4:51:16.533,28.904,45.218
17.4.2025,4:51:17.538,29.469,36.152
17.4.2025,4:51:18.536,29.468,37.024
17.4.2025,4:51:19.552,29.198,39.331
17.4.2025,4:51:20.551,28.617,50.845
17.4.2025,4:51:21.565,28.984,44.288
17.4.2025,4:51:22.564,28.946,37.628
17.4.2025,4:51:23.578,29.235,49.995
17.4.2025,4:51:24.577,28.712,34.178
17.4.2025,4:51:25.596,28.889,33.288
17.4.2025,4:51:26.598,29.062,54.622
17.4.2025,4:51:27.615,28.664,42.777
17.4.2025,4:51:28.613,28.477,36.478
17.4.2025,4:51:29.613,29.213,50.047
17.4.2025,4:51:30.615,28.674,33.193
17.4.2025,4:51:31.629,28.905,51.450
17.4.2025,4:51:32.644,28.854,42.437
17.4.2025,4:51:33.644,28.551,43.922
17.4.2025,4:51:34.642,28.824,48.605
17.4.2025,4:51:35.658,28.844,33.591
17.4.2025,4:51:36.662,29.026,53.772
17.4.2025,4:51:37.660,28.953,38.736
17.4.2025,4:51:38.663,28.497,42.223
17.4.2025,4:51:39.663,28.923,50.287
17.4.2025,4:51:40.679,28.724,32.302
17.4.2025,4:51:41.680,28.823,52.653
17.4.2025,4:51:42.694,28.994,42.619
17.4.2025,4:51:43.696,28.645,37.196
17.4.2025,4:51:44.694,28.803,50.386
17.4.2025,4:51:45.708,28.668,30.842
17.4.2025,4:51:46.708,28.959,53.643
17.4.2025,4:51:47.711,28.670,42.461
17.4.2025,4:51:48.722,28.481,36.464
17.4.2025,4:51:49.739,28.671,49.403
17.4.2025,4:51:50.739,28.809,33.928
17.4.2025,4:51:51.738,28.451,30.954
17.4.2025,4:51:52.742,28.828,52.307
17.4.2025,4:51:53.744,28.996,43.803
17.4.2025,4:51:54.744,28.820,39.143
17.4.2025,4:51:55.761,28.793,51.848
17.4.2025,4:51:56.775,28.708,35.231
17.4.2025,4:51:57.775,28.641,50.721
17.4.2025,4:51:58.775,28.771,44.764
17.4.2025,4:51:59.775,28.798,35.571
17.4.2025,4:52:0.763,31.659,51.726
17.4.2025,4:52:1.764,28.446,37.824
17.4.2025,4:52:2.762,28.863,45.143
17.4.2025,4:52:3.779,28.681,48.734
17.4.2025,4:52:4.779,28.990,33.742
17.4.2025,4:52:5.793,29.042,52.012
17.4.2025,4:52:6.809,28.751,37.736
17.4.2025,4:52:7.826,28.579,46.229
17.4.2025,4:52:8.827,28.767,48.387
17.4.2025,4:52:9.830,28.669,35.134
17.4.2025,4:52:10.834,28.679,33.184
17.4.2025,4:52:11.852,28.749,54.330
17.4.2025,4:52:12.855,28.891,37.306
17.4.2025,4:52:13.854,28.854,46.324
17.4.2025,4:52:14.857,28.618,47.393
17.4.2025,4:52:15.858,28.426,34.902
17.4.2025,4:52:16.859,28.903,53.958
17.4.2025,4:52:17.863,28.593,36.892
17.4.2025,4:52:18.875,28.981,49.312
17.4.2025,4:52:19.877,28.932,44.966
17.4.2025,4:52:20.894,28.837,35.586
17.4.2025,4:52:21.894,28.638,33.657
17.4.2025,4:52:22.907,29.341,55.238
17.4.2025,4:52:23.923,28.669,40.885
17.4.2025,4:52:24.936,29.093,39.354
17.4.2025,4:52:25.950,28.513,49.879
17.4.2025,4:52:26.953,28.775,33.000
17.4.2025,4:52:27.951,28.560,50.756
17.4.2025,4:52:28.965,28.440,39.006
17.4.2025,4:52:29.965,28.763,38.299
17.4.2025,4:52:30.983,28.908,50.064
17.4.2025,4:52:31.984,28.667,32.798
17.4.2025,4:52:32.982,28.855,53.893
17.4.2025,4:52:33.997,28.496,41.192
17.4.2025,4:52:34.996,28.897,37.683
17.4.2025,4:52:35.998,28.862,48.884
17.4.2025,4:52:36.999,28.424,33.679
17.4.2025,4:52:38.014,28.649,47.631
17.4.2025,4:52:39.028,28.860,47.839
17.4.2025,4:52:40.043,28.589,33.757
17.4.2025,4:52:41.045,28.547,53.285
17.4.2025,4:52:42.062,28.603,53.435
17.4.2025,4:52:43.063,28.854,37.313
17.4.2025,4:52:44.078,28.932,43.965
17.4.2025,4:52:45.096,28.808,47.775
17.4.2025,4:52:46.114,28.749,33.829
17.4.2025,4:52:47.127,28.992,53.883
17.4.2025,4:52:48.130,28.777,37.693
17.4.2025,4:52:49.144,28.966,42.638
17.4.2025,4:52:50.146,28.769,48.877
17.4.2025,4:52:51.148,28.762,32.241
17.4.2025,4:52:52.149,29.016,53.879
17.4.2025,4:52:53.163,28.849,42.468
17.4.2025,4:52:54.169,28.944,39.560
17.4.2025,4:52:55.185,29.177,35.689
17.4.2025,4:52:56.199,28.659,51.350
17.4.2025,4:52:57.201,29.059,34.708
17.4.2025,4:52:58.200,28.860,48.745
17.4.2025,4:52:59.216,28.420,46.154
17.4.2025,4:53:0.237,29.014,36.909
17.4.2025,4:53:1.236,28.673,49.185
17.4.2025,4:53:2.235,28.923,32.074
17.4.2025,4:53:3.236,28.682,49.408
17.4.2025,4:53:4.238,28.854,47.006
17.4.2025,4:53:5.239,28.605,36.127
17.4.2025,4:53:6.253,29.200,51.663
17.4.2025,4:53:7.253,28.609,36.704
17.4.2025,4:53:8.255,28.711,44.172
17.4.2025,4:53:9.273,28.548,48.427
17.4.2025,4:53:10.273,30.983,32.621
17.4.2025,4:53:11.271,29.063,33.174
17.4.2025,4:53:12.288,28.654,43.359
17.4.2025,4:53:13.289,28.710,45.993
17.4.2025,4:53:14.287,28.663,34.946
17.4.2025,4:53:15.305,28.631,51.245
17.4.2025,4:53:16.306,28.731,34.022
17.4.2025,4:53:17.323,29.037,46.553
17.4.2025,4:53:18.321,28.383,48.070
17.4.2025,4:53:19.323,28.414,33.384
17.4.2025,4:53:20.310,28.877,55.233
17.4.2025,4:53:21.310,28.548,40.496
17.4.2025,4:53:22.326,28.832,43.970
17.4.2025,4:53:23.325,28.709,48.566
17.4.2025,4:53:24.331,28.450,31.927
17.4.2025,4:53:25.347,28.471,53.384
17.4.2025,4:53:26.349,28.449,41.098
17.4.2025,4:53:27.350,28.697,38.313
17.4.2025,4:53:28.355,28.517,50.251
17.4.2025,4:53:29.355,28.638,34.934
17.4.2025,4:53:30.355,28.594,50.014
17.4.2025,4:53:31.370,28.827,46.013
17.4.2025,4:53:32.387,28.643,47.149
17.4.2025,4:53:33.385,28.571,32.620
17.4.2025,4:53:34.402,28.841,54.467
17.4.2025,4:53:35.404,31.352,45.183
17.4.2025,4:53:36.434,28.671,36.020
17.4.2025,4:53:37.437,28.616,52.889
17.4.2025,4:53:38.438,28.521,35.858
17.4.2025,4:53:39.440,28.823,49.518
17.4.2025,4:53:40.460,29.038,47.115
17.4.2025,4:53:41.453,28.742,32.593
17.4.2025,4:53:42.458,28.681,53.500
17.4.2025,4:53:43.461,28.749,37.971
17.4.2025,4:53:44.456,29.537,36.950
17.4.2025,4:53:45.461,29.144,37.236
17.4.2025,4:53:46.465,29.103,36.053
17.4.2025,4:53:47.465,28.535,32.793
17.4.2025,4:53:48.482,28.581,53.459
17.4.2025,4:53:49.499,28.646,40.000
17.4.2025,4:53:50.517,28.798,41.812
17.4.2025,4:53:51.531,28.734,50.245
17.4.2025,4:53:52.531,28.637,34.465
17.4.2025,4:53:53.548,28.548,50.363
17.4.2025,4:53:54.549,28.862,42.242
17.4.2025,4:53:55.551,28.922,41.369
17.4.2025,4:53:56.546,28.711,48.762
17.4.2025,4:53:57.548,28.436,31.725
17.4.2025,4:53:58.564,28.881,53.898
17.4.2025,4:53:59.583,28.886,44.605
17.4.2025,4:54:0.580,28.968,35.570
17.4.2025,4:54:1.593,28.731,50.588
17.4.2025,4:54:2.595,29.055,32.028
17.4.2025,4:54:3.596,28.495,53.701
17.4.2025,4:54:4.612,28.718,39.739
17.4.2025,4:54:5.629,28.694,42.168
17.4.2025,4:54:6.635,28.864,41.160
17.4.2025,4:54:7.651,28.843,49.729
17.4.2025,4:54:8.651,28.498,35.000
17.4.2025,4:54:9.651,28.794,49.901
17.4.2025,4:54:10.639,28.645,44.418
17.4.2025,4:54:11.640,28.658,34.098
17.4.2025,4:54:12.639,28.792,53.343
17.4.2025,4:54:13.640,28.805,36.326
17.4.2025,4:54:14.641,28.760,44.628
17.4.2025,4:54:15.644,28.989,48.303
17.4.2025,4:54:16.646,28.810,32.721
17.4.2025,4:54:17.642,28.500,52.581
17.4.2025,4:54:18.644,28.851,45.955
17.4.2025,4:54:19.644,28.662,36.639
17.4.2025,4:54:20.646,28.565,51.880
17.4.2025,4:54:21.652,28.645,36.412
17.4.2025,4:54:22.666,28.967,45.196
17.4.2025,4:54:23.669,28.423,47.902
17.4.2025,4:54:24.667,29.030,33.753
17.4.2025,4:54:25.666,28.780,52.286
17.4.2025,4:54:26.667,28.679,52.368
17.4.2025,4:54:27.668,28.766,37.165
17.4.2025,4:54:28.670,28.559,47.038
17.4.2025,4:54:29.686,28.828,47.146
17.4.2025,4:54:30.702,28.955,34.531
17.4.2025,4:54:31.703,28.756,51.209
17.4.2025,4:54:32.720,28.759,33.160
17.4.2025,4:54:33.738,28.691,51.298
17.4.2025,4:54:34.739,28.568,42.388
17.4.2025,4:54:35.753,28.661,35.758
17.4.2025,4:54:36.754,28.625,32.357
17.4.2025,4:54:37.753,28.465,53.091
17.4.2025,4:54:38.769,28.592,38.569
17.4.2025,4:54:39.772,28.413,47.230
17.4.2025,4:54:40.774,28.758,48.068
17.4.2025,4:54:41.777,28.716,33.198
17.4.2025,4:54:42.781,28.702,52.405
17.4.2025,4:54:43.794,28.909,43.823
17.4.2025,4:54:44.809,28.819,38.047
17.4.2025,4:54:45.840,28.694,49.205
17.4.2025,4:54:46.838,29.019,33.099
17.4.2025,4:54:47.855,28.816,52.706
17.4.2025,4:54:48.843,30.019,36.621
17.4.2025,4:54:49.860,28.652,44.487
17.4.2025,4:54:50.877,28.798,48.694
17.4.2025,4:54:51.880,28.838,33.443
17.4.2025,4:54:52.893,28.666,32.116
17.4.2025,4:54:53.895,28.628,50.942
17.4.2025,4:54:54.895,28.757,42.139
17.4.2025,4:54:55.891,28.567,38.706
17.4.2025,4:54:56.891,28.704,50.808
17.4.2025,4:54:57.894,28.642,32.882
17.4.2025,4:54:58.910,29.279,49.922
17.4.2025,4:54:59.913,28.578,47.098
17.4.2025,4:55:0.931,29.119,35.078
17.4.2025,4:55:1.948,28.698,53.193
17.4.2025,4:55:2.963,28.579,38.844
17.4.2025,4:55:3.962,29.054,41.339
17.4.2025,4:55:4.961,28.757,49.028
17.4.2025,4:55:5.975,28.838,31.454
17.4.2025,4:55:6.990,28.625,50.701
17.4.2025,4:55:7.991,28.496,45.343
17.4.2025,4:55:8.987,28.809,36.648
17.4.2025,4:55:9.989,31.124,51.772
17.4.2025,4:55:11.001,28.798,34.669
17.4.2025,4:55:12.017,28.848,48.272
17.4.2025,4:55:13.022,28.471,47.520
17.4.2025,4:55:14.022,29.023,35.673
17.4.2025,4:55:15.024,28.948,50.862
17.4.2025,4:55:16.024,28.705,51.580
17.4.2025,4:55:17.027,29.160,38.372
17.4.2025,4:55:18.025,29.193,43.754
17.4.2025,4:55:19.013,28.390,48.100
17.4.2025,4:55:20.015,28.953,34.199
17.4.2025,4:55:21.029,28.704,55.032
17.4.2025,4:55:22.029,28.577,38.171
17.4.2025,4:55:23.030,29.557,43.926
17.4.2025,4:55:24.044,28.762,48.156
17.4.2025,4:55:25.060,28.851,34.779
17.4.2025,4:55:26.061,28.536,54.074
17.4.2025,4:55:27.061,28.859,38.573
17.4.2025,4:55:28.060,28.912,40.190
17.4.2025,4:55:29.060,28.747,51.004
17.4.2025,4:55:30.062,28.570,33.784
17.4.2025,4:55:31.062,29.025,52.287
17.4.2025,4:55:32.078,28.852,43.463
17.4.2025,4:55:33.095,28.549,34.961
17.4.2025,4:55:34.110,28.735,33.793
17.4.2025,4:55:35.111,28.521,52.202
17.4.2025,4:55:36.110,28.767,45.335
17.4.2025,4:55:37.111,28.744,37.774
17.4.2025,4:55:38.109,28.766,49.972
17.4.2025,4:55:39.114,28.475,34.384
17.4.2025,4:55:40.114,28.582,46.773
17.4.2025,4:55:41.116,29.280,47.167
17.4.2025,4:55:42.122,28.292,35.157
17.4.2025,4:55:43.121,28.769,50.733
17.4.2025,4:55:44.116,28.702,34.494
17.4.2025,4:55:45.121,28.614,48.781
17.4.2025,4:55:46.139,28.724,47.284
17.4.2025,4:55:47.139,28.570,35.687
17.4.2025,4:55:48.142,28.902,52.628
17.4.2025,4:55:49.141,28.675,34.380
17.4.2025,4:55:50.156,28.748,50.966
17.4.2025,4:55:51.155,28.818,43.015
17.4.2025,4:55:52.166,28.616,37.550
17.4.2025,4:55:53.167,28.694,50.494
17.4.2025,4:55:54.170,28.337,34.251
17.4.2025,4:55:55.201,28.702,50.703
17.4.2025,4:55:56.200,28.400,45.781
17.4.2025,4:55:57.198,28.461,36.255
17.4.2025,4:55:58.198,29.108,33.458
17.4.2025,4:55:59.187,28.752,53.379
17.4.2025,4:56:0.201,28.667,37.574
17.4.2025,4:56:1.203,29.090,44.208
17.4.2025,4:56:2.203,29.077,48.958
17.4.2025,4:56:3.219,28.558,32.276
17.4.2025,4:56:4.236,28.965,53.752
17.4.2025,4:56:5.249,28.946,37.897
17.4.2025,4:56:6.266,28.834,44.376
17.4.2025,4:56:7.266,28.655,48.326
17.4.2025,4:56:8.263,28.664,30.239
17.4.2025,4:56:9.264,28.759,53.578
17.4.2025,4:56:10.279,29.314,38.473
17.4.2025,4:56:11.294,29.382,39.747
17.4.2025,4:56:12.296,29.463,36.457
17.4.2025,4:56:13.312,28.676,33.041
17.4.2025,4:56:14.311,28.564,51.601
17.4.2025,4:56:15.311,28.652,44.859
17.4.2025,4:56:16.325,28.391,34.226
17.4.2025,4:56:17.324,29.321,54.136
17.4.2025,4:56:18.340,28.706,37.941
17.4.2025,4:56:19.354,28.472,47.703
17.4.2025,4:56:20.356,28.859,48.312
17.4.2025,4:56:21.369,28.704,50.654
17.4.2025,4:56:22.369,28.627,32.237
17.4.2025,4:56:23.372,28.794,53.190
17.4.2025,4:56:24.370,28.605,40.912
17.4.2025,4:56:25.371,28.433,36.575
17.4.2025,4:56:26.384,28.759,49.789
17.4.2025,4:56:27.387,28.412,31.687
17.4.2025,4:56:28.387,29.113,48.595
17.4.2025,4:56:29.404,28.577,47.688
17.4.2025,4:56:30.404,28.396,33.936
17.4.2025,4:56:31.405,28.562,52.183
17.4.2025,4:56:32.418,28.659,40.074
17.4.2025,4:56:33.436,28.501,36.749
17.4.2025,4:56:34.438,28.682,52.137
17.4.2025,4:56:35.441,28.842,34.221
17.4.2025,4:56:36.441,28.681,36.827
17.4.2025,4:56:37.458,28.846,41.675
17.4.2025,4:56:38.457,28.630,49.107
17.4.2025,4:56:39.458,28.671,33.869
17.4.2025,4:56:40.457,29.927,52.083
17.4.2025,4:56:41.473,31.183,47.442
17.4.2025,4:56:42.492,31.036,32.483
17.4.2025,4:56:43.492,30.702,54.976
17.4.2025,4:56:44.490,30.149,48.133
17.4.2025,4:56:45.492,29.029,33.419
17.4.2025,4:56:46.509,29.132,55.402
17.4.2025,4:56:47.508,28.647,40.446
17.4.2025,4:56:48.523,28.658,43.878
17.4.2025,4:56:49.525,29.158,48.493
17.4.2025,4:56:50.523,28.571,31.343
17.4.2025,4:56:51.521,29.832,51.367
17.4.2025,4:56:52.525,28.985,47.143
17.4.2025,4:56:53.529,28.779,34.728
17.4.2025,4:56:54.527,28.845,52.754
17.4.2025,4:56:55.529,28.733,37.616
17.4.2025,4:56:56.532,28.850,47.285
17.4.2025,4:56:57.545,29.095,47.419
17.4.2025,4:56:58.562,28.677,34.110
17.4.2025,4:56:59.564,28.420,31.899
17.4.2025,4:57:0.564,29.051,50.460
17.4.2025,4:57:1.567,28.691,44.108
17.4.2025,4:57:2.562,28.725,35.583
17.4.2025,4:57:3.563,28.819,50.607
17.4.2025,4:57:4.578,28.589,34.182
17.4.2025,4:57:5.576,28.822,49.809
17.4.2025,4:57:6.580,28.747,42.446
17.4.2025,4:57:7.579,28.954,37.054
17.4.2025,4:57:8.578,28.921,51.079
17.4.2025,4:57:9.579,28.759,35.839
17.4.2025,4:57:10.579,28.806,46.240
17.4.2025,4:57:11.578,28.806,48.121
17.4.2025,4:57:12.580,28.284,34.023
17.4.2025,4:57:13.581,28.621,53.670
17.4.2025,4:57:14.585,28.858,38.358
17.4.2025,4:57:15.602,28.344,43.048
17.4.2025,4:57:16.616,28.344,48.453
17.4.2025,4:57:17.617,29.136,30.784
17.4.2025,4:57:18.616,28.480,33.890
17.4.2025,4:57:19.618,29.106,44.683
17.4.2025,4:57:20.617,28.883,48.556
17.4.2025,4:57:21.633,28.792,33.816
17.4.2025,4:57:22.647,29.139,53.850
17.4.2025,4:57:23.644,28.409,42.043
17.4.2025,4:57:24.658,28.253,36.519
17.4.2025,4:57:25.658,28.791,49.565
17.4.2025,4:57:26.672,28.691,32.770
17.4.2025,4:57:27.693,28.866,54.108
17.4.2025,4:57:28.693,28.555,41.528
17.4.2025,4:57:29.695,28.700,41.324
17.4.2025,4:57:30.693,28.552,48.435
17.4.2025,4:57:31.700,28.786,33.183
17.4.2025,4:57:32.700,28.549,54.808
17.4.2025,4:57:33.698,28.640,38.304
17.4.2025,4:57:34.685,28.480,43.396
17.4.2025,4:57:35.700,28.728,48.342
17.4.2025,4:57:36.703,28.663,31.885
17.4.2025,4:57:37.706,28.599,52.885
17.4.2025,4:57:38.711,28.912,44.116
17.4.2025,4:57:39.726,28.539,45.477
17.4.2025,4:57:40.743,28.633,34.090
17.4.2025,4:57:41.745,28.810,52.475
17.4.2025,4:57:42.746,28.767,38.712
17.4.2025,4:57:43.749,28.812,43.560
17.4.2025,4:57:44.763,28.480,48.424
17.4.2025,4:57:45.764,28.630,33.398
17.4.2025,4:57:46.764,28.438,54.406
17.4.2025,4:57:47.762,28.966,41.278
17.4.2025,4:57:48.792,28.658,35.420
17.4.2025,4:57:49.792,28.532,52.602
17.4.2025,4:57:50.792,28.654,36.102
17.4.2025,4:57:51.791,28.465,47.023
17.4.2025,4:57:52.804,28.959,48.080
17.4.2025,4:57:53.822,28.839,47.988
17.4.2025,4:57:54.809,28.612,33.837
17.4.2025,4:57:55.823,28.634,53.304
17.4.2025,4:57:56.839,29.046,38.625
17.4.2025,4:57:57.839,28.597,43.634
17.4.2025,4:57:58.838,28.881,48.367
17.4.2025,4:57:59.855,28.843,34.276
17.4.2025,4:58:0.870,28.515,54.224
17.4.2025,4:58:1.868,28.781,39.455
17.4.2025,4:58:2.856,29.039,45.409
17.4.2025,4:58:3.872,28.565,48.154
17.4.2025,4:58:4.891,28.874,34.068
17.4.2025,4:58:5.897,28.552,53.151
17.4.2025,4:58:6.896,28.579,37.182
17.4.2025,4:58:7.898,28.832,39.668
17.4.2025,4:58:8.902,28.577,46.665
17.4.2025,4:58:9.902,28.936,47.372
17.4.2025,4:58:10.917,28.619,33.945
17.4.2025,4:58:11.917,28.835,53.066
17.4.2025,4:58:12.902,28.840,40.760
17.4.2025,4:58:13.918,28.852,45.845
17.4.2025,4:58:14.949,29.116,47.745
17.4.2025,4:58:15.947,28.647,33.330
17.4.2025,4:58:16.947,28.526,54.318
17.4.2025,4:58:17.949,28.573,44.536
17.4.2025,4:58:18.947,31.204,34.502
17.4.2025,4:58:19.948,28.548,53.703
17.4.2025,4:58:20.949,28.920,37.959
17.4.2025,4:58:21.945,28.669,44.956
17.4.2025,4:58:22.960,28.570,48.679
17.4.2025,4:58:23.979,28.637,32.630
17.4.2025,4:58:24.983,28.779,53.798
17.4.2025,4:58:25.984,28.691,52.984
17.4.2025,4:58:26.982,28.876,47.741
17.4.2025,4:58:27.984,28.793,33.471
17.4.2025,4:58:29.002,29.001,54.422
17.4.2025,4:58:30.021,28.599,38.026
17.4.2025,4:58:31.039,28.747,42.097
17.4.2025,4:58:32.057,28.937,48.423
17.4.2025,4:58:33.072,28.602,34.055
17.4.2025,4:58:34.074,28.676,54.304
17.4.2025,4:58:35.080,29.214,37.920
17.4.2025,4:58:36.080,28.669,47.841
17.4.2025,4:58:37.091,28.755,39.812
17.4.2025,4:58:38.109,29.389,37.659
17.4.2025,4:58:39.106,29.379,54.477
17.4.2025,4:58:40.109,29.246,37.968
17.4.2025,4:58:41.110,28.734,40.712
17.4.2025,4:58:42.111,28.729,36.491
17.4.2025,4:58:43.112,28.910,52.172
17.4.2025,4:58:44.110,28.766,37.390
17.4.2025,4:58:45.113,28.829,47.525
17.4.2025,4:58:46.114,29.041,48.270
17.4.2025,4:58:47.129,28.471,33.626
17.4.2025,4:58:48.131,28.755,55.032
17.4.2025,4:58:49.130,29.096,40.386
17.4.2025,4:58:50.128,28.649,36.377
17.4.2025,4:58:51.149,28.768,49.776
17.4.2025,4:58:52.144,28.884,32.641
17.4.2025,4:58:53.144,29.230,47.416
17.4.2025,4:58:54.147,28.480,47.044
17.4.2025,4:58:55.147,28.690,35.432
17.4.2025,4:58:56.149,28.749,52.523
17.4.2025,4:58:57.153,28.787,54.556
17.4.2025,4:58:58.150,28.976,40.049
17.4.2025,4:58:59.164,28.915,39.227
17.4.2025,4:59:0.165,28.931,49.432
17.4.2025,4:59:1.179,28.881,31.309
17.4.2025,4:59:2.178,28.466,51.431
17.4.2025,4:59:3.181,28.855,45.839
17.4.2025,4:59:4.180,28.898,37.163
17.4.2025,4:59:5.192,28.968,49.974
17.4.2025,4:59:6.195,28.743,32.303
17.4.2025,4:59:7.196,29.109,50.003
17.4.2025,4:59:8.197,29.186,50.003
17.4.2025,4:59:9.185,28.681,47.263
17.4.2025,4:59:10.197,28.622,35.139
17.4.2025,4:59:11.197,28.835,52.204
17.4.2025,4:59:12.196,28.584,38.334
17.4.2025,4:59:13.196,28.868,44.338
17.4.2025,4:59:14.194,28.793,49.751
17.4.2025,4:59:15.210,28.637,33.664
17.4.2025,4:59:16.210,28.570,50.578
17.4.2025,4:59:17.209,28.619,42.654
17.4.2025,4:59:18.209,28.594,37.923
17.4.2025,4:59:19.211,28.895,34.147
17.4.2025,4:59:20.210,28.800,53.397
17.4.2025,4:59:21.226,28.975,36.393
17.4.2025,4:59:22.239,28.776,46.544
17.4.2025,4:59:23.239,28.744,47.151
17.4.2025,4:59:24.257,28.859,34.692
17.4.2025,4:59:25.258,28.786,53.262
17.4.2025,4:59:26.258,28.645,37.504
17.4.2025,4:59:27.278,28.511,44.374
17.4.2025,4:59:28.276,28.640,49.732
17.4.2025,4:59:29.278,28.354,35.757
17.4.2025,4:59:30.276,28.549,44.692
17.4.2025,4:59:31.276,28.774,47.917
17.4.2025,4:59:32.276,28.610,30.968
17.4.2025,4:59:33.292,28.800,53.966
17.4.2025,4:59:34.308,28.713,42.765
17.4.2025,4:59:35.310,28.620,33.909
17.4.2025,4:59:36.311,28.812,32.006
17.4.2025,4:59:37.328,28.807,53.917
17.4.2025,4:59:38.341,28.596,40.900
17.4.2025,4:59:39.357,28.769,41.249
17.4.2025,4:59:40.371,28.499,51.289
17.4.2025,4:59:41.373,28.636,35.666
17.4.2025,4:59:42.375,29.085,42.520
17.4.2025,4:59:43.377,28.474,48.482
17.4.2025,4:59:44.393,28.638,33.455
17.4.2025,4:59:45.395,28.827,54.085
17.4.2025,4:59:46.396,28.753,40.353
17.4.2025,4:59:47.397,28.830,40.941
17.4.2025,4:59:48.410,28.621,50.157
17.4.2025,4:59:49.411,28.659,33.179
17.4.2025,4:59:50.410,28.952,49.327
17.4.2025,4:59:51.427,28.766,44.058
17.4.2025,4:59:52.427,28.853,45.094
17.4.2025,4:59:53.428,31.546,33.428
17.4.2025,4:59:54.429,28.474,52.234
17.4.2025,4:59:55.442,28.327,43.542
17.4.2025,4:59:56.442,28.820,33.873
17.4.2025,4:59:57.459,28.762,51.907
17.4.2025,4:59:58.458,28.683,33.649
17.4.2025,4:59:59.474,28.912,52.323
17.4.2025,5:0:0.476,28.697,47.924
17.4.2025,5:0:1.490,28.748,34.442
17.4.2025,5:0:2.510,29.036,52.299
17.4.2025,5:0:3.525,28.494,36.852
17.4.2025,5:0:4.525,28.516,40.602
17.4.2025,5:0:5.513,28.880,48.224
17.4.2025,5:0:6.515,28.553,34.558
17.4.2025,5:0:7.519,28.995,54.328
17.4.2025,5:0:8.533,28.667,53.111
17.4.2025,5:0:9.535,28.760,43.184
17.4.2025,5:0:10.535,28.810,39.698
17.4.2025,5:0:11.535,28.379,50.107
17.4.2025,5:0:12.539,28.700,34.193
17.4.2025,5:0:13.541,28.801,45.563
17.4.2025,5:0:14.555,28.564,47.254
17.4.2025,5:0:15.555,28.744,33.355
17.4.2025,5:0:16.571,28.813,52.868
17.4.2025,5:0:17.570,28.726,37.012
17.4.2025,5:0:18.569,28.934,44.628
17.4.2025,5:0:19.574,28.642,48.708
17.4.2025,5:0:20.571,28.750,32.253
17.4.2025,5:0:21.577,28.806,54.806
17.4.2025,5:0:22.594,28.717,42.793
17.4.2025,5:0:23.611,28.798,36.098
17.4.2025,5:0:24.608,29.212,50.412
17.4.2025,5:0:25.627,28.438,33.626
17.4.2025,5:0:26.644,28.545,50.318
17.4.2025,5:0:27.662,28.787,46.952
17.4.2025,5:0:28.679,28.618,47.736
17.4.2025,5:0:29.680,28.883,34.923
17.4.2025,5:0:30.680,28.896,53.608
17.4.2025,5:0:31.697,28.761,37.484
17.4.2025,5:0:32.695,28.908,46.420
17.4.2025,5:0:33.696,28.797,47.388
17.4.2025,5:0:34.715,28.585,34.295
17.4.2025,5:0:35.727,29.961,53.476
17.4.2025,5:0:36.730,28.607,39.182
17.4.2025,5:0:37.716,28.831,42.942
17.4.2025,5:0:38.731,29.181,51.179
17.4.2025,5:0:39.732,28.871,33.938
17.4.2025,5:0:40.747,28.802,37.613
17.4.2025,5:0:41.751,28.370,47.527
17.4.2025,5:0:42.765,28.745,48.523
17.4.2025,5:0:43.764,28.780,32.925
17.4.2025,5:0:44.767,28.536,53.822
17.4.2025,5:0:45.769,29.757,39.349
17.4.2025,5:0:46.769,30.772,40.142
17.4.2025,5:0:47.770,28.856,50.727
17.4.2025,5:0:48.773,28.769,33.814
17.4.2025,5:0:49.773,28.722,49.749
17.4.2025,5:0:50.773,28.539,44.545
17.4.2025,5:0:51.786,29.126,35.881
17.4.2025,5:0:52.803,28.574,51.677
17.4.2025,5:0:53.806,28.703,37.108
17.4.2025,5:0:54.808,28.803,45.040
17.4.2025,5:0:55.810,28.956,41.936
17.4.2025,5:0:56.824,28.872,48.430
17.4.2025,5:0:57.810,28.622,31.241
17.4.2025,5:0:58.810,28.638,50.753
17.4.2025,5:0:59.825,28.569,47.718
17.4.2025,5:1:0.827,28.622,35.066
17.4.2025,5:1:1.829,28.736,54.620
17.4.2025,5:1:2.830,29.004,40.133
17.4.2025,5:1:3.841,28.924,42.189
17.4.2025,5:1:4.839,29.311,37.599
17.4.2025,5:1:5.854,29.445,37.568
17.4.2025,5:1:6.870,29.281,52.169
17.4.2025,5:1:7.871,28.730,36.270
17.4.2025,5:1:8.871,29.011,45.591
17.4.2025,5:1:9.867,28.395,48.964
17.4.2025,5:1:10.867,28.670,30.733
17.4.2025,5:1:11.868,28.990,52.212
17.4.2025,5:1:12.885,28.582,40.626
17.4.2025,5:1:13.888,28.893,39.131
17.4.2025,5:1:14.885,28.742,51.803
17.4.2025,5:1:15.873,28.592,32.776
17.4.2025,5:1:16.875,28.771,35.458
17.4.2025,5:1:17.872,28.938,48.655
17.4.2025,5:1:18.872,28.560,47.314
17.4.2025,5:1:19.872,28.867,35.977
17.4.2025,5:1:20.872,28.401,50.765
17.4.2025,5:1:21.892,28.964,35.739
17.4.2025,5:1:22.907,28.787,44.673
17.4.2025,5:1:23.911,28.216,49.094
17.4.2025,5:1:24.928,28.611,33.070
17.4.2025,5:1:25.918,28.815,55.369
17.4.2025,5:1:26.929,29.337,42.358
17.4.2025,5:1:27.931,30.849,48.292
17.4.2025,5:1:28.927,28.797,31.785
17.4.2025,5:1:29.929,28.614,53.998
17.4.2025,5:1:30.919,28.726,41.008
17.4.2025,5:1:31.936,28.872,39.177
17.4.2025,5:1:32.935,28.737,50.321
17.4.2025,5:1:33.934,28.704,33.219
17.4.2025,5:1:34.963,28.823,52.546
17.4.2025,5:1:35.980,28.617,42.744
17.4.2025,5:1:36.992,28.863,37.213
17.4.2025,5:1:37.996,28.570,50.189
17.4.2025,5:1:38.998,28.892,31.839
17.4.2025,5:1:39.998,28.743,50.172
17.4.2025,5:1:41.026,28.449,46.009
17.4.2025,5:1:42.026,28.950,48.529
17.4.2025,5:1:43.029,28.777,32.795
17.4.2025,5:1:44.057,28.894,53.506
17.4.2025,5:1:45.072,28.932,40.446
17.4.2025,5:1:46.073,28.600,40.633
17.4.2025,5:1:47.076,28.845,48.688
17.4.2025,5:1:48.076,28.639,32.356
17.4.2025,5:1:49.094,28.663,53.393
17.4.2025,5:1:50.111,28.862,43.027
17.4.2025,5:1:51.128,28.955,38.639
17.4.2025,5:1:52.127,29.239,49.431
17.4.2025,5:1:53.130,29.117,32.351
17.4.2025,5:1:54.133,28.597,51.900
17.4.2025,5:1:55.132,28.588,43.572
17.4.2025,5:1:56.132,29.237,47.576
17.4.2025,5:1:57.138,28.705,35.609
17.4.2025,5:1:58.156,28.913,51.744
17.4.2025,5:1:59.154,29.112,34.326
17.4.2025,5:2:0.154,28.814,49.947
17.4.2025,5:2:1.157,28.789,44.133
17.4.2025,5:2:2.170,28.942,40.658
17.4.2025,5:2:3.184,28.818,50.589
17.4.2025,5:2:4.200,28.714,34.597
17.4.2025,5:2:5.214,28.768,47.730
17.4.2025,5:2:6.236,28.730,48.541
17.4.2025,5:2:7.251,28.891,33.912
17.4.2025,5:2:8.253,28.626,53.900
17.4.2025,5:2:9.256,28.569,40.515
17.4.2025,5:2:10.259,28.670,43.774
17.4.2025,5:2:11.273,28.796,36.863
17.4.2025,5:2:12.273,28.804,50.833
17.4.2025,5:2:13.269,28.919,36.748
17.4.2025,5:2:14.274,28.734,40.440
17.4.2025,5:2:15.288,28.879,49.422
17.4.2025,5:2:16.291,29.045,32.286
17.4.2025,5:2:17.288,28.951,55.430
17.4.2025,5:2:18.303,28.962,41.553
17.4.2025,5:2:19.306,29.419,37.214
17.4.2025,5:2:20.319,29.067,50.170
17.4.2025,5:2:21.318,28.781,31.493
17.4.2025,5:2:22.318,28.725,51.586
17.4.2025,5:2:23.321,28.783,45.706
17.4.2025,5:2:24.325,28.935,35.035
17.4.2025,5:2:25.338,28.653,53.753
17.4.2025,5:2:26.340,28.769,37.206
17.4.2025,5:2:27.338,28.651,44.825
17.4.2025,5:2:28.354,29.051,48.973
17.4.2025,5:2:29.356,29.380,33.571
17.4.2025,5:2:30.355,29.012,47.722
17.4.2025,5:2:31.353,28.547,47.131
17.4.2025,5:2:32.369,29.203,34.641
17.4.2025,5:2:33.368,29.009,54.934
17.4.2025,5:2:34.364,28.777,39.509
17.4.2025,5:2:35.382,28.875,44.901
17.4.2025,5:2:36.401,28.866,48.527
17.4.2025,5:2:37.399,28.872,34.679
17.4.2025,5:2:38.399,29.109,54.529
17.4.2025,5:2:39.403,28.726,40.553
17.4.2025,5:2:40.399,28.962,40.927
17.4.2025,5:2:41.398,28.635,37.457
17.4.2025,5:2:42.398,28.502,50.839
17.4.2025,5:2:43.402,29.032,35.389
17.4.2025,5:2:44.401,28.545,49.342
17.4.2025,5:2:45.401,28.623,44.546
17.4.2025,5:2:46.401,28.492,33.613
17.4.2025,5:2:47.400,28.781,52.645
17.4.2025,5:2:48.402,28.994,34.264
17.4.2025,5:2:49.400,28.976,50.377
17.4.2025,5:2:50.400,28.504,47.367
17.4.2025,5:2:51.402,28.746,33.298
17.4.2025,5:2:52.389,29.267,53.567
17.4.2025,5:2:53.407,28.953,38.180
17.4.2025,5:2:54.408,28.713,41.893
17.4.2025,5:2:55.409,28.727,39.330
17.4.2025,5:2:56.422,28.474,48.850
17.4.2025,5:2:57.439,29.034,33.317
17.4.2025,5:2:58.442,28.529,53.485
17.4.2025,5:2:59.440,28.850,41.981
17.4.2025,5:3:0.443,28.761,42.408
17.4.2025,5:3:1.441,30.789,48.967
17.4.2025,5:3:2.443,29.624,34.723
17.4.2025,5:3:3.440,28.352,44.320
17.4.2025,5:3:4.441,28.765,49.028
17.4.2025,5:3:5.443,28.780,32.586
17.4.2025,5:3:6.445,28.930,52.752
17.4.2025,5:3:7.448,29.122,42.503
17.4.2025,5:3:8.461,28.470,37.463
17.4.2025,5:3:9.463,28.752,51.805
17.4.2025,5:3:10.464,28.546,35.390
17.4.2025,5:3:11.478,28.655,47.812
17.4.2025,5:3:12.479,28.839,45.050
17.4.2025,5:3:13.496,29.045,47.841
17.4.2025,5:3:14.514,28.889,34.554
17.4.2025,5:3:15.514,28.262,52.441
17.4.2025,5:3:16.514,28.545,38.012
17.4.2025,5:3:17.513,29.392,40.612
17.4.2025,5:3:18.528,28.708,49.498
17.4.2025,5:3:19.532,28.936,32.583
17.4.2025,5:3:20.534,29.033,52.752
17.4.2025,5:3:21.537,28.541,41.442
17.4.2025,5:3:22.542,28.730,38.299
17.4.2025,5:3:23.558,29.125,51.176
17.4.2025,5:3:24.572,28.885,36.460
17.4.2025,5:3:25.573,28.473,49.654
17.4.2025,5:3:26.573,28.508,47.128
17.4.2025,5:3:27.569,28.774,34.682
17.4.2025,5:3:28.570,28.879,52.210
17.4.2025,5:3:29.570,28.415,35.029
17.4.2025,5:3:30.569,29.049,48.937
17.4.2025,5:3:31.584,29.231,38.228
17.4.2025,5:3:32.588,29.527,37.547
17.4.2025,5:3:33.602,29.920,32.176
17.4.2025,5:3:34.617,28.469,52.381
17.4.2025,5:3:35.614,28.942,37.894
17.4.2025,5:3:36.617,28.333,43.194
17.4.2025,5:3:37.619,28.879,48.497
17.4.2025,5:3:38.621,28.933,31.140
17.4.2025,5:3:39.635,28.359,54.906
17.4.2025,5:3:40.651,28.555,43.076
17.4.2025,5:3:41.651,28.905,35.949
17.4.2025,5:3:42.665,28.381,52.613
17.4.2025,5:3:43.664,28.866,34.192
17.4.2025,5:3:44.665,28.667,48.420
17.4.2025,5:3:45.683,28.662,47.584
17.4.2025,5:3:46.684,28.657,31.787
17.4.2025,5:3:47.700,28.762,53.184
17.4.2025,5:3:48.698,28.544,54.989
17.4.2025,5:3:49.697,28.862,42.490
17.4.2025,5:3:50.697,28.856,36.108
17.4.2025,5:3:51.686,28.761,50.484
17.4.2025,5:3:52.701,29.012,34.147
17.4.2025,5:3:53.701,28.939,50.186
17.4.2025,5:3:54.702,28.867,47.371
17.4.2025,5:3:55.704,28.832,34.139
17.4.2025,5:3:56.721,28.535,52.237
17.4.2025,5:3:57.736,28.867,34.403
17.4.2025,5:3:58.733,28.640,49.686
17.4.2025,5:3:59.737,28.929,47.456
17.4.2025,5:4:0.737,28.879,35.824
17.4.2025,5:4:1.742,28.753,51.643
17.4.2025,5:4:2.743,28.703,38.117
17.4.2025,5:4:3.745,29.002,42.740
17.4.2025,5:4:4.745,28.900,47.682
17.4.2025,5:4:5.732,28.707,34.600
17.4.2025,5:4:6.747,28.724,33.260
17.4.2025,5:4:7.750,28.520,54.197
17.4.2025,5:4:8.764,29.350,41.967
17.4.2025,5:4:9.767,28.787,39.571
17.4.2025,5:4:10.767,28.481,50.688
17.4.2025,5:4:11.772,29.207,33.613
17.4.2025,5:4:12.770,28.510,49.762
17.4.2025,5:4:13.773,28.770,46.741
17.4.2025,5:4:14.774,29.178,34.582
17.4.2025,5:4:15.776,28.621,51.682
17.4.2025,5:4:16.777,28.601,40.137
17.4.2025,5:4:17.765,28.838,42.621
17.4.2025,5:4:18.780,28.487,34.546
17.4.2025,5:4:19.798,28.745,52.030
17.4.2025,5:4:20.813,28.865,37.441
17.4.2025,5:4:21.810,28.588,47.511
17.4.2025,5:4:22.826,28.922,47.813
17.4.2025,5:4:23.826,28.683,33.551
17.4.2025,5:4:24.844,28.690,54.362
17.4.2025,5:4:25.863,28.875,38.697
17.4.2025,5:4:26.860,28.685,47.001
17.4.2025,5:4:27.859,28.883,48.156
17.4.2025,5:4:28.877,28.800,32.383
17.4.2025,5:4:29.875,28.709,55.006
17.4.2025,5:4:30.876,28.720,38.698
17.4.2025,5:4:31.879,28.620,41.061
17.4.2025,5:4:32.882,28.932,50.076
17.4.2025,5:4:33.901,28.706,52.355
17.4.2025,5:4:34.902,28.744,34.540
17.4.2025,5:4:35.889,31.708,45.189
17.4.2025,5:4:36.917,28.487,50.159
17.4.2025,5:4:37.921,28.788,33.821
17.4.2025,5:4:38.935,28.857,51.462
17.4.2025,5:4:39.935,28.630,45.511
17.4.2025,5:4:40.936,28.763,31.974
17.4.2025,5:4:41.939,29.194,53.340
17.4.2025,5:4:42.936,29.251,43.117
17.4.2025,5:4:43.938,28.538,35.634
17.4.2025,5:4:44.939,29.029,49.974
17.4.2025,5:4:45.943,28.729,32.698
17.4.2025,5:4:46.954,28.704,50.086
17.4.2025,5:4:47.955,28.658,45.481
17.4.2025,5:4:48.958,28.862,48.284
17.4.2025,5:4:49.975,28.577,35.117
17.4.2025,5:4:50.975,28.557,52.726
17.4.2025,5:4:51.973,28.949,40.897
17.4.2025,5:4:52.974,28.750,37.046
17.4.2025,5:4:53.992,28.599,50.394
17.4.2025,5:4:54.996,29.116,32.592
17.4.2025,5:4:55.995,28.925,50.209
17.4.2025,5:4:56.996,28.692,46.959
17.4.2025,5:4:57.983,28.769,35.262
17.4.2025,5:4:58.985,28.851,51.301
17.4.2025,5:4:59.985,28.714,36.654
17.4.2025,5:5:0.990,28.827,40.169
17.4.2025,5:5:1.988,28.590,39.942
17.4.2025,5:5:2.989,28.865,48.789
17.4.2025,5:5:3.989,28.768,33.149
17.4.2025,5:5:5.003,28.353,54.021
17.4.2025,5:5:6.005,28.750,42.250
17.4.2025,5:5:7.017,28.550,37.130
17.4.2025,5:5:8.022,28.616,49.871
17.4.2025,5:5:9.026,28.738,32.471
17.4.2025,5:5:10.013,28.790,51.423
17.4.2025,5:5:11.013,28.616,47.540
17.4.2025,5:5:12.027,28.945,34.722
17.4.2025,5:5:13.043,28.943,53.677
17.4.2025,5:5:14.059,28.679,36.768
17.4.2025,5:5:15.062,28.352,41.500
17.4.2025,5:5:16.061,28.372,49.499
17.4.2025,5:5:17.064,28.967,31.605
17.4.2025,5:5:18.063,28.888,35.552
17.4.2025,5:5:19.062,28.570,48.104
17.4.2025,5:5:20.064,29.037,47.998
17.4.2025,5:5:21.079,28.771,33.725
17.4.2025,5:5:22.096,28.652,53.777
17.4.2025,5:5:23.096,28.843,41.394
17.4.2025,5:5:24.110,28.699,36.767
17.4.2025,5:5:25.113,28.855,50.825
17.4.2025,5:5:26.113,28.667,35.962
17.4.2025,5:5:27.119,28.753,43.112
17.4.2025,5:5:28.109,28.905,47.954
17.4.2025,5:5:29.119,29.199,35.327
17.4.2025,5:5:30.109,28.503,52.266
17.4.2025,5:5:31.120,28.585,38.095
17.4.2025,5:5:32.115,28.884,40.640
17.4.2025,5:5:33.108,28.803,48.487
17.4.2025,5:5:34.109,28.823,33.317
17.4.2025,5:5:35.128,28.765,52.102
17.4.2025,5:5:36.146,28.697,47.280
17.4.2025,5:5:37.148,28.772,47.600
17.4.2025,5:5:38.147,29.035,35.421
17.4.2025,5:5:39.150,28.734,52.085
17.4.2025,5:5:40.150,28.814,36.102
17.4.2025,5:5:41.151,28.797,46.451
17.4.2025,5:5:42.153,29.058,47.096
17.4.2025,5:5:43.182,28.775,34.173
17.4.2025,5:5:44.181,28.475,52.485
17.4.2025,5:5:45.195,28.789,36.916
17.4.2025,5:5:46.196,28.865,45.820
17.4.2025,5:5:47.210,28.665,48.310
17.4.2025,5:5:48.210,29.052,31.757
17.4.2025,5:5:49.211,28.691,50.900
17.4.2025,5:5:50.209,28.506,42.752
17.4.2025,5:5:51.211,28.771,37.114
17.4.2025,5:5:52.212,28.738,52.113
17.4.2025,5:5:53.214,28.614,35.320
17.4.2025,5:5:54.202,28.741,49.430
17.4.2025,5:5:55.219,28.930,46.219
17.4.2025,5:5:56.233,28.574,48.105
17.4.2025,5:5:57.233,29.153,34.789
17.4.2025,5:5:58.237,29.404,39.528
17.4.2025,5:5:59.250,29.499,37.376
17.4.2025,5:6:0.252,29.504,42.810
17.4.2025,5:6:1.269,28.790,49.262
17.4.2025,5:6:2.267,29.018,31.908
17.4.2025,5:6:3.267,28.910,54.743
17.4.2025,5:6:4.281,28.748,41.153
17.4.2025,5:6:5.281,29.133,40.532
17.4.2025,5:6:6.281,28.825,50.355
17.4.2025,5:6:7.284,28.953,33.953
17.4.2025,5:6:8.287,28.827,51.532
17.4.2025,5:6:9.285,28.487,42.610
17.4.2025,5:6:10.286,31.199,33.721
17.4.2025,5:6:11.289,28.586,53.560
17.4.2025,5:6:12.289,28.988,41.573
17.4.2025,5:6:13.308,28.564,37.149
17.4.2025,5:6:14.324,28.708,36.194
17.4.2025,5:6:15.322,28.788,50.587
17.4.2025,5:6:16.339,28.801,37.133
17.4.2025,5:6:17.327,28.829,42.542
17.4.2025,5:6:18.342,28.384,48.435
17.4.2025,5:6:19.357,28.698,33.380
17.4.2025,5:6:20.360,28.984,53.436
17.4.2025,5:6:21.363,28.607,40.115
17.4.2025,5:6:22.379,29.116,42.249
17.4.2025,5:6:23.377,28.396,48.379
17.4.2025,5:6:24.376,28.774,33.347
17.4.2025,5:6:25.377,28.649,53.739
17.4.2025,5:6:26.392,28.636,41.643
17.4.2025,5:6:27.392,29.089,42.166
17.4.2025,5:6:28.390,28.873,38.625
17.4.2025,5:6:29.406,28.824,50.807
17.4.2025,5:6:30.406,28.885,32.575
17.4.2025,5:6:31.418,28.677,53.164
17.4.2025,5:6:32.433,28.898,42.008
17.4.2025,5:6:33.422,28.773,36.727
17.4.2025,5:6:34.420,28.854,50.209
17.4.2025,5:6:35.437,28.848,34.596
17.4.2025,5:6:36.436,28.647,47.004
17.4.2025,5:6:37.439,28.707,48.213
17.4.2025,5:6:38.439,28.792,33.297
17.4.2025,5:6:39.438,28.797,55.043
17.4.2025,5:6:40.436,28.695,39.150
17.4.2025,5:6:41.451,28.627,41.784
17.4.2025,5:6:42.452,28.746,49.046
17.4.2025,5:6:43.466,28.791,32.626
17.4.2025,5:6:44.451,28.787,51.863
17.4.2025,5:6:45.453,28.653,41.688
17.4.2025,5:6:46.466,28.736,33.938
17.4.2025,5:6:47.497,28.820,52.031
17.4.2025,5:6:48.496,28.930,32.750
17.4.2025,5:6:49.481,28.909,52.019
17.4.2025,5:6:50.496,28.524,41.607
17.4.2025,5:6:51.495,29.123,34.805
17.4.2025,5:6:52.495,28.687,52.930
17.4.2025,5:6:53.509,28.851,36.543
17.4.2025,5:6:54.513,29.292,49.070
17.4.2025,5:6:55.499,28.508,47.066
17.4.2025,5:6:56.500,28.508,34.109
17.4.2025,5:6:57.499,28.663,31.540
17.4.2025,5:6:58.498,28.779,53.432
17.4.2025,5:6:59.502,28.652,41.855
17.4.2025,5:7:0.516,28.589,35.651
17.4.2025,5:7:1.531,28.674,51.740
17.4.2025,5:7:2.548,28.761,35.304
17.4.2025,5:7:3.550,29.215,45.202
17.4.2025,5:7:4.564,28.580,46.970
17.4.2025,5:7:5.582,29.219,34.326
17.4.2025,5:7:6.583,28.496,52.932
17.4.2025,5:7:7.586,28.757,37.555
17.4.2025,5:7:8.598,28.721,40.406
17.4.2025,5:7:9.598,28.752,49.277
17.4.2025,5:7:10.597,28.457,34.387
17.4.2025,5:7:11.613,28.486,50.202
17.4.2025,5:7:12.614,28.575,47.479
17.4.2025,5:7:13.627,28.517,32.670
17.4.2025,5:7:14.627,28.831,53.516
17.4.2025,5:7:15.628,28.609,41.263
17.4.2025,5:7:16.629,28.661,43.820
17.4.2025,5:7:17.644,28.936,35.275
17.4.2025,5:7:18.645,28.847,52.700
17.4.2025,5:7:19.646,28.560,36.544
17.4.2025,5:7:20.660,28.810,44.783
17.4.2025,5:7:21.677,28.794,48.053
17.4.2025,5:7:22.680,28.506,34.451
17.4.2025,5:7:23.695,29.277,53.886
17.4.2025,5:7:24.692,28.743,41.149
17.4.2025,5:7:25.694,28.847,39.955
17.4.2025,5:7:26.691,28.744,50.859
17.4.2025,5:7:27.692,28.730,34.023
17.4.2025,5:7:28.692,29.066,48.793
17.4.2025,5:7:29.692,28.478,46.840
17.4.2025,5:7:30.691,28.510,49.108
17.4.2025,5:7:31.695,28.861,32.447
17.4.2025,5:7:32.696,28.930,52.367
17.4.2025,5:7:33.699,28.668,41.493
17.4.2025,5:7:34.686,28.790,41.268
17.4.2025,5:7:35.686,28.778,50.077
17.4.2025,5:7:36.687,28.789,34.336
17.4.2025,5:7:37.698,28.733,48.065
17.4.2025,5:7:38.700,28.600,47.628
17.4.2025,5:7:39.703,28.899,34.409
17.4.2025,5:7:40.719,28.774,53.588
17.4.2025,5:7:41.736,28.861,38.212
17.4.2025,5:7:42.750,28.756,40.722
17.4.2025,5:7:43.752,29.056,48.410
17.4.2025,5:7:44.751,30.025,51.768
17.4.2025,5:7:45.752,29.936,34.621
17.4.2025,5:7:46.766,28.804,47.004
17.4.2025,5:7:47.781,28.353,48.202
17.4.2025,5:7:48.782,28.589,33.897
17.4.2025,5:7:49.779,28.588,54.082
17.4.2025,5:7:50.779,28.678,39.416
17.4.2025,5:7:51.796,28.575,43.472
17.4.2025,5:7:52.814,28.759,49.386
17.4.2025,5:7:53.815,28.472,31.882
17.4.2025,5:7:54.818,28.974,52.098
17.4.2025,5:7:55.819,28.727,43.005
17.4.2025,5:7:56.820,28.676,35.079
17.4.2025,5:7:57.824,28.915,54.239
17.4.2025,5:7:58.811,28.741,39.105
17.4.2025,5:7:59.829,28.926,39.588
17.4.2025,5:8:0.827,28.890,40.037
17.4.2025,5:8:1.828,28.594,54.939
17.4.2025,5:8:2.830,31.106,39.761
17.4.2025,5:8:3.844,28.977,43.010
17.4.2025,5:8:4.861,28.387,49.047
17.4.2025,5:8:5.860,29.109,32.316
17.4.2025,5:8:6.863,28.830,51.334
17.4.2025,5:8:7.866,28.467,41.940
17.4.2025,5:8:8.864,28.887,35.373
17.4.2025,5:8:9.878,28.398,52.504
17.4.2025,5:8:10.895,28.677,38.598
17.4.2025,5:8:11.899,28.840,39.561
17.4.2025,5:8:12.899,28.945,50.176
17.4.2025,5:8:13.899,28.828,33.442
17.4.2025,5:8:14.900,29.043,51.228
17.4.2025,5:8:15.898,28.868,44.880
17.4.2025,5:8:16.903,28.794,34.184
17.4.2025,5:8:17.917,29.000,32.311
17.4.2025,5:8:18.917,28.642,55.156
17.4.2025,5:8:19.918,28.500,41.292
17.4.2025,5:8:20.932,28.847,37.637
17.4.2025,5:8:21.948,28.631,48.446
17.4.2025,5:8:22.948,29.011,35.446
17.4.2025,5:8:23.948,29.258,53.241
17.4.2025,5:8:24.937,28.975,37.493
17.4.2025,5:8:25.935,29.416,37.608
17.4.2025,5:8:26.949,29.266,48.035
17.4.2025,5:8:27.935,29.340,35.226
17.4.2025,5:8:28.950,28.864,53.765
17.4.2025,5:8:29.950,28.389,38.098
17.4.2025,5:8:30.952,28.761,45.901
17.4.2025,5:8:31.952,28.727,47.721
17.4.2025,5:8:32.966,28.745,33.312
17.4.2025,5:8:33.982,28.960,53.664
17.4.2025,5:8:34.996,28.697,43.715
17.4.2025,5:8:36.011,28.438,35.044
17.4.2025,5:8:37.015,28.811,51.493
17.4.2025,5:8:38.014,28.836,37.318
17.4.2025,5:8:39.029,28.941,46.002
17.4.2025,5:8:40.031,28.716,48.135
17.4.2025,5:8:41.033,28.594,31.487
17.4.2025,5:8:42.036,28.700,51.975
17.4.2025,5:8:43.036,28.900,48.625
17.4.2025,5:8:44.051,28.655,36.198
17.4.2025,5:8:45.051,28.937,33.006
17.4.2025,5:8:46.065,28.764,53.084
17.4.2025,5:8:47.065,28.734,37.786
17.4.2025,5:8:48.065,28.719,46.221
17.4.2025,5:8:49.077,28.748,47.914
17.4.2025,5:8:50.088,28.956,31.070
17.4.2025,5:8:51.079,28.517,31.070
17.4.2025,5:8:52.079,28.738,52.814
17.4.2025,5:8:53.080,28.751,41.270
17.4.2025,5:8:54.079,28.744,35.606
17.4.2025,5:8:55.080,28.696,52.108
17.4.2025,5:8:56.095,28.919,36.277
17.4.2025,5:8:57.113,28.474,46.670
17.4.2025,5:8:58.111,28.720,47.133
17.4.2025,5:8:59.114,28.782,34.390
17.4.2025,5:9:0.109,28.775,52.694
17.4.2025,5:9:1.117,28.806,38.876
17.4.2025,5:9:2.113,28.726,45.393
17.4.2025,5:9:3.116,28.747,48.129
17.4.2025,5:9:4.109,28.937,33.420
17.4.2025,5:9:5.117,28.919,52.676
17.4.2025,5:9:6.110,28.872,41.787
17.4.2025,5:9:7.117,28.748,41.771
17.4.2025,5:9:8.109,28.563,35.566
17.4.2025,5:9:9.122,28.596,51.739
17.4.2025,5:9:10.121,28.925,35.446
17.4.2025,5:9:11.121,28.859,46.479
17.4.2025,5:9:12.110,28.776,47.236
17.4.2025,5:9:13.110,29.060,31.492
17.4.2025,5:9:14.110,28.855,50.797
17.4.2025,5:9:15.115,28.683,42.456
17.4.2025,5:9:16.115,28.864,37.371
17.4.2025,5:9:17.114,28.605,50.372
17.4.2025,5:9:18.114,29.013,36.203
17.4.2025,5:9:19.114,31.256,46.042
17.4.2025,5:9:20.109,28.650,48.427
17.4.2025,5:9:21.115,29.006,33.918
17.4.2025,5:9:22.114,28.656,55.135
17.4.2025,5:9:23.129,28.731,41.322
17.4.2025,5:9:24.124,29.085,37.259
17.4.2025,5:9:25.144,28.526,52.528
17.4.2025,5:9:26.147,28.758,52.809
17.4.2025,5:9:27.149,29.015,38.170
17.4.2025,5:9:28.148,28.536,44.604
17.4.2025,5:9:29.163,28.764,48.457
17.4.2025,5:9:30.166,28.687,33.878
17.4.2025,5:9:31.183,29.006,53.239
17.4.2025,5:9:32.185,28.902,38.037
17.4.2025,5:9:33.187,28.681,41.261
17.4.2025,5:9:34.189,28.806,50.224
17.4.2025,5:9:35.191,28.739,34.594
17.4.2025,5:9:36.190,28.844,49.594
17.4.2025,5:9:37.189,28.482,43.464
17.4.2025,5:9:38.189,28.595,35.543
17.4.2025,5:9:39.206,28.733,53.692
17.4.2025,5:9:40.206,28.673,39.954
17.4.2025,5:9:41.222,28.928,42.699
17.4.2025,5:9:42.226,28.686,42.310
17.4.2025,5:9:43.241,28.586,50.613
17.4.2025,5:9:44.257,28.812,34.541
17.4.2025,5:9:45.272,28.386,48.952
17.4.2025,5:9:46.271,28.665,47.761
17.4.2025,5:9:47.287,28.513,35.137
17.4.2025,5:9:48.290,28.825,53.103
17.4.2025,5:9:49.293,28.804,39.252
17.4.2025,5:9:50.307,28.700,41.464
17.4.2025,5:9:51.321,28.862,48.765
17.4.2025,5:9:52.323,28.648,33.219
17.4.2025,5:9:53.326,28.933,50.968
17.4.2025,5:9:54.331,28.683,46.484
17.4.2025,5:9:55.347,28.831,48.477
17.4.2025,5:9:56.364,28.707,33.756
17.4.2025,5:9:57.367,28.859,53.294
17.4.2025,5:9:58.382,28.937,41.519
17.4.2025,5:9:59.396,29.051,37.861
17.4.2025,5:10:0.396,28.513,51.882
17.4.2025,5:10:1.397,28.731,36.686
17.4.2025,5:10:2.398,28.764,49.538
17.4.2025,5:10:3.400,29.047,45.400
17.4.2025,5:10:4.398,28.578,34.519
17.4.2025,5:10:5.397,28.801,52.003
17.4.2025,5:10:6.399,28.755,36.336
17.4.2025,5:10:7.398,28.878,51.198
17.4.2025,5:10:8.398,28.788,47.024
17.4.2025,5:10:9.398,28.435,33.660
17.4.2025,5:10:10.398,28.688,55.297
17.4.2025,5:10:11.396,28.778,39.632
17.4.2025,5:10:12.394,28.633,43.733
17.4.2025,5:10:13.399,28.528,49.262
17.4.2025,5:10:14.399,28.995,32.625
17.4.2025,5:10:15.399,28.812,50.412
17.4.2025,5:10:16.403,29.002,47.170
17.4.2025,5:10:17.403,28.858,48.015
17.4.2025,5:10:18.416,28.792,33.467
17.4.2025,5:10:19.419,28.803,52.305
17.4.2025,5:10:20.420,29.112,36.289
17.4.2025,5:10:21.436,28.810,49.929
17.4.2025,5:10:22.435,28.657,44.224
17.4.2025,5:10:23.439,29.292,36.607
17.4.2025,5:10:24.440,28.782,50.243
17.4.2025,5:10:25.443,28.703,35.567
17.4.2025,5:10:26.446,28.701,51.005
17.4.2025,5:10:27.445,28.736,46.399
17.4.2025,5:10:28.460,28.890,48.262
17.4.2025,5:10:29.462,28.538,53.437
17.4.2025,5:10:30.461,28.832,34.984
17.4.2025,5:10:31.477,28.784,37.861
17.4.2025,5:10:32.493,28.588,43.051
17.4.2025,5:10:33.495,29.134,48.518
17.4.2025,5:10:34.491,28.829,34.305
17.4.2025,5:10:35.495,28.539,52.997
17.4.2025,5:10:36.481,29.110,38.010
17.4.2025,5:10:37.497,29.073,43.898
17.4.2025,5:10:38.502,28.641,48.681
17.4.2025,5:10:39.500,28.961,32.063
17.4.2025,5:10:40.517,28.458,52.243
17.4.2025,5:10:41.516,28.800,43.185
17.4.2025,5:10:42.518,28.796,47.285
17.4.2025,5:10:43.532,29.032,36.853
17.4.2025,5:10:44.549,28.660,51.021
17.4.2025,5:10:45.565,28.765,36.007
17.4.2025,5:10:46.579,28.579,48.225
17.4.2025,5:10:47.581,28.719,47.959
17.4.2025,5:10:48.584,28.688,34.511
17.4.2025,5:10:49.600,28.660,53.994
17.4.2025,5:10:50.602,28.829,38.809
17.4.2025,5:10:51.620,28.865,38.952
17.4.2025,5:10:52.624,29.139,38.510
17.4.2025,5:10:53.637,32.156,35.758
17.4.2025,5:10:54.652,28.922,38.701
17.4.2025,5:10:55.640,28.715,47.919
17.4.2025,5:10:56.640,28.963,47.928
17.4.2025,5:10:57.639,28.688,34.930
17.4.2025,5:10:58.639,28.837,53.142
17.4.2025,5:10:59.658,28.656,39.008
17.4.2025,5:11:0.658,28.915,42.183
17.4.2025,5:11:1.673,28.474,51.005
17.4.2025,5:11:2.689,28.845,34.704
17.4.2025,5:11:3.692,28.678,53.011
17.4.2025,5:11:4.707,28.685,45.913
17.4.2025,5:11:5.708,28.754,35.618
17.4.2025,5:11:6.722,28.739,51.483
17.4.2025,5:11:7.738,28.986,51.973
17.4.2025,5:11:8.740,28.608,36.563
17.4.2025,5:11:9.754,28.741,47.523
17.4.2025,5:11:10.755,28.592,48.442
17.4.2025,5:11:11.760,28.634,31.214
17.4.2025,5:11:12.758,28.789,52.022
17.4.2025,5:11:13.759,28.884,40.399
17.4.2025,5:11:14.760,28.510,40.510
17.4.2025,5:11:15.762,29.824,49.972
17.4.2025,5:11:16.777,28.553,34.693
17.4.2025,5:11:17.775,28.872,52.089
17.4.2025,5:11:18.776,28.793,41.621
17.4.2025,5:11:19.791,28.747,38.906
17.4.2025,5:11:20.793,28.807,50.362
17.4.2025,5:11:21.797,28.888,32.360
17.4.2025,5:11:22.799,28.692,51.599
17.4.2025,5:11:23.817,28.836,46.318
17.4.2025,5:11:24.816,28.657,47.834
17.4.2025,5:11:25.818,29.017,35.405
17.4.2025,5:11:26.817,28.788,52.882
17.4.2025,5:11:27.820,28.810,37.986
17.4.2025,5:11:28.819,28.577,43.902
17.4.2025,5:11:29.819,28.885,49.117
17.4.2025,5:11:30.820,28.405,32.614
17.4.2025,5:11:31.821,28.796,52.751
17.4.2025,5:11:32.820,28.401,43.768
17.4.2025,5:11:33.831,28.909,34.150
17.4.2025,5:11:34.832,28.951,52.798
17.4.2025,5:11:35.832,28.765,52.349
17.4.2025,5:11:36.837,28.756,36.281
17.4.2025,5:11:37.838,28.896,45.327
17.4.2025,5:11:38.855,28.709,48.930
17.4.2025,5:11:39.871,28.598,34.173
17.4.2025,5:11:40.870,28.990,48.975
17.4.2025,5:11:41.870,28.750,47.169
17.4.2025,5:11:42.858,28.863,34.751
17.4.2025,5:11:43.860,31.348,54.748
17.4.2025,5:11:44.863,31.880,47.723
17.4.2025,5:11:45.865,29.259,48.387
17.4.2025,5:11:46.881,28.774,34.350
17.4.2025,5:11:47.893,28.705,53.618
17.4.2025,5:11:48.896,28.819,38.078
17.4.2025,5:11:49.899,28.840,40.055
17.4.2025,5:11:50.902,28.994,49.766
17.4.2025,5:11:51.888,28.413,31.148
17.4.2025,5:11:52.889,28.945,53.900
17.4.2025,5:11:53.890,28.845,43.081
17.4.2025,5:11:54.889,28.778,35.901
17.4.2025,5:11:55.890,28.427,50.161
17.4.2025,5:11:56.890,28.747,32.700
17.4.2025,5:11:57.889,28.831,51.041
17.4.2025,5:11:58.907,28.846,46.844
17.4.2025,5:11:59.909,29.256,37.146
17.4.2025,5:12:0.928,28.813,51.033
17.4.2025,5:12:1.928,28.406,53.392
17.4.2025,5:12:2.932,28.672,38.962
17.4.2025,5:12:3.950,28.831,42.268
17.4.2025,5:12:4.934,28.496,47.972
17.4.2025,5:12:5.938,28.821,34.485
17.4.2025,5:12:6.938,28.797,54.195
17.4.2025,5:12:7.938,28.806,37.237
17.4.2025,5:12:8.957,29.083,46.133
17.4.2025,5:12:9.961,29.015,48.421
17.4.2025,5:12:10.963,28.522,32.998
17.4.2025,5:12:11.963,28.881,54.561
17.4.2025,5:12:12.979,28.584,37.038
17.4.2025,5:12:13.977,28.670,40.812
17.4.2025,5:12:14.994,28.675,50.446
17.4.2025,5:12:15.993,28.754,33.098
17.4.2025,5:12:17.007,28.789,52.647
17.4.2025,5:12:18.008,28.657,43.012
17.4.2025,5:12:19.006,28.664,36.338
17.4.2025,5:12:20.008,28.800,52.288
17.4.2025,5:12:21.007,29.112,34.854
17.4.2025,5:12:22.025,28.605,35.083
17.4.2025,5:12:23.027,28.856,46.537
17.4.2025,5:12:24.028,29.044,48.522
17.4.2025,5:12:25.030,28.674,31.862
17.4.2025,5:12:26.044,28.631,52.344
17.4.2025,5:12:27.046,28.564,40.124
17.4.2025,5:12:28.048,31.437,34.762
17.4.2025,5:12:29.050,28.780,52.687
17.4.2025,5:12:30.053,28.738,36.691
17.4.2025,5:12:31.052,28.808,48.527
17.4.2025,5:12:32.049,29.103,44.377
17.4.2025,5:12:33.061,28.699,34.375
17.4.2025,5:12:34.078,28.940,52.974
17.4.2025,5:12:35.093,28.654,34.861
17.4.2025,5:12:36.092,28.903,48.176
17.4.2025,5:12:37.112,29.059,45.790
17.4.2025,5:12:38.110,28.933,48.441
17.4.2025,5:12:39.111,28.795,32.934
17.4.2025,5:12:40.110,28.958,53.000
17.4.2025,5:12:41.111,28.710,38.691
17.4.2025,5:12:42.111,28.870,44.304
17.4.2025,5:12:43.109,29.130,48.432
17.4.2025,5:12:44.109,28.752,32.635
17.4.2025,5:12:45.126,28.700,55.254
17.4.2025,5:12:46.122,28.861,42.653
17.4.2025,5:12:47.128,28.754,37.486
17.4.2025,5:12:48.126,28.915,50.133
17.4.2025,5:12:49.141,28.456,32.992
17.4.2025,5:12:50.144,28.773,53.166
17.4.2025,5:12:51.146,28.599,38.970
17.4.2025,5:12:52.146,28.682,44.228
17.4.2025,5:12:53.148,28.690,48.070
17.4.2025,5:12:54.151,28.634,32.724
17.4.2025,5:12:55.167,28.650,54.314
17.4.2025,5:12:56.167,28.726,42.461
17.4.2025,5:12:57.168,28.611,37.198
17.4.2025,5:12:58.169,28.720,33.796
17.4.2025,5:12:59.186,29.020,53.644
17.4.2025,5:13:0.204,28.941,35.899
17.4.2025,5:13:1.205,28.981,46.605
17.4.2025,5:13:2.222,28.896,48.428
17.4.2025,5:13:3.223,28.771,33.156
17.4.2025,5:13:4.239,28.863,53.706
17.4.2025,5:13:5.239,29.057,39.971
17.4.2025,5:13:6.240,28.722,42.398
17.4.2025,5:13:7.239,29.093,48.163
17.4.2025,5:13:8.256,28.909,34.043
17.4.2025,5:13:9.269,28.819,53.464
17.4.2025,5:13:10.270,29.005,36.308
17.4.2025,5:13:11.270,28.866,45.629
17.4.2025,5:13:12.271,28.668,48.041
17.4.2025,5:13:13.272,28.789,49.341
17.4.2025,5:13:14.270,28.791,32.619
17.4.2025,5:13:15.285,28.967,52.075
17.4.2025,5:13:16.286,28.983,44.944
17.4.2025,5:13:17.285,28.988,34.098
17.4.2025,5:13:18.287,29.009,37.625
17.4.2025,5:13:19.285,29.463,37.758
17.4.2025,5:13:20.303,29.503,38.991
17.4.2025,5:13:21.317,29.186,48.446
17.4.2025,5:13:22.319,28.550,32.020
17.4.2025,5:13:23.319,28.777,51.178
17.4.2025,5:13:24.333,28.848,47.050
17.4.2025,5:13:25.337,28.901,35.713
17.4.2025,5:13:26.353,29.102,51.966
17.4.2025,5:13:27.355,30.477,34.036
17.4.2025,5:13:28.354,29.986,44.199
17.4.2025,5:13:29.372,28.922,49.635
17.4.2025,5:13:30.357,29.055,52.514
17.4.2025,5:13:31.358,29.001,35.411
17.4.2025,5:13:32.376,28.962,47.431
17.4.2025,5:13:33.395,30.014,44.148
17.4.2025,5:13:34.397,28.879,32.887
17.4.2025,5:13:35.414,28.608,52.132
17.4.2025,5:13:36.413,28.676,39.117
17.4.2025,5:13:37.413,28.899,40.729
17.4.2025,5:13:38.429,28.981,48.242
17.4.2025,5:13:39.443,28.523,33.058
17.4.2025,5:13:40.448,28.392,53.310
17.4.2025,5:13:41.465,28.750,49.842
17.4.2025,5:13:42.466,28.752,46.763
17.4.2025,5:13:43.450,28.736,34.435
17.4.2025,5:13:44.452,28.772,52.643
17.4.2025,5:13:45.453,28.720,38.830
17.4.2025,5:13:46.453,28.772,38.706
17.4.2025,5:13:47.469,28.875,49.920
17.4.2025,5:13:48.485,28.765,32.859
17.4.2025,5:13:49.486,28.531,50.906
17.4.2025,5:13:50.486,28.813,47.078
17.4.2025,5:13:51.501,28.825,34.062
17.4.2025,5:13:52.518,28.713,52.648
17.4.2025,5:13:53.532,28.406,41.075
17.4.2025,5:13:54.536,28.946,43.107
17.4.2025,5:13:55.540,28.673,36.132
17.4.2025,5:13:56.539,28.624,51.038
17.4.2025,5:13:57.539,28.750,34.912
17.4.2025,5:13:58.540,28.594,44.339
17.4.2025,5:13:59.538,28.741,48.706
17.4.2025,5:14:0.537,28.854,34.057
17.4.2025,5:14:1.542,29.941,52.963
17.4.2025,5:14:2.542,29.940,41.409
17.4.2025,5:14:3.557,28.593,38.721
17.4.2025,5:14:4.558,28.903,37.502
17.4.2025,5:14:5.558,28.754,51.840
17.4.2025,5:14:6.573,28.615,37.983
17.4.2025,5:14:7.588,28.715,40.997
17.4.2025,5:14:8.601,28.625,48.570
17.4.2025,5:14:9.617,28.855,31.862
17.4.2025,5:14:10.632,28.698,53.734
17.4.2025,5:14:11.647,28.787,42.868
17.4.2025,5:14:12.649,29.032,35.618
17.4.2025,5:14:13.654,28.987,51.804
17.4.2025,5:14:14.655,28.979,36.655
17.4.2025,5:14:15.669,28.542,48.428
17.4.2025,5:14:16.686,28.534,45.390
17.4.2025,5:14:17.687,29.040,35.210
17.4.2025,5:14:18.705,28.854,52.546
17.4.2025,5:14:19.706,28.815,36.665
17.4.2025,5:14:20.708,28.692,48.221
17.4.2025,5:14:21.724,28.823,47.871
17.4.2025,5:14:22.725,28.488,48.659
17.4.2025,5:14:23.736,29.152,31.605
17.4.2025,5:14:24.754,28.719,53.369
17.4.2025,5:14:25.768,28.848,39.994
17.4.2025,5:14:26.768,28.496,40.286
17.4.2025,5:14:27.781,28.551,51.029
17.4.2025,5:14:28.783,28.697,35.305
17.4.2025,5:14:29.782,28.874,47.518
17.4.2025,5:14:30.795,28.785,47.125
17.4.2025,5:14:31.797,28.835,35.123
17.4.2025,5:14:32.799,28.321,52.014
17.4.2025,5:14:33.802,28.806,38.935
17.4.2025,5:14:34.803,28.885,40.145
17.4.2025,5:14:35.808,28.663,48.604
17.4.2025,5:14:36.808,28.735,33.876
17.4.2025,5:14:37.809,28.541,52.385
17.4.2025,5:14:38.822,28.948,46.601
17.4.2025,5:14:39.840,28.493,35.011
17.4.2025,5:14:40.827,28.831,52.458
17.4.2025,5:14:41.826,28.360,37.322
17.4.2025,5:14:42.840,28.897,43.394
17.4.2025,5:14:43.858,29.076,49.946
17.4.2025,5:14:44.859,28.267,31.161
17.4.2025,5:14:45.870,28.979,52.205
17.4.2025,5:14:46.869,28.744,43.581
17.4.2025,5:14:47.871,28.665,36.713
17.4.2025,5:14:48.886,28.460,50.106
17.4.2025,5:14:49.899,28.691,34.590
17.4.2025,5:14:50.898,28.553,50.498
17.4.2025,5:14:51.918,28.913,47.244
17.4.2025,5:14:52.918,28.386,48.507
17.4.2025,5:14:53.917,29.078,32.701
17.4.2025,5:14:54.903,28.714,53.099
17.4.2025,5:14:55.905,28.485,37.520
17.4.2025,5:14:56.933,28.867,45.167
17.4.2025,5:14:57.936,28.865,48.504
17.4.2025,5:14:58.947,29.060,34.765
17.4.2025,5:14:59.950,28.903,53.189
17.4.2025,5:15:0.948,28.622,35.878
17.4.2025,5:15:1.963,28.879,47.031
17.4.2025,5:15:2.978,28.590,48.029
17.4.2025,5:15:3.993,29.026,32.016
17.4.2025,5:15:5.007,28.733,54.561
17.4.2025,5:15:6.007,28.800,41.651
17.4.2025,5:15:7.009,29.075,37.489
17.4.2025,5:15:8.028,28.960,50.023
17.4.2025,5:15:9.026,28.809,33.000
17.4.2025,5:15:10.026,28.736,34.691
17.4.2025,5:15:11.026,28.691,43.950
17.4.2025,5:15:12.028,28.844,48.014
17.4.2025,5:15:13.014,28.955,33.272
17.4.2025,5:15:14.042,28.771,53.022
17.4.2025,5:15:15.041,28.268,39.480
17.4.2025,5:15:16.045,29.001,41.951
17.4.2025,5:15:17.032,28.614,48.885
17.4.2025,5:15:18.031,28.915,31.814
17.4.2025,5:15:19.030,28.807,52.711
17.4.2025,5:15:20.031,28.856,45.285
17.4.2025,5:15:21.048,28.837,36.561
17.4.2025,5:15:22.047,28.770,51.017
17.4.2025,5:15:23.066,28.980,33.920
17.4.2025,5:15:24.082,28.954,48.779
17.4.2025,5:15:25.097,28.455,47.698
17.4.2025,5:15:26.112,28.694,35.923
17.4.2025,5:15:27.113,28.758,51.352
17.4.2025,5:15:28.108,28.821,53.898
17.4.2025,5:15:29.115,28.707,39.613
17.4.2025,5:15:30.112,28.949,44.507
17.4.2025,5:15:31.110,28.514,48.003
17.4.2025,5:15:32.109,28.966,33.079
17.4.2025,5:15:33.127,28.384,52.482
17.4.2025,5:15:34.127,28.693,43.643
17.4.2025,5:15:35.126,28.681,34.784
17.4.2025,5:15:36.140,31.089,51.799
17.4.2025,5:15:37.157,28.649,37.721
17.4.2025,5:15:38.160,28.966,43.076
17.4.2025,5:15:39.158,28.651,50.117
17.4.2025,5:15:40.160,28.586,34.563
17.4.2025,5:15:41.177,28.611,50.462
17.4.2025,5:15:42.180,28.545,46.359
17.4.2025,5:15:43.181,28.839,46.926
17.4.2025,5:15:44.180,28.749,33.710
17.4.2025,5:15:45.184,29.196,38.829
17.4.2025,5:15:46.182,31.957,38.967
17.4.2025,5:15:47.195,29.547,37.443
17.4.2025,5:15:48.199,28.698,52.252
17.4.2025,5:15:49.199,28.750,38.373
17.4.2025,5:15:50.201,28.678,46.250
17.4.2025,5:15:51.217,28.589,47.944
17.4.2025,5:15:52.231,28.800,31.334
17.4.2025,5:15:53.231,28.646,51.341
17.4.2025,5:15:54.243,28.893,45.524
17.4.2025,5:15:55.247,28.612,34.658
17.4.2025,5:15:56.246,29.037,35.276
17.4.2025,5:15:57.248,28.895,52.653
17.4.2025,5:15:58.247,28.587,36.888
17.4.2025,5:15:59.260,28.571,44.617
17.4.2025,5:16:0.258,28.952,48.755
17.4.2025,5:16:1.275,28.845,33.050
17.4.2025,5:16:2.279,28.983,54.713
17.4.2025,5:16:3.280,28.931,40.076
17.4.2025,5:16:4.283,28.714,38.186
17.4.2025,5:16:5.282,28.367,53.000
17.4.2025,5:16:6.298,28.761,36.275
17.4.2025,5:16:7.298,28.761,49.831
17.4.2025,5:16:8.316,28.828,46.671
17.4.2025,5:16:9.315,28.408,36.216
17.4.2025,5:16:10.315,28.982,50.058
17.4.2025,5:16:11.314,28.982,31.654
17.4.2025,5:16:12.315,28.686,51.396
17.4.2025,5:16:13.326,28.608,43.584
17.4.2025,5:16:14.326,28.805,39.270
17.4.2025,5:16:15.340,28.744,50.471
17.4.2025,5:16:16.344,28.492,37.629
17.4.2025,5:16:17.360,28.878,45.923
17.4.2025,5:16:18.360,28.765,47.412
17.4.2025,5:16:19.357,28.921,35.129
17.4.2025,5:16:20.356,28.483,53.428
17.4.2025,5:16:21.370,28.878,37.750
17.4.2025,5:16:22.370,28.729,44.501
17.4.2025,5:16:23.369,28.963,48.312
17.4.2025,5:16:24.369,28.811,33.203
17.4.2025,5:16:25.385,29.153,53.443
17.4.2025,5:16:26.385,28.675,38.158
17.4.2025,5:16:27.385,28.831,40.844
17.4.2025,5:16:28.386,29.006,35.562
17.4.2025,5:16:29.388,28.716,51.203
17.4.2025,5:16:30.391,28.729,34.031
17.4.2025,5:16:31.393,28.635,47.991
17.4.2025,5:16:32.396,28.717,48.284
17.4.2025,5:16:33.394,29.180,33.135
17.4.2025,5:16:34.394,28.852,53.299
17.4.2025,5:16:35.390,28.714,38.415
17.4.2025,5:16:36.391,29.228,41.323
17.4.2025,5:16:37.406,28.316,49.194
17.4.2025,5:16:38.419,28.645,31.699
17.4.2025,5:16:39.436,28.718,49.045
17.4.2025,5:16:40.436,28.614,43.254
17.4.2025,5:16:41.435,28.890,33.880
17.4.2025,5:16:42.435,28.627,33.346
17.4.2025,5:16:43.450,28.880,54.734
17.4.2025,5:16:44.436,28.844,37.971
17.4.2025,5:16:45.439,28.607,42.699
17.4.2025,5:16:46.442,28.657,48.518
17.4.2025,5:16:47.457,28.961,33.253
17.4.2025,5:16:48.471,28.516,54.803
17.4.2025,5:16:49.487,28.794,42.275
17.4.2025,5:16:50.500,28.893,39.030
17.4.2025,5:16:51.516,28.858,50.705
17.4.2025,5:16:52.517,29.199,35.472
17.4.2025,5:16:53.513,28.527,49.272
17.4.2025,5:16:54.531,28.541,47.157
17.4.2025,5:16:55.533,28.843,34.494
17.4.2025,5:16:56.531,28.547,52.640
17.4.2025,5:16:57.529,28.768,35.162
17.4.2025,5:16:58.533,28.697,50.252
17.4.2025,5:16:59.551,28.793,46.739
17.4.2025,5:17:0.568,28.785,32.656
17.4.2025,5:17:1.565,28.941,55.281
17.4.2025,5:17:2.565,28.662,39.322
17.4.2025,5:17:3.568,28.792,39.562
17.4.2025,5:17:4.583,28.548,49.442
17.4.2025,5:17:5.584,28.705,33.045
17.4.2025,5:17:6.582,28.817,49.468
17.4.2025,5:17:7.583,28.975,48.069
17.4.2025,5:17:8.596,28.699,36.641
17.4.2025,5:17:9.613,28.679,33.493
17.4.2025,5:17:10.615,29.466,49.748
17.4.2025,5:17:11.616,30.551,46.564
17.4.2025,5:17:12.633,28.916,35.104
17.4.2025,5:17:13.648,28.767,50.353
17.4.2025,5:17:14.652,28.675,34.197
17.4.2025,5:17:15.652,28.930,51.136
17.4.2025,5:17:16.649,28.743,43.048
17.4.2025,5:17:17.649,29.061,35.682
17.4.2025,5:17:18.648,28.670,53.140
17.4.2025,5:17:19.648,28.823,39.092
17.4.2025,5:17:20.651,28.981,41.246
17.4.2025,5:17:21.669,28.876,48.613
17.4.2025,5:17:22.684,28.682,33.072
17.4.2025,5:17:23.699,28.643,33.433
17.4.2025,5:17:24.702,28.578,52.367
17.4.2025,5:17:25.718,28.830,41.337
17.4.2025,5:17:26.721,28.681,37.930
17.4.2025,5:17:27.720,28.754,50.490
17.4.2025,5:17:28.719,28.759,36.308
17.4.2025,5:17:29.735,28.568,46.089
17.4.2025,5:17:30.734,28.547,47.138
17.4.2025,5:17:31.736,28.940,34.098
17.4.2025,5:17:32.733,28.767,53.881
17.4.2025,5:17:33.736,28.685,40.154
17.4.2025,5:17:34.737,28.776,36.388
17.4.2025,5:17:35.738,28.766,49.566
17.4.2025,5:17:36.738,28.415,32.955
17.4.2025,5:17:37.742,28.855,54.014
17.4.2025,5:17:38.742,28.880,41.707
17.4.2025,5:17:39.742,28.671,40.204
17.4.2025,5:17:40.757,28.888,35.139
17.4.2025,5:17:41.760,28.387,51.456
17.4.2025,5:17:42.774,28.823,38.392
17.4.2025,5:17:43.789,28.722,41.379
17.4.2025,5:17:44.791,29.012,49.945
17.4.2025,5:17:45.781,29.001,32.458
17.4.2025,5:17:46.781,28.689,49.817
17.4.2025,5:17:47.784,28.802,47.616
17.4.2025,5:17:48.787,28.948,32.747
17.4.2025,5:17:49.788,28.902,54.854
17.4.2025,5:17:50.788,28.703,37.092
17.4.2025,5:17:51.789,28.604,44.070
17.4.2025,5:17:52.804,28.591,49.045
17.4.2025,5:17:53.805,28.505,30.446
17.4.2025,5:17:54.805,28.629,34.589
17.4.2025,5:17:55.820,28.662,39.834
17.4.2025,5:17:56.821,28.934,43.552
17.4.2025,5:17:57.822,28.718,38.920
17.4.2025,5:17:58.819,28.517,52.383
17.4.2025,5:17:59.822,28.880,36.892
17.4.2025,5:18:0.824,29.127,46.009
17.4.2025,5:18:1.821,28.465,48.408
17.4.2025,5:18:2.823,28.822,34.297
17.4.2025,5:18:3.822,28.828,52.083
17.4.2025,5:18:4.824,28.675,40.140
17.4.2025,5:18:5.823,28.870,40.360
17.4.2025,5:18:6.811,28.620,49.605
17.4.2025,5:18:7.812,28.931,31.879
17.4.2025,5:18:8.827,28.849,51.364
17.4.2025,5:18:9.827,28.464,41.231
17.4.2025,5:18:10.842,28.760,38.761
17.4.2025,5:18:11.841,28.862,39.405
17.4.2025,5:18:12.857,29.296,39.147
17.4.2025,5:18:13.861,29.407,38.704
17.4.2025,5:18:14.862,29.011,48.483
17.4.2025,5:18:15.864,29.004,49.468
17.4.2025,5:18:16.879,28.817,32.709
17.4.2025,5:18:17.883,28.981,50.489
17.4.2025,5:18:18.899,28.704,45.848
17.4.2025,5:18:19.903,28.804,34.485
17.4.2025,5:18:20.916,28.589,52.560
17.4.2025,5:18:21.932,28.764,35.537
17.4.2025,5:18:22.948,28.586,47.305
17.4.2025,5:18:23.936,28.775,46.273
17.4.2025,5:18:24.951,28.791,34.637
17.4.2025,5:18:25.968,28.590,52.842
17.4.2025,5:18:26.981,28.460,40.519
17.4.2025,5:18:27.984,28.697,38.889
17.4.2025,5:18:29.000,29.211,38.001
17.4.2025,5:18:30.012,28.841,50.563
17.4.2025,5:18:31.014,28.883,35.362
17.4.2025,5:18:32.016,28.932,44.047
17.4.2025,5:18:33.019,28.515,48.617
17.4.2025,5:18:34.022,28.734,34.121
17.4.2025,5:18:35.020,29.305,49.736
17.4.2025,5:18:36.020,28.724,46.618
17.4.2025,5:18:37.023,28.788,34.483
17.4.2025,5:18:38.026,28.648,53.400
17.4.2025,5:18:39.015,28.811,37.104
17.4.2025,5:18:40.013,28.965,49.185
17.4.2025,5:18:41.029,28.673,47.667
17.4.2025,5:18:42.013,28.772,35.287
17.4.2025,5:18:43.014,28.772,33.632
17.4.2025,5:18:44.017,29.050,53.413
17.4.2025,5:18:45.032,30.399,47.515
17.4.2025,5:18:46.036,29.590,34.318
17.4.2025,5:18:47.038,28.887,54.297
17.4.2025,5:18:48.035,28.692,39.391
17.4.2025,5:18:49.052,28.846,42.598
17.4.2025,5:18:50.067,28.417,48.309
17.4.2025,5:18:51.069,28.860,33.484
17.4.2025,5:18:52.067,28.914,52.714
17.4.2025,5:18:53.065,28.782,40.259
17.4.2025,5:18:54.067,28.966,39.873
17.4.2025,5:18:55.070,28.910,51.931
17.4.2025,5:18:56.071,28.914,35.667
17.4.2025,5:18:57.070,28.646,47.364
17.4.2025,5:18:58.068,29.029,45.069
17.4.2025,5:18:59.067,28.664,35.328
17.4.2025,5:19:0.078,28.751,52.080
17.4.2025,5:19:1.094,28.681,39.202
17.4.2025,5:19:2.110,28.597,42.211
17.4.2025,5:19:3.115,28.715,37.150
17.4.2025,5:19:4.115,28.666,49.814
17.4.2025,5:19:5.115,28.637,34.203
17.4.2025,5:19:6.110,28.677,46.625
17.4.2025,5:19:7.116,28.744,46.940
17.4.2025,5:19:8.121,28.784,35.436
17.4.2025,5:19:9.121,28.881,52.086
17.4.2025,5:19:10.110,28.577,35.888
17.4.2025,5:19:11.135,28.809,47.031
17.4.2025,5:19:12.126,28.838,45.509
17.4.2025,5:19:13.149,28.819,38.653
17.4.2025,5:19:14.149,28.775,51.685
17.4.2025,5:19:15.149,28.825,34.726
17.4.2025,5:19:16.146,28.733,48.179
17.4.2025,5:19:17.151,28.379,46.358
17.4.2025,5:19:18.148,28.799,34.027
17.4.2025,5:19:19.150,29.170,52.674
17.4.2025,5:19:20.152,28.604,39.986
17.4.2025,5:19:21.139,28.595,39.986
17.4.2025,5:19:22.157,28.761,37.118
17.4.2025,5:19:23.156,28.591,37.118
17.4.2025,5:19:24.161,28.619,31.316
17.4.2025,5:19:25.179,29.174,32.800
17.4.2025,5:19:26.178,28.727,42.915
17.4.2025,5:19:27.178,28.657,47.070
17.4.2025,5:19:28.176,28.542,36.009
17.4.2025,5:19:29.176,28.565,52.962
17.4.2025,5:19:30.173,28.975,36.227
17.4.2025,5:19:31.188,28.761,50.905
17.4.2025,5:19:32.207,28.704,44.048
17.4.2025,5:19:33.224,28.884,34.994
17.4.2025,5:19:34.222,28.728,51.956
17.4.2025,5:19:35.224,28.998,35.365
17.4.2025,5:19:36.237,28.606,50.390
17.4.2025,5:19:37.239,28.830,44.329
17.4.2025,5:19:38.238,28.418,34.478
17.4.2025,5:19:39.240,29.031,52.148
17.4.2025,5:19:40.239,28.781,53.622
17.4.2025,5:19:41.256,28.946,37.076
17.4.2025,5:19:42.257,29.027,42.908
17.4.2025,5:19:43.254,28.803,48.811
17.4.2025,5:19:44.254,28.655,31.976
17.4.2025,5:19:45.267,28.634,52.983
17.4.2025,5:19:46.267,29.197,41.078
17.4.2025,5:19:47.266,28.726,41.065
17.4.2025,5:19:48.270,28.586,50.904
17.4.2025,5:19:49.269,28.929,33.440
17.4.2025,5:19:50.270,28.661,50.382
17.4.2025,5:19:51.282,28.374,44.395
17.4.2025,5:19:52.281,29.044,34.895
17.4.2025,5:19:53.283,28.630,51.705
17.4.2025,5:19:54.285,28.514,35.149
17.4.2025,5:19:55.284,28.664,51.931
17.4.2025,5:19:56.286,28.882,42.896
17.4.2025,5:19:57.289,28.675,38.692
17.4.2025,5:19:58.305,28.613,49.407
17.4.2025,5:19:59.305,28.854,31.473
17.4.2025,5:20:0.306,28.811,48.203
17.4.2025,5:20:1.320,28.813,46.432
17.4.2025,5:20:2.318,28.725,48.332
17.4.2025,5:20:3.319,28.875,33.109
17.4.2025,5:20:4.318,28.859,54.992
17.4.2025,5:20:5.321,28.671,41.507
17.4.2025,5:20:6.320,28.955,39.720
17.4.2025,5:20:7.319,28.813,49.076
17.4.2025,5:20:8.322,28.754,33.386
17.4.2025,5:20:9.319,28.650,54.713
17.4.2025,5:20:10.321,28.734,40.237
17.4.2025,5:20:11.321,28.913,35.352
17.4.2025,5:20:12.321,28.877,52.159
17.4.2025,5:20:13.321,28.946,36.216
17.4.2025,5:20:14.319,28.446,46.759
17.4.2025,5:20:15.332,28.534,47.092
17.4.2025,5:20:16.334,28.589,34.480
17.4.2025,5:20:17.335,28.797,52.260
17.4.2025,5:20:18.347,28.863,34.384
17.4.2025,5:20:19.363,31.316,46.409
17.4.2025,5:20:20.363,28.839,48.567
17.4.2025,5:20:21.364,28.423,32.620
17.4.2025,5:20:22.368,28.753,54.928
17.4.2025,5:20:23.382,28.709,39.610
17.4.2025,5:20:24.383,28.724,38.433
17.4.2025,5:20:25.398,28.666,50.579
17.4.2025,5:20:26.396,28.479,34.939
17.4.2025,5:20:27.395,28.753,46.814
17.4.2025,5:20:28.395,28.691,47.310
17.4.2025,5:20:29.395,28.450,37.421
17.4.2025,5:20:30.410,28.828,34.798
17.4.2025,5:20:31.410,28.086,52.467
17.4.2025,5:20:32.410,28.604,41.336
17.4.2025,5:20:33.411,28.899,36.229
17.4.2025,5:20:34.414,28.498,49.948
17.4.2025,5:20:35.429,28.865,32.930
17.4.2025,5:20:36.430,28.952,49.452
17.4.2025,5:20:37.446,28.566,47.258
17.4.2025,5:20:38.462,28.932,34.916
17.4.2025,5:20:39.481,29.470,38.254
17.4.2025,5:20:40.496,29.185,37.327
17.4.2025,5:20:41.510,29.045,41.152
17.4.2025,5:20:42.513,28.621,49.477
17.4.2025,5:20:43.514,28.893,49.500
17.4.2025,5:20:44.516,28.746,54.658
17.4.2025,5:20:45.518,28.957,49.980
17.4.2025,5:20:46.515,28.601,46.771
17.4.2025,5:20:47.515,28.401,34.767
17.4.2025,5:20:48.516,28.888,53.415
17.4.2025,5:20:49.516,28.481,38.584
17.4.2025,5:20:50.532,28.885,41.183
17.4.2025,5:20:51.532,28.590,50.656
17.4.2025,5:20:52.531,28.794,34.674
17.4.2025,5:20:53.530,29.023,49.597
17.4.2025,5:20:54.544,28.550,44.089
17.4.2025,5:20:55.545,28.742,35.419
17.4.2025,5:20:56.573,28.784,51.755
17.4.2025,5:20:57.589,28.757,35.311
17.4.2025,5:20:58.603,28.829,48.895
17.4.2025,5:20:59.604,28.498,48.036
17.4.2025,5:21:0.617,29.582,34.319
17.4.2025,5:21:1.621,28.797,53.795
17.4.2025,5:21:2.622,28.405,37.997
17.4.2025,5:21:3.620,28.600,41.827
17.4.2025,5:21:4.622,28.439,50.860
17.4.2025,5:21:5.625,28.683,33.748
17.4.2025,5:21:6.641,28.940,52.044
17.4.2025,5:21:7.643,28.667,46.179
17.4.2025,5:21:8.658,28.417,35.652
17.4.2025,5:21:9.673,28.605,50.774
17.4.2025,5:21:10.676,28.747,32.709
17.4.2025,5:21:11.677,29.221,35.728
17.4.2025,5:21:12.683,28.774,47.876
17.4.2025,5:21:13.670,28.794,47.618
17.4.2025,5:21:14.687,28.721,33.826
17.4.2025,5:21:15.686,28.865,54.456
17.4.2025,5:21:16.690,28.700,40.084
17.4.2025,5:21:17.692,29.250,43.790
17.4.2025,5:21:18.694,30.596,48.512
17.4.2025,5:21:19.691,28.322,32.817
17.4.2025,5:21:20.694,28.896,54.930
17.4.2025,5:21:21.711,28.784,39.331
17.4.2025,5:21:22.714,28.722,42.049
17.4.2025,5:21:23.701,28.975,36.638
17.4.2025,5:21:24.704,28.587,49.669
17.4.2025,5:21:25.703,28.857,34.790
17.4.2025,5:21:26.723,28.793,46.344
17.4.2025,5:21:27.742,28.993,48.004
17.4.2025,5:21:28.755,29.397,35.892
17.4.2025,5:21:29.770,29.023,52.551
17.4.2025,5:21:30.770,28.503,40.045
17.4.2025,5:21:31.786,28.462,37.173
17.4.2025,5:21:32.787,28.531,50.175
17.4.2025,5:21:33.791,28.927,34.291
17.4.2025,5:21:34.794,28.553,51.858
17.4.2025,5:21:35.809,28.767,41.399
17.4.2025,5:21:36.811,28.998,46.625
17.4.2025,5:21:37.812,28.916,36.223
17.4.2025,5:21:38.812,28.528,50.729
17.4.2025,5:21:39.815,28.827,36.979
17.4.2025,5:21:40.816,28.958,43.972
17.4.2025,5:21:41.820,28.806,48.799
17.4.2025,5:21:42.834,28.661,33.842
17.4.2025,5:21:43.849,28.919,54.723
17.4.2025,5:21:44.854,28.495,40.083
17.4.2025,5:21:45.855,28.817,44.671
17.4.2025,5:21:46.854,28.782,47.913
17.4.2025,5:21:47.854,28.614,31.315
17.4.2025,5:21:48.867,29.023,50.620
17.4.2025,5:21:49.868,28.674,47.211
17.4.2025,5:21:50.866,28.672,33.442
17.4.2025,5:21:51.880,29.555,54.279
17.4.2025,5:21:52.881,28.683,40.335
17.4.2025,5:21:53.880,31.124,36.229
17.4.2025,5:21:54.878,28.787,51.804
17.4.2025,5:21:55.879,28.670,34.450
17.4.2025,5:21:56.880,28.694,45.421
17.4.2025,5:21:57.892,28.552,48.320
17.4.2025,5:21:58.892,28.617,31.720
17.4.2025,5:21:59.892,28.964,51.962
17.4.2025,5:22:0.893,28.742,44.889
17.4.2025,5:22:1.892,28.658,47.951
17.4.2025,5:22:2.894,28.780,31.773
17.4.2025,5:22:3.909,28.907,53.366
17.4.2025,5:22:4.923,28.720,42.408
17.4.2025,5:22:5.922,28.784,35.039
17.4.2025,5:22:6.937,28.812,50.317
17.4.2025,5:22:7.937,28.491,31.531
17.4.2025,5:22:8.956,28.836,53.646
17.4.2025,5:22:9.970,29.010,43.597
17.4.2025,5:22:10.974,28.928,36.296
17.4.2025,5:22:11.992,28.549,49.526
17.4.2025,5:22:12.993,28.334,32.804
17.4.2025,5:22:13.996,28.742,47.854
17.4.2025,5:22:14.983,28.869,48.774
17.4.2025,5:22:15.986,28.939,50.897
17.4.2025,5:22:16.990,28.608,32.804
17.4.2025,5:22:17.989,28.787,52.296
17.4.2025,5:22:18.990,28.824,46.515
17.4.2025,5:22:19.990,28.854,32.914
17.4.2025,5:22:21.011,28.872,54.664
17.4.2025,5:22:22.024,28.677,39.009
17.4.2025,5:22:23.023,28.906,40.381
17.4.2025,5:22:24.022,28.648,51.219
17.4.2025,5:22:25.024,28.552,36.102
17.4.2025,5:22:26.025,28.941,47.191
17.4.2025,5:22:27.040,28.481,49.437
17.4.2025,5:22:28.029,28.740,33.740
17.4.2025,5:22:29.059,28.933,32.552
17.4.2025,5:22:30.059,28.706,52.006
17.4.2025,5:22:31.046,28.846,42.761
17.4.2025,5:22:32.062,28.409,38.803
17.4.2025,5:22:33.062,28.477,49.982
17.4.2025,5:22:34.075,28.655,33.628
17.4.2025,5:22:35.074,28.376,50.230
17.4.2025,5:22:36.060,28.782,46.965
17.4.2025,5:22:37.060,28.737,32.828
17.4.2025,5:22:38.088,28.421,53.193
17.4.2025,5:22:39.076,28.872,44.726
17.4.2025,5:22:40.076,28.873,36.617
17.4.2025,5:22:41.076,28.663,51.223
17.4.2025,5:22:42.097,28.945,34.199
17.4.2025,5:22:43.114,28.637,51.130
17.4.2025,5:22:44.113,28.682,45.792
17.4.2025,5:22:45.116,28.624,34.927
17.4.2025,5:22:46.115,28.794,33.440
17.4.2025,5:22:47.116,28.825,53.189
17.4.2025,5:22:48.108,28.744,38.962
17.4.2025,5:22:49.115,28.719,42.669
17.4.2025,5:22:50.115,28.699,48.706
17.4.2025,5:22:51.113,28.752,30.680
17.4.2025,5:22:52.109,28.645,51.383
17.4.2025,5:22:53.128,28.478,45.317
17.4.2025,5:22:54.124,28.981,38.033
17.4.2025,5:22:55.144,28.549,51.028
17.4.2025,5:22:56.145,28.639,35.775
17.4.2025,5:22:57.157,28.770,43.734
17.4.2025,5:22:58.162,28.931,48.317
17.4.2025,5:22:59.179,28.700,35.484
17.4.2025,5:23:0.177,28.569,53.439
17.4.2025,5:23:1.192,28.606,37.642
17.4.2025,5:23:2.192,28.633,44.108
17.4.2025,5:23:3.207,28.806,48.605
17.4.2025,5:23:4.208,28.865,31.582
17.4.2025,5:23:5.207,29.076,54.008
17.4.2025,5:23:6.223,29.464,37.910
17.4.2025,5:23:7.242,29.323,36.252
17.4.2025,5:23:8.243,28.822,33.183
17.4.2025,5:23:9.242,28.631,50.298
17.4.2025,5:23:10.242,28.439,34.687
17.4.2025,5:23:11.258,28.755,45.854
17.4.2025,5:23:12.255,28.847,48.144
17.4.2025,5:23:13.257,28.753,35.518
17.4.2025,5:23:14.256,28.804,51.603
17.4.2025,5:23:15.257,28.738,36.469
17.4.2025,5:23:16.273,28.800,46.261
17.4.2025,5:23:17.273,28.558,48.210
17.4.2025,5:23:18.286,28.686,33.338
17.4.2025,5:23:19.290,28.823,53.541
17.4.2025,5:23:20.289,28.825,42.118
17.4.2025,5:23:21.287,29.049,36.379
17.4.2025,5:23:22.292,28.493,51.428
17.4.2025,5:23:23.281,28.563,36.167
17.4.2025,5:23:24.294,28.563,48.051
17.4.2025,5:23:25.310,28.521,48.417
17.4.2025,5:23:26.314,28.649,32.433
17.4.2025,5:23:27.332,30.587,33.192
17.4.2025,5:23:28.333,29.929,46.527
17.4.2025,5:23:29.348,28.413,34.597
17.4.2025,5:23:30.363,28.779,32.686
17.4.2025,5:23:31.380,28.866,53.022
17.4.2025,5:23:32.381,28.765,42.859
17.4.2025,5:23:33.399,28.820,35.750
17.4.2025,5:23:34.403,29.010,52.042
17.4.2025,5:23:35.416,28.875,37.913
17.4.2025,5:23:36.404,28.939,38.222
17.4.2025,5:23:37.404,28.744,49.018
17.4.2025,5:23:38.405,28.706,32.121
17.4.2025,5:23:39.403,29.147,52.348
17.4.2025,5:23:40.420,28.852,39.057
17.4.2025,5:23:41.437,28.699,43.741
17.4.2025,5:23:42.438,28.733,48.950
17.4.2025,5:23:43.439,28.493,51.772
17.4.2025,5:23:44.436,28.629,50.823
17.4.2025,5:23:45.451,28.669,47.249
17.4.2025,5:23:46.465,28.897,34.866
17.4.2025,5:23:47.495,28.615,53.070
17.4.2025,5:23:48.497,28.818,52.746
17.4.2025,5:23:49.497,28.603,38.992
17.4.2025,5:23:50.510,28.908,38.955
17.4.2025,5:23:51.512,28.552,50.684
17.4.2025,5:23:52.511,28.525,34.562
17.4.2025,5:23:53.528,28.922,51.091
17.4.2025,5:23:54.514,28.815,46.212
17.4.2025,5:23:55.517,28.838,33.014
17.4.2025,5:23:56.534,28.697,52.858
17.4.2025,5:23:57.533,28.762,37.584
17.4.2025,5:23:58.546,28.882,43.275
17.4.2025,5:23:59.547,28.869,49.835
17.4.2025,5:24:0.559,28.880,33.524
17.4.2025,5:24:1.560,28.490,48.259
17.4.2025,5:24:2.561,28.843,47.123
17.4.2025,5:24:3.574,28.845,34.982
17.4.2025,5:24:4.575,28.641,53.043
17.4.2025,5:24:5.590,29.046,36.577
17.4.2025,5:24:6.605,28.669,45.047
17.4.2025,5:24:7.591,28.811,48.276
17.4.2025,5:24:8.593,28.486,32.393
17.4.2025,5:24:9.610,28.797,54.466
17.4.2025,5:24:10.624,28.706,43.259
17.4.2025,5:24:11.626,28.541,35.748
17.4.2025,5:24:12.627,28.656,52.794
17.4.2025,5:24:13.630,28.497,37.795
17.4.2025,5:24:14.648,28.572,41.294
17.4.2025,5:24:15.646,28.864,42.017
17.4.2025,5:24:16.647,28.889,48.732
17.4.2025,5:24:17.648,28.787,30.203
17.4.2025,5:24:18.651,28.767,51.023
17.4.2025,5:24:19.654,28.786,45.789
17.4.2025,5:24:20.671,28.831,35.683
17.4.2025,5:24:21.689,28.719,51.377
17.4.2025,5:24:22.691,28.814,38.810
17.4.2025,5:24:23.691,28.535,44.828
17.4.2025,5:24:24.691,28.632,48.614
17.4.2025,5:24:25.694,28.845,31.956
17.4.2025,5:24:26.693,28.543,51.568
17.4.2025,5:24:27.689,28.642,47.687
17.4.2025,5:24:28.706,29.178,33.760
17.4.2025,5:24:29.723,28.684,32.090
17.4.2025,5:24:30.720,28.843,53.021
17.4.2025,5:24:31.737,28.797,43.575
17.4.2025,5:24:32.737,29.005,37.723
17.4.2025,5:24:33.751,29.572,52.026
17.4.2025,5:24:34.770,28.571,38.666
17.4.2025,5:24:35.786,28.700,40.813
17.4.2025,5:24:36.787,28.797,48.346
17.4.2025,5:24:37.785,28.999,33.744
17.4.2025,5:24:38.800,28.565,55.162
17.4.2025,5:24:39.800,28.711,42.930
17.4.2025,5:24:40.818,28.596,35.007
17.4.2025,5:24:41.816,28.449,52.215
17.4.2025,5:24:42.817,29.028,34.938
17.4.2025,5:24:43.818,28.810,51.873
17.4.2025,5:24:44.817,28.891,46.667
17.4.2025,5:24:45.833,29.145,33.842
17.4.2025,5:24:46.831,28.691,54.237
17.4.2025,5:24:47.829,28.727,38.262
17.4.2025,5:24:48.847,28.962,42.310
17.4.2025,5:24:49.850,28.679,33.358
17.4.2025,5:24:50.864,29.041,52.576
17.4.2025,5:24:51.863,28.808,39.103
17.4.2025,5:24:52.866,28.608,41.501
17.4.2025,5:24:53.869,28.702,49.989
17.4.2025,5:24:54.886,29.024,33.826
17.4.2025,5:24:55.888,28.688,54.422
17.4.2025,5:24:56.890,28.775,43.968
17.4.2025,5:24:57.888,28.816,35.065
17.4.2025,5:24:58.888,28.841,52.735
17.4.2025,5:24:59.888,28.925,37.396
17.4.2025,5:25:0.901,28.464,46.538
17.4.2025,5:25:1.890,31.086,50.260
17.4.2025,5:25:2.892,28.794,35.860
17.4.2025,5:25:3.906,28.635,46.194
17.4.2025,5:25:4.906,28.432,48.185
17.4.2025,5:25:5.904,28.829,31.801
17.4.2025,5:25:6.908,28.742,35.941
17.4.2025,5:25:7.920,28.511,50.960
17.4.2025,5:25:8.935,29.084,46.511
17.4.2025,5:25:9.935,28.871,52.403
17.4.2025,5:25:10.938,28.796,37.167
17.4.2025,5:25:11.937,28.796,40.336
17.4.2025,5:25:12.950,28.782,44.616
17.4.2025,5:25:13.966,28.622,49.529
17.4.2025,5:25:14.970,28.695,32.191
17.4.2025,5:25:15.968,28.729,50.260
17.4.2025,5:25:16.985,28.861,47.433
17.4.2025,5:25:18.000,28.972,36.178
17.4.2025,5:25:18.998,28.514,53.095
17.4.2025,5:25:19.998,28.882,37.433
17.4.2025,5:25:21.013,28.886,41.095
17.4.2025,5:25:22.013,28.545,49.528
17.4.2025,5:25:23.015,28.975,33.079
17.4.2025,5:25:24.014,28.942,48.940
17.4.2025,5:25:25.016,28.783,48.290
17.4.2025,5:25:26.033,28.698,32.999
17.4.2025,5:25:27.031,28.739,49.397
17.4.2025,5:25:28.031,28.443,44.048
17.4.2025,5:25:29.036,28.656,35.154
17.4.2025,5:25:30.036,28.767,51.158
17.4.2025,5:25:31.036,28.778,35.019
17.4.2025,5:25:32.037,29.031,49.234
17.4.2025,5:25:33.037,28.877,37.590
17.4.2025,5:25:34.055,29.074,39.582
17.4.2025,5:25:35.073,29.478,37.706
17.4.2025,5:25:36.074,29.188,40.800
17.4.2025,5:25:37.073,28.804,49.932
17.4.2025,5:25:38.073,28.633,32.773
17.4.2025,5:25:39.073,28.839,46.112
17.4.2025,5:25:40.071,28.718,48.389
17.4.2025,5:25:41.074,28.814,33.350
17.4.2025,5:25:42.075,28.764,53.568
17.4.2025,5:25:43.091,28.392,40.530
17.4.2025,5:25:44.107,28.866,37.183
17.4.2025,5:25:45.108,28.965,52.046
17.4.2025,5:25:46.121,29.038,37.982
17.4.2025,5:25:47.107,28.780,41.934
17.4.2025,5:25:48.109,28.341,49.529
17.4.2025,5:25:49.106,28.429,32.267
17.4.2025,5:25:50.116,28.763,52.188
17.4.2025,5:25:51.108,28.640,52.367
17.4.2025,5:25:52.109,28.568,45.745
17.4.2025,5:25:53.111,28.760,38.034
17.4.2025,5:25:54.109,28.790,50.014
17.4.2025,5:25:55.109,28.583,34.174
17.4.2025,5:25:56.110,29.022,51.545
17.4.2025,5:25:57.116,28.676,46.042
17.4.2025,5:25:58.113,28.928,35.766
17.4.2025,5:25:59.115,28.762,52.491
17.4.2025,5:26:0.109,28.633,39.644
17.4.2025,5:26:1.117,28.761,39.718
17.4.2025,5:26:2.120,28.880,48.609
17.4.2025,5:26:3.131,28.709,31.845
17.4.2025,5:26:4.132,28.682,53.800
17.4.2025,5:26:5.148,28.796,42.532
17.4.2025,5:26:6.153,28.821,34.544
17.4.2025,5:26:7.167,28.783,50.174
17.4.2025,5:26:8.167,28.629,35.130
17.4.2025,5:26:9.153,28.889,45.775
17.4.2025,5:26:10.167,28.398,48.042
17.4.2025,5:26:11.168,28.629,33.914
17.4.2025,5:26:12.170,28.745,54.571
17.4.2025,5:26:13.188,28.716,39.483
17.4.2025,5:26:14.203,28.612,40.579
17.4.2025,5:26:15.201,29.024,42.991
17.4.2025,5:26:16.212,28.676,50.183
17.4.2025,5:26:17.229,28.439,35.130
17.4.2025,5:26:18.227,28.880,50.691
17.4.2025,5:26:19.242,28.600,43.251
17.4.2025,5:26:20.249,28.922,35.879
17.4.2025,5:26:21.249,29.022,53.233
17.4.2025,5:26:22.266,28.479,34.446
17.4.2025,5:26:23.270,28.891,48.505
17.4.2025,5:26:24.263,28.572,47.721
17.4.2025,5:26:25.263,28.739,33.687
17.4.2025,5:26:26.271,28.701,53.607
17.4.2025,5:26:27.272,28.596,36.608
17.4.2025,5:26:28.268,28.538,38.676
17.4.2025,5:26:29.274,28.800,43.614
17.4.2025,5:26:30.274,28.814,49.311
17.4.2025,5:26:31.275,28.706,32.099
17.4.2025,5:26:32.278,28.897,53.839
17.4.2025,5:26:33.292,28.785,40.966
17.4.2025,5:26:34.308,28.440,35.819
17.4.2025,5:26:35.310,28.934,51.216
17.4.2025,5:26:36.315,28.516,39.524
17.4.2025,5:26:37.329,31.451,41.765
17.4.2025,5:26:38.330,28.616,48.981
17.4.2025,5:26:39.331,28.372,32.304
17.4.2025,5:26:40.340,28.619,53.544
17.4.2025,5:26:41.339,28.628,53.544
17.4.2025,5:26:42.327,28.645,43.592
17.4.2025,5:26:43.340,28.644,33.557
17.4.2025,5:26:44.358,28.820,53.099
17.4.2025,5:26:45.375,28.625,40.598
17.4.2025,5:26:46.390,29.871,32.100
17.4.2025,5:26:47.394,31.244,54.249
17.4.2025,5:26:48.394,30.695,37.308
17.4.2025,5:26:49.396,28.720,41.396
17.4.2025,5:26:50.400,28.763,49.085
17.4.2025,5:26:51.401,28.486,31.667
17.4.2025,5:26:52.401,29.313,31.667
17.4.2025,5:26:53.400,28.468,52.887
17.4.2025,5:26:54.402,28.808,43.220
17.4.2025,5:26:55.401,28.849,35.267
17.4.2025,5:26:56.402,29.431,54.715
17.4.2025,5:26:57.401,29.039,38.076
17.4.2025,5:26:58.401,28.661,46.662
17.4.2025,5:26:59.416,28.288,48.272
17.4.2025,5:27:0.416,28.643,32.325
17.4.2025,5:27:1.417,28.835,51.114
17.4.2025,5:27:2.417,28.696,45.796
17.4.2025,5:27:3.432,28.999,34.092
17.4.2025,5:27:4.449,28.902,52.654
17.4.2025,5:27:5.449,28.738,35.431
17.4.2025,5:27:6.467,28.815,48.645
17.4.2025,5:27:7.481,28.830,46.350
17.4.2025,5:27:8.483,28.335,48.285
17.4.2025,5:27:9.483,28.766,32.121
17.4.2025,5:27:10.496,28.515,49.546
17.4.2025,5:27:11.512,28.519,47.251
17.4.2025,5:27:12.513,29.096,34.617
17.4.2025,5:27:13.525,28.550,52.893
17.4.2025,5:27:14.524,28.894,38.336
17.4.2025,5:27:15.524,28.680,42.959
17.4.2025,5:27:16.522,28.757,48.496
17.4.2025,5:27:17.540,28.968,33.139
17.4.2025,5:27:18.539,28.703,50.762
17.4.2025,5:27:19.539,28.894,46.186
17.4.2025,5:27:20.539,28.704,35.907
17.4.2025,5:27:21.554,28.893,52.131
17.4.2025,5:27:22.571,28.584,36.833
17.4.2025,5:27:23.566,28.924,45.750
17.4.2025,5:27:24.565,28.860,48.299
17.4.2025,5:27:25.568,28.880,31.878
17.4.2025,5:27:26.569,28.838,54.437
17.4.2025,5:27:27.565,28.763,38.447
17.4.2025,5:27:28.569,28.674,40.611
17.4.2025,5:27:29.584,28.766,50.427
17.4.2025,5:27:30.601,28.519,34.061
17.4.2025,5:27:31.601,28.682,36.586
17.4.2025,5:27:32.618,28.674,48.161
17.4.2025,5:27:33.618,28.482,47.655
17.4.2025,5:27:34.618,28.840,34.122
17.4.2025,5:27:35.620,28.484,54.428
17.4.2025,5:27:36.607,28.513,43.291
17.4.2025,5:27:37.623,29.030,34.192
17.4.2025,5:27:38.625,28.488,53.529
17.4.2025,5:27:39.625,28.858,36.114
17.4.2025,5:27:40.640,28.535,48.535
17.4.2025,5:27:41.643,28.780,47.828
17.4.2025,5:27:42.641,28.785,34.169
17.4.2025,5:27:43.640,28.882,32.215
17.4.2025,5:27:44.642,28.468,37.514
17.4.2025,5:27:45.641,28.957,42.163
17.4.2025,5:27:46.639,28.663,37.653
17.4.2025,5:27:47.641,28.666,51.496
17.4.2025,5:27:48.642,28.605,37.361
17.4.2025,5:27:49.643,28.894,47.798
17.4.2025,5:27:50.657,28.753,47.767
17.4.2025,5:27:51.657,28.809,33.981
17.4.2025,5:27:52.660,28.857,54.335
17.4.2025,5:27:53.665,28.728,37.784
17.4.2025,5:27:54.678,29.133,43.856
17.4.2025,5:27:55.695,28.652,48.548
17.4.2025,5:27:56.696,29.136,33.175
17.4.2025,5:27:57.708,28.713,53.786
17.4.2025,5:27:58.711,28.799,38.639
17.4.2025,5:27:59.727,28.920,43.527
17.4.2025,5:28:0.726,29.167,37.675
17.4.2025,5:28:1.742,29.362,35.321
17.4.2025,5:28:2.759,29.399,51.420
17.4.2025,5:28:3.759,28.802,47.747
17.4.2025,5:28:4.759,28.668,35.256
17.4.2025,5:28:5.761,28.785,51.794
17.4.2025,5:28:6.762,28.615,54.088
17.4.2025,5:28:7.778,28.831,39.388
17.4.2025,5:28:8.779,28.906,43.199
17.4.2025,5:28:9.781,28.640,48.376
17.4.2025,5:28:10.794,30.083,33.725
17.4.2025,5:28:11.811,30.281,51.651
17.4.2025,5:28:12.812,28.696,43.095
17.4.2025,5:28:13.830,28.512,38.367
17.4.2025,5:28:14.831,28.885,50.193
17.4.2025,5:28:15.830,28.504,34.277
17.4.2025,5:28:16.843,28.932,49.412
17.4.2025,5:28:17.862,28.898,45.266
17.4.2025,5:28:18.859,28.742,35.151
17.4.2025,5:28:19.861,28.732,52.567
17.4.2025,5:28:20.858,28.930,38.263
17.4.2025,5:28:21.861,28.641,40.705
17.4.2025,5:28:22.860,28.747,39.909
17.4.2025,5:28:23.859,28.768,33.555
17.4.2025,5:28:24.872,28.953,55.393
17.4.2025,5:28:25.873,28.740,42.198
17.4.2025,5:28:26.890,28.998,46.507
17.4.2025,5:28:27.904,28.659,34.951
17.4.2025,5:28:28.906,28.766,51.834
17.4.2025,5:28:29.919,28.779,35.415
17.4.2025,5:28:30.936,28.819,46.365
17.4.2025,5:28:31.936,28.665,47.381
17.4.2025,5:28:32.936,28.972,35.208
17.4.2025,5:28:33.951,28.439,53.111
17.4.2025,5:28:34.954,28.933,37.349
17.4.2025,5:28:35.952,28.575,44.350
17.4.2025,5:28:36.965,28.293,47.424
17.4.2025,5:28:37.965,28.988,33.816
17.4.2025,5:28:38.970,28.881,52.009
17.4.2025,5:28:39.985,28.536,35.930
17.4.2025,5:28:40.985,28.994,47.267
17.4.2025,5:28:42.001,28.643,48.385
17.4.2025,5:28:43.018,29.086,48.847
17.4.2025,5:28:44.020,28.478,31.107
17.4.2025,5:28:45.016,28.900,53.926
17.4.2025,5:28:46.018,28.661,42.485
17.4.2025,5:28:47.023,28.760,35.825
17.4.2025,5:28:48.036,28.530,51.231
17.4.2025,5:28:49.035,28.858,36.064
17.4.2025,5:28:50.035,28.719,48.661
17.4.2025,5:28:51.034,28.877,47.849
17.4.2025,5:28:52.047,28.858,32.671
17.4.2025,5:28:53.063,28.811,53.501
17.4.2025,5:28:54.063,28.684,39.555
17.4.2025,5:28:55.063,28.932,43.468
17.4.2025,5:28:56.065,28.637,48.689
17.4.2025,5:28:57.079,28.705,31.512
17.4.2025,5:28:58.082,28.722,53.443
17.4.2025,5:28:59.085,28.871,52.943
17.4.2025,5:29:0.087,28.688,42.738
17.4.2025,5:29:1.086,28.675,35.938
17.4.2025,5:29:2.085,28.634,51.476
17.4.2025,5:29:3.085,28.857,35.295
17.4.2025,5:29:4.084,29.022,49.278
17.4.2025,5:29:5.082,28.458,47.658
17.4.2025,5:29:6.098,28.794,32.621
17.4.2025,5:29:7.114,28.849,53.538
17.4.2025,5:29:8.109,28.658,44.383
17.4.2025,5:29:9.118,28.963,35.584
17.4.2025,5:29:10.118,28.462,49.838
17.4.2025,5:29:11.132,28.791,33.207
17.4.2025,5:29:12.133,28.723,49.338
17.4.2025,5:29:13.136,28.539,47.214
17.4.2025,5:29:14.137,28.665,33.613
17.4.2025,5:29:15.139,28.698,31.969
17.4.2025,5:29:16.142,28.836,54.514
17.4.2025,5:29:17.144,29.115,40.953
17.4.2025,5:29:18.142,28.541,39.156
17.4.2025,5:29:19.142,28.453,49.813
17.4.2025,5:29:20.144,28.625,31.991
17.4.2025,5:29:21.142,28.804,50.884
17.4.2025,5:29:22.143,28.711,45.430
17.4.2025,5:29:23.140,28.705,38.490
17.4.2025,5:29:24.153,28.528,49.938
17.4.2025,5:29:25.168,28.746,33.445
17.4.2025,5:29:26.187,28.761,48.181
17.4.2025,5:29:27.201,28.620,46.698
17.4.2025,5:29:28.216,28.692,34.874
17.4.2025,5:29:29.246,28.749,52.631
17.4.2025,5:29:30.231,28.652,40.052
17.4.2025,5:29:31.234,28.696,41.271
17.4.2025,5:29:32.248,28.853,48.329
17.4.2025,5:29:33.264,28.443,49.321
17.4.2025,5:29:34.269,28.690,31.996
17.4.2025,5:29:35.268,28.843,53.074
17.4.2025,5:29:36.271,28.504,42.669
17.4.2025,5:29:37.273,28.813,38.164
17.4.2025,5:29:38.274,28.699,50.055
17.4.2025,5:29:39.272,29.124,33.162
17.4.2025,5:29:40.273,28.779,52.167
17.4.2025,5:29:41.274,28.927,42.568
17.4.2025,5:29:42.290,28.573,37.625
17.4.2025,5:29:43.290,28.871,51.085
17.4.2025,5:29:44.291,28.578,35.814
17.4.2025,5:29:45.280,31.520,44.798
17.4.2025,5:29:46.298,28.504,48.185
17.4.2025,5:29:47.316,28.768,50.447
17.4.2025,5:29:48.315,28.701,34.726
17.4.2025,5:29:49.315,28.779,49.951
17.4.2025,5:29:50.315,28.648,45.547
17.4.2025,5:29:51.331,28.742,35.221
17.4.2025,5:29:52.332,28.733,52.717
17.4.2025,5:29:53.334,28.722,36.689
17.4.2025,5:29:54.350,28.920,48.743
17.4.2025,5:29:55.352,28.902,44.634
17.4.2025,5:29:56.365,28.746,35.485
17.4.2025,5:29:57.367,28.689,51.015
17.4.2025,5:29:58.384,28.665,35.336
17.4.2025,5:29:59.372,28.961,48.390
17.4.2025,5:30:0.373,28.642,43.360
17.4.2025,5:30:1.378,28.864,48.431
17.4.2025,5:30:2.393,28.640,33.625
17.4.2025,5:30:3.392,28.861,53.869
17.4.2025,5:30:4.393,28.632,38.361
17.4.2025,5:30:5.408,28.680,46.206
17.4.2025,5:30:6.421,28.455,48.650
17.4.2025,5:30:7.439,28.793,32.655
17.4.2025,5:30:8.439,28.448,53.359
17.4.2025,5:30:9.439,28.731,41.428
17.4.2025,5:30:10.437,28.764,42.652
17.4.2025,5:30:11.440,28.516,48.473
17.4.2025,5:30:12.440,28.924,32.448
17.4.2025,5:30:13.439,28.473,53.015
17.4.2025,5:30:14.436,28.351,43.887
17.4.2025,5:30:15.436,29.014,35.500
17.4.2025,5:30:16.436,28.731,49.975
17.4.2025,5:30:17.435,29.066,33.413
17.4.2025,5:30:18.450,28.691,49.148
17.4.2025,5:30:19.466,28.723,44.435
17.4.2025,5:30:20.485,28.937,48.327
17.4.2025,5:30:21.485,29.248,32.372
17.4.2025,5:30:22.483,28.810,52.559
17.4.2025,5:30:23.499,28.790,38.918
17.4.2025,5:30:24.513,28.675,46.168
17.4.2025,5:30:25.516,28.718,47.983
17.4.2025,5:30:26.517,28.842,34.299
17.4.2025,5:30:27.517,29.605,38.014
17.4.2025,5:30:28.518,29.516,37.534
17.4.2025,5:30:29.536,29.198,50.335
17.4.2025,5:30:30.533,28.576,47.101
17.4.2025,5:30:31.551,29.056,34.640
17.4.2025,5:30:32.565,28.714,52.912
17.4.2025,5:30:33.567,28.535,37.479
17.4.2025,5:30:34.565,28.611,46.322
17.4.2025,5:30:35.565,28.357,48.541
17.4.2025,5:30:36.564,28.729,32.272
17.4.2025,5:30:37.578,28.823,32.082
17.4.2025,5:30:38.592,28.741,52.001
17.4.2025,5:30:39.592,28.606,40.149
17.4.2025,5:30:40.593,28.509,41.119
17.4.2025,5:30:41.596,28.417,49.408
17.4.2025,5:30:42.598,28.589,32.447
17.4.2025,5:30:43.599,28.863,52.476
17.4.2025,5:30:44.614,28.699,44.590
17.4.2025,5:30:45.635,29.038,37.115
17.4.2025,5:30:46.651,31.450,53.420
17.4.2025,5:30:47.652,28.823,40.061
17.4.2025,5:30:48.640,28.601,43.977
17.4.2025,5:30:49.638,28.650,48.350
17.4.2025,5:30:50.652,28.427,32.375
17.4.2025,5:30:51.667,28.947,47.824
17.4.2025,5:30:52.668,28.946,44.082
17.4.2025,5:30:53.670,29.075,36.679
17.4.2025,5:30:54.684,28.626,34.740
17.4.2025,5:30:55.685,28.723,53.160
17.4.2025,5:30:56.687,28.836,37.670
17.4.2025,5:30:57.689,28.694,42.828
17.4.2025,5:30:58.690,28.580,48.745
17.4.2025,5:30:59.707,28.808,33.104
17.4.2025,5:31:0.708,28.837,54.224
17.4.2025,5:31:1.709,28.778,39.712
17.4.2025,5:31:2.710,28.989,39.426
17.4.2025,5:31:3.727,28.750,51.004
17.4.2025,5:31:4.742,28.983,32.390
17.4.2025,5:31:5.742,28.752,48.571
17.4.2025,5:31:6.740,28.586,47.361
17.4.2025,5:31:7.740,28.708,34.504
17.4.2025,5:31:8.757,28.645,53.951
17.4.2025,5:31:9.771,29.126,36.011
17.4.2025,5:31:10.772,28.968,46.737
17.4.2025,5:31:11.770,28.582,48.330
17.4.2025,5:31:12.776,28.914,48.755
17.4.2025,5:31:13.762,28.647,32.645
17.4.2025,5:31:14.766,28.513,54.365
17.4.2025,5:31:15.764,28.582,41.971
17.4.2025,5:31:16.763,28.801,40.231
17.4.2025,5:31:17.763,28.935,48.420
17.4.2025,5:31:18.766,28.906,32.153
17.4.2025,5:31:19.766,31.303,49.473
17.4.2025,5:31:20.768,28.855,47.954
17.4.2025,5:31:21.783,28.332,31.757
17.4.2025,5:31:22.796,28.685,53.097
17.4.2025,5:31:23.812,28.776,43.884
17.4.2025,5:31:24.810,28.609,39.467
17.4.2025,5:31:25.825,28.859,50.148
17.4.2025,5:31:26.831,28.540,33.025
17.4.2025,5:31:27.848,28.705,34.107
17.4.2025,5:31:28.863,28.370,50.462
17.4.2025,5:31:29.865,29.027,47.071
17.4.2025,5:31:30.867,28.727,34.784
17.4.2025,5:31:31.866,28.808,51.965
17.4.2025,5:31:32.885,28.659,38.407
17.4.2025,5:31:33.885,28.767,42.761
17.4.2025,5:31:34.886,28.679,48.434
17.4.2025,5:31:35.901,28.674,32.725
17.4.2025,5:31:36.901,28.947,55.088
17.4.2025,5:31:37.901,29.054,39.949
17.4.2025,5:31:38.890,28.607,41.223
17.4.2025,5:31:39.888,28.874,48.563
17.4.2025,5:31:40.888,28.647,34.797
17.4.2025,5:31:41.888,28.627,52.485
17.4.2025,5:31:42.901,28.916,36.181
17.4.2025,5:31:43.901,28.723,45.649
17.4.2025,5:31:44.915,28.619,48.339
17.4.2025,5:31:45.931,28.767,35.116
17.4.2025,5:31:46.948,28.632,32.963
17.4.2025,5:31:47.948,28.731,51.077
17.4.2025,5:31:48.962,28.482,46.304
17.4.2025,5:31:49.977,28.520,33.979
17.4.2025,5:31:50.980,28.800,54.306
17.4.2025,5:31:51.995,28.859,38.431
17.4.2025,5:31:52.994,28.663,43.075
17.4.2025,5:31:53.994,28.765,48.753
17.4.2025,5:31:55.008,28.873,32.241
17.4.2025,5:31:56.026,28.633,50.500
17.4.2025,5:31:57.025,29.018,44.848
17.4.2025,5:31:58.028,28.650,37.788
17.4.2025,5:31:59.025,28.621,50.574
17.4.2025,5:32:0.041,29.110,34.876
17.4.2025,5:32:1.050,28.972,45.935
17.4.2025,5:32:2.062,28.649,48.389
17.4.2025,5:32:3.081,28.943,32.527
17.4.2025,5:32:4.079,28.764,54.162
17.4.2025,5:32:5.098,28.674,40.595
17.4.2025,5:32:6.113,28.566,38.089
17.4.2025,5:32:7.116,28.655,50.432
17.4.2025,5:32:8.110,28.999,34.442
17.4.2025,5:32:9.135,28.543,50.029
17.4.2025,5:32:10.139,28.537,47.554
17.4.2025,5:32:11.142,28.753,32.733
17.4.2025,5:32:12.158,28.410,33.213
17.4.2025,5:32:13.176,29.023,50.990
17.4.2025,5:32:14.179,28.619,44.248
17.4.2025,5:32:15.191,28.947,37.763
17.4.2025,5:32:16.192,28.558,51.169
17.4.2025,5:32:17.191,28.731,37.207
17.4.2025,5:32:18.190,28.626,42.248
17.4.2025,5:32:19.195,28.808,49.138
17.4.2025,5:32:20.195,28.591,33.531
17.4.2025,5:32:21.194,28.628,54.408
17.4.2025,5:32:22.211,28.904,39.534
17.4.2025,5:32:23.210,28.591,40.746
17.4.2025,5:32:24.211,28.547,49.999
17.4.2025,5:32:25.209,28.765,34.259
17.4.2025,5:32:26.212,28.927,51.827
17.4.2025,5:32:27.227,28.827,45.597
17.4.2025,5:32:28.225,28.477,34.736
17.4.2025,5:32:29.241,28.473,51.961
17.4.2025,5:32:30.246,28.820,33.734
17.4.2025,5:32:31.242,28.850,47.560
17.4.2025,5:32:32.244,28.425,47.950
17.4.2025,5:32:33.246,28.583,34.925
17.4.2025,5:32:34.249,28.979,34.080
17.4.2025,5:32:35.254,28.714,54.887
17.4.2025,5:32:36.255,28.893,39.376
17.4.2025,5:32:37.275,28.882,43.122
17.4.2025,5:32:38.273,28.770,48.092
17.4.2025,5:32:39.278,28.596,33.919
17.4.2025,5:32:40.282,28.619,55.323
17.4.2025,5:32:41.285,29.089,38.802
17.4.2025,5:32:42.284,28.840,42.562
17.4.2025,5:32:43.287,28.692,48.170
17.4.2025,5:32:44.286,29.022,31.384
17.4.2025,5:32:45.286,28.844,53.163
17.4.2025,5:32:46.301,28.914,39.892
17.4.2025,5:32:47.315,29.223,37.417
17.4.2025,5:32:48.315,28.634,51.717
17.4.2025,5:32:49.332,28.991,52.087
17.4.2025,5:32:50.336,28.929,36.752
17.4.2025,5:32:51.349,28.871,45.056
17.4.2025,5:32:52.367,29.267,48.326
17.4.2025,5:32:53.370,29.946,32.270
17.4.2025,5:32:54.370,31.227,37.927
17.4.2025,5:32:55.369,29.435,39.155
17.4.2025,5:32:56.371,29.251,32.914
17.4.2025,5:32:57.360,29.063,54.596
17.4.2025,5:32:58.361,28.914,38.978
17.4.2025,5:32:59.358,28.799,43.155
17.4.2025,5:33:0.359,28.918,48.128
17.4.2025,5:33:1.361,28.579,33.973
17.4.2025,5:33:2.364,28.662,53.649
17.4.2025,5:33:3.363,28.599,41.172
17.4.2025,5:33:4.367,28.772,37.120
17.4.2025,5:33:5.369,28.706,34.492
17.4.2025,5:33:6.368,29.012,50.469
17.4.2025,5:33:7.366,29.249,36.697
17.4.2025,5:33:8.389,29.060,45.226
17.4.2025,5:33:9.400,28.934,48.405
17.4.2025,5:33:10.401,28.355,34.915
17.4.2025,5:33:11.400,28.621,53.327
17.4.2025,5:33:12.402,28.805,38.410
17.4.2025,5:33:13.417,29.129,44.134
17.4.2025,5:33:14.421,28.892,48.662
17.4.2025,5:33:15.423,28.626,32.627
17.4.2025,5:33:16.439,28.426,54.318
17.4.2025,5:33:17.437,29.130,42.423
17.4.2025,5:33:18.455,28.841,44.888
17.4.2025,5:33:19.455,29.546,30.619
17.4.2025,5:33:20.458,28.814,53.786
17.4.2025,5:33:21.462,28.610,38.684
17.4.2025,5:33:22.476,28.606,41.196
17.4.2025,5:33:23.490,28.862,49.619
17.4.2025,5:33:24.503,28.762,34.093
17.4.2025,5:33:25.520,28.460,52.574
17.4.2025,5:33:26.521,28.962,45.739
17.4.2025,5:33:27.522,28.899,35.685
17.4.2025,5:33:28.523,28.658,51.793
17.4.2025,5:33:29.539,28.946,37.362
17.4.2025,5:33:30.538,28.669,44.402
17.4.2025,5:33:31.540,28.903,48.668
17.4.2025,5:33:32.538,29.320,33.180
17.4.2025,5:33:33.555,28.733,53.722
17.4.2025,5:33:34.570,28.897,41.092
17.4.2025,5:33:35.569,28.985,37.857
17.4.2025,5:33:36.568,28.593,49.984
17.4.2025,5:33:37.567,28.964,32.000
17.4.2025,5:33:38.581,28.841,52.844
17.4.2025,5:33:39.599,28.739,45.592
17.4.2025,5:33:40.616,28.826,35.621
17.4.2025,5:33:41.628,28.655,50.230
17.4.2025,5:33:42.642,28.795,33.277
17.4.2025,5:33:43.659,28.795,46.850
17.4.2025,5:33:44.659,28.746,48.179
17.4.2025,5:33:45.657,28.741,30.869
17.4.2025,5:33:46.657,28.933,55.170
17.4.2025,5:33:47.670,28.512,41.463
17.4.2025,5:33:48.687,28.868,42.670
17.4.2025,5:33:49.686,28.996,37.263
17.4.2025,5:33:50.688,28.845,50.124
17.4.2025,5:33:51.687,28.773,35.959
17.4.2025,5:33:52.690,29.045,51.071
17.4.2025,5:33:53.704,28.771,46.199
17.4.2025,5:33:54.703,28.850,34.653
17.4.2025,5:33:55.718,28.704,55.536
17.4.2025,5:33:56.732,28.850,40.451
17.4.2025,5:33:57.736,28.581,42.219
17.4.2025,5:33:58.755,28.791,48.685
17.4.2025,5:33:59.770,28.435,31.687
17.4.2025,5:34:0.770,28.735,51.272
17.4.2025,5:34:1.773,28.648,47.136
17.4.2025,5:34:2.775,28.843,34.614
17.4.2025,5:34:3.777,29.005,52.666
17.4.2025,5:34:4.778,28.898,35.849
17.4.2025,5:34:5.763,28.589,39.852
17.4.2025,5:34:6.765,28.858,45.970
17.4.2025,5:34:7.765,28.900,47.234
17.4.2025,5:34:8.763,28.584,31.567
17.4.2025,5:34:9.763,28.871,52.756
17.4.2025,5:34:10.763,28.806,37.877
17.4.2025,5:34:11.777,28.876,44.617
17.4.2025,5:34:12.780,28.932,48.426
17.4.2025,5:34:13.795,28.352,33.105
17.4.2025,5:34:14.794,28.764,54.841
17.4.2025,5:34:15.810,29.049,38.599
17.4.2025,5:34:16.812,28.763,44.020
17.4.2025,5:34:17.814,29.204,48.618
17.4.2025,5:34:18.815,28.812,30.272
17.4.2025,5:34:19.814,28.678,53.365
17.4.2025,5:34:20.814,28.801,43.201
17.4.2025,5:34:21.814,29.025,39.624
17.4.2025,5:34:22.813,29.025,49.741
17.4.2025,5:34:23.816,28.561,32.402
17.4.2025,5:34:24.816,29.064,36.178
17.4.2025,5:34:25.830,29.165,42.194
17.4.2025,5:34:26.845,29.009,35.513
17.4.2025,5:34:27.846,29.009,53.165
17.4.2025,5:34:28.847,31.138,51.789
17.4.2025,5:34:29.862,28.725,45.776
17.4.2025,5:34:30.873,28.902,33.311
17.4.2025,5:34:31.876,28.869,53.885
17.4.2025,5:34:32.877,28.840,42.113
17.4.2025,5:34:33.876,28.968,37.337
17.4.2025,5:34:34.877,28.778,49.093
17.4.2025,5:34:35.895,29.383,31.398
17.4.2025,5:34:36.893,29.102,51.434
17.4.2025,5:34:37.895,28.753,42.803
17.4.2025,5:34:38.896,29.045,40.134
17.4.2025,5:34:39.894,28.759,51.624
17.4.2025,5:34:40.892,28.633,35.858
17.4.2025,5:34:41.907,28.867,42.221
17.4.2025,5:34:42.907,28.916,49.853
17.4.2025,5:34:43.924,28.858,34.650
17.4.2025,5:34:44.939,29.467,47.728
17.4.2025,5:34:45.939,28.746,48.260
17.4.2025,5:34:46.955,28.976,34.992
17.4.2025,5:34:47.954,29.128,51.994
17.4.2025,5:34:48.953,28.923,39.338
17.4.2025,5:34:49.968,28.510,40.266
17.4.2025,5:34:50.968,28.807,49.594
17.4.2025,5:34:51.983,28.785,48.621
17.4.2025,5:34:52.999,28.903,31.250
17.4.2025,5:34:54.001,28.778,52.070
17.4.2025,5:34:55.014,28.373,46.940
17.4.2025,5:34:56.014,28.821,35.775
17.4.2025,5:34:57.015,29.205,52.465
17.4.2025,5:34:58.013,28.860,35.239
17.4.2025,5:34:59.017,29.013,46.539
17.4.2025,5:35:0.017,28.595,48.157
17.4.2025,5:35:1.014,29.236,31.407
17.4.2025,5:35:2.030,28.725,53.119
17.4.2025,5:35:3.031,28.621,39.240
17.4.2025,5:35:4.029,28.752,44.680
17.4.2025,5:35:5.030,28.747,48.487
17.4.2025,5:35:6.046,28.745,35.165
17.4.2025,5:35:7.045,29.089,52.561
17.4.2025,5:35:8.047,28.684,39.597
17.4.2025,5:35:9.063,28.620,38.471
17.4.2025,5:35:10.079,29.055,48.802
17.4.2025,5:35:11.078,28.807,32.829
17.4.2025,5:35:12.092,28.683,55.022
17.4.2025,5:35:13.108,28.852,39.005
17.4.2025,5:35:14.108,28.851,42.747
17.4.2025,5:35:15.123,28.608,48.370
17.4.2025,5:35:16.137,28.558,32.769
17.4.2025,5:35:17.139,28.902,32.909
17.4.2025,5:35:18.139,28.707,52.055
17.4.2025,5:35:19.140,28.779,41.243
17.4.2025,5:35:20.152,28.965,37.868
17.4.2025,5:35:21.154,29.422,37.368
17.4.2025,5:35:22.169,29.307,37.914
17.4.2025,5:35:23.173,29.479,54.044
17.4.2025,5:35:24.175,28.793,41.173
17.4.2025,5:35:25.194,29.124,39.884
17.4.2025,5:35:26.192,28.809,49.705
17.4.2025,5:35:27.194,28.808,31.721
17.4.2025,5:35:28.212,28.964,50.540
17.4.2025,5:35:29.210,28.533,43.030
17.4.2025,5:35:30.209,28.524,34.701
17.4.2025,5:35:31.214,28.808,52.257
17.4.2025,5:35:32.211,28.976,35.137
17.4.2025,5:35:33.215,28.875,35.491
17.4.2025,5:35:34.230,29.027,44.898
17.4.2025,5:35:35.230,28.596,47.474
17.4.2025,5:35:36.230,29.008,32.377
17.4.2025,5:35:37.245,28.603,53.725
17.4.2025,5:35:38.245,28.742,38.578
17.4.2025,5:35:39.260,28.915,44.406
17.4.2025,5:35:40.277,28.899,47.727
17.4.2025,5:35:41.276,28.665,36.574
17.4.2025,5:35:42.277,28.981,51.570
17.4.2025,5:35:43.263,28.839,39.827
17.4.2025,5:35:44.268,28.613,41.407
17.4.2025,5:35:45.269,28.870,48.292
17.4.2025,5:35:46.267,28.786,48.292
17.4.2025,5:35:47.271,29.185,33.587
17.4.2025,5:35:48.274,28.683,54.812
17.4.2025,5:35:49.276,28.741,40.017
17.4.2025,5:35:50.288,28.725,43.379
17.4.2025,5:35:51.304,28.644,32.311
17.4.2025,5:35:52.303,28.964,32.311
17.4.2025,5:35:53.301,28.783,52.576
17.4.2025,5:35:54.320,28.566,46.393
17.4.2025,5:35:55.319,29.259,35.402
17.4.2025,5:35:56.320,28.754,52.133
17.4.2025,5:35:57.323,28.607,52.153
17.4.2025,5:35:58.322,28.851,35.902
17.4.2025,5:35:59.319,28.860,46.575
17.4.2025,5:36:0.320,28.579,48.256
17.4.2025,5:36:1.324,28.727,34.977
17.4.2025,5:36:2.325,28.492,52.270
17.4.2025,5:36:3.310,31.389,39.641
17.4.2025,5:36:4.322,28.959,39.636
17.4.2025,5:36:5.311,28.785,49.187
17.4.2025,5:36:6.312,28.851,31.679
17.4.2025,5:36:7.311,28.842,52.055
17.4.2025,5:36:8.315,28.616,44.068
17.4.2025,5:36:9.332,28.742,34.940
17.4.2025,5:36:10.351,28.699,50.126
17.4.2025,5:36:11.366,28.832,33.262
17.4.2025,5:36:12.368,28.255,50.135
17.4.2025,5:36:13.369,28.716,45.961
17.4.2025,5:36:14.357,28.856,48.244
17.4.2025,5:36:15.358,28.849,33.084
17.4.2025,5:36:16.358,28.417,54.737
17.4.2025,5:36:17.371,28.995,42.055
17.4.2025,5:36:18.402,28.444,38.175
17.4.2025,5:36:19.401,28.458,50.047
17.4.2025,5:36:20.389,28.904,35.496
17.4.2025,5:36:21.390,28.651,45.005
17.4.2025,5:36:22.403,28.549,48.365
17.4.2025,5:36:23.405,28.884,31.706
17.4.2025,5:36:24.407,28.583,54.444
17.4.2025,5:36:25.404,28.783,41.154
17.4.2025,5:36:26.420,28.935,40.736
17.4.2025,5:36:27.421,28.769,50.151
17.4.2025,5:36:28.421,28.980,35.172
17.4.2025,5:36:29.435,28.859,48.081
17.4.2025,5:36:30.454,28.513,46.835
17.4.2025,5:36:31.470,29.281,36.596
17.4.2025,5:36:32.471,28.653,53.262
17.4.2025,5:36:33.485,28.698,36.146
17.4.2025,5:36:34.482,28.705,49.840
17.4.2025,5:36:35.483,28.701,48.824
17.4.2025,5:36:36.482,28.719,32.432
17.4.2025,5:36:37.498,28.788,51.731
17.4.2025,5:36:38.499,28.678,44.877
17.4.2025,5:36:39.500,28.613,37.260
17.4.2025,5:36:40.500,28.749,35.721
17.4.2025,5:36:41.516,29.031,51.646
17.4.2025,5:36:42.516,28.560,37.992
17.4.2025,5:36:43.516,28.695,46.105
17.4.2025,5:36:44.516,28.661,47.807
17.4.2025,5:36:45.512,28.752,33.344
17.4.2025,5:36:46.514,28.754,53.382
17.4.2025,5:36:47.513,28.762,39.338
17.4.2025,5:36:48.530,28.715,41.841
17.4.2025,5:36:49.531,28.810,48.693
17.4.2025,5:36:50.548,28.929,33.354
17.4.2025,5:36:51.567,28.594,54.300
17.4.2025,5:36:52.570,31.637,46.979
17.4.2025,5:36:53.584,28.925,47.962
17.4.2025,5:36:54.582,28.580,36.303
17.4.2025,5:36:55.585,28.628,51.690
17.4.2025,5:36:56.586,28.895,35.002
17.4.2025,5:36:57.575,28.616,41.864
17.4.2025,5:36:58.577,28.701,48.170
17.4.2025,5:36:59.579,28.961,35.436
17.4.2025,5:37:0.579,28.655,53.153
17.4.2025,5:37:1.594,28.925,39.825
17.4.2025,5:37:2.608,28.896,40.336
17.4.2025,5:37:3.607,28.883,48.852
17.4.2025,5:37:4.623,28.918,33.239
17.4.2025,5:37:5.624,28.936,52.310
17.4.2025,5:37:6.625,28.710,47.720
17.4.2025,5:37:7.627,28.542,47.035
17.4.2025,5:37:8.643,28.766,32.893
17.4.2025,5:37:9.644,28.733,53.875
17.4.2025,5:37:10.647,28.850,39.818
17.4.2025,5:37:11.662,28.902,39.743
17.4.2025,5:37:12.664,28.576,50.001
17.4.2025,5:37:13.679,28.730,33.471
17.4.2025,5:37:14.680,28.670,51.873
17.4.2025,5:37:15.695,28.570,42.506
17.4.2025,5:37:16.712,29.165,37.980
17.4.2025,5:37:17.711,28.767,49.541
17.4.2025,5:37:18.724,28.685,32.893
17.4.2025,5:37:19.726,28.919,54.016
17.4.2025,5:37:20.741,28.793,40.264
17.4.2025,5:37:21.757,28.632,41.601
17.4.2025,5:37:22.774,28.654,49.145
17.4.2025,5:37:23.778,29.037,32.560
17.4.2025,5:37:24.779,29.219,34.007
17.4.2025,5:37:25.780,28.712,50.789
17.4.2025,5:37:26.783,29.056,44.395
17.4.2025,5:37:27.798,29.224,35.922
17.4.2025,5:37:28.796,29.043,52.163
17.4.2025,5:37:29.813,28.722,36.699
17.4.2025,5:37:30.811,28.552,45.321
17.4.2025,5:37:31.811,29.089,48.390
17.4.2025,5:37:32.815,28.563,32.901
17.4.2025,5:37:33.817,28.675,55.188
17.4.2025,5:37:34.833,28.850,39.840
17.4.2025,5:37:35.849,28.819,41.906
17.4.2025,5:37:36.850,29.410,49.647
17.4.2025,5:37:37.855,30.389,35.000
17.4.2025,5:37:38.870,28.907,34.776
17.4.2025,5:37:39.858,28.922,45.159
17.4.2025,5:37:40.859,28.465,49.401
17.4.2025,5:37:41.857,28.802,33.651
17.4.2025,5:37:42.858,28.782,48.259
17.4.2025,5:37:43.858,28.864,47.762
17.4.2025,5:37:44.857,28.700,31.890
17.4.2025,5:37:45.859,28.594,53.919
17.4.2025,5:37:46.858,28.793,42.647
17.4.2025,5:37:47.859,29.322,38.636
17.4.2025,5:37:48.858,29.377,38.089
17.4.2025,5:37:49.859,29.050,39.550
17.4.2025,5:37:50.873,28.603,49.179
17.4.2025,5:37:51.889,28.523,47.699
17.4.2025,5:37:52.887,28.767,35.142
17.4.2025,5:37:53.919,28.485,53.386
17.4.2025,5:37:54.932,28.968,38.564
17.4.2025,5:37:55.919,28.965,41.496
17.4.2025,5:37:56.919,28.791,49.479
17.4.2025,5:37:57.934,28.510,51.350
17.4.2025,5:37:58.948,29.007,36.916
17.4.2025,5:37:59.949,28.585,47.739
17.4.2025,5:38:0.953,28.754,47.872
17.4.2025,5:38:1.970,28.858,34.373
17.4.2025,5:38:2.989,28.689,51.545
17.4.2025,5:38:3.985,29.204,35.935
17.4.2025,5:38:4.984,28.708,45.244
17.4.2025,5:38:6.000,28.501,48.161
17.4.2025,5:38:6.999,28.704,33.986
17.4.2025,5:38:8.011,28.839,54.646
17.4.2025,5:38:9.011,28.863,39.815
17.4.2025,5:38:10.027,28.590,39.490
17.4.2025,5:38:11.027,28.482,51.857
17.4.2025,5:38:12.045,28.758,39.002
17.4.2025,5:38:13.046,28.650,41.033
17.4.2025,5:38:14.044,28.795,51.190
17.4.2025,5:38:15.046,28.660,36.935
17.4.2025,5:38:16.044,28.858,45.458
17.4.2025,5:38:17.075,28.816,48.254
17.4.2025,5:38:18.060,28.748,33.054
17.4.2025,5:38:19.061,28.864,52.473
17.4.2025,5:38:20.089,28.599,44.216
17.4.2025,5:38:21.091,28.783,39.151
17.4.2025,5:38:22.105,28.575,50.153
17.4.2025,5:38:23.107,28.718,32.640
17.4.2025,5:38:24.108,28.636,51.020
17.4.2025,5:38:25.110,28.926,47.305
17.4.2025,5:38:26.111,28.769,35.260
17.4.2025,5:38:27.114,28.586,52.851
17.4.2025,5:38:28.114,28.668,54.271
17.4.2025,5:38:29.112,28.836,40.220
17.4.2025,5:38:30.111,28.806,37.979
17.4.2025,5:38:31.117,28.954,50.070
17.4.2025,5:38:32.109,28.617,34.755
17.4.2025,5:38:33.116,28.880,48.113
17.4.2025,5:38:34.110,28.729,46.263
17.4.2025,5:38:35.135,28.445,35.334
17.4.2025,5:38:36.137,28.828,53.072
17.4.2025,5:38:37.137,28.856,39.849
17.4.2025,5:38:38.137,28.911,39.096
17.4.2025,5:38:39.139,28.806,49.470
17.4.2025,5:38:40.156,28.571,31.750
17.4.2025,5:38:41.171,28.683,52.052
17.4.2025,5:38:42.173,28.700,45.110
17.4.2025,5:38:43.187,28.696,36.593
17.4.2025,5:38:44.190,29.019,50.428
17.4.2025,5:38:45.191,28.670,50.853
17.4.2025,5:38:46.189,28.852,36.388
17.4.2025,5:38:47.191,28.797,47.738
17.4.2025,5:38:48.191,28.771,48.425
17.4.2025,5:38:49.189,29.383,33.296
17.4.2025,5:38:50.189,28.861,53.368
17.4.2025,5:38:51.190,28.758,38.565
17.4.2025,5:38:52.190,29.023,43.448
17.4.2025,5:38:53.208,28.583,50.176
17.4.2025,5:38:54.210,28.398,33.459
17.4.2025,5:38:55.209,29.049,52.896
17.4.2025,5:38:56.211,28.535,43.138
17.4.2025,5:38:57.211,28.557,35.941
17.4.2025,5:38:58.212,28.860,51.051
17.4.2025,5:38:59.229,28.983,34.363
17.4.2025,5:39:0.229,28.643,48.942
17.4.2025,5:39:1.229,28.985,47.091
17.4.2025,5:39:2.230,28.506,48.476
17.4.2025,5:39:3.234,29.207,34.150
17.4.2025,5:39:4.232,28.847,54.743
17.4.2025,5:39:5.247,28.809,39.235
17.4.2025,5:39:6.248,28.793,42.575
17.4.2025,5:39:7.248,28.726,49.040
17.4.2025,5:39:8.265,28.723,34.042
17.4.2025,5:39:9.265,28.992,53.383
17.4.2025,5:39:10.292,29.032,41.696
17.4.2025,5:39:11.305,31.319,39.144
17.4.2025,5:39:12.321,28.972,51.669
17.4.2025,5:39:13.324,28.874,35.215
17.4.2025,5:39:14.312,28.619,47.587
17.4.2025,5:39:15.311,28.752,48.261
17.4.2025,5:39:16.326,28.739,33.768
17.4.2025,5:39:17.344,28.962,32.604
17.4.2025,5:39:18.361,28.908,52.396
17.4.2025,5:39:19.359,28.677,45.760
17.4.2025,5:39:20.362,28.878,35.190
17.4.2025,5:39:21.363,28.708,52.407
17.4.2025,5:39:22.364,28.611,34.824
17.4.2025,5:39:23.379,28.929,51.201
17.4.2025,5:39:24.392,28.656,44.634
17.4.2025,5:39:25.396,28.699,36.903
17.4.2025,5:39:26.392,28.860,50.114
17.4.2025,5:39:27.404,28.811,36.190
17.4.2025,5:39:28.421,28.605,46.979
17.4.2025,5:39:29.437,28.764,48.444
17.4.2025,5:39:30.437,28.751,32.335
17.4.2025,5:39:31.437,28.489,53.103
17.4.2025,5:39:32.440,28.791,39.851
17.4.2025,5:39:33.441,28.915,40.054
17.4.2025,5:39:34.443,28.824,49.096
17.4.2025,5:39:35.441,28.420,33.025
17.4.2025,5:39:36.442,28.717,50.646
17.4.2025,5:39:37.444,28.895,47.547
17.4.2025,5:39:38.457,28.879,46.083
17.4.2025,5:39:39.472,28.883,34.952
17.4.2025,5:39:40.491,28.698,54.888
17.4.2025,5:39:41.487,28.816,39.159
17.4.2025,5:39:42.492,28.627,45.064
17.4.2025,5:39:43.492,28.741,47.456
17.4.2025,5:39:44.493,29.150,34.778
17.4.2025,5:39:45.493,28.554,52.482
17.4.2025,5:39:46.494,28.769,35.264
17.4.2025,5:39:47.497,29.024,45.743
17.4.2025,5:39:48.497,28.588,48.252
17.4.2025,5:39:49.500,28.806,32.933
17.4.2025,5:39:50.511,28.854,52.943
17.4.2025,5:39:51.512,28.886,39.882
17.4.2025,5:39:52.515,28.713,44.619
17.4.2025,5:39:53.519,28.420,43.383
17.4.2025,5:39:54.519,28.864,49.073
17.4.2025,5:39:55.520,28.794,34.314
17.4.2025,5:39:56.521,28.524,49.853
17.4.2025,5:39:57.537,28.930,46.399
17.4.2025,5:39:58.536,28.885,36.586
17.4.2025,5:39:59.550,29.015,50.653
17.4.2025,5:40:0.548,28.800,35.282
17.4.2025,5:40:1.564,28.609,50.050
17.4.2025,5:40:2.561,28.543,47.959
17.4.2025,5:40:3.576,28.938,33.835
17.4.2025,5:40:4.576,28.809,53.949
17.4.2025,5:40:5.605,28.735,43.555
17.4.2025,5:40:6.620,28.748,35.383
17.4.2025,5:40:7.619,28.879,51.235
17.4.2025,5:40:8.617,28.581,35.763
17.4.2025,5:40:9.616,29.067,45.911
17.4.2025,5:40:10.616,28.613,48.435
17.4.2025,5:40:11.616,31.823,31.201
17.4.2025,5:40:12.635,31.292,48.531
17.4.2025,5:40:13.647,32.799,50.684
17.4.2025,5:40:14.663,32.421,35.416
17.4.2025,5:40:15.667,32.685,35.944
17.4.2025,5:40:16.682,33.594,36.098
17.4.2025,5:40:17.698,33.005,32.157
17.4.2025,5:40:18.694,33.102,46.646
17.4.2025,5:40:19.686,32.926,50.150
17.4.2025,5:40:20.698,33.195,36.426
17.4.2025,5:40:21.707,33.237,36.422
17.4.2025,5:40:22.723,31.438,55.195
17.4.2025,5:40:23.737,32.183,43.930
17.4.2025,5:40:24.755,33.131,29.159
17.4.2025,5:40:25.754,32.496,47.466
17.4.2025,5:40:26.754,33.192,48.146
17.4.2025,5:40:27.769,32.800,32.970
17.4.2025,5:40:28.770,32.282,44.433
17.4.2025,5:40:29.771,31.457,49.713
17.4.2025,5:40:30.786,32.458,34.278
17.4.2025,5:40:31.785,31.628,41.883
17.4.2025,5:40:32.787,32.686,52.527
17.4.2025,5:40:33.791,33.095,39.719
17.4.2025,5:40:34.808,33.193,30.723
17.4.2025,5:40:35.797,31.865,46.420
17.4.2025,5:40:36.813,32.094,48.544
17.4.2025,5:40:37.811,31.974,34.185
17.4.2025,5:40:38.824,32.500,42.852
17.4.2025,5:40:39.822,32.503,49.737
17.4.2025,5:40:40.827,31.996,37.779
17.4.2025,5:40:41.844,32.357,31.884
17.4.2025,5:40:42.858,31.970,51.293
17.4.2025,5:40:43.858,32.039,47.649
17.4.2025,5:40:44.861,32.164,31.582
17.4.2025,5:40:45.876,32.087,43.062
17.4.2025,5:40:46.877,32.804,52.751
17.4.2025,5:40:47.891,33.462,54.594
17.4.2025,5:40:48.893,31.430,46.914
17.4.2025,5:40:49.892,30.693,32.344
17.4.2025,5:40:50.908,32.725,53.657
17.4.2025,5:40:51.908,31.793,42.970
17.4.2025,5:40:52.922,33.756,33.877
17.4.2025,5:40:53.937,31.673,36.838
17.4.2025,5:40:54.936,33.022,54.551
17.4.2025,5:40:55.935,32.795,45.622
17.4.2025,5:40:56.964,32.736,31.059
17.4.2025,5:40:57.960,33.081,51.805
17.4.2025,5:40:58.957,32.977,48.685
17.4.2025,5:40:59.956,30.768,38.622
17.4.2025,5:41:0.957,28.920,38.655
17.4.2025,5:41:1.962,28.580,50.230
17.4.2025,5:41:2.957,28.854,35.349
17.4.2025,5:41:3.957,29.130,49.780
17.4.2025,5:41:4.961,28.496,46.293
17.4.2025,5:41:5.960,28.365,35.448
17.4.2025,5:41:6.974,28.665,53.683
17.4.2025,5:41:7.987,28.655,41.394
17.4.2025,5:41:8.990,28.997,36.659
17.4.2025,5:41:9.989,28.708,52.171
17.4.2025,5:41:10.985,28.372,34.926
17.4.2025,5:41:11.986,28.615,49.504
17.4.2025,5:41:12.989,28.826,47.806
17.4.2025,5:41:13.987,28.531,50.146
17.4.2025,5:41:14.986,28.674,34.406
17.4.2025,5:41:15.988,28.751,48.629
17.4.2025,5:41:16.990,28.558,47.559
17.4.2025,5:41:17.988,28.684,35.301
17.4.2025,5:41:18.987,28.705,51.326
17.4.2025,5:41:20.008,28.659,36.897
17.4.2025,5:41:21.009,28.881,43.344
17.4.2025,5:41:22.024,28.699,48.982
17.4.2025,5:41:23.013,28.730,33.157
17.4.2025,5:41:24.013,28.883,54.597
17.4.2025,5:41:25.014,28.575,42.500
17.4.2025,5:41:26.013,28.472,34.818
17.4.2025,5:41:27.029,28.656,51.712
17.4.2025,5:41:28.029,28.292,36.932
17.4.2025,5:41:29.033,28.564,41.852
17.4.2025,5:41:30.046,28.832,49.638
17.4.2025,5:41:31.046,28.633,32.322
17.4.2025,5:41:32.048,28.894,33.504
17.4.2025,5:41:33.048,28.646,52.679
17.4.2025,5:41:34.062,28.577,45.488
17.4.2025,5:41:35.078,28.735,32.168
17.4.2025,5:41:36.095,28.748,53.175
17.4.2025,5:41:37.093,28.693,35.675
17.4.2025,5:41:38.112,28.787,46.654
17.4.2025,5:41:39.109,28.709,48.384
17.4.2025,5:41:40.110,28.750,33.629
17.4.2025,5:41:41.111,28.434,55.205
17.4.2025,5:41:42.111,28.742,38.132
17.4.2025,5:41:43.125,28.354,46.402
17.4.2025,5:41:44.125,28.706,48.378
17.4.2025,5:41:45.138,28.749,33.465
17.4.2025,5:41:46.153,28.891,52.723
17.4.2025,5:41:47.167,28.568,39.492
17.4.2025,5:41:48.155,29.673,38.307
17.4.2025,5:41:49.183,31.717,54.704
17.4.2025,5:41:50.186,29.328,41.921
17.4.2025,5:41:51.199,28.803,36.804
17.4.2025,5:41:52.201,28.504,52.936
17.4.2025,5:41:53.216,28.715,37.352
17.4.2025,5:41:54.234,28.644,45.935
17.4.2025,5:41:55.237,28.410,49.100
17.4.2025,5:41:56.235,28.680,32.054
17.4.2025,5:41:57.235,28.931,52.328
17.4.2025,5:41:58.234,28.873,50.084
17.4.2025,5:41:59.253,28.461,47.205
17.4.2025,5:42:0.248,28.594,33.219
17.4.2025,5:42:1.252,28.468,55.459
17.4.2025,5:42:2.271,28.694,43.464
17.4.2025,5:42:3.268,28.659,37.829
17.4.2025,5:42:4.270,28.850,49.742
17.4.2025,5:42:5.270,28.850,32.683
17.4.2025,5:42:6.264,29.022,50.370
17.4.2025,5:42:7.268,28.945,47.020
17.4.2025,5:42:8.270,28.722,33.642
17.4.2025,5:42:9.269,28.861,53.512
17.4.2025,5:42:10.271,28.801,38.142
17.4.2025,5:42:11.275,28.786,44.343
17.4.2025,5:42:12.278,28.565,36.895
17.4.2025,5:42:13.279,28.880,50.533
17.4.2025,5:42:14.281,28.985,32.232
17.4.2025,5:42:15.281,28.637,50.169
17.4.2025,5:42:16.283,28.750,47.534
17.4.2025,5:42:17.285,29.405,32.533
17.4.2025,5:42:18.302,28.997,52.081
17.4.2025,5:42:19.302,30.018,45.202
17.4.2025,5:42:20.321,29.479,32.852
17.4.2025,5:42:21.319,28.813,53.538
17.4.2025,5:42:22.322,28.749,40.313
17.4.2025,5:42:23.322,28.790,37.448
17.4.2025,5:42:24.324,28.651,33.825
17.4.2025,5:42:25.339,28.776,54.486
17.4.2025,5:42:26.339,28.742,39.543
17.4.2025,5:42:27.342,28.742,41.855
17.4.2025,5:42:28.358,28.980,50.832
17.4.2025,5:42:29.374,28.761,33.214
17.4.2025,5:42:30.390,28.768,52.034
17.4.2025,5:42:31.390,29.076,45.254
17.4.2025,5:42:32.391,28.850,36.003
17.4.2025,5:42:33.398,28.638,53.804
17.4.2025,5:42:34.401,28.999,39.970
17.4.2025,5:42:35.401,28.866,41.223
17.4.2025,5:42:36.416,28.605,48.865
17.4.2025,5:42:37.418,28.797,31.635
17.4.2025,5:42:38.434,28.570,50.873
17.4.2025,5:42:39.449,28.656,47.123
17.4.2025,5:42:40.447,28.776,36.520
17.4.2025,5:42:41.450,28.776,51.944
17.4.2025,5:42:42.452,29.738,37.659
17.4.2025,5:42:43.471,29.250,38.858
17.4.2025,5:42:44.473,29.741,46.589
17.4.2025,5:42:45.473,28.519,48.451
17.4.2025,5:42:46.476,28.800,33.461
17.4.2025,5:42:47.477,28.671,53.811
17.4.2025,5:42:48.493,29.019,39.933
17.4.2025,5:42:49.491,28.870,38.114
17.4.2025,5:42:50.491,28.848,50.331
17.4.2025,5:42:51.491,28.690,36.269
17.4.2025,5:42:52.493,28.547,46.302
17.4.2025,5:42:53.496,28.525,47.149
17.4.2025,5:42:54.494,28.828,33.029
17.4.2025,5:42:55.496,29.242,55.321
17.4.2025,5:42:56.511,28.781,40.104
17.4.2025,5:42:57.512,29.136,40.508
17.4.2025,5:42:58.511,28.699,49.906
17.4.2025,5:42:59.513,28.866,32.696
17.4.2025,5:43:0.516,28.823,34.474
17.4.2025,5:43:1.513,28.823,42.397
17.4.2025,5:43:2.514,28.925,48.252
17.4.2025,5:43:3.513,28.925,33.796
17.4.2025,5:43:4.527,28.785,51.699
17.4.2025,5:43:5.527,28.827,39.232
17.4.2025,5:43:6.526,29.067,35.546
17.4.2025,5:43:7.528,28.782,52.911
17.4.2025,5:43:8.527,29.007,36.955
17.4.2025,5:43:9.513,28.432,44.804
17.4.2025,5:43:10.516,29.319,48.251
17.4.2025,5:43:11.513,29.219,31.809
17.4.2025,5:43:12.516,28.866,50.319
17.4.2025,5:43:13.518,28.552,43.771
17.4.2025,5:43:14.517,28.754,43.771
17.4.2025,5:43:15.518,28.439,34.391
17.4.2025,5:43:16.517,28.917,50.483
17.4.2025,5:43:17.530,28.801,37.182
17.4.2025,5:43:18.533,28.764,44.797
17.4.2025,5:43:19.535,28.665,48.148
17.4.2025,5:43:20.536,28.993,49.640
17.4.2025,5:43:21.540,28.844,33.018
17.4.2025,5:43:22.540,28.650,51.540
17.4.2025,5:43:23.554,29.096,43.025
17.4.2025,5:43:24.555,28.828,40.548
17.4.2025,5:43:25.551,28.973,50.786
17.4.2025,5:43:26.553,28.610,33.669
17.4.2025,5:43:27.567,28.857,48.782
17.4.2025,5:43:28.568,28.675,48.035
17.4.2025,5:43:29.567,28.442,32.460
17.4.2025,5:43:30.568,28.988,53.985
17.4.2025,5:43:31.566,28.475,40.276
17.4.2025,5:43:32.583,28.923,38.851
17.4.2025,5:43:33.600,28.715,51.146
17.4.2025,5:43:34.602,28.826,35.309
17.4.2025,5:43:35.600,28.700,45.770
17.4.2025,5:43:36.601,28.659,47.741
17.4.2025,5:43:37.616,28.818,34.371
17.4.2025,5:43:38.616,28.882,54.429
17.4.2025,5:43:39.632,28.930,41.101
17.4.2025,5:43:40.648,28.777,37.553
17.4.2025,5:43:41.647,28.893,52.000
17.4.2025,5:43:42.664,29.171,36.514
17.4.2025,5:43:43.661,29.219,47.878
17.4.2025,5:43:44.664,29.134,47.066
17.4.2025,5:43:45.666,28.438,48.120
17.4.2025,5:43:46.677,28.602,32.572
17.4.2025,5:43:47.679,28.876,54.986
17.4.2025,5:43:48.694,29.210,39.559
17.4.2025,5:43:49.695,28.976,39.144
17.4.2025,5:43:50.695,29.192,49.742
17.4.2025,5:43:51.699,29.335,32.549
17.4.2025,5:43:52.701,28.654,52.410
17.4.2025,5:43:53.715,29.182,43.861
17.4.2025,5:43:54.718,32.057,32.943
17.4.2025,5:43:55.737,28.528,52.168
17.4.2025,5:43:56.735,28.714,55.210
17.4.2025,5:43:57.736,28.671,46.446
17.4.2025,5:43:58.754,28.704,39.672
17.4.2025,5:43:59.759,28.910,49.906
17.4.2025,5:44:0.776,28.653,35.582
17.4.2025,5:44:1.773,28.652,46.870
17.4.2025,5:44:2.773,28.791,47.254
17.4.2025,5:44:3.786,28.840,35.291
17.4.2025,5:44:4.787,28.601,52.191
17.4.2025,5:44:5.792,28.880,40.442
17.4.2025,5:44:6.793,28.832,38.357
17.4.2025,5:44:7.810,28.866,48.595
17.4.2025,5:44:8.809,28.833,32.065
17.4.2025,5:44:9.811,29.058,51.392
17.4.2025,5:44:10.811,29.249,47.769
17.4.2025,5:44:11.826,29.014,45.168
17.4.2025,5:44:12.846,28.531,37.462
17.4.2025,5:44:13.859,28.888,49.858
17.4.2025,5:44:14.862,28.475,32.561
17.4.2025,5:44:15.877,28.352,50.736
17.4.2025,5:44:16.892,28.693,47.365
17.4.2025,5:44:17.891,28.771,33.976
17.4.2025,5:44:18.889,28.865,53.197
17.4.2025,5:44:19.890,28.976,36.527
17.4.2025,5:44:20.891,29.182,48.316
17.4.2025,5:44:21.890,28.611,47.978
17.4.2025,5:44:22.889,28.930,34.134
17.4.2025,5:44:23.891,28.675,52.697
17.4.2025,5:44:24.890,28.953,36.941
17.4.2025,5:44:25.889,28.734,43.967
17.4.2025,5:44:26.890,28.550,48.187
17.4.2025,5:44:27.886,28.757,33.761
17.4.2025,5:44:28.903,28.709,36.078
17.4.2025,5:44:29.917,28.662,45.685
17.4.2025,5:44:30.903,28.571,48.210
17.4.2025,5:44:31.904,28.853,31.457
17.4.2025,5:44:32.916,28.752,54.108
17.4.2025,5:44:33.933,28.336,47.398
17.4.2025,5:44:34.948,28.669,34.168
17.4.2025,5:44:35.949,28.901,54.323
17.4.2025,5:44:36.934,28.777,37.272
17.4.2025,5:44:37.964,28.401,42.538
17.4.2025,5:44:38.964,29.017,48.530
17.4.2025,5:44:39.965,28.647,33.509
17.4.2025,5:44:40.952,28.856,54.110
17.4.2025,5:44:41.951,28.566,39.975
17.4.2025,5:44:42.957,28.737,40.845
17.4.2025,5:44:43.958,28.805,49.906
17.4.2025,5:44:44.960,28.734,34.223
17.4.2025,5:44:45.975,28.629,49.048
17.4.2025,5:44:46.975,28.572,47.667
17.4.2025,5:44:47.973,28.776,34.836
17.4.2025,5:44:48.987,28.544,54.624
17.4.2025,5:44:49.986,29.024,42.078
17.4.2025,5:44:50.985,29.013,35.875
17.4.2025,5:44:51.986,28.631,51.651
17.4.2025,5:44:53.002,28.803,34.163
17.4.2025,5:44:54.007,28.773,51.679
17.4.2025,5:44:55.027,28.934,47.449
17.4.2025,5:44:56.023,28.647,48.140
17.4.2025,5:44:57.023,28.773,35.967
17.4.2025,5:44:58.023,28.609,51.867
17.4.2025,5:44:59.038,28.909,36.285
17.4.2025,5:45:0.039,29.079,46.729
17.4.2025,5:45:1.055,28.914,48.611
17.4.2025,5:45:2.074,28.802,34.581
17.4.2025,5:45:3.073,29.021,52.476
17.4.2025,5:45:4.088,29.104,38.771
17.4.2025,5:45:5.105,28.534,36.915
17.4.2025,5:45:6.108,28.739,51.229
17.4.2025,5:45:7.111,28.924,33.862
17.4.2025,5:45:8.110,28.759,46.112
17.4.2025,5:45:9.113,28.598,47.342
17.4.2025,5:45:10.110,29.813,38.757
17.4.2025,5:45:11.114,29.346,37.973
17.4.2025,5:45:12.109,29.780,54.310
17.4.2025,5:45:13.127,29.003,39.851
17.4.2025,5:45:14.130,29.015,44.152
17.4.2025,5:45:15.125,28.972,48.336
17.4.2025,5:45:16.126,28.597,33.350
17.4.2025,5:45:17.146,28.607,52.156
17.4.2025,5:45:18.147,29.077,42.664
17.4.2025,5:45:19.143,28.810,38.385
17.4.2025,5:45:20.144,28.894,49.375
17.4.2025,5:45:21.148,28.987,31.576
17.4.2025,5:45:22.148,28.481,51.225
17.4.2025,5:45:23.164,28.453,43.684
17.4.2025,5:45:24.165,29.146,43.105
17.4.2025,5:45:25.162,28.955,37.518
17.4.2025,5:45:26.162,28.592,51.831
17.4.2025,5:45:27.179,28.827,36.975
17.4.2025,5:45:28.179,28.612,40.948
17.4.2025,5:45:29.198,31.221,50.243
17.4.2025,5:45:30.197,28.876,32.431
17.4.2025,5:45:31.184,28.401,50.210
17.4.2025,5:45:32.185,28.860,45.567
17.4.2025,5:45:33.202,28.478,36.991
17.4.2025,5:45:34.216,28.910,50.438
17.4.2025,5:45:35.232,28.797,34.083
17.4.2025,5:45:36.231,28.290,49.600
17.4.2025,5:45:37.233,28.566,47.922
17.4.2025,5:45:38.246,28.798,33.353
17.4.2025,5:45:39.261,28.628,53.410
17.4.2025,5:45:40.261,28.949,40.619
17.4.2025,5:45:41.248,28.849,37.884
17.4.2025,5:45:42.249,28.436,33.830
17.4.2025,5:45:43.266,28.938,51.448
17.4.2025,5:45:44.268,28.439,36.025
17.4.2025,5:45:45.271,28.670,46.566
17.4.2025,5:45:46.287,28.766,48.291
17.4.2025,5:45:47.290,31.612,32.229
17.4.2025,5:45:48.291,28.644,49.149
17.4.2025,5:45:49.308,28.774,47.770
17.4.2025,5:45:50.294,28.691,34.463
17.4.2025,5:45:51.298,28.642,33.636
17.4.2025,5:45:52.311,28.561,53.497
17.4.2025,5:45:53.312,28.712,36.647
17.4.2025,5:45:54.310,28.669,43.859
17.4.2025,5:45:55.328,28.707,49.255
17.4.2025,5:45:56.328,28.682,33.900
17.4.2025,5:45:57.331,28.739,47.109
17.4.2025,5:45:58.349,28.804,47.007
17.4.2025,5:45:59.366,28.884,33.245
17.4.2025,5:46:0.371,28.887,53.601
17.4.2025,5:46:1.372,28.886,41.590
17.4.2025,5:46:2.388,28.567,39.400
17.4.2025,5:46:3.391,28.942,48.399
17.4.2025,5:46:4.390,28.969,33.220
17.4.2025,5:46:5.387,28.440,52.565
17.4.2025,5:46:6.389,28.568,42.634
17.4.2025,5:46:7.406,28.930,46.147
17.4.2025,5:46:8.408,28.431,39.513
17.4.2025,5:46:9.406,28.716,31.631
17.4.2025,5:46:10.406,28.723,33.898
17.4.2025,5:46:11.407,28.391,46.935
17.4.2025,5:46:12.423,28.975,47.337
17.4.2025,5:46:13.437,28.817,35.014
17.4.2025,5:46:14.436,28.313,52.267
17.4.2025,5:46:15.451,28.986,40.044
17.4.2025,5:46:16.469,28.657,39.997
17.4.2025,5:46:17.490,29.266,49.861
17.4.2025,5:46:18.489,28.723,32.786
17.4.2025,5:46:19.489,28.928,50.914
17.4.2025,5:46:20.488,28.608,47.399
17.4.2025,5:46:21.489,28.905,35.294
17.4.2025,5:46:22.488,28.677,52.604
17.4.2025,5:46:23.504,29.350,37.532
17.4.2025,5:46:24.506,29.191,47.334
17.4.2025,5:46:25.509,28.667,48.099
17.4.2025,5:46:26.523,28.947,33.134
17.4.2025,5:46:27.524,28.877,55.571
17.4.2025,5:46:28.538,29.006,39.900
17.4.2025,5:46:29.554,29.056,42.429
17.4.2025,5:46:30.572,29.045,39.738
17.4.2025,5:46:31.574,28.947,48.317
17.4.2025,5:46:32.561,28.527,35.534
17.4.2025,5:46:33.560,28.717,53.248
17.4.2025,5:46:34.563,28.823,37.996
17.4.2025,5:46:35.564,28.587,44.907
17.4.2025,5:46:36.564,28.726,47.583
17.4.2025,5:46:37.563,28.815,35.411
17.4.2025,5:46:38.579,28.781,53.364
17.4.2025,5:46:39.579,28.887,38.300
17.4.2025,5:46:40.593,28.995,41.272
17.4.2025,5:46:41.595,28.988,50.220
17.4.2025,5:46:42.596,28.674,50.627
17.4.2025,5:46:43.609,28.756,32.640
17.4.2025,5:46:44.611,28.291,49.369
17.4.2025,5:46:45.626,29.019,48.485
17.4.2025,5:46:46.625,28.437,31.510
17.4.2025,5:46:47.625,28.686,53.622
17.4.2025,5:46:48.647,29.013,42.176
17.4.2025,5:46:49.645,28.705,36.622
17.4.2025,5:46:50.642,28.828,50.739
17.4.2025,5:46:51.661,28.791,34.755
17.4.2025,5:46:52.662,29.014,48.637
17.4.2025,5:46:53.680,28.592,47.966
17.4.2025,5:46:54.693,28.708,35.460
17.4.2025,5:46:55.692,28.328,53.999
17.4.2025,5:46:56.693,28.932,39.037
17.4.2025,5:46:57.695,29.219,41.928
17.4.2025,5:46:58.696,28.668,48.563
17.4.2025,5:46:59.696,28.770,48.604
17.4.2025,5:47:0.700,29.093,32.338
17.4.2025,5:47:1.712,28.840,53.333
17.4.2025,5:47:2.714,29.618,42.502
17.4.2025,5:47:3.714,30.394,35.486
17.4.2025,5:47:4.729,28.378,51.612
17.4.2025,5:47:5.728,28.909,36.673
17.4.2025,5:47:6.743,28.686,42.872
17.4.2025,5:47:7.762,29.210,48.605
17.4.2025,5:47:8.749,29.167,33.031
17.4.2025,5:47:9.751,29.071,54.967
17.4.2025,5:47:10.767,29.081,53.000
17.4.2025,5:47:11.766,29.167,43.097
17.4.2025,5:47:12.767,28.452,36.346
17.4.2025,5:47:13.783,28.459,52.363
17.4.2025,5:47:14.785,28.677,38.780
17.4.2025,5:47:15.786,28.498,46.462
17.4.2025,5:47:16.784,28.570,48.607
17.4.2025,5:47:17.785,28.716,34.294
17.4.2025,5:47:18.799,28.473,54.470
17.4.2025,5:47:19.803,28.776,41.281
17.4.2025,5:47:20.820,28.844,36.893
17.4.2025,5:47:21.820,28.616,49.917
17.4.2025,5:47:22.822,28.757,33.347
17.4.2025,5:47:23.824,28.549,49.219
17.4.2025,5:47:24.822,28.639,47.221
17.4.2025,5:47:25.821,28.624,35.924
17.4.2025,5:47:26.822,28.779,52.557
17.4.2025,5:47:27.824,28.630,55.415
17.4.2025,5:47:28.809,28.853,42.542
17.4.2025,5:47:29.822,28.865,35.866
17.4.2025,5:47:30.809,28.640,52.988
17.4.2025,5:47:31.812,28.695,37.331
17.4.2025,5:47:32.826,28.672,45.130
17.4.2025,5:47:33.827,29.025,48.229
17.4.2025,5:47:34.828,28.608,33.015
17.4.2025,5:47:35.843,28.730,54.521
17.4.2025,5:47:36.860,29.295,40.335
17.4.2025,5:47:37.860,29.446,38.592
17.4.2025,5:47:38.859,29.243,37.440
17.4.2025,5:47:39.872,29.563,37.957
17.4.2025,5:47:40.889,29.634,38.159
17.4.2025,5:47:41.894,18.850,25.574
