Date,Time,CPU All Power Consumption (W),GPU Power Consumption (W)
18.4.2025,3:9:59.957,5.278,6.179
18.4.2025,3:10:0.945,27.868,28.815
18.4.2025,3:10:1.944,32.317,47.801
18.4.2025,3:10:2.945,30.545,50.029
18.4.2025,3:10:3.947,29.683,50.685
18.4.2025,3:10:4.951,29.125,32.233
18.4.2025,3:10:5.953,28.788,47.739
18.4.2025,3:10:6.956,29.406,48.439
18.4.2025,3:10:7.957,29.041,40.861
18.4.2025,3:10:8.958,29.820,51.478
18.4.2025,3:10:9.946,28.846,32.371
18.4.2025,3:10:10.948,29.312,48.483
18.4.2025,3:10:11.947,29.148,37.855
18.4.2025,3:10:12.946,29.684,47.646
18.4.2025,3:10:13.947,29.240,50.367
18.4.2025,3:10:14.948,28.913,38.942
18.4.2025,3:10:15.949,29.441,51.231
18.4.2025,3:10:16.952,29.123,47.594
18.4.2025,3:10:17.954,29.187,48.947
18.4.2025,3:10:18.958,28.995,41.688
18.4.2025,3:10:19.946,29.293,52.285
18.4.2025,3:10:20.946,29.185,32.968
18.4.2025,3:10:21.948,29.093,50.058
18.4.2025,3:10:22.948,29.010,32.251
18.4.2025,3:10:23.946,29.414,47.841
18.4.2025,3:10:24.947,29.025,36.321
18.4.2025,3:10:25.947,29.190,48.092
18.4.2025,3:10:26.948,29.224,49.317
18.4.2025,3:10:27.947,28.948,40.935
18.4.2025,3:10:28.946,29.530,52.465
18.4.2025,3:10:29.952,29.134,32.666
18.4.2025,3:10:30.955,29.305,48.335
18.4.2025,3:10:31.954,28.756,36.935
18.4.2025,3:10:32.960,29.181,47.440
18.4.2025,3:10:33.958,28.777,46.843
18.4.2025,3:10:34.945,29.324,52.626
18.4.2025,3:10:35.958,28.749,32.379
18.4.2025,3:10:36.957,28.968,48.821
18.4.2025,3:10:37.958,28.908,34.229
18.4.2025,3:10:38.957,28.731,47.914
18.4.2025,3:10:39.955,29.435,38.604
18.4.2025,3:10:40.956,28.756,47.833
18.4.2025,3:10:41.959,29.313,48.782
18.4.2025,3:10:42.956,28.828,41.550
18.4.2025,3:10:43.958,29.362,52.682
18.4.2025,3:10:44.957,29.362,32.481
18.4.2025,3:10:45.958,28.754,48.372
18.4.2025,3:10:46.943,29.194,33.734
18.4.2025,3:10:47.946,28.867,47.853
18.4.2025,3:10:48.944,29.242,39.194
18.4.2025,3:10:49.958,28.753,47.620
18.4.2025,3:10:50.944,29.134,45.578
18.4.2025,3:10:51.946,28.730,46.456
18.4.2025,3:10:52.950,29.098,55.535
18.4.2025,3:10:53.951,28.920,36.696
18.4.2025,3:10:54.951,28.445,50.873
18.4.2025,3:10:55.952,29.429,32.432
18.4.2025,3:10:56.953,28.558,49.096
18.4.2025,3:10:57.954,29.317,33.972
18.4.2025,3:10:58.954,28.516,47.521
18.4.2025,3:10:59.954,29.313,38.843
18.4.2025,3:11:0.955,28.914,47.823
18.4.2025,3:11:1.954,29.324,43.153
18.4.2025,3:11:2.953,28.477,47.584
18.4.2025,3:11:3.953,29.281,50.609
18.4.2025,3:11:4.953,31.295,51.405
18.4.2025,3:11:5.956,31.933,32.815
18.4.2025,3:11:6.954,32.275,50.029
18.4.2025,3:11:7.955,29.750,34.263
18.4.2025,3:11:8.954,28.237,47.673
18.4.2025,3:11:9.955,28.566,43.321
18.4.2025,3:11:10.959,27.897,45.108
18.4.2025,3:11:11.946,28.107,55.207
18.4.2025,3:11:12.946,27.869,37.626
18.4.2025,3:11:13.949,27.847,50.593
18.4.2025,3:11:14.948,29.822,42.254
18.4.2025,3:11:15.946,28.895,53.088
18.4.2025,3:11:16.948,28.191,46.291
18.4.2025,3:11:17.952,29.340,34.180
18.4.2025,3:11:18.955,31.761,51.650
18.4.2025,3:11:19.962,32.191,45.213
18.4.2025,3:11:20.944,33.815,33.147
18.4.2025,3:11:21.945,33.153,51.680
18.4.2025,3:11:22.944,32.907,38.766
18.4.2025,3:11:23.957,32.367,51.474
18.4.2025,3:11:24.960,30.257,32.687
18.4.2025,3:11:25.945,30.581,49.955
18.4.2025,3:11:26.947,28.662,31.594
18.4.2025,3:11:27.949,28.154,48.572
18.4.2025,3:11:28.952,30.774,31.342
18.4.2025,3:11:29.949,32.339,49.429
18.4.2025,3:11:30.954,30.451,31.379
18.4.2025,3:11:31.950,28.607,48.102
18.4.2025,3:11:32.951,28.801,33.623
18.4.2025,3:11:33.951,28.194,47.850
18.4.2025,3:11:34.950,28.594,39.220
18.4.2025,3:11:35.949,28.061,47.550
18.4.2025,3:11:36.950,28.604,44.136
18.4.2025,3:11:37.950,28.267,47.107
18.4.2025,3:11:38.952,28.454,51.266
18.4.2025,3:11:39.955,28.601,43.142
18.4.2025,3:11:40.956,29.341,32.113
18.4.2025,3:11:41.953,28.313,48.034
18.4.2025,3:11:42.953,28.498,34.176
18.4.2025,3:11:43.950,28.249,46.918
18.4.2025,3:11:44.955,28.306,45.599
18.4.2025,3:11:45.954,28.205,47.145
18.4.2025,3:11:46.954,28.004,52.314
18.4.2025,3:11:47.957,28.819,40.302
18.4.2025,3:11:48.958,28.175,54.980
18.4.2025,3:11:49.959,27.932,38.795
18.4.2025,3:11:50.957,28.076,52.926
18.4.2025,3:11:51.957,28.570,35.651
18.4.2025,3:11:52.957,28.167,52.949
18.4.2025,3:11:53.945,28.347,33.010
18.4.2025,3:11:54.944,27.651,49.725
18.4.2025,3:11:55.957,28.300,32.177
18.4.2025,3:11:56.946,28.042,48.939
18.4.2025,3:11:57.947,28.813,34.878
18.4.2025,3:11:58.946,27.623,47.672
18.4.2025,3:11:59.948,28.733,40.075
18.4.2025,3:12:0.948,27.732,40.075
18.4.2025,3:12:1.950,28.566,47.267
18.4.2025,3:12:2.952,27.911,45.471
18.4.2025,3:12:3.952,28.200,46.795
18.4.2025,3:12:4.956,27.708,52.783
18.4.2025,3:12:5.957,28.745,49.473
18.4.2025,3:12:6.958,27.721,33.141
18.4.2025,3:12:7.959,28.508,47.783
18.4.2025,3:12:8.945,27.671,36.023
18.4.2025,3:12:9.948,28.424,47.969
18.4.2025,3:12:10.951,27.687,38.573
18.4.2025,3:12:11.951,28.668,47.439
18.4.2025,3:12:12.952,27.977,44.917
18.4.2025,3:12:13.953,28.694,46.687
18.4.2025,3:12:14.955,27.928,50.707
18.4.2025,3:12:15.957,28.603,49.126
18.4.2025,3:12:16.957,27.900,53.373
18.4.2025,3:12:17.957,28.523,47.908
18.4.2025,3:12:18.958,27.665,34.150
18.4.2025,3:12:19.945,28.417,47.510
18.4.2025,3:12:20.947,27.830,37.434
18.4.2025,3:12:21.947,28.640,47.431
18.4.2025,3:12:22.951,27.982,43.855
18.4.2025,3:12:23.955,28.479,47.699
18.4.2025,3:12:24.955,27.429,49.643
18.4.2025,3:12:25.959,28.659,41.325
18.4.2025,3:12:26.956,28.066,54.013
18.4.2025,3:12:27.954,28.336,35.584
18.4.2025,3:12:28.957,27.985,50.062
18.4.2025,3:12:29.955,28.669,32.869
18.4.2025,3:12:30.954,27.985,44.123
18.4.2025,3:12:31.955,28.290,32.742
18.4.2025,3:12:32.953,28.197,49.235
18.4.2025,3:12:33.955,28.139,41.649
18.4.2025,3:12:34.955,28.242,54.481
18.4.2025,3:12:35.953,27.857,36.877
18.4.2025,3:12:36.955,28.498,50.603
18.4.2025,3:12:37.958,27.835,32.528
18.4.2025,3:12:38.957,28.192,48.631
18.4.2025,3:12:39.944,28.138,35.495
18.4.2025,3:12:40.946,30.542,48.006
18.4.2025,3:12:41.945,28.334,38.174
18.4.2025,3:12:42.948,28.359,47.971
18.4.2025,3:12:43.950,27.396,48.036
18.4.2025,3:12:44.951,28.541,45.968
18.4.2025,3:12:45.950,27.747,51.497
18.4.2025,3:12:46.956,28.264,50.064
18.4.2025,3:12:47.957,27.497,32.183
18.4.2025,3:12:48.943,28.163,48.355
18.4.2025,3:12:49.945,27.873,35.031
18.4.2025,3:12:50.948,28.042,47.515
18.4.2025,3:12:51.951,27.950,41.414
18.4.2025,3:12:52.951,28.507,48.075
18.4.2025,3:12:53.951,27.758,47.068
18.4.2025,3:12:54.949,28.277,44.719
18.4.2025,3:12:55.949,27.866,51.880
18.4.2025,3:12:56.950,28.195,39.224
18.4.2025,3:12:57.948,27.864,52.765
18.4.2025,3:12:58.951,28.045,34.588
18.4.2025,3:12:59.955,29.125,40.914
18.4.2025,3:13:0.958,29.545,35.153
18.4.2025,3:13:1.957,29.571,35.385
18.4.2025,3:13:2.944,28.650,42.954
18.4.2025,3:13:3.946,27.661,31.585
18.4.2025,3:13:4.944,28.256,48.846
18.4.2025,3:13:5.946,27.715,34.051
18.4.2025,3:13:6.946,28.119,47.430
18.4.2025,3:13:7.947,28.056,39.989
18.4.2025,3:13:8.947,27.814,47.462
18.4.2025,3:13:9.948,27.936,45.966
18.4.2025,3:13:10.952,27.735,44.979
18.4.2025,3:13:11.951,27.954,54.278
18.4.2025,3:13:12.950,27.891,38.083
18.4.2025,3:13:13.948,28.148,50.476
18.4.2025,3:13:14.947,27.808,31.637
18.4.2025,3:13:15.948,28.121,48.789
18.4.2025,3:13:16.949,27.637,32.675
18.4.2025,3:13:17.951,28.507,48.089
18.4.2025,3:13:18.954,27.779,37.784
18.4.2025,3:13:19.951,28.359,47.536
18.4.2025,3:13:20.953,27.957,42.859
18.4.2025,3:13:21.954,28.662,47.612
18.4.2025,3:13:22.953,27.908,46.243
18.4.2025,3:13:23.953,28.347,47.408
18.4.2025,3:13:24.957,27.645,34.678
18.4.2025,3:13:25.957,28.230,50.554
18.4.2025,3:13:26.957,27.711,30.597
18.4.2025,3:13:27.953,28.435,49.746
18.4.2025,3:13:28.955,27.823,33.009
18.4.2025,3:13:29.953,28.417,47.881
18.4.2025,3:13:30.957,27.775,35.246
18.4.2025,3:13:31.943,28.031,47.639
18.4.2025,3:13:32.945,27.655,43.914
18.4.2025,3:13:33.947,28.004,47.425
18.4.2025,3:13:34.950,27.787,47.446
18.4.2025,3:13:35.953,28.008,46.440
18.4.2025,3:13:36.952,27.813,50.559
18.4.2025,3:13:37.951,28.005,44.252
18.4.2025,3:13:38.950,28.005,31.534
18.4.2025,3:13:39.952,28.403,39.945
18.4.2025,3:13:40.950,28.403,33.464
18.4.2025,3:13:41.951,27.985,48.912
18.4.2025,3:13:42.948,27.891,35.507
18.4.2025,3:13:43.951,27.935,47.664
18.4.2025,3:13:44.953,28.304,35.779
18.4.2025,3:13:45.958,27.881,47.194
18.4.2025,3:13:46.947,28.145,45.130
18.4.2025,3:13:47.948,27.997,47.576
18.4.2025,3:13:48.951,27.972,50.726
18.4.2025,3:13:49.951,27.901,41.016
18.4.2025,3:13:50.953,27.798,52.869
18.4.2025,3:13:51.956,28.329,36.082
18.4.2025,3:13:52.958,27.426,50.343
18.4.2025,3:13:53.945,28.714,32.570
18.4.2025,3:13:54.948,27.712,45.639
18.4.2025,3:13:55.952,28.339,47.147
18.4.2025,3:13:56.954,27.635,51.718
18.4.2025,3:13:57.953,28.143,42.959
18.4.2025,3:13:58.952,27.742,54.596
18.4.2025,3:13:59.954,28.388,39.843
18.4.2025,3:14:0.956,27.706,52.787
18.4.2025,3:14:1.958,28.222,36.342
18.4.2025,3:14:2.945,27.620,52.345
18.4.2025,3:14:3.944,28.583,33.039
18.4.2025,3:14:4.943,27.785,49.120
18.4.2025,3:14:5.944,28.169,35.438
18.4.2025,3:14:6.945,27.554,47.549
18.4.2025,3:14:7.944,28.437,40.025
18.4.2025,3:14:8.943,27.942,47.439
18.4.2025,3:14:9.958,27.887,48.510
18.4.2025,3:14:10.946,27.599,44.371
18.4.2025,3:14:11.947,28.158,53.383
18.4.2025,3:14:12.945,27.697,38.240
18.4.2025,3:14:13.945,27.993,53.054
18.4.2025,3:14:14.950,27.586,47.527
18.4.2025,3:14:15.947,30.102,33.609
18.4.2025,3:14:16.951,27.628,48.222
18.4.2025,3:14:17.951,28.025,34.060
18.4.2025,3:14:18.952,27.976,47.708
18.4.2025,3:14:19.954,28.360,34.650
18.4.2025,3:14:20.954,27.976,47.570
18.4.2025,3:14:21.952,28.251,39.678
18.4.2025,3:14:22.953,27.860,47.455
18.4.2025,3:14:23.957,28.194,45.550
18.4.2025,3:14:24.944,27.973,53.765
18.4.2025,3:14:25.945,28.197,36.162
18.4.2025,3:14:26.948,27.784,49.578
18.4.2025,3:14:27.947,28.017,31.130
18.4.2025,3:14:28.949,28.040,47.814
18.4.2025,3:14:29.950,27.577,34.707
18.4.2025,3:14:30.950,28.425,47.599
18.4.2025,3:14:31.951,27.747,38.238
18.4.2025,3:14:32.951,28.064,47.447
18.4.2025,3:14:33.952,27.694,47.046
18.4.2025,3:14:34.951,28.028,47.450
18.4.2025,3:14:35.953,27.341,51.077
18.4.2025,3:14:36.958,28.147,41.710
18.4.2025,3:14:37.944,27.807,53.211
18.4.2025,3:14:38.956,28.355,35.298
18.4.2025,3:14:39.959,27.533,49.450
18.4.2025,3:14:40.945,28.106,33.169
18.4.2025,3:14:41.949,28.150,48.191
18.4.2025,3:14:42.947,28.245,36.569
18.4.2025,3:14:43.950,27.810,47.459
18.4.2025,3:14:44.948,28.052,40.104
18.4.2025,3:14:45.946,27.695,47.417
18.4.2025,3:14:46.945,28.181,43.137
18.4.2025,3:14:47.945,27.770,47.946
18.4.2025,3:14:48.943,28.710,48.264
18.4.2025,3:14:49.946,27.540,51.639
18.4.2025,3:14:50.943,28.141,34.290
18.4.2025,3:14:51.957,27.713,41.768
18.4.2025,3:14:52.945,28.084,31.274
18.4.2025,3:14:53.946,27.787,49.405
18.4.2025,3:14:54.949,27.920,31.442
18.4.2025,3:14:55.950,27.446,48.714
18.4.2025,3:14:56.956,27.816,35.848
18.4.2025,3:14:57.953,27.933,47.950
18.4.2025,3:14:58.957,28.017,37.823
18.4.2025,3:14:59.944,27.720,47.469
18.4.2025,3:15:0.945,28.291,43.466
18.4.2025,3:15:1.943,27.789,47.662
18.4.2025,3:15:2.949,27.852,47.305
18.4.2025,3:15:3.950,27.949,44.436
18.4.2025,3:15:4.950,27.825,54.845
18.4.2025,3:15:5.953,28.287,37.190
18.4.2025,3:15:6.954,27.521,33.668
18.4.2025,3:15:7.953,28.438,47.856
18.4.2025,3:15:8.954,27.602,36.208
18.4.2025,3:15:9.954,28.109,47.723
18.4.2025,3:15:10.955,27.923,39.847
18.4.2025,3:15:11.956,28.130,47.656
18.4.2025,3:15:12.957,27.576,45.024
18.4.2025,3:15:13.956,28.146,47.381
18.4.2025,3:15:14.956,27.447,47.381
18.4.2025,3:15:15.955,28.262,46.509
18.4.2025,3:15:16.955,27.519,46.253
18.4.2025,3:15:17.955,28.111,50.956
18.4.2025,3:15:18.954,27.606,43.321
18.4.2025,3:15:19.958,28.340,54.963
18.4.2025,3:15:20.943,27.347,38.200
18.4.2025,3:15:21.945,28.123,53.402
18.4.2025,3:15:22.945,27.745,33.142
18.4.2025,3:15:23.946,28.381,49.749
18.4.2025,3:15:24.947,27.644,32.299
18.4.2025,3:15:25.947,28.208,47.906
18.4.2025,3:15:26.950,27.476,35.060
18.4.2025,3:15:27.947,28.438,47.472
18.4.2025,3:15:28.947,27.607,35.046
18.4.2025,3:15:29.946,28.277,50.507
18.4.2025,3:15:30.948,27.858,43.423
18.4.2025,3:15:31.947,27.786,53.131
18.4.2025,3:15:32.948,27.287,36.159
18.4.2025,3:15:33.947,28.207,50.748
18.4.2025,3:15:34.950,27.902,32.737
18.4.2025,3:15:35.950,28.169,50.539
18.4.2025,3:15:36.951,27.727,30.959
18.4.2025,3:15:37.954,28.047,49.058
18.4.2025,3:15:38.955,27.626,33.253
18.4.2025,3:15:39.957,27.980,47.730
18.4.2025,3:15:40.946,27.709,36.409
18.4.2025,3:15:41.948,27.979,47.613
18.4.2025,3:15:42.949,27.520,42.936
18.4.2025,3:15:43.951,28.139,53.399
18.4.2025,3:15:44.950,27.768,38.131
18.4.2025,3:15:45.955,27.847,51.060
18.4.2025,3:15:46.958,27.420,31.232
18.4.2025,3:15:47.946,28.034,48.884
18.4.2025,3:15:48.943,27.508,30.787
18.4.2025,3:15:49.943,30.669,48.463
18.4.2025,3:15:50.945,27.905,33.115
18.4.2025,3:15:51.957,28.042,47.511
18.4.2025,3:15:52.958,27.556,36.560
18.4.2025,3:15:53.957,28.143,47.648
18.4.2025,3:15:54.957,27.665,39.646
18.4.2025,3:15:55.956,28.198,47.083
18.4.2025,3:15:56.945,27.711,44.346
18.4.2025,3:15:57.947,28.247,47.598
18.4.2025,3:15:58.947,27.814,46.605
18.4.2025,3:15:59.948,28.130,47.555
18.4.2025,3:16:0.947,27.629,48.016
18.4.2025,3:16:1.947,29.687,40.162
18.4.2025,3:16:2.952,29.380,36.059
18.4.2025,3:16:3.951,29.413,40.884
18.4.2025,3:16:4.949,27.235,34.645
18.4.2025,3:16:5.951,28.283,47.343
18.4.2025,3:16:6.947,27.412,42.794
18.4.2025,3:16:7.951,27.980,54.394
18.4.2025,3:16:8.954,27.626,36.854
18.4.2025,3:16:9.953,27.965,52.437
18.4.2025,3:16:10.955,27.738,32.888
18.4.2025,3:16:11.957,28.017,49.761
18.4.2025,3:16:12.954,27.908,32.581
18.4.2025,3:16:13.956,28.068,48.680
18.4.2025,3:16:14.956,28.010,35.189
18.4.2025,3:16:15.948,27.921,47.900
18.4.2025,3:16:16.945,27.736,40.462
18.4.2025,3:16:17.957,28.029,47.610
18.4.2025,3:16:18.958,27.982,49.014
18.4.2025,3:16:19.946,27.468,44.982
18.4.2025,3:16:20.948,27.880,54.543
18.4.2025,3:16:21.952,27.439,40.063
18.4.2025,3:16:22.951,28.453,53.744
18.4.2025,3:16:23.955,27.726,48.519
18.4.2025,3:16:24.956,27.949,32.984
18.4.2025,3:16:25.957,27.431,47.813
18.4.2025,3:16:26.957,28.034,33.418
18.4.2025,3:16:27.958,27.415,47.533
18.4.2025,3:16:28.958,27.415,44.204
18.4.2025,3:16:29.956,28.237,47.440
18.4.2025,3:16:30.953,27.453,50.245
18.4.2025,3:16:31.956,27.790,43.908
18.4.2025,3:16:32.953,27.478,55.259
18.4.2025,3:16:33.953,27.773,39.851
18.4.2025,3:16:34.956,27.654,52.828
18.4.2025,3:16:35.953,27.855,32.793
18.4.2025,3:16:36.956,27.630,49.203
18.4.2025,3:16:37.943,27.647,35.101
18.4.2025,3:16:38.944,27.629,47.924
18.4.2025,3:16:39.947,27.588,38.801
18.4.2025,3:16:40.944,27.568,47.709
18.4.2025,3:16:41.945,27.946,41.062
18.4.2025,3:16:42.957,27.732,53.629
18.4.2025,3:16:43.944,27.487,34.916
18.4.2025,3:16:44.946,27.710,50.968
18.4.2025,3:16:45.949,27.529,32.372
18.4.2025,3:16:46.953,27.649,49.739
18.4.2025,3:16:47.955,27.548,33.957
18.4.2025,3:16:48.957,28.101,47.807
18.4.2025,3:16:49.944,27.586,37.834
18.4.2025,3:16:50.945,27.996,47.751
18.4.2025,3:16:51.944,27.696,43.652
18.4.2025,3:16:52.943,28.009,47.553
18.4.2025,3:16:53.956,27.173,50.579
18.4.2025,3:16:54.957,28.209,42.436
18.4.2025,3:16:55.957,27.556,54.280
18.4.2025,3:16:56.956,27.728,36.674
18.4.2025,3:16:57.958,27.324,51.165
18.4.2025,3:16:58.942,27.818,30.069
18.4.2025,3:16:59.945,27.645,49.620
18.4.2025,3:17:0.948,27.788,47.156
18.4.2025,3:17:1.952,27.429,44.074
18.4.2025,3:17:2.951,27.961,47.356
18.4.2025,3:17:3.951,27.526,53.436
18.4.2025,3:17:4.950,28.128,39.622
18.4.2025,3:17:5.952,27.799,51.700
18.4.2025,3:17:6.956,27.782,34.128
18.4.2025,3:17:7.957,27.798,49.256
18.4.2025,3:17:8.954,27.937,34.002
18.4.2025,3:17:9.958,27.433,47.415
18.4.2025,3:17:10.946,27.629,41.553
18.4.2025,3:17:11.946,28.067,47.523
18.4.2025,3:17:12.948,27.263,35.573
18.4.2025,3:17:13.949,28.275,50.095
18.4.2025,3:17:14.952,27.555,32.913
18.4.2025,3:17:15.950,28.006,49.716
18.4.2025,3:17:16.950,27.213,32.965
18.4.2025,3:17:17.950,28.175,47.907
18.4.2025,3:17:18.950,27.208,34.304
18.4.2025,3:17:19.953,28.007,47.576
18.4.2025,3:17:20.954,27.410,41.773
18.4.2025,3:17:21.958,28.206,47.407
18.4.2025,3:17:22.945,27.503,49.858
18.4.2025,3:17:23.946,28.096,45.952
18.4.2025,3:17:24.946,30.026,51.731
18.4.2025,3:17:25.944,28.157,44.405
18.4.2025,3:17:26.945,27.496,55.090
18.4.2025,3:17:27.945,28.291,37.206
18.4.2025,3:17:28.948,27.843,35.100
18.4.2025,3:17:29.949,27.913,47.166
18.4.2025,3:17:30.952,27.758,46.156
18.4.2025,3:17:31.951,27.919,46.134
18.4.2025,3:17:32.948,27.425,51.256
18.4.2025,3:17:33.950,27.881,39.266
18.4.2025,3:17:34.950,27.788,53.114
18.4.2025,3:17:35.953,27.555,32.116
18.4.2025,3:17:36.953,27.622,48.916
18.4.2025,3:17:37.954,27.550,33.364
18.4.2025,3:17:38.953,27.852,47.761
18.4.2025,3:17:39.956,27.712,37.832
18.4.2025,3:17:40.955,27.847,47.488
18.4.2025,3:17:41.954,27.291,45.457
18.4.2025,3:17:42.955,27.903,46.867
18.4.2025,3:17:43.958,27.718,50.326
18.4.2025,3:17:44.945,28.225,43.227
18.4.2025,3:17:45.944,27.435,54.905
18.4.2025,3:17:46.943,28.072,35.129
18.4.2025,3:17:47.947,27.759,49.975
18.4.2025,3:17:48.947,28.122,33.199
18.4.2025,3:17:49.949,27.807,46.347
18.4.2025,3:17:50.954,28.149,44.343
18.4.2025,3:17:51.955,27.595,53.425
18.4.2025,3:17:52.956,27.947,37.285
18.4.2025,3:17:53.955,27.606,52.099
18.4.2025,3:17:54.953,27.861,34.149
18.4.2025,3:17:55.955,27.360,51.059
18.4.2025,3:17:56.944,27.791,33.151
18.4.2025,3:17:57.943,27.620,47.746
18.4.2025,3:17:58.945,27.783,38.412
18.4.2025,3:17:59.948,27.660,47.556
18.4.2025,3:18:0.946,27.513,49.649
18.4.2025,3:18:1.948,28.286,43.044
18.4.2025,3:18:2.948,27.478,53.334
18.4.2025,3:18:3.953,27.566,35.507
18.4.2025,3:18:4.956,27.568,37.650
18.4.2025,3:18:5.952,27.814,47.426
18.4.2025,3:18:6.949,27.822,47.456
18.4.2025,3:18:7.954,27.912,44.881
18.4.2025,3:18:8.953,27.650,53.837
18.4.2025,3:18:9.953,27.731,38.583
18.4.2025,3:18:10.952,27.834,38.583
18.4.2025,3:18:11.954,27.750,52.034
18.4.2025,3:18:12.957,28.010,36.502
18.4.2025,3:18:13.960,27.947,50.958
18.4.2025,3:18:14.959,27.930,31.596
18.4.2025,3:18:15.947,27.091,48.633
18.4.2025,3:18:16.945,28.140,34.084
18.4.2025,3:18:17.951,27.400,47.825
18.4.2025,3:18:18.955,28.123,42.007
18.4.2025,3:18:19.956,27.385,53.611
18.4.2025,3:18:20.953,28.250,36.632
18.4.2025,3:18:21.955,27.328,52.360
18.4.2025,3:18:22.953,27.810,32.371
18.4.2025,3:18:23.956,27.663,48.488
18.4.2025,3:18:24.955,27.948,36.479
18.4.2025,3:18:25.959,27.558,47.540
18.4.2025,3:18:26.947,27.711,40.557
18.4.2025,3:18:27.947,27.590,47.421
18.4.2025,3:18:28.948,28.106,46.690
18.4.2025,3:18:29.947,27.497,47.429
18.4.2025,3:18:30.949,28.086,51.896
18.4.2025,3:18:31.951,27.451,40.413
18.4.2025,3:18:32.951,27.997,52.767
18.4.2025,3:18:33.950,28.221,33.541
18.4.2025,3:18:34.951,28.112,49.864
18.4.2025,3:18:35.952,27.683,34.856
18.4.2025,3:18:36.955,27.518,47.667
18.4.2025,3:18:37.958,27.690,40.810
18.4.2025,3:18:38.945,27.220,54.270
18.4.2025,3:18:39.947,27.888,35.838
18.4.2025,3:18:40.950,27.476,50.461
18.4.2025,3:18:41.951,27.906,31.833
18.4.2025,3:18:42.951,27.298,48.179
18.4.2025,3:18:43.950,28.052,33.555
18.4.2025,3:18:44.953,27.452,47.530
18.4.2025,3:18:45.955,27.866,40.591
18.4.2025,3:18:46.952,27.434,47.658
18.4.2025,3:18:47.956,28.101,45.066
18.4.2025,3:18:48.943,27.551,47.923
18.4.2025,3:18:49.958,27.718,50.559
18.4.2025,3:18:50.945,27.820,42.842
18.4.2025,3:18:51.958,27.451,53.769
18.4.2025,3:18:52.957,27.324,38.483
18.4.2025,3:18:53.956,28.256,50.479
18.4.2025,3:18:54.955,27.836,31.786
18.4.2025,3:18:55.956,27.866,47.898
18.4.2025,3:18:56.955,27.490,32.662
18.4.2025,3:18:57.958,28.024,47.438
18.4.2025,3:18:58.955,29.999,32.639
18.4.2025,3:18:59.957,27.612,47.541
18.4.2025,3:19:0.943,27.726,43.367
18.4.2025,3:19:1.947,27.586,53.475
18.4.2025,3:19:2.949,28.831,35.422
18.4.2025,3:19:3.947,29.345,40.970
18.4.2025,3:19:4.951,29.458,35.278
18.4.2025,3:19:5.953,28.093,45.922
18.4.2025,3:19:6.954,27.532,44.819
18.4.2025,3:19:7.956,28.108,54.413
18.4.2025,3:19:8.956,27.383,39.382
18.4.2025,3:19:9.956,27.982,51.451
18.4.2025,3:19:10.958,27.778,32.813
18.4.2025,3:19:11.956,27.788,49.467
18.4.2025,3:19:12.957,27.652,36.405
18.4.2025,3:19:13.958,27.534,49.249
18.4.2025,3:19:14.957,27.793,43.398
18.4.2025,3:19:15.946,27.474,53.665
18.4.2025,3:19:16.943,27.889,37.127
18.4.2025,3:19:17.943,27.653,51.412
18.4.2025,3:19:18.946,28.148,32.309
18.4.2025,3:19:19.945,28.148,49.308
18.4.2025,3:19:20.949,28.073,32.974
18.4.2025,3:19:21.950,27.776,48.133
18.4.2025,3:19:22.950,28.117,35.635
18.4.2025,3:19:23.954,27.315,47.516
18.4.2025,3:19:24.954,27.720,44.062
18.4.2025,3:19:25.956,27.623,47.503
18.4.2025,3:19:26.957,27.907,47.649
18.4.2025,3:19:27.959,27.907,44.039
18.4.2025,3:19:28.945,27.437,52.696
18.4.2025,3:19:29.946,28.464,39.737
18.4.2025,3:19:30.944,27.169,34.227
18.4.2025,3:19:31.943,27.947,32.532
18.4.2025,3:19:32.945,27.368,50.035
18.4.2025,3:19:33.946,27.600,47.527
18.4.2025,3:19:34.947,27.571,45.421
18.4.2025,3:19:35.949,27.827,47.563
18.4.2025,3:19:36.947,27.635,51.703
18.4.2025,3:19:37.948,28.011,40.272
18.4.2025,3:19:38.948,27.742,52.423
18.4.2025,3:19:39.952,27.649,35.112
18.4.2025,3:19:40.951,27.870,50.366
18.4.2025,3:19:41.951,27.260,32.456
18.4.2025,3:19:42.955,28.759,48.901
18.4.2025,3:19:43.956,30.308,30.691
18.4.2025,3:19:44.945,29.337,49.127
18.4.2025,3:19:45.947,27.870,34.186
18.4.2025,3:19:46.948,28.052,47.636
18.4.2025,3:19:47.947,27.526,42.132
18.4.2025,3:19:48.947,27.877,54.385
18.4.2025,3:19:49.950,27.142,38.027
18.4.2025,3:19:50.950,27.930,51.293
18.4.2025,3:19:51.951,27.410,32.315
18.4.2025,3:19:52.951,27.897,48.400
18.4.2025,3:19:53.954,27.272,34.567
18.4.2025,3:19:54.954,27.926,47.438
18.4.2025,3:19:55.952,27.247,39.550
18.4.2025,3:19:56.954,28.044,47.397
18.4.2025,3:19:57.955,27.445,46.587
18.4.2025,3:19:58.955,27.541,47.601
18.4.2025,3:19:59.954,27.338,50.536
18.4.2025,3:20:0.957,27.953,43.453
18.4.2025,3:20:1.958,27.742,31.328
18.4.2025,3:20:2.955,27.976,37.097
18.4.2025,3:20:3.955,27.714,51.103
18.4.2025,3:20:4.954,27.944,34.242
18.4.2025,3:20:5.954,27.782,49.644
18.4.2025,3:20:6.957,27.411,33.914
18.4.2025,3:20:7.944,27.725,44.388
18.4.2025,3:20:8.957,27.662,47.740
18.4.2025,3:20:9.958,27.744,53.700
18.4.2025,3:20:10.958,27.130,43.776
18.4.2025,3:20:11.956,28.158,53.611
18.4.2025,3:20:12.954,27.227,37.861
18.4.2025,3:20:13.957,28.252,51.669
18.4.2025,3:20:14.958,27.205,32.885
18.4.2025,3:20:15.956,28.093,48.002
18.4.2025,3:20:16.944,27.607,32.731
18.4.2025,3:20:17.945,28.108,47.773
18.4.2025,3:20:18.947,27.295,36.634
18.4.2025,3:20:19.948,27.984,47.560
18.4.2025,3:20:20.949,27.689,43.753
18.4.2025,3:20:21.954,28.329,47.697
18.4.2025,3:20:22.954,27.519,45.074
18.4.2025,3:20:23.954,28.320,47.572
18.4.2025,3:20:24.955,27.850,51.206
18.4.2025,3:20:25.955,28.208,41.470
18.4.2025,3:20:26.953,27.692,53.379
18.4.2025,3:20:27.957,27.865,47.847
18.4.2025,3:20:28.959,27.358,35.629
18.4.2025,3:20:29.946,27.724,47.844
18.4.2025,3:20:30.948,27.458,40.276
18.4.2025,3:20:31.948,27.818,47.466
18.4.2025,3:20:32.952,28.622,46.307
18.4.2025,3:20:33.951,29.532,45.815
18.4.2025,3:20:34.953,27.554,53.075
18.4.2025,3:20:35.954,27.898,38.251
18.4.2025,3:20:36.958,27.319,52.064
18.4.2025,3:20:37.944,27.960,32.985
18.4.2025,3:20:38.945,27.346,49.167
18.4.2025,3:20:39.952,28.227,33.628
18.4.2025,3:20:40.954,27.491,47.783
18.4.2025,3:20:41.955,27.881,36.034
18.4.2025,3:20:42.954,27.713,47.234
18.4.2025,3:20:43.954,27.723,43.797
18.4.2025,3:20:44.956,28.224,47.511
18.4.2025,3:20:45.958,27.768,35.312
18.4.2025,3:20:46.957,27.828,50.101
18.4.2025,3:20:47.956,27.125,54.708
18.4.2025,3:20:48.958,28.181,39.537
18.4.2025,3:20:49.945,27.508,35.051
18.4.2025,3:20:50.944,27.831,32.944
18.4.2025,3:20:51.946,27.347,38.116
18.4.2025,3:20:52.950,27.961,47.190
18.4.2025,3:20:53.950,27.323,45.239
18.4.2025,3:20:54.949,28.085,47.553
18.4.2025,3:20:55.951,27.557,50.811
18.4.2025,3:20:56.954,27.688,41.616
18.4.2025,3:20:57.956,27.631,54.908
18.4.2025,3:20:58.943,28.051,38.616
18.4.2025,3:20:59.943,27.459,53.115
18.4.2025,3:21:0.946,27.686,37.267
18.4.2025,3:21:1.943,27.435,50.458
18.4.2025,3:21:2.945,27.813,32.066
18.4.2025,3:21:3.946,27.615,48.836
18.4.2025,3:21:4.946,27.911,33.524
18.4.2025,3:21:5.950,27.461,48.263
18.4.2025,3:21:6.953,28.047,43.757
18.4.2025,3:21:7.955,27.585,55.140
18.4.2025,3:21:8.954,27.610,55.140
18.4.2025,3:21:9.954,27.697,36.974
18.4.2025,3:21:10.955,27.199,50.470
18.4.2025,3:21:11.957,28.168,33.774
18.4.2025,3:21:12.958,27.226,47.738
18.4.2025,3:21:13.946,28.073,35.712
18.4.2025,3:21:14.948,27.396,47.408
18.4.2025,3:21:15.946,28.092,41.290
18.4.2025,3:21:16.946,27.224,47.456
18.4.2025,3:21:17.946,28.325,44.502
18.4.2025,3:21:18.949,27.165,48.001
18.4.2025,3:21:19.945,28.476,50.032
18.4.2025,3:21:20.946,27.376,42.954
18.4.2025,3:21:21.948,27.886,54.297
18.4.2025,3:21:22.948,27.358,48.207
18.4.2025,3:21:23.953,27.954,30.667
18.4.2025,3:21:24.955,27.719,48.597
18.4.2025,3:21:25.957,28.208,31.432
18.4.2025,3:21:26.958,27.102,47.888
18.4.2025,3:21:27.956,28.194,35.115
18.4.2025,3:21:28.943,27.299,48.163
18.4.2025,3:21:29.943,27.963,43.469
18.4.2025,3:21:30.945,27.395,47.314
18.4.2025,3:21:31.957,28.144,47.109
18.4.2025,3:21:32.956,27.192,45.220
18.4.2025,3:21:33.958,27.891,53.635
18.4.2025,3:21:34.944,27.725,39.589
18.4.2025,3:21:35.945,27.949,51.556
18.4.2025,3:21:36.947,27.772,33.142
18.4.2025,3:21:37.946,27.651,50.164
18.4.2025,3:21:38.957,27.698,30.832
18.4.2025,3:21:39.946,27.476,48.641
18.4.2025,3:21:40.947,27.789,35.096
18.4.2025,3:21:41.947,27.439,48.795
18.4.2025,3:21:42.947,28.058,43.500
18.4.2025,3:21:43.948,27.476,54.694
18.4.2025,3:21:44.952,29.810,36.116
18.4.2025,3:21:45.953,27.832,52.363
18.4.2025,3:21:46.957,27.973,32.086
18.4.2025,3:21:47.955,27.674,48.249
18.4.2025,3:21:48.959,28.025,34.615
18.4.2025,3:21:49.956,27.478,47.455
18.4.2025,3:21:50.956,27.973,42.951
18.4.2025,3:21:51.957,27.335,47.432
18.4.2025,3:21:52.956,27.796,47.075
18.4.2025,3:21:53.945,27.548,45.794
18.4.2025,3:21:54.947,27.813,50.694
18.4.2025,3:21:55.950,27.767,41.922
18.4.2025,3:21:56.950,27.941,53.779
18.4.2025,3:21:57.953,27.548,48.216
18.4.2025,3:21:58.955,27.818,34.541
18.4.2025,3:21:59.951,27.490,47.764
18.4.2025,3:22:0.954,27.956,40.887
18.4.2025,3:22:1.956,27.549,47.762
18.4.2025,3:22:2.955,27.771,46.562
18.4.2025,3:22:3.945,27.892,45.092
18.4.2025,3:22:4.945,29.401,33.695
18.4.2025,3:22:5.944,29.258,36.200
18.4.2025,3:22:6.945,30.582,41.274
18.4.2025,3:22:7.946,28.242,47.691
18.4.2025,3:22:8.952,27.957,35.488
18.4.2025,3:22:9.954,27.205,50.622
18.4.2025,3:22:10.956,28.033,43.182
18.4.2025,3:22:11.945,27.582,55.533
18.4.2025,3:22:12.947,27.668,37.977
18.4.2025,3:22:13.947,27.415,50.276
18.4.2025,3:22:14.947,28.367,31.345
18.4.2025,3:22:15.946,28.367,48.384
18.4.2025,3:22:16.952,27.847,37.905
18.4.2025,3:22:17.954,27.857,47.536
18.4.2025,3:22:18.956,27.648,40.459
18.4.2025,3:22:19.956,27.678,47.801
18.4.2025,3:22:20.955,27.786,44.590
18.4.2025,3:22:21.957,27.917,53.610
18.4.2025,3:22:22.956,27.459,34.976
18.4.2025,3:22:23.958,28.120,50.725
18.4.2025,3:22:24.953,27.520,32.435
18.4.2025,3:22:25.956,27.943,49.331
18.4.2025,3:22:26.954,27.666,31.238
18.4.2025,3:22:27.954,28.379,48.289
18.4.2025,3:22:28.955,27.576,34.678
18.4.2025,3:22:29.954,27.535,47.560
18.4.2025,3:22:30.955,27.979,39.380
18.4.2025,3:22:31.954,27.239,47.256
18.4.2025,3:22:32.953,27.938,47.174
18.4.2025,3:22:33.955,27.408,47.064
18.4.2025,3:22:34.952,27.814,52.481
18.4.2025,3:22:35.954,27.724,40.157
18.4.2025,3:22:36.955,28.403,53.810
18.4.2025,3:22:37.957,27.243,35.785
18.4.2025,3:22:38.957,28.051,49.702
18.4.2025,3:22:39.945,27.229,47.313
18.4.2025,3:22:40.945,27.827,48.806
18.4.2025,3:22:41.946,27.579,46.191
18.4.2025,3:22:42.943,27.865,53.211
18.4.2025,3:22:43.947,27.325,40.752
18.4.2025,3:22:44.945,27.708,53.446
18.4.2025,3:22:45.942,27.761,34.322
18.4.2025,3:22:46.943,27.551,50.845
18.4.2025,3:22:47.957,27.573,31.792
18.4.2025,3:22:48.943,27.259,48.260
18.4.2025,3:22:49.943,27.793,34.822
18.4.2025,3:22:50.958,27.411,47.855
18.4.2025,3:22:51.958,28.076,40.227
18.4.2025,3:22:52.958,27.418,47.532
18.4.2025,3:22:53.945,28.123,47.909
18.4.2025,3:22:54.947,27.402,45.064
18.4.2025,3:22:55.951,27.788,52.276
18.4.2025,3:22:56.952,27.578,41.043
18.4.2025,3:22:57.954,27.911,52.828
18.4.2025,3:22:58.954,27.352,35.193
18.4.2025,3:22:59.956,27.882,50.254
18.4.2025,3:23:0.956,27.541,47.264
18.4.2025,3:23:1.946,27.998,43.651
18.4.2025,3:23:2.947,27.411,47.450
18.4.2025,3:23:3.949,28.212,49.660
18.4.2025,3:23:4.950,27.685,44.984
18.4.2025,3:23:5.952,28.324,55.107
18.4.2025,3:23:6.954,27.695,37.876
18.4.2025,3:23:7.952,27.652,52.648
18.4.2025,3:23:8.953,27.304,35.423
18.4.2025,3:23:9.952,27.778,50.490
18.4.2025,3:23:10.954,27.924,30.861
18.4.2025,3:23:11.955,27.541,48.562
18.4.2025,3:23:12.956,27.857,35.642
18.4.2025,3:23:13.958,27.512,47.396
18.4.2025,3:23:14.957,27.557,40.162
18.4.2025,3:23:15.955,27.522,47.597
18.4.2025,3:23:16.958,27.929,45.489
18.4.2025,3:23:17.944,27.080,47.286
18.4.2025,3:23:18.945,27.873,49.927
18.4.2025,3:23:19.946,27.425,43.402
18.4.2025,3:23:20.948,28.145,32.868
18.4.2025,3:23:21.951,27.621,47.851
18.4.2025,3:23:22.952,28.048,34.229
18.4.2025,3:23:23.954,27.193,47.273
18.4.2025,3:23:24.950,28.172,40.133
18.4.2025,3:23:25.953,27.502,47.653
18.4.2025,3:23:26.954,28.147,45.073
18.4.2025,3:23:27.956,27.727,46.423
18.4.2025,3:23:28.954,28.056,50.798
18.4.2025,3:23:29.953,27.331,42.536
18.4.2025,3:23:30.952,28.001,53.909
18.4.2025,3:23:31.952,27.400,36.612
18.4.2025,3:23:32.950,28.085,50.966
18.4.2025,3:23:33.952,27.620,32.759
18.4.2025,3:23:34.950,27.762,48.864
18.4.2025,3:23:35.951,27.562,33.862
18.4.2025,3:23:36.948,27.619,47.434
18.4.2025,3:23:37.951,27.773,42.730
18.4.2025,3:23:38.952,27.897,47.723
18.4.2025,3:23:39.954,27.762,48.544
18.4.2025,3:23:40.955,27.358,50.981
18.4.2025,3:23:41.953,30.623,38.081
18.4.2025,3:23:42.956,27.732,51.488
18.4.2025,3:23:43.957,27.798,33.108
18.4.2025,3:23:44.946,27.689,49.573
18.4.2025,3:23:45.945,27.790,34.083
18.4.2025,3:23:46.945,27.384,47.629
18.4.2025,3:23:47.946,28.161,38.129
18.4.2025,3:23:48.946,27.147,47.255
18.4.2025,3:23:49.948,28.065,45.185
18.4.2025,3:23:50.947,27.182,47.436
18.4.2025,3:23:51.949,28.098,48.232
18.4.2025,3:23:52.950,27.449,43.118
18.4.2025,3:23:53.953,28.016,54.343
18.4.2025,3:23:54.957,27.316,39.664
18.4.2025,3:23:55.942,28.329,52.176
18.4.2025,3:23:56.944,27.511,34.720
18.4.2025,3:23:57.946,28.046,39.066
18.4.2025,3:23:58.946,27.471,47.615
18.4.2025,3:23:59.943,28.236,48.529
18.4.2025,3:24:0.945,27.557,47.690
18.4.2025,3:24:1.945,27.749,47.515
18.4.2025,3:24:2.944,27.610,47.053
18.4.2025,3:24:3.947,28.000,52.623
18.4.2025,3:24:4.950,27.489,41.073
18.4.2025,3:24:5.949,27.854,52.356
18.4.2025,3:24:6.947,27.333,34.101
18.4.2025,3:24:7.950,27.792,50.323
18.4.2025,3:24:8.953,27.711,33.616
18.4.2025,3:24:9.954,27.454,47.516
18.4.2025,3:24:10.954,27.809,33.235
18.4.2025,3:24:11.954,27.472,33.235
18.4.2025,3:24:12.953,27.633,47.614
18.4.2025,3:24:13.952,27.620,39.739
18.4.2025,3:24:14.953,28.071,47.871
18.4.2025,3:24:15.955,27.435,46.191
18.4.2025,3:24:16.956,28.099,47.461
18.4.2025,3:24:17.956,27.230,51.276
18.4.2025,3:24:18.956,27.902,40.846
18.4.2025,3:24:19.954,27.376,52.905
18.4.2025,3:24:20.954,27.934,33.503
18.4.2025,3:24:21.953,27.386,50.075
18.4.2025,3:24:22.956,28.065,32.623
18.4.2025,3:24:23.956,27.313,47.681
18.4.2025,3:24:24.958,28.029,34.633
18.4.2025,3:24:25.944,27.990,47.460
18.4.2025,3:24:26.944,27.863,42.990
18.4.2025,3:24:27.947,27.688,54.345
18.4.2025,3:24:28.947,27.672,35.728
18.4.2025,3:24:29.952,27.805,50.689
18.4.2025,3:24:30.952,28.189,31.846
18.4.2025,3:24:31.949,27.565,48.975
18.4.2025,3:24:32.951,27.697,31.858
18.4.2025,3:24:33.947,28.620,47.700
18.4.2025,3:24:34.947,27.901,34.427
18.4.2025,3:24:35.948,27.506,47.673
18.4.2025,3:24:36.950,28.092,37.718
18.4.2025,3:24:37.951,27.722,47.516
18.4.2025,3:24:38.953,27.595,47.145
18.4.2025,3:24:39.954,27.724,44.589
18.4.2025,3:24:40.957,27.560,52.418
18.4.2025,3:24:41.959,27.693,39.977
18.4.2025,3:24:42.945,28.571,33.442
18.4.2025,3:24:43.943,28.032,47.834
18.4.2025,3:24:44.945,27.551,37.190
18.4.2025,3:24:45.945,28.519,47.422
18.4.2025,3:24:46.943,27.382,43.906
18.4.2025,3:24:47.945,27.819,46.721
18.4.2025,3:24:48.947,27.453,54.270
18.4.2025,3:24:49.949,27.933,38.380
18.4.2025,3:24:50.950,27.603,51.114
18.4.2025,3:24:51.956,27.635,32.886
18.4.2025,3:24:52.957,27.326,48.171
18.4.2025,3:24:53.958,27.821,33.451
18.4.2025,3:24:54.944,27.821,47.861
18.4.2025,3:24:55.946,27.500,39.109
18.4.2025,3:24:56.946,27.500,47.383
18.4.2025,3:24:57.945,27.607,47.496
18.4.2025,3:24:58.948,27.418,47.401
18.4.2025,3:24:59.947,27.926,49.311
18.4.2025,3:25:0.948,27.607,42.358
18.4.2025,3:25:1.950,27.688,31.749
18.4.2025,3:25:2.950,27.465,48.601
18.4.2025,3:25:3.955,27.921,32.973
18.4.2025,3:25:4.954,27.275,47.749
18.4.2025,3:25:5.954,28.247,38.763
18.4.2025,3:25:6.958,28.233,40.055
18.4.2025,3:25:7.958,29.283,34.894
18.4.2025,3:25:8.945,29.510,34.899
18.4.2025,3:25:9.947,28.493,34.319
18.4.2025,3:25:10.944,27.472,47.488
18.4.2025,3:25:11.948,27.978,43.776
18.4.2025,3:25:12.948,27.269,47.454
18.4.2025,3:25:13.951,28.031,51.366
18.4.2025,3:25:14.954,27.043,42.398
18.4.2025,3:25:15.955,28.196,54.114
18.4.2025,3:25:16.957,30.020,39.584
18.4.2025,3:25:17.944,28.115,51.936
18.4.2025,3:25:18.945,27.168,32.617
18.4.2025,3:25:19.948,28.179,36.913
18.4.2025,3:25:20.946,27.208,47.492
18.4.2025,3:25:21.948,28.138,41.413
18.4.2025,3:25:22.951,27.493,47.493
18.4.2025,3:25:23.951,28.021,51.844
18.4.2025,3:25:24.953,27.134,40.694
18.4.2025,3:25:25.955,28.113,52.507
18.4.2025,3:25:26.952,27.544,34.323
18.4.2025,3:25:27.951,27.953,50.439
18.4.2025,3:25:28.949,27.440,34.299
18.4.2025,3:25:29.951,27.800,48.280
18.4.2025,3:25:30.947,27.558,35.083
18.4.2025,3:25:31.946,27.755,47.081
18.4.2025,3:25:32.949,27.654,44.360
18.4.2025,3:25:33.948,27.669,47.472
18.4.2025,3:25:34.950,27.618,46.776
18.4.2025,3:25:35.948,27.653,46.561
18.4.2025,3:25:36.947,27.582,51.078
18.4.2025,3:25:37.947,27.804,40.817
18.4.2025,3:25:38.950,27.731,53.071
18.4.2025,3:25:39.947,27.531,35.876
18.4.2025,3:25:40.952,28.023,38.495
18.4.2025,3:25:41.953,27.211,47.853
18.4.2025,3:25:42.957,28.050,44.633
18.4.2025,3:25:43.957,27.058,47.595
18.4.2025,3:25:44.959,28.015,50.385
18.4.2025,3:25:45.945,27.544,44.871
18.4.2025,3:25:46.958,28.056,52.929
18.4.2025,3:25:47.944,26.961,41.378
18.4.2025,3:25:48.944,28.000,53.629
18.4.2025,3:25:49.958,27.031,37.420
18.4.2025,3:25:50.960,28.073,50.690
18.4.2025,3:25:51.946,27.267,31.235
18.4.2025,3:25:52.948,27.913,48.206
18.4.2025,3:25:53.950,27.552,34.704
18.4.2025,3:25:54.951,27.754,47.642
18.4.2025,3:25:55.950,27.598,38.841
18.4.2025,3:25:56.951,27.887,53.548
18.4.2025,3:25:57.949,27.135,41.733
18.4.2025,3:25:58.949,27.663,53.593
18.4.2025,3:25:59.952,27.377,35.501
18.4.2025,3:26:0.955,27.905,51.119
18.4.2025,3:26:1.952,27.756,33.463
18.4.2025,3:26:2.955,27.870,48.575
18.4.2025,3:26:3.958,27.656,32.447
18.4.2025,3:26:4.944,27.378,47.950
18.4.2025,3:26:5.944,27.432,34.825
18.4.2025,3:26:6.943,27.813,47.448
18.4.2025,3:26:7.946,27.515,39.712
18.4.2025,3:26:8.947,27.525,48.070
18.4.2025,3:26:9.951,28.120,48.457
18.4.2025,3:26:10.950,27.221,44.000
18.4.2025,3:26:11.954,28.196,52.690
18.4.2025,3:26:12.955,27.378,39.305
18.4.2025,3:26:13.955,28.017,53.634
18.4.2025,3:26:14.953,27.340,35.464
18.4.2025,3:26:15.958,28.293,51.008
18.4.2025,3:26:16.958,27.359,32.518
18.4.2025,3:26:17.957,28.056,48.466
18.4.2025,3:26:18.956,27.375,36.103
18.4.2025,3:26:19.957,28.095,47.539
18.4.2025,3:26:20.957,27.540,41.378
18.4.2025,3:26:21.958,27.622,47.658
18.4.2025,3:26:22.946,27.200,37.525
18.4.2025,3:26:23.948,27.927,52.570
18.4.2025,3:26:24.947,27.669,32.959
18.4.2025,3:26:25.947,27.926,50.445
18.4.2025,3:26:26.952,27.477,30.965
18.4.2025,3:26:27.956,27.981,48.822
18.4.2025,3:26:28.958,27.701,33.187
18.4.2025,3:26:29.946,27.673,47.771
18.4.2025,3:26:30.945,27.260,35.953
18.4.2025,3:26:31.945,28.185,47.248
18.4.2025,3:26:32.945,27.775,46.107
18.4.2025,3:26:33.945,27.328,46.399
18.4.2025,3:26:34.944,27.593,51.330
18.4.2025,3:26:35.943,27.413,41.568
18.4.2025,3:26:36.945,27.850,54.485
18.4.2025,3:26:37.945,27.273,38.764
18.4.2025,3:26:38.946,28.218,35.051
18.4.2025,3:26:39.948,27.443,47.804
18.4.2025,3:26:40.950,28.049,38.939
18.4.2025,3:26:41.954,27.224,47.523
18.4.2025,3:26:42.957,28.042,50.157
18.4.2025,3:26:43.957,27.145,42.716
18.4.2025,3:26:44.958,28.087,53.744
18.4.2025,3:26:45.945,27.650,34.728
18.4.2025,3:26:46.945,27.764,49.868
18.4.2025,3:26:47.945,27.611,32.557
18.4.2025,3:26:48.946,28.005,48.026
18.4.2025,3:26:49.944,27.494,34.764
18.4.2025,3:26:50.945,29.892,47.630
18.4.2025,3:26:51.946,27.521,36.818
18.4.2025,3:26:52.944,27.977,47.737
18.4.2025,3:26:53.945,27.478,47.737
18.4.2025,3:26:54.959,27.362,43.928
18.4.2025,3:26:55.958,27.974,47.473
18.4.2025,3:26:56.944,27.386,49.306
18.4.2025,3:26:57.946,27.995,43.829
18.4.2025,3:26:58.950,27.597,53.870
18.4.2025,3:26:59.953,27.565,49.742
18.4.2025,3:27:0.958,27.539,32.838
18.4.2025,3:27:1.944,27.761,48.277
18.4.2025,3:27:2.944,27.313,37.159
18.4.2025,3:27:3.947,28.029,47.367
18.4.2025,3:27:4.946,27.206,46.441
18.4.2025,3:27:5.946,27.904,45.534
18.4.2025,3:27:6.946,27.457,54.069
18.4.2025,3:27:7.949,27.988,39.902
18.4.2025,3:27:8.949,27.331,52.566
18.4.2025,3:27:9.951,28.021,34.869
18.4.2025,3:27:10.951,27.484,50.014
18.4.2025,3:27:11.952,27.788,31.578
18.4.2025,3:27:12.951,27.745,42.890
18.4.2025,3:27:13.950,27.938,34.414
18.4.2025,3:27:14.951,27.614,48.133
18.4.2025,3:27:15.954,27.622,42.832
18.4.2025,3:27:16.954,27.750,53.895
18.4.2025,3:27:17.953,27.898,37.654
18.4.2025,3:27:18.955,27.520,52.056
18.4.2025,3:27:19.957,27.643,30.757
18.4.2025,3:27:20.957,27.492,48.610
18.4.2025,3:27:21.943,27.808,33.770
18.4.2025,3:27:22.944,27.651,48.096
18.4.2025,3:27:23.957,27.555,34.855
18.4.2025,3:27:24.958,27.962,47.301
18.4.2025,3:27:25.943,27.902,41.205
18.4.2025,3:27:26.944,27.435,47.878
18.4.2025,3:27:27.943,27.712,47.051
18.4.2025,3:27:28.945,27.611,45.051
18.4.2025,3:27:29.946,27.543,31.425
18.4.2025,3:27:30.946,27.840,48.587
18.4.2025,3:27:31.945,27.563,31.767
18.4.2025,3:27:32.949,27.824,48.263
18.4.2025,3:27:33.948,27.227,34.539
18.4.2025,3:27:34.946,27.662,47.655
18.4.2025,3:27:35.949,27.142,40.155
18.4.2025,3:27:36.951,28.068,47.244
18.4.2025,3:27:37.955,27.486,41.487
18.4.2025,3:27:38.952,27.843,47.825
18.4.2025,3:27:39.955,27.560,46.535
18.4.2025,3:27:40.956,28.008,46.375
18.4.2025,3:27:41.953,27.550,52.669
18.4.2025,3:27:42.952,28.024,39.597
18.4.2025,3:27:43.955,27.388,53.136
18.4.2025,3:27:44.956,28.214,34.649
18.4.2025,3:27:45.958,27.133,50.529
18.4.2025,3:27:46.943,28.034,30.275
18.4.2025,3:27:47.959,27.225,48.417
18.4.2025,3:27:48.944,28.137,34.632
18.4.2025,3:27:49.946,27.417,47.080
18.4.2025,3:27:50.948,27.988,40.879
18.4.2025,3:27:51.948,27.275,53.259
18.4.2025,3:27:52.947,28.057,35.661
18.4.2025,3:27:53.950,27.253,50.656
18.4.2025,3:27:54.954,27.999,32.689
18.4.2025,3:27:55.957,27.475,47.641
18.4.2025,3:27:56.957,27.682,35.590
18.4.2025,3:27:57.947,27.292,47.379
18.4.2025,3:27:58.945,27.834,44.375
18.4.2025,3:27:59.944,27.834,46.869
18.4.2025,3:28:0.945,27.430,49.921
18.4.2025,3:28:1.944,27.870,41.344
18.4.2025,3:28:2.958,27.676,53.946
18.4.2025,3:28:3.946,27.370,37.523
18.4.2025,3:28:4.946,28.238,52.881
18.4.2025,3:28:5.949,27.756,47.664
18.4.2025,3:28:6.947,27.805,38.319
18.4.2025,3:28:7.948,27.394,42.475
18.4.2025,3:28:8.947,29.302,39.904
18.4.2025,3:28:9.947,29.580,37.058
18.4.2025,3:28:10.948,29.434,37.642
18.4.2025,3:28:11.947,27.528,47.490
18.4.2025,3:28:12.947,27.736,44.002
18.4.2025,3:28:13.946,27.436,47.316
18.4.2025,3:28:14.947,27.988,48.801
18.4.2025,3:28:15.947,27.167,44.456
18.4.2025,3:28:16.948,28.107,53.825
18.4.2025,3:28:17.946,27.461,39.317
18.4.2025,3:28:18.945,27.927,53.696
18.4.2025,3:28:19.958,27.560,36.109
18.4.2025,3:28:20.945,27.991,51.202
18.4.2025,3:28:21.947,27.728,31.315
18.4.2025,3:28:22.947,27.831,49.383
18.4.2025,3:28:23.946,27.372,32.818
18.4.2025,3:28:24.947,28.530,48.577
18.4.2025,3:28:25.947,29.402,33.760
18.4.2025,3:28:26.947,28.168,48.036
18.4.2025,3:28:27.947,27.514,35.398
18.4.2025,3:28:28.951,27.938,47.785
18.4.2025,3:28:29.950,27.517,40.631
18.4.2025,3:28:30.950,27.820,47.588
18.4.2025,3:28:31.951,27.494,40.849
18.4.2025,3:28:32.954,27.735,53.710
18.4.2025,3:28:33.952,27.614,35.209
18.4.2025,3:28:34.951,27.731,50.308
18.4.2025,3:28:35.950,27.140,31.831
18.4.2025,3:28:36.949,27.918,48.319
18.4.2025,3:28:37.951,27.919,34.623
18.4.2025,3:28:38.952,27.170,47.623
18.4.2025,3:28:39.951,27.862,40.991
18.4.2025,3:28:40.951,27.344,47.599
18.4.2025,3:28:41.956,28.086,48.090
18.4.2025,3:28:42.956,27.261,45.615
18.4.2025,3:28:43.953,28.193,51.581
18.4.2025,3:28:44.956,27.665,41.762
18.4.2025,3:28:45.955,27.736,52.521
18.4.2025,3:28:46.958,27.275,36.333
18.4.2025,3:28:47.957,27.594,50.345
18.4.2025,3:28:48.958,27.661,32.478
18.4.2025,3:28:49.959,28.097,48.218
18.4.2025,3:28:50.945,27.167,35.323
18.4.2025,3:28:51.947,28.088,47.842
18.4.2025,3:28:52.951,27.390,43.984
18.4.2025,3:28:53.950,27.587,54.586
18.4.2025,3:28:54.953,27.930,38.897
18.4.2025,3:28:55.951,27.859,52.846
18.4.2025,3:28:56.953,27.347,33.151
18.4.2025,3:28:57.950,27.969,42.377
18.4.2025,3:28:58.948,27.808,32.821
18.4.2025,3:28:59.948,27.570,48.480
18.4.2025,3:29:0.946,27.921,32.448
18.4.2025,3:29:1.945,27.640,47.548
18.4.2025,3:29:2.949,27.335,34.558
18.4.2025,3:29:3.950,27.649,47.456
18.4.2025,3:29:4.950,27.906,39.285
18.4.2025,3:29:5.948,27.370,47.807
18.4.2025,3:29:6.952,27.818,47.214
18.4.2025,3:29:7.952,27.434,47.076
18.4.2025,3:29:8.953,28.000,51.505
18.4.2025,3:29:9.955,27.399,41.871
18.4.2025,3:29:10.957,28.181,53.558
18.4.2025,3:29:11.958,27.300,34.625
18.4.2025,3:29:12.944,27.876,50.689
18.4.2025,3:29:13.947,27.323,47.611
18.4.2025,3:29:14.950,27.914,44.465
18.4.2025,3:29:15.951,27.508,47.670
18.4.2025,3:29:16.952,27.937,52.936
18.4.2025,3:29:17.952,27.436,39.415
18.4.2025,3:29:18.955,27.937,51.503
18.4.2025,3:29:19.956,27.583,33.693
18.4.2025,3:29:20.955,27.601,49.348
18.4.2025,3:29:21.957,27.666,31.866
18.4.2025,3:29:22.958,27.740,47.605
18.4.2025,3:29:23.958,27.498,34.360
18.4.2025,3:29:24.956,27.754,47.996
18.4.2025,3:29:25.955,27.600,36.070
18.4.2025,3:29:26.959,27.948,47.459
18.4.2025,3:29:27.946,27.625,42.307
18.4.2025,3:29:28.944,27.781,47.622
18.4.2025,3:29:29.945,27.388,48.258
18.4.2025,3:29:30.943,27.300,43.392
18.4.2025,3:29:31.943,28.180,53.782
18.4.2025,3:29:32.945,27.638,36.873
18.4.2025,3:29:33.945,27.966,51.168
18.4.2025,3:29:34.944,27.517,32.919
18.4.2025,3:29:35.944,27.721,48.591
18.4.2025,3:29:36.947,27.268,47.409
18.4.2025,3:29:37.947,27.773,51.816
18.4.2025,3:29:38.950,27.241,41.344
18.4.2025,3:29:39.950,27.982,41.344
18.4.2025,3:29:40.948,27.320,52.228
18.4.2025,3:29:41.954,27.848,36.906
18.4.2025,3:29:42.953,27.634,52.077
18.4.2025,3:29:43.956,28.087,32.620
18.4.2025,3:29:44.952,27.372,48.486
18.4.2025,3:29:45.955,27.616,33.016
18.4.2025,3:29:46.957,27.509,48.596
18.4.2025,3:29:47.958,27.545,34.227
18.4.2025,3:29:48.961,27.780,47.708
18.4.2025,3:29:49.958,27.725,42.802
18.4.2025,3:29:50.955,27.511,47.317
18.4.2025,3:29:51.958,27.589,49.165
18.4.2025,3:29:52.955,27.527,43.665
18.4.2025,3:29:53.957,27.433,54.913
18.4.2025,3:29:54.957,27.754,38.369
18.4.2025,3:29:55.957,27.465,53.126
18.4.2025,3:29:56.957,28.190,33.013
18.4.2025,3:29:57.955,27.294,49.358
18.4.2025,3:29:58.958,29.915,32.184
18.4.2025,3:29:59.956,27.744,48.165
18.4.2025,3:30:0.958,28.037,35.468
18.4.2025,3:30:1.945,27.573,47.584
18.4.2025,3:30:2.945,27.868,42.861
18.4.2025,3:30:3.947,27.377,52.665
18.4.2025,3:30:4.951,28.261,46.169
18.4.2025,3:30:5.952,27.353,51.417
18.4.2025,3:30:6.956,28.247,35.690
18.4.2025,3:30:7.957,27.385,49.573
18.4.2025,3:30:8.958,27.686,32.130
18.4.2025,3:30:9.957,27.645,47.968
18.4.2025,3:30:10.944,27.977,37.170
18.4.2025,3:30:11.945,27.449,47.575
18.4.2025,3:30:12.957,27.995,44.757
18.4.2025,3:30:13.956,27.638,47.110
18.4.2025,3:30:14.954,27.903,52.885
18.4.2025,3:30:15.955,28.003,40.789
18.4.2025,3:30:16.957,27.404,53.783
18.4.2025,3:30:17.957,27.952,36.612
18.4.2025,3:30:18.957,27.439,51.241
18.4.2025,3:30:19.944,27.691,31.995
18.4.2025,3:30:20.945,27.310,48.182
18.4.2025,3:30:21.948,28.095,35.223
18.4.2025,3:30:22.951,27.391,47.616
18.4.2025,3:30:23.954,28.084,43.330
18.4.2025,3:30:24.952,27.420,53.578
18.4.2025,3:30:25.954,27.894,35.493
18.4.2025,3:30:26.955,27.274,49.481
18.4.2025,3:30:27.957,27.673,32.947
18.4.2025,3:30:28.958,27.573,47.982
18.4.2025,3:30:29.957,27.661,36.485
18.4.2025,3:30:30.944,27.081,48.072
18.4.2025,3:30:31.945,28.123,42.425
18.4.2025,3:30:32.948,28.123,47.635
18.4.2025,3:30:33.948,27.435,47.125
18.4.2025,3:30:34.949,27.937,47.477
18.4.2025,3:30:35.947,27.627,48.136
18.4.2025,3:30:36.946,27.684,44.222
18.4.2025,3:30:37.945,27.914,53.665
18.4.2025,3:30:38.948,27.397,39.129
18.4.2025,3:30:39.946,27.952,52.170
18.4.2025,3:30:40.947,27.337,47.405
18.4.2025,3:30:41.950,28.049,38.855
18.4.2025,3:30:42.952,27.102,47.418
18.4.2025,3:30:43.954,28.028,41.808
18.4.2025,3:30:44.955,27.203,47.973
18.4.2025,3:30:45.954,28.112,47.721
18.4.2025,3:30:46.953,27.341,44.783
18.4.2025,3:30:47.952,28.197,53.316
18.4.2025,3:30:48.955,27.456,39.268
18.4.2025,3:30:49.957,27.842,52.194
18.4.2025,3:30:50.957,27.422,36.177
18.4.2025,3:30:51.958,27.765,49.967
18.4.2025,3:30:52.956,27.373,32.572
18.4.2025,3:30:53.944,27.714,47.678
18.4.2025,3:30:54.946,27.369,39.230
18.4.2025,3:30:55.951,27.866,47.449
18.4.2025,3:30:56.954,27.544,45.593
18.4.2025,3:30:57.958,27.982,52.449
18.4.2025,3:30:58.960,27.699,35.343
18.4.2025,3:30:59.946,27.729,50.339
18.4.2025,3:31:0.947,27.695,31.304
18.4.2025,3:31:1.951,27.587,50.119
18.4.2025,3:31:2.950,27.344,32.229
18.4.2025,3:31:3.952,27.991,47.573
18.4.2025,3:31:4.949,27.710,35.145
18.4.2025,3:31:5.952,27.627,47.748
18.4.2025,3:31:6.952,27.836,44.193
18.4.2025,3:31:7.954,27.352,47.645
18.4.2025,3:31:8.952,28.133,51.198
18.4.2025,3:31:9.956,28.710,34.785
18.4.2025,3:31:10.954,29.573,41.211
18.4.2025,3:31:11.954,29.340,42.161
18.4.2025,3:31:12.958,28.314,54.663
18.4.2025,3:31:13.959,27.199,38.519
18.4.2025,3:31:14.955,27.837,53.088
18.4.2025,3:31:15.957,27.529,34.322
18.4.2025,3:31:16.944,28.543,49.777
18.4.2025,3:31:17.944,27.466,47.727
18.4.2025,3:31:18.944,28.020,43.613
18.4.2025,3:31:19.958,27.516,47.522
18.4.2025,3:31:20.945,27.942,50.226
18.4.2025,3:31:21.947,27.169,45.033
18.4.2025,3:31:22.950,27.793,55.451
18.4.2025,3:31:23.947,27.765,39.508
18.4.2025,3:31:24.946,27.924,53.051
18.4.2025,3:31:25.949,27.483,34.739
18.4.2025,3:31:26.953,27.792,50.725
18.4.2025,3:31:27.955,28.191,32.499
18.4.2025,3:31:28.955,31.988,51.302
18.4.2025,3:31:29.956,30.905,33.646
18.4.2025,3:31:30.943,27.632,39.017
18.4.2025,3:31:31.945,27.360,47.703
18.4.2025,3:31:32.946,28.322,47.664
18.4.2025,3:31:33.947,30.020,47.686
18.4.2025,3:31:34.950,27.846,48.857
18.4.2025,3:31:35.954,27.381,43.485
18.4.2025,3:31:36.955,28.047,53.470
18.4.2025,3:31:37.957,27.441,37.639
18.4.2025,3:31:38.945,28.048,51.880
18.4.2025,3:31:39.947,27.519,33.097
18.4.2025,3:31:40.948,27.756,49.214
18.4.2025,3:31:41.947,27.427,34.045
18.4.2025,3:31:42.947,27.851,47.713
18.4.2025,3:31:43.951,27.320,36.369
18.4.2025,3:31:44.953,27.767,52.753
18.4.2025,3:31:45.955,27.388,39.387
18.4.2025,3:31:46.956,27.585,54.060
18.4.2025,3:31:47.957,27.667,36.362
18.4.2025,3:31:48.955,27.540,51.257
18.4.2025,3:31:49.956,27.757,32.988
18.4.2025,3:31:50.955,27.524,48.442
18.4.2025,3:31:51.956,28.214,33.276
18.4.2025,3:31:52.958,27.367,47.991
18.4.2025,3:31:53.956,27.930,37.431
18.4.2025,3:31:54.957,27.446,47.083
18.4.2025,3:31:55.945,27.926,47.336
18.4.2025,3:31:56.946,27.510,44.392
18.4.2025,3:31:57.948,27.857,52.804
18.4.2025,3:31:58.950,27.636,38.891
18.4.2025,3:31:59.953,27.698,52.766
18.4.2025,3:32:0.953,27.441,47.794
18.4.2025,3:32:1.956,27.708,38.891
18.4.2025,3:32:2.954,27.589,47.410
18.4.2025,3:32:3.955,28.122,45.295
18.4.2025,3:32:4.956,27.609,47.010
18.4.2025,3:32:5.956,27.403,52.576
18.4.2025,3:32:6.958,27.636,40.724
18.4.2025,3:32:7.958,27.770,52.688
18.4.2025,3:32:8.944,27.377,36.530
18.4.2025,3:32:9.958,27.798,52.223
18.4.2025,3:32:10.955,27.752,33.737
18.4.2025,3:32:11.955,27.755,50.165
18.4.2025,3:32:12.956,27.670,33.000
18.4.2025,3:32:13.953,27.323,48.199
18.4.2025,3:32:14.953,28.269,32.128
18.4.2025,3:32:15.951,27.140,47.937
18.4.2025,3:32:16.955,28.030,37.444
18.4.2025,3:32:17.957,27.218,47.270
18.4.2025,3:32:18.957,27.936,45.759
18.4.2025,3:32:19.944,26.993,47.416
18.4.2025,3:32:20.959,27.997,52.925
18.4.2025,3:32:21.956,27.287,39.672
18.4.2025,3:32:22.944,27.767,53.187
18.4.2025,3:32:23.944,27.374,35.256
18.4.2025,3:32:24.958,28.051,50.208
18.4.2025,3:32:25.945,27.187,47.509
18.4.2025,3:32:26.958,27.794,47.001
18.4.2025,3:32:27.958,27.655,47.156
18.4.2025,3:32:28.944,27.714,50.319
18.4.2025,3:32:29.945,27.583,44.161
18.4.2025,3:32:30.945,27.898,54.755
18.4.2025,3:32:31.946,27.723,54.755
18.4.2025,3:32:32.947,27.840,39.482
18.4.2025,3:32:33.952,27.880,52.393
18.4.2025,3:32:34.953,27.734,34.264
18.4.2025,3:32:35.955,27.287,50.193
18.4.2025,3:32:36.955,28.095,32.590
18.4.2025,3:32:37.955,27.649,47.883
18.4.2025,3:32:38.957,27.770,35.288
18.4.2025,3:32:39.958,27.503,47.447
18.4.2025,3:32:40.957,27.476,37.252
18.4.2025,3:32:41.957,27.443,47.332
18.4.2025,3:32:42.958,27.772,43.910
18.4.2025,3:32:43.957,27.392,46.443
18.4.2025,3:32:44.958,27.730,51.775
18.4.2025,3:32:45.958,27.992,48.682
18.4.2025,3:32:46.955,27.329,33.404
18.4.2025,3:32:47.956,27.977,47.853
18.4.2025,3:32:48.946,27.219,39.640
18.4.2025,3:32:49.945,27.849,47.599
18.4.2025,3:32:50.944,27.578,47.741
18.4.2025,3:32:51.946,27.914,46.645
18.4.2025,3:32:52.948,27.403,52.871
18.4.2025,3:32:53.949,27.799,39.704
18.4.2025,3:32:54.947,27.625,52.940
18.4.2025,3:32:55.947,27.771,34.584
18.4.2025,3:32:56.946,27.579,49.930
18.4.2025,3:32:57.948,27.962,32.378
18.4.2025,3:32:58.946,27.883,48.007
18.4.2025,3:32:59.949,27.651,35.134
18.4.2025,3:33:0.952,27.721,47.856
18.4.2025,3:33:1.950,27.387,39.792
18.4.2025,3:33:2.951,27.993,47.309
18.4.2025,3:33:3.951,27.212,45.683
18.4.2025,3:33:4.952,28.616,46.295
18.4.2025,3:33:5.950,27.063,51.537
18.4.2025,3:33:6.950,27.866,44.763
18.4.2025,3:33:7.952,29.609,52.722
18.4.2025,3:33:8.949,27.650,42.711
18.4.2025,3:33:9.952,27.343,54.739
18.4.2025,3:33:10.950,28.008,35.448
18.4.2025,3:33:11.949,27.332,50.124
18.4.2025,3:33:12.951,27.476,30.218
18.4.2025,3:33:13.954,27.401,48.692
18.4.2025,3:33:14.956,27.671,47.082
18.4.2025,3:33:15.944,27.671,46.415
18.4.2025,3:33:16.946,27.395,46.307
18.4.2025,3:33:17.948,27.952,51.291
18.4.2025,3:33:18.947,27.112,42.524
18.4.2025,3:33:19.952,27.854,52.479
18.4.2025,3:33:20.952,27.315,34.665
18.4.2025,3:33:21.957,27.881,50.678
18.4.2025,3:33:22.943,27.696,32.212
18.4.2025,3:33:23.946,27.896,49.094
18.4.2025,3:33:24.947,27.398,33.979
18.4.2025,3:33:25.951,28.006,47.742
18.4.2025,3:33:26.951,27.546,38.764
18.4.2025,3:33:27.955,27.892,47.506
18.4.2025,3:33:28.957,27.432,48.579
18.4.2025,3:33:29.960,27.601,50.992
18.4.2025,3:33:30.948,27.542,33.544
18.4.2025,3:33:31.948,28.163,48.658
18.4.2025,3:33:32.947,27.596,32.959
18.4.2025,3:33:33.947,27.747,47.962
18.4.2025,3:33:34.948,27.255,38.271
18.4.2025,3:33:35.951,27.350,47.493
18.4.2025,3:33:36.951,28.186,44.844
18.4.2025,3:33:37.954,27.605,47.680
18.4.2025,3:33:38.954,27.712,48.178
18.4.2025,3:33:39.944,27.278,43.653
18.4.2025,3:33:40.947,27.927,53.169
18.4.2025,3:33:41.947,27.082,36.851
18.4.2025,3:33:42.948,27.932,51.310
18.4.2025,3:33:43.949,27.162,34.003
18.4.2025,3:33:44.946,27.856,49.565
18.4.2025,3:33:45.949,27.245,32.335
18.4.2025,3:33:46.947,28.104,48.212
18.4.2025,3:33:47.951,26.894,33.649
18.4.2025,3:33:48.948,28.108,44.750
18.4.2025,3:33:49.955,27.717,47.496
18.4.2025,3:33:50.955,27.857,51.917
18.4.2025,3:33:51.954,27.385,40.226
18.4.2025,3:33:52.954,27.940,53.763
18.4.2025,3:33:53.954,27.211,35.813
18.4.2025,3:33:54.957,28.125,51.347
18.4.2025,3:33:55.943,26.983,31.084
18.4.2025,3:33:56.945,27.683,49.313
18.4.2025,3:33:57.947,27.315,33.631
18.4.2025,3:33:58.948,27.899,48.275
18.4.2025,3:33:59.951,27.442,35.799
18.4.2025,3:34:0.951,28.027,47.248
18.4.2025,3:34:1.949,27.130,44.683
18.4.2025,3:34:2.951,27.798,47.322
18.4.2025,3:34:3.952,27.338,47.948
18.4.2025,3:34:4.956,27.603,51.872
18.4.2025,3:34:5.955,27.346,32.066
18.4.2025,3:34:6.953,27.581,50.056
18.4.2025,3:34:7.957,27.353,32.672
18.4.2025,3:34:8.956,27.842,48.004
18.4.2025,3:34:9.958,27.408,34.806
18.4.2025,3:34:10.945,27.629,41.382
18.4.2025,3:34:11.947,28.968,41.039
18.4.2025,3:34:12.948,29.538,34.991
18.4.2025,3:34:13.950,29.262,36.253
18.4.2025,3:34:14.953,28.109,47.340
18.4.2025,3:34:15.957,26.996,45.320
18.4.2025,3:34:16.945,27.854,52.993
18.4.2025,3:34:17.946,27.658,51.714
18.4.2025,3:34:18.946,27.755,50.204
18.4.2025,3:34:19.948,27.530,34.140
18.4.2025,3:34:20.954,27.700,48.000
18.4.2025,3:34:21.956,27.630,36.943
18.4.2025,3:34:22.943,27.874,47.460
18.4.2025,3:34:23.947,27.473,43.657
18.4.2025,3:34:24.948,27.524,47.397
18.4.2025,3:34:25.949,27.974,50.894
18.4.2025,3:34:26.950,27.708,39.315
18.4.2025,3:34:27.950,27.599,52.780
18.4.2025,3:34:28.947,27.351,33.837
18.4.2025,3:34:29.948,28.124,48.676
18.4.2025,3:34:30.948,27.357,34.611
18.4.2025,3:34:31.950,28.111,47.943
18.4.2025,3:34:32.952,27.184,36.468
18.4.2025,3:34:33.952,27.994,50.867
18.4.2025,3:34:34.956,27.159,42.407
18.4.2025,3:34:35.958,27.732,52.502
18.4.2025,3:34:36.946,27.642,35.890
18.4.2025,3:34:37.946,27.828,50.108
18.4.2025,3:34:38.947,27.147,32.212
18.4.2025,3:34:39.946,27.800,48.726
18.4.2025,3:34:40.945,27.673,35.228
18.4.2025,3:34:41.946,28.020,47.765
18.4.2025,3:34:42.947,30.078,38.834
18.4.2025,3:34:43.947,27.757,47.385
18.4.2025,3:34:44.947,28.785,45.109
18.4.2025,3:34:45.948,30.966,47.889
18.4.2025,3:34:46.948,28.226,49.096
18.4.2025,3:34:47.948,27.871,45.826
18.4.2025,3:34:48.950,27.525,52.845
18.4.2025,3:34:49.950,28.048,39.764
18.4.2025,3:34:50.949,27.413,52.987
18.4.2025,3:34:51.950,27.592,32.044
18.4.2025,3:34:52.955,27.477,48.964
18.4.2025,3:34:53.953,27.688,34.321
18.4.2025,3:34:54.956,27.694,47.695
18.4.2025,3:34:55.952,27.555,44.634
18.4.2025,3:34:56.954,27.567,54.224
18.4.2025,3:34:57.958,27.439,38.045
18.4.2025,3:34:58.959,27.933,51.450
18.4.2025,3:34:59.956,27.371,31.756
18.4.2025,3:35:0.954,28.115,48.359
18.4.2025,3:35:1.958,27.627,34.903
18.4.2025,3:35:2.955,27.911,48.239
18.4.2025,3:35:3.956,27.390,34.756
18.4.2025,3:35:4.945,27.817,47.417
18.4.2025,3:35:5.946,27.318,38.693
18.4.2025,3:35:6.946,27.991,47.167
18.4.2025,3:35:7.949,27.205,47.997
18.4.2025,3:35:8.947,27.967,44.080
18.4.2025,3:35:9.947,27.450,54.189
18.4.2025,3:35:10.946,27.706,36.813
18.4.2025,3:35:11.948,27.532,51.676
18.4.2025,3:35:12.947,30.148,37.702
18.4.2025,3:35:13.947,27.322,35.839
18.4.2025,3:35:14.946,27.697,33.168
18.4.2025,3:35:15.947,27.480,41.686
18.4.2025,3:35:16.947,27.627,47.273
18.4.2025,3:35:17.947,27.907,52.090
18.4.2025,3:35:18.947,27.276,39.253
18.4.2025,3:35:19.949,28.017,39.253
18.4.2025,3:35:20.949,27.431,52.835
18.4.2025,3:35:21.946,27.953,37.248
18.4.2025,3:35:22.945,27.437,52.654
18.4.2025,3:35:23.947,27.694,31.424
18.4.2025,3:35:24.947,27.273,49.017
18.4.2025,3:35:25.950,27.890,33.914
18.4.2025,3:35:26.953,27.550,47.696
18.4.2025,3:35:27.951,28.189,40.125
18.4.2025,3:35:28.956,27.647,47.832
18.4.2025,3:35:29.958,27.575,46.258
18.4.2025,3:35:30.945,27.664,47.570
18.4.2025,3:35:31.945,27.572,51.132
18.4.2025,3:35:32.944,27.559,41.893
18.4.2025,3:35:33.944,27.595,52.402
18.4.2025,3:35:34.958,27.920,35.185
18.4.2025,3:35:35.944,27.251,50.006
18.4.2025,3:35:36.958,27.863,34.658
18.4.2025,3:35:37.944,27.277,47.736
18.4.2025,3:35:38.944,27.947,38.779
18.4.2025,3:35:39.943,27.266,47.307
18.4.2025,3:35:40.944,28.109,39.993
18.4.2025,3:35:41.944,27.430,53.366
18.4.2025,3:35:42.944,27.764,33.824
18.4.2025,3:35:43.946,27.198,49.247
18.4.2025,3:35:44.949,27.861,34.086
18.4.2025,3:35:45.950,27.422,47.733
18.4.2025,3:35:46.953,27.758,38.697
18.4.2025,3:35:47.955,27.302,47.471
18.4.2025,3:35:48.957,27.576,43.912
18.4.2025,3:35:49.945,27.544,47.421
18.4.2025,3:35:50.946,27.643,50.003
18.4.2025,3:35:51.947,27.380,41.905
18.4.2025,3:35:52.950,27.728,53.081
18.4.2025,3:35:53.947,27.420,47.637
18.4.2025,3:35:54.947,27.265,38.045
18.4.2025,3:35:55.947,28.116,32.907
18.4.2025,3:35:56.947,27.562,46.938
18.4.2025,3:35:57.948,27.817,47.493
18.4.2025,3:35:58.952,27.072,49.320
18.4.2025,3:35:59.952,27.754,44.065
18.4.2025,3:36:0.950,27.615,54.254
18.4.2025,3:36:1.951,27.964,39.553
18.4.2025,3:36:2.951,27.176,51.424
18.4.2025,3:36:3.952,27.979,32.307
18.4.2025,3:36:4.953,27.273,48.132
18.4.2025,3:36:5.958,27.839,36.092
18.4.2025,3:36:6.944,27.839,47.947
18.4.2025,3:36:7.958,27.969,42.855
18.4.2025,3:36:8.945,27.621,47.349
18.4.2025,3:36:9.947,27.924,45.521
18.4.2025,3:36:10.945,27.924,47.617
18.4.2025,3:36:11.946,27.508,48.824
18.4.2025,3:36:12.956,27.407,45.421
18.4.2025,3:36:13.959,27.726,53.198
18.4.2025,3:36:14.956,27.074,37.810
18.4.2025,3:36:15.957,28.187,50.426
18.4.2025,3:36:16.956,28.344,32.242
18.4.2025,3:36:17.944,29.865,49.956
18.4.2025,3:36:18.944,27.450,32.873
18.4.2025,3:36:19.956,27.928,47.988
18.4.2025,3:36:20.943,27.288,34.555
18.4.2025,3:36:21.944,27.871,47.542
18.4.2025,3:36:22.958,27.201,41.054
18.4.2025,3:36:23.944,27.788,47.680
18.4.2025,3:36:24.945,27.335,38.839
18.4.2025,3:36:25.946,27.749,52.232
18.4.2025,3:36:26.947,27.348,32.511
18.4.2025,3:36:27.946,27.803,50.108
18.4.2025,3:36:28.945,27.143,31.412
18.4.2025,3:36:29.947,27.623,48.106
18.4.2025,3:36:30.948,27.660,34.713
18.4.2025,3:36:31.949,27.216,47.719
18.4.2025,3:36:32.954,27.655,43.362
18.4.2025,3:36:33.949,27.672,47.673
18.4.2025,3:36:34.953,27.734,46.450
18.4.2025,3:36:35.954,27.219,46.930
18.4.2025,3:36:36.955,27.948,51.934
18.4.2025,3:36:37.955,27.449,38.902
18.4.2025,3:36:38.953,28.007,52.168
18.4.2025,3:36:39.952,27.130,34.233
18.4.2025,3:36:40.955,27.781,50.159
18.4.2025,3:36:41.955,27.088,31.569
18.4.2025,3:36:42.954,27.878,48.594
18.4.2025,3:36:43.957,27.283,34.994
18.4.2025,3:36:44.956,29.254,47.842
18.4.2025,3:36:45.943,27.411,39.122
18.4.2025,3:36:46.945,27.487,52.188
18.4.2025,3:36:47.945,27.518,42.291
18.4.2025,3:36:48.944,27.790,47.586
18.4.2025,3:36:49.957,27.461,50.774
18.4.2025,3:36:50.956,27.550,42.762
18.4.2025,3:36:51.957,27.504,54.746
18.4.2025,3:36:52.959,27.577,48.839
18.4.2025,3:36:53.945,27.373,35.708
18.4.2025,3:36:54.960,27.706,47.595
18.4.2025,3:36:55.961,27.602,38.812
18.4.2025,3:36:56.961,27.603,47.520
18.4.2025,3:36:57.961,27.965,48.465
18.4.2025,3:36:58.966,27.406,44.449
18.4.2025,3:36:59.964,27.595,54.855
18.4.2025,3:37:0.963,27.595,39.596
18.4.2025,3:37:1.965,27.947,53.703
18.4.2025,3:37:2.964,27.259,34.945
18.4.2025,3:37:3.960,28.000,50.803
18.4.2025,3:37:4.962,27.223,34.695
18.4.2025,3:37:5.961,31.034,48.811
18.4.2025,3:37:6.961,27.586,34.826
18.4.2025,3:37:7.960,28.053,47.662
18.4.2025,3:37:8.961,27.553,43.644
18.4.2025,3:37:9.958,27.831,47.394
18.4.2025,3:37:10.959,27.375,48.886
18.4.2025,3:37:11.973,27.865,43.849
18.4.2025,3:37:12.972,28.583,35.739
18.4.2025,3:37:13.972,29.372,37.441
18.4.2025,3:37:14.972,29.774,41.616
18.4.2025,3:37:15.960,28.186,52.114
18.4.2025,3:37:16.963,27.500,40.627
18.4.2025,3:37:17.963,28.041,51.839
18.4.2025,3:37:18.964,27.581,32.826
18.4.2025,3:37:19.965,27.666,49.674
18.4.2025,3:37:20.968,27.472,33.841
18.4.2025,3:37:21.968,27.761,47.636
18.4.2025,3:37:22.971,27.579,36.732
18.4.2025,3:37:23.970,27.758,47.109
18.4.2025,3:37:24.967,27.630,48.155
18.4.2025,3:37:25.967,27.657,47.170
18.4.2025,3:37:26.969,28.278,52.580
18.4.2025,3:37:27.968,27.245,40.722
18.4.2025,3:37:28.969,28.027,52.074
18.4.2025,3:37:29.970,27.322,34.330
18.4.2025,3:37:30.970,27.772,51.062
18.4.2025,3:37:31.969,27.078,32.428
18.4.2025,3:37:32.969,27.883,39.378
18.4.2025,3:37:33.968,27.310,47.085
18.4.2025,3:37:34.969,27.754,41.674
18.4.2025,3:37:35.968,27.595,47.493
18.4.2025,3:37:36.972,27.686,51.298
18.4.2025,3:37:37.973,27.462,44.459
18.4.2025,3:37:38.976,28.127,54.219
18.4.2025,3:37:39.979,27.877,38.988
18.4.2025,3:37:40.980,27.704,52.637
18.4.2025,3:37:41.983,27.309,32.907
18.4.2025,3:37:42.980,27.793,50.044
18.4.2025,3:37:43.983,27.421,33.365
18.4.2025,3:37:44.986,28.021,47.748
18.4.2025,3:37:45.985,27.620,39.893
18.4.2025,3:37:46.986,27.862,47.661
18.4.2025,3:37:47.984,27.738,47.677
18.4.2025,3:37:48.986,27.759,47.677
18.4.2025,3:37:49.986,27.480,43.870
18.4.2025,3:37:50.983,29.974,54.737
18.4.2025,3:37:51.985,27.920,40.800
18.4.2025,3:37:52.985,27.852,53.489
18.4.2025,3:37:53.986,27.697,34.619
18.4.2025,3:37:54.984,27.265,49.588
18.4.2025,3:37:55.986,28.165,34.557
18.4.2025,3:37:56.985,27.245,47.744
18.4.2025,3:37:57.985,27.703,36.692
18.4.2025,3:37:58.986,27.423,47.605
18.4.2025,3:37:59.985,28.010,38.931
18.4.2025,3:38:0.989,27.496,47.571
18.4.2025,3:38:1.977,27.876,38.790
18.4.2025,3:38:2.978,27.262,47.305
18.4.2025,3:38:3.978,27.775,38.168
18.4.2025,3:38:4.977,27.247,51.053
18.4.2025,3:38:5.979,28.022,32.592
18.4.2025,3:38:6.979,27.370,49.226
18.4.2025,3:38:7.980,27.824,31.889
18.4.2025,3:38:8.984,27.565,48.135
18.4.2025,3:38:9.985,27.943,34.457
18.4.2025,3:38:10.975,27.361,47.705
18.4.2025,3:38:11.976,27.846,42.373
18.4.2025,3:38:12.981,27.476,47.333
18.4.2025,3:38:13.982,27.781,49.497
18.4.2025,3:38:14.985,27.895,43.728
18.4.2025,3:38:15.989,27.789,54.248
18.4.2025,3:38:16.974,27.604,39.268
18.4.2025,3:38:17.976,27.581,34.141
18.4.2025,3:38:18.978,27.728,47.763
18.4.2025,3:38:19.980,27.626,42.927
18.4.2025,3:38:20.980,27.417,47.353
18.4.2025,3:38:21.985,27.242,50.636
18.4.2025,3:38:22.985,27.781,41.437
18.4.2025,3:38:23.990,27.255,54.415
18.4.2025,3:38:24.975,27.971,34.986
18.4.2025,3:38:25.976,27.282,50.814
18.4.2025,3:38:26.978,27.880,32.830
18.4.2025,3:38:27.980,27.348,48.330
18.4.2025,3:38:28.987,28.067,35.400
18.4.2025,3:38:29.988,27.154,47.586
18.4.2025,3:38:30.976,28.161,41.469
18.4.2025,3:38:31.981,27.136,54.824
18.4.2025,3:38:32.982,27.639,35.250
18.4.2025,3:38:33.986,27.056,51.379
18.4.2025,3:38:34.986,28.132,32.795
18.4.2025,3:38:35.985,27.281,48.365
18.4.2025,3:38:36.988,27.709,33.920
18.4.2025,3:38:37.989,27.388,48.120
18.4.2025,3:38:38.990,27.856,35.039
18.4.2025,3:38:39.978,27.230,47.503
18.4.2025,3:38:40.978,27.757,41.382
18.4.2025,3:38:41.983,27.427,47.660
18.4.2025,3:38:42.980,27.605,36.556
18.4.2025,3:38:43.980,27.330,43.005
18.4.2025,3:38:44.980,28.099,53.219
18.4.2025,3:38:45.979,27.646,35.985
18.4.2025,3:38:46.982,27.513,51.141
18.4.2025,3:38:47.984,27.708,32.150
18.4.2025,3:38:48.984,27.723,40.502
18.4.2025,3:38:49.985,27.723,47.247
18.4.2025,3:38:50.988,27.636,43.340
18.4.2025,3:38:51.987,27.636,47.156
18.4.2025,3:38:52.988,27.362,49.075
18.4.2025,3:38:53.984,27.362,43.757
18.4.2025,3:38:54.988,27.950,54.147
18.4.2025,3:38:55.990,27.443,38.517
18.4.2025,3:38:56.975,28.101,52.445
18.4.2025,3:38:57.976,27.281,32.223
18.4.2025,3:38:58.976,28.058,50.150
18.4.2025,3:38:59.990,27.422,33.638
18.4.2025,3:39:0.978,27.950,48.088
18.4.2025,3:39:1.978,27.339,32.619
18.4.2025,3:39:2.980,27.711,47.690
18.4.2025,3:39:3.984,27.528,39.143
18.4.2025,3:39:4.980,27.724,47.636
18.4.2025,3:39:5.985,27.605,46.947
18.4.2025,3:39:6.988,27.619,51.863
18.4.2025,3:39:7.988,27.245,33.008
18.4.2025,3:39:8.974,27.554,48.472
18.4.2025,3:39:9.977,27.774,34.204
18.4.2025,3:39:10.975,27.847,47.820
18.4.2025,3:39:11.977,27.437,38.697
18.4.2025,3:39:12.978,27.529,47.496
18.4.2025,3:39:13.979,27.559,48.409
18.4.2025,3:39:14.976,27.442,46.533
18.4.2025,3:39:15.974,27.807,49.692
18.4.2025,3:39:16.988,27.198,44.401
18.4.2025,3:39:17.989,28.217,53.726
18.4.2025,3:39:18.975,27.245,36.623
18.4.2025,3:39:19.977,27.592,50.824
18.4.2025,3:39:20.979,27.362,32.493
18.4.2025,3:39:21.980,28.216,48.148
18.4.2025,3:39:22.980,27.230,37.123
18.4.2025,3:39:23.982,28.053,47.343
18.4.2025,3:39:24.982,27.429,43.835
18.4.2025,3:39:25.986,29.940,53.426
18.4.2025,3:39:26.985,27.456,39.975
18.4.2025,3:39:27.985,27.765,53.868
18.4.2025,3:39:28.988,27.600,35.537
18.4.2025,3:39:29.976,27.765,51.630
18.4.2025,3:39:30.978,27.403,35.720
18.4.2025,3:39:31.978,27.836,51.013
18.4.2025,3:39:32.979,28.030,32.406
18.4.2025,3:39:33.978,27.697,49.709
18.4.2025,3:39:34.977,27.394,33.371
18.4.2025,3:39:35.979,27.875,47.653
18.4.2025,3:39:36.978,27.689,38.125
18.4.2025,3:39:37.977,27.737,47.395
18.4.2025,3:39:38.980,27.602,44.874
18.4.2025,3:39:39.982,27.585,47.020
18.4.2025,3:39:40.985,27.263,52.920
18.4.2025,3:39:41.983,27.349,41.018
18.4.2025,3:39:42.984,27.727,54.822
18.4.2025,3:39:43.985,27.267,36.489
18.4.2025,3:39:44.988,27.889,52.331
18.4.2025,3:39:45.989,27.202,47.880
18.4.2025,3:39:46.989,27.850,49.706
18.4.2025,3:39:47.976,27.210,47.300
18.4.2025,3:39:48.976,27.912,44.859
18.4.2025,3:39:49.976,27.081,47.243
18.4.2025,3:39:50.977,28.184,49.160
18.4.2025,3:39:51.979,27.016,46.469
18.4.2025,3:39:52.979,27.779,52.222
18.4.2025,3:39:53.981,27.205,43.518
18.4.2025,3:39:54.981,28.049,53.588
18.4.2025,3:39:55.982,27.178,42.404
18.4.2025,3:39:56.984,27.854,53.224
18.4.2025,3:39:57.985,27.221,36.302
18.4.2025,3:39:58.985,28.209,50.181
18.4.2025,3:39:59.982,27.225,33.120
18.4.2025,3:40:0.983,27.493,48.100
18.4.2025,3:40:1.980,27.649,35.571
18.4.2025,3:40:2.977,27.932,47.693
18.4.2025,3:40:3.979,27.590,44.408
18.4.2025,3:40:4.981,27.746,53.255
18.4.2025,3:40:5.979,27.716,48.017
18.4.2025,3:40:6.980,27.565,52.996
18.4.2025,3:40:7.978,27.676,35.734
18.4.2025,3:40:8.979,27.626,50.891
18.4.2025,3:40:9.982,27.654,35.073
18.4.2025,3:40:10.978,27.827,51.032
18.4.2025,3:40:11.976,27.576,33.315
18.4.2025,3:40:12.989,27.267,50.134
18.4.2025,3:40:13.989,28.014,41.386
18.4.2025,3:40:14.990,29.185,33.834
18.4.2025,3:40:15.989,29.253,40.746
18.4.2025,3:40:16.974,29.160,55.128
18.4.2025,3:40:17.987,27.445,39.401
18.4.2025,3:40:18.988,27.969,53.591
18.4.2025,3:40:19.977,27.178,34.675
18.4.2025,3:40:20.978,27.704,49.455
18.4.2025,3:40:21.980,27.659,31.504
18.4.2025,3:40:22.982,27.603,48.073
18.4.2025,3:40:23.983,27.665,46.924
18.4.2025,3:40:24.981,27.781,54.071
18.4.2025,3:40:25.986,27.828,39.052
18.4.2025,3:40:26.988,27.511,53.597
18.4.2025,3:40:27.976,27.662,33.831
18.4.2025,3:40:28.987,27.337,50.127
18.4.2025,3:40:29.977,28.078,33.787
18.4.2025,3:40:30.975,27.265,48.042
18.4.2025,3:40:31.979,27.892,34.839
18.4.2025,3:40:32.982,27.251,47.459
18.4.2025,3:40:33.985,27.944,40.930
18.4.2025,3:40:34.985,27.337,47.328
18.4.2025,3:40:35.984,27.760,43.793
18.4.2025,3:40:36.985,27.374,47.679
18.4.2025,3:40:37.985,27.955,37.355
18.4.2025,3:40:38.988,27.323,54.149
18.4.2025,3:40:39.989,27.881,35.714
18.4.2025,3:40:40.988,27.300,50.039
18.4.2025,3:40:41.989,27.974,32.593
18.4.2025,3:40:42.988,27.254,32.593
18.4.2025,3:40:43.985,28.062,48.331
18.4.2025,3:40:44.984,27.108,35.292
18.4.2025,3:40:45.987,28.201,47.634
18.4.2025,3:40:46.985,27.218,35.886
18.4.2025,3:40:47.983,27.712,47.604
18.4.2025,3:40:48.985,27.083,40.228
18.4.2025,3:40:49.984,27.756,47.492
18.4.2025,3:40:50.985,27.014,40.073
18.4.2025,3:40:51.986,27.694,47.228
18.4.2025,3:40:52.985,27.446,44.373
18.4.2025,3:40:53.984,27.858,47.571
18.4.2025,3:40:54.986,27.413,44.495
18.4.2025,3:40:55.989,27.717,47.140
18.4.2025,3:40:56.976,26.945,47.227
18.4.2025,3:40:57.976,27.828,44.456
18.4.2025,3:40:58.976,27.332,52.480
18.4.2025,3:40:59.990,30.309,43.285
18.4.2025,3:41:0.989,27.517,49.243
18.4.2025,3:41:1.989,27.692,44.258
18.4.2025,3:41:2.976,26.919,51.962
18.4.2025,3:41:3.977,27.948,49.910
18.4.2025,3:41:4.975,27.098,31.441
18.4.2025,3:41:5.979,27.889,50.111
18.4.2025,3:41:6.978,27.063,31.670
18.4.2025,3:41:7.978,27.901,48.915
18.4.2025,3:41:8.981,27.484,34.356
18.4.2025,3:41:9.985,27.704,47.762
18.4.2025,3:41:10.987,27.123,36.847
18.4.2025,3:41:11.989,27.927,47.682
18.4.2025,3:41:12.990,27.334,39.697
18.4.2025,3:41:13.987,27.969,47.779
18.4.2025,3:41:14.984,27.236,46.845
18.4.2025,3:41:15.985,27.784,47.431
18.4.2025,3:41:16.983,27.499,48.336
18.4.2025,3:41:17.983,28.099,43.658
18.4.2025,3:41:18.983,28.099,53.055
18.4.2025,3:41:19.985,27.234,41.765
18.4.2025,3:41:20.985,27.673,52.885
18.4.2025,3:41:21.987,27.372,48.095
18.4.2025,3:41:22.987,27.507,35.684
18.4.2025,3:41:23.987,27.403,48.016
18.4.2025,3:41:24.986,27.758,36.122
18.4.2025,3:41:25.985,27.223,47.798
18.4.2025,3:41:26.984,27.928,44.269
18.4.2025,3:41:27.989,27.541,47.586
18.4.2025,3:41:28.976,27.644,47.581
18.4.2025,3:41:29.988,27.620,46.879
18.4.2025,3:41:30.988,27.582,51.770
18.4.2025,3:41:31.986,27.381,39.667
18.4.2025,3:41:32.985,26.906,53.602
18.4.2025,3:41:33.985,27.956,36.227
18.4.2025,3:41:34.988,27.202,51.028
18.4.2025,3:41:35.986,27.987,31.779
18.4.2025,3:41:36.985,27.160,48.247
18.4.2025,3:41:37.985,27.782,33.821
18.4.2025,3:41:38.985,27.413,47.853
18.4.2025,3:41:39.987,28.192,40.286
18.4.2025,3:41:40.988,27.635,47.637
18.4.2025,3:41:41.975,27.834,44.046
18.4.2025,3:41:42.976,27.381,47.407
18.4.2025,3:41:43.979,27.580,48.907
18.4.2025,3:41:44.978,27.190,43.969
18.4.2025,3:41:45.980,28.142,51.391
18.4.2025,3:41:46.982,27.431,43.674
18.4.2025,3:41:47.980,27.600,54.157
18.4.2025,3:41:48.981,27.311,48.473
18.4.2025,3:41:49.987,27.755,35.810
18.4.2025,3:41:50.984,27.189,48.417
18.4.2025,3:41:51.986,27.835,34.032
18.4.2025,3:41:52.986,27.147,47.885
18.4.2025,3:41:53.984,27.620,35.264
18.4.2025,3:41:54.987,27.424,47.570
18.4.2025,3:41:55.975,27.588,42.385
18.4.2025,3:41:56.977,27.178,47.228
18.4.2025,3:41:57.975,28.156,42.142
18.4.2025,3:41:58.976,27.360,47.768
18.4.2025,3:41:59.978,28.100,47.330
18.4.2025,3:42:0.981,27.486,45.756
18.4.2025,3:42:1.984,27.727,51.475
18.4.2025,3:42:2.986,27.360,41.614
18.4.2025,3:42:3.986,28.069,54.441
18.4.2025,3:42:4.987,27.267,37.292
18.4.2025,3:42:5.990,27.882,51.659
18.4.2025,3:42:6.988,27.247,48.065
18.4.2025,3:42:7.974,27.871,34.763
18.4.2025,3:42:8.977,27.293,47.836
18.4.2025,3:42:9.990,27.880,39.729
18.4.2025,3:42:10.990,27.555,47.346
18.4.2025,3:42:11.974,27.788,41.448
18.4.2025,3:42:12.988,27.053,47.557
18.4.2025,3:42:13.990,27.660,49.603
18.4.2025,3:42:14.989,27.492,45.024
18.4.2025,3:42:15.990,28.024,55.416
18.4.2025,3:42:16.977,27.243,39.149
18.4.2025,3:42:17.979,27.648,52.405
18.4.2025,3:42:18.977,27.315,38.100
18.4.2025,3:42:19.978,27.702,52.427
18.4.2025,3:42:20.983,27.400,33.756
18.4.2025,3:42:21.981,27.987,50.508
18.4.2025,3:42:22.982,27.522,31.169
18.4.2025,3:42:23.984,27.804,49.044
18.4.2025,3:42:24.981,27.328,32.853
18.4.2025,3:42:25.982,27.664,48.531
18.4.2025,3:42:26.982,27.248,34.186
18.4.2025,3:42:27.986,27.746,48.255
18.4.2025,3:42:28.987,27.533,34.229
18.4.2025,3:42:29.986,27.580,47.729
18.4.2025,3:42:30.985,27.478,33.211
18.4.2025,3:42:31.988,28.038,47.839
18.4.2025,3:42:32.989,27.313,35.112
18.4.2025,3:42:33.991,28.316,47.435
18.4.2025,3:42:34.977,28.890,38.598
18.4.2025,3:42:35.975,27.870,52.570
18.4.2025,3:42:36.976,27.348,41.531
18.4.2025,3:42:37.976,27.779,47.505
18.4.2025,3:42:38.976,27.761,40.189
18.4.2025,3:42:39.977,27.638,54.024
18.4.2025,3:42:40.981,27.360,38.780
18.4.2025,3:42:41.986,27.857,52.589
18.4.2025,3:42:42.988,27.258,33.745
18.4.2025,3:42:43.987,27.843,50.787
18.4.2025,3:42:44.986,27.380,33.139
18.4.2025,3:42:45.989,27.568,50.153
18.4.2025,3:42:46.976,27.292,31.683
18.4.2025,3:42:47.976,27.968,49.517
18.4.2025,3:42:48.976,27.377,33.420
18.4.2025,3:42:49.974,27.889,48.084
18.4.2025,3:42:50.988,27.366,33.797
18.4.2025,3:42:51.989,27.922,47.379
18.4.2025,3:42:52.981,27.018,38.059
18.4.2025,3:42:53.980,27.752,47.900
18.4.2025,3:42:54.978,27.087,41.510
18.4.2025,3:42:55.979,27.922,47.789
18.4.2025,3:42:56.978,27.063,42.789
18.4.2025,3:42:57.976,27.818,47.377
18.4.2025,3:42:58.977,27.349,37.427
18.4.2025,3:42:59.976,27.566,47.722
18.4.2025,3:43:0.976,28.471,47.722
18.4.2025,3:43:1.975,27.999,39.075
18.4.2025,3:43:2.976,27.236,53.014
18.4.2025,3:43:3.978,27.988,41.121
18.4.2025,3:43:4.976,27.216,52.638
18.4.2025,3:43:5.977,27.608,42.063
18.4.2025,3:43:6.978,27.138,54.467
18.4.2025,3:43:7.981,27.914,39.566
18.4.2025,3:43:8.981,27.089,52.732
18.4.2025,3:43:9.978,27.841,38.610
18.4.2025,3:43:10.979,27.292,54.659
18.4.2025,3:43:11.981,27.691,40.800
18.4.2025,3:43:12.980,27.141,53.253
18.4.2025,3:43:13.978,28.009,40.000
18.4.2025,3:43:14.983,27.346,52.634
18.4.2025,3:43:15.981,27.612,34.886
18.4.2025,3:43:16.986,28.939,34.895
18.4.2025,3:43:17.984,29.149,41.273
18.4.2025,3:43:18.985,29.406,40.507
18.4.2025,3:43:19.984,27.691,46.771
18.4.2025,3:43:20.989,27.850,51.274
18.4.2025,3:43:21.988,27.183,46.132
18.4.2025,3:43:22.988,27.909,53.215
18.4.2025,3:43:23.988,27.589,39.850
18.4.2025,3:43:24.987,27.345,34.642
18.4.2025,3:43:25.990,27.252,47.815
18.4.2025,3:43:26.987,27.685,39.581
18.4.2025,3:43:27.973,27.444,47.191
18.4.2025,3:43:28.977,29.305,44.540
18.4.2025,3:43:29.981,29.623,47.716
18.4.2025,3:43:30.990,31.862,34.145
18.4.2025,3:43:31.974,31.159,47.795
18.4.2025,3:43:32.977,31.503,31.680
18.4.2025,3:43:33.979,27.335,48.259
18.4.2025,3:43:34.977,27.772,34.826
18.4.2025,3:43:35.976,27.500,47.512
18.4.2025,3:43:36.975,27.909,39.388
18.4.2025,3:43:37.976,27.440,47.465
18.4.2025,3:43:38.980,27.723,48.906
18.4.2025,3:43:39.978,27.723,45.013
18.4.2025,3:43:40.981,27.699,54.178
18.4.2025,3:43:41.983,27.793,37.670
18.4.2025,3:43:42.987,27.743,35.080
18.4.2025,3:43:43.988,27.713,47.417
18.4.2025,3:43:44.988,27.183,41.628
18.4.2025,3:43:45.987,27.800,47.643
18.4.2025,3:43:46.983,27.349,45.980
18.4.2025,3:43:47.984,27.793,47.568
18.4.2025,3:43:48.987,27.522,49.526
18.4.2025,3:43:49.989,28.036,43.087
18.4.2025,3:43:50.989,26.945,52.358
18.4.2025,3:43:51.988,28.178,41.572
18.4.2025,3:43:52.986,27.259,54.407
18.4.2025,3:43:53.985,28.049,34.033
18.4.2025,3:43:54.986,27.215,50.303
18.4.2025,3:43:55.987,27.926,30.576
18.4.2025,3:43:56.987,27.926,48.991
18.4.2025,3:43:57.986,27.085,33.848
18.4.2025,3:43:58.986,28.120,48.140
18.4.2025,3:43:59.984,27.329,36.420
18.4.2025,3:44:0.983,28.296,47.968
18.4.2025,3:44:1.985,27.648,33.999
18.4.2025,3:44:2.989,27.827,48.039
18.4.2025,3:44:3.987,27.695,36.538
18.4.2025,3:44:4.975,27.640,51.715
18.4.2025,3:44:5.976,27.263,43.436
18.4.2025,3:44:6.987,28.326,53.107
18.4.2025,3:44:7.975,27.223,39.416
18.4.2025,3:44:8.989,29.978,52.976
18.4.2025,3:44:9.978,27.488,39.295
18.4.2025,3:44:10.980,28.051,51.869
18.4.2025,3:44:11.984,27.511,33.012
18.4.2025,3:44:12.983,27.935,49.803
18.4.2025,3:44:13.982,27.395,32.335
18.4.2025,3:44:14.984,27.902,48.851
18.4.2025,3:44:15.985,27.143,35.311
18.4.2025,3:44:16.975,27.773,47.740
18.4.2025,3:44:17.978,27.288,36.015
18.4.2025,3:44:18.974,27.947,47.627
18.4.2025,3:44:19.979,27.543,42.454
18.4.2025,3:44:20.976,28.089,47.089
18.4.2025,3:44:21.975,27.215,51.943
18.4.2025,3:44:22.977,27.817,41.121
18.4.2025,3:44:23.977,27.476,54.712
18.4.2025,3:44:24.976,27.401,37.457
18.4.2025,3:44:25.978,28.230,52.441
18.4.2025,3:44:26.976,27.300,33.659
18.4.2025,3:44:27.991,28.098,40.519
18.4.2025,3:44:28.993,27.531,47.679
18.4.2025,3:44:29.992,28.019,44.596
18.4.2025,3:44:30.996,27.227,47.606
18.4.2025,3:44:31.998,28.066,50.688
18.4.2025,3:44:32.999,27.345,44.700
18.4.2025,3:44:34.000,28.027,54.350
18.4.2025,3:44:35.001,27.380,39.099
18.4.2025,3:44:36.000,27.675,53.221
18.4.2025,3:44:37.003,27.704,34.961
18.4.2025,3:44:38.002,27.677,50.347
18.4.2025,3:44:39.003,27.387,33.643
18.4.2025,3:44:39.990,27.777,47.846
18.4.2025,3:44:40.992,27.185,34.078
18.4.2025,3:44:41.994,27.833,47.649
18.4.2025,3:44:42.999,27.307,38.711
18.4.2025,3:44:44.000,27.492,47.456
18.4.2025,3:44:45.002,27.602,40.953
18.4.2025,3:44:46.002,27.474,53.154
18.4.2025,3:44:47.005,27.253,34.902
18.4.2025,3:44:48.008,27.870,50.412
18.4.2025,3:44:49.010,27.460,31.795
18.4.2025,3:44:50.007,27.964,49.936
18.4.2025,3:44:51.011,27.069,32.749
18.4.2025,3:44:52.012,28.114,49.057
18.4.2025,3:44:53.014,27.598,33.009
18.4.2025,3:44:54.014,27.875,47.683
18.4.2025,3:44:55.013,27.419,35.404
18.4.2025,3:44:56.014,28.215,47.596
18.4.2025,3:44:57.015,27.256,47.598
18.4.2025,3:44:58.016,27.920,49.544
18.4.2025,3:44:59.019,27.319,43.675
18.4.2025,3:45:0.020,27.900,53.863
18.4.2025,3:45:1.018,27.259,40.206
18.4.2025,3:45:2.020,27.440,53.491
18.4.2025,3:45:3.007,26.894,34.650
18.4.2025,3:45:4.009,27.945,49.898
18.4.2025,3:45:5.006,27.353,31.053
18.4.2025,3:45:6.008,27.720,48.623
18.4.2025,3:45:7.011,27.039,34.630
18.4.2025,3:45:8.009,27.721,47.875
18.4.2025,3:45:9.012,27.289,36.114
18.4.2025,3:45:10.010,27.422,47.497
18.4.2025,3:45:11.008,27.465,35.104
18.4.2025,3:45:12.010,27.366,47.721
18.4.2025,3:45:13.014,27.070,44.369
18.4.2025,3:45:14.016,27.725,51.916
18.4.2025,3:45:15.014,27.124,43.198
18.4.2025,3:45:16.017,27.640,54.179
18.4.2025,3:45:17.015,27.488,37.459
18.4.2025,3:45:18.015,27.675,52.122
18.4.2025,3:45:19.016,27.502,33.627
18.4.2025,3:45:20.014,27.601,50.224
18.4.2025,3:45:21.015,27.778,32.676
18.4.2025,3:45:22.019,27.835,48.628
18.4.2025,3:45:23.005,27.593,31.907
18.4.2025,3:45:24.020,27.583,48.517
18.4.2025,3:45:25.023,27.415,34.628
18.4.2025,3:45:26.024,27.594,47.633
18.4.2025,3:45:27.026,27.336,34.897
18.4.2025,3:45:28.026,27.754,47.553
18.4.2025,3:45:29.028,27.732,46.832
18.4.2025,3:45:30.031,27.559,47.392
18.4.2025,3:45:31.030,27.582,47.823
18.4.2025,3:45:32.030,27.238,44.509
18.4.2025,3:45:33.032,27.727,51.733
18.4.2025,3:45:34.028,27.583,42.121
18.4.2025,3:45:35.029,27.850,52.954
18.4.2025,3:45:36.030,27.342,50.038
18.4.2025,3:45:37.027,27.688,31.494
18.4.2025,3:45:38.030,27.406,48.973
18.4.2025,3:45:39.031,27.770,34.551
18.4.2025,3:45:40.031,27.711,48.084
18.4.2025,3:45:41.033,27.747,34.682
18.4.2025,3:45:42.032,27.702,47.878
18.4.2025,3:45:43.034,29.990,35.532
18.4.2025,3:45:44.023,27.685,47.689
18.4.2025,3:45:45.022,28.014,42.373
18.4.2025,3:45:46.024,27.452,47.382
18.4.2025,3:45:47.026,27.592,45.442
18.4.2025,3:45:48.026,27.482,47.264
18.4.2025,3:45:49.026,27.745,45.907
18.4.2025,3:45:50.026,27.543,45.907
18.4.2025,3:45:51.028,27.460,47.469
18.4.2025,3:45:52.029,27.689,50.527
18.4.2025,3:45:53.030,27.555,44.561
18.4.2025,3:45:54.034,27.805,52.240
18.4.2025,3:45:55.032,27.384,39.496
18.4.2025,3:45:56.032,27.498,53.275
18.4.2025,3:45:57.033,27.614,33.720
18.4.2025,3:45:58.035,27.292,49.668
18.4.2025,3:45:59.022,27.915,47.287
18.4.2025,3:46:0.023,27.342,48.685
18.4.2025,3:46:1.022,27.927,45.125
18.4.2025,3:46:2.023,27.294,51.669
18.4.2025,3:46:3.024,28.210,40.832
18.4.2025,3:46:4.029,27.170,53.702
18.4.2025,3:46:5.029,28.220,38.359
18.4.2025,3:46:6.033,27.134,52.601
18.4.2025,3:46:7.032,28.017,35.277
18.4.2025,3:46:8.022,27.287,50.602
18.4.2025,3:46:9.037,28.238,31.227
18.4.2025,3:46:10.036,27.669,48.245
18.4.2025,3:46:11.036,27.937,47.445
18.4.2025,3:46:12.034,27.270,48.072
18.4.2025,3:46:13.034,27.843,47.254
18.4.2025,3:46:14.033,27.461,49.117
18.4.2025,3:46:15.033,27.803,43.286
18.4.2025,3:46:16.034,27.295,53.996
18.4.2025,3:46:17.036,28.036,39.662
18.4.2025,3:46:18.032,27.162,54.218
18.4.2025,3:46:19.036,28.883,38.216
18.4.2025,3:46:20.033,29.414,30.938
18.4.2025,3:46:21.033,29.231,40.406
18.4.2025,3:46:22.022,28.287,35.112
18.4.2025,3:46:23.023,27.581,47.412
18.4.2025,3:46:24.026,27.799,41.158
18.4.2025,3:46:25.027,27.474,47.710
18.4.2025,3:46:26.024,28.745,45.233
18.4.2025,3:46:27.026,28.419,47.494
18.4.2025,3:46:28.025,28.163,47.751
18.4.2025,3:46:29.026,27.544,46.323
18.4.2025,3:46:30.025,27.487,32.788
18.4.2025,3:46:31.027,27.620,49.694
18.4.2025,3:46:32.027,27.272,33.928
18.4.2025,3:46:33.031,28.104,47.960
18.4.2025,3:46:34.030,27.494,40.566
18.4.2025,3:46:35.032,28.275,47.688
18.4.2025,3:46:36.033,27.513,47.619
18.4.2025,3:46:37.033,27.976,45.571
18.4.2025,3:46:38.036,27.383,53.730
18.4.2025,3:46:39.035,28.118,40.167
18.4.2025,3:46:40.035,27.750,52.298
18.4.2025,3:46:41.022,27.666,33.492
18.4.2025,3:46:42.036,27.795,49.380
18.4.2025,3:46:43.035,27.719,33.944
18.4.2025,3:46:44.023,27.719,48.652
18.4.2025,3:46:45.025,27.840,43.929
18.4.2025,3:46:46.026,27.861,54.098
18.4.2025,3:46:47.026,27.414,42.634
18.4.2025,3:46:48.025,27.534,52.844
18.4.2025,3:46:49.026,27.750,35.901
18.4.2025,3:46:50.025,27.776,50.073
18.4.2025,3:46:51.028,27.677,31.717
18.4.2025,3:46:52.030,27.645,48.804
18.4.2025,3:46:53.031,27.942,35.808
18.4.2025,3:46:54.037,27.257,47.610
18.4.2025,3:46:55.036,28.117,39.140
18.4.2025,3:46:56.036,27.297,47.707
18.4.2025,3:46:57.022,28.219,50.158
18.4.2025,3:46:58.035,27.161,43.836
18.4.2025,3:46:59.024,28.455,54.772
18.4.2025,3:47:0.028,27.979,38.894
18.4.2025,3:47:1.026,28.010,50.373
18.4.2025,3:47:2.026,27.619,33.083
18.4.2025,3:47:3.026,28.285,47.843
18.4.2025,3:47:4.027,27.448,35.202
18.4.2025,3:47:5.025,27.306,47.459
18.4.2025,3:47:6.029,28.163,44.391
18.4.2025,3:47:7.028,27.747,52.913
18.4.2025,3:47:8.029,27.324,39.490
18.4.2025,3:47:9.028,27.875,53.195
18.4.2025,3:47:10.029,27.789,40.713
18.4.2025,3:47:11.027,28.002,54.192
18.4.2025,3:47:12.030,27.759,34.536
18.4.2025,3:47:13.029,27.801,49.486
18.4.2025,3:47:14.027,27.956,34.905
18.4.2025,3:47:15.032,27.836,47.843
18.4.2025,3:47:16.033,27.926,40.697
18.4.2025,3:47:17.036,27.428,47.613
18.4.2025,3:47:18.036,30.919,43.836
18.4.2025,3:47:19.035,27.284,47.868
18.4.2025,3:47:20.035,28.198,51.813
18.4.2025,3:47:21.032,27.218,41.046
18.4.2025,3:47:22.032,28.173,53.485
18.4.2025,3:47:23.032,27.307,35.045
18.4.2025,3:47:24.030,28.059,49.965
18.4.2025,3:47:25.031,27.618,34.179
18.4.2025,3:47:26.029,27.996,48.213
18.4.2025,3:47:27.031,27.397,34.323
18.4.2025,3:47:28.032,27.827,47.372
18.4.2025,3:47:29.037,27.793,42.397
18.4.2025,3:47:30.021,28.212,54.412
18.4.2025,3:47:31.034,27.876,48.629
18.4.2025,3:47:32.035,27.948,44.702
18.4.2025,3:47:33.023,27.606,33.053
18.4.2025,3:47:34.024,27.221,48.648
18.4.2025,3:47:35.023,27.771,33.988
18.4.2025,3:47:36.022,27.576,47.757
18.4.2025,3:47:37.023,27.816,39.296
18.4.2025,3:47:38.023,27.240,47.492
18.4.2025,3:47:39.022,27.996,41.592
18.4.2025,3:47:40.022,26.909,47.604
18.4.2025,3:47:41.023,28.012,47.119
18.4.2025,3:47:42.026,27.174,46.357
18.4.2025,3:47:43.026,27.999,51.993
18.4.2025,3:47:44.029,27.485,40.912
18.4.2025,3:47:45.032,28.036,33.104
18.4.2025,3:47:46.032,27.217,48.502
18.4.2025,3:47:47.032,27.933,33.807
18.4.2025,3:47:48.030,27.673,47.635
18.4.2025,3:47:49.030,27.864,39.812
18.4.2025,3:47:50.030,27.588,47.383
18.4.2025,3:47:51.031,27.970,46.024
18.4.2025,3:47:52.034,27.387,47.370
18.4.2025,3:47:53.031,28.118,51.677
18.4.2025,3:47:54.033,27.549,40.998
18.4.2025,3:47:55.033,27.772,53.218
18.4.2025,3:47:56.036,27.597,35.188
18.4.2025,3:47:57.023,27.781,49.069
18.4.2025,3:47:58.026,27.676,34.331
18.4.2025,3:47:59.025,27.817,47.786
18.4.2025,3:48:0.032,27.483,34.165
18.4.2025,3:48:1.027,27.662,47.307
18.4.2025,3:48:2.030,27.688,43.871
18.4.2025,3:48:3.028,27.434,47.675
18.4.2025,3:48:4.028,28.212,50.456
18.4.2025,3:48:5.028,27.389,41.910
18.4.2025,3:48:6.029,27.643,53.397
18.4.2025,3:48:7.031,27.440,38.054
18.4.2025,3:48:8.032,27.861,53.196
18.4.2025,3:48:9.033,27.725,35.083
18.4.2025,3:48:10.035,27.875,49.901
18.4.2025,3:48:11.022,27.582,47.955
18.4.2025,3:48:12.028,27.709,41.843
18.4.2025,3:48:13.023,27.329,47.587
18.4.2025,3:48:14.028,27.907,44.822
18.4.2025,3:48:15.028,27.412,46.042
18.4.2025,3:48:16.032,28.027,52.182
18.4.2025,3:48:17.034,27.439,40.698
18.4.2025,3:48:18.034,27.623,53.242
18.4.2025,3:48:19.031,27.720,36.915
18.4.2025,3:48:20.035,27.895,51.286
18.4.2025,3:48:21.023,27.654,33.375
18.4.2025,3:48:22.025,27.988,48.722
18.4.2025,3:48:23.025,27.547,33.459
18.4.2025,3:48:24.028,27.834,47.930
18.4.2025,3:48:25.025,27.910,38.103
18.4.2025,3:48:26.024,27.613,47.762
18.4.2025,3:48:27.024,27.869,44.580
18.4.2025,3:48:28.030,27.652,47.712
18.4.2025,3:48:29.029,27.593,49.991
18.4.2025,3:48:30.033,27.973,43.206
18.4.2025,3:48:31.034,28.347,49.367
18.4.2025,3:48:32.021,28.066,49.912
18.4.2025,3:48:33.023,27.596,32.763
18.4.2025,3:48:34.023,27.414,32.763
18.4.2025,3:48:35.023,27.484,47.865
18.4.2025,3:48:36.025,27.200,35.649
18.4.2025,3:48:37.030,27.889,47.535
18.4.2025,3:48:38.033,27.614,39.466
18.4.2025,3:48:39.032,27.687,47.643
18.4.2025,3:48:40.032,27.079,47.911
18.4.2025,3:48:41.033,27.955,45.777
18.4.2025,3:48:42.033,27.336,52.829
18.4.2025,3:48:43.035,27.993,39.455
18.4.2025,3:48:44.036,27.198,52.326
18.4.2025,3:48:45.035,27.578,33.842
18.4.2025,3:48:46.033,27.389,50.266
18.4.2025,3:48:47.036,27.903,33.138
18.4.2025,3:48:48.022,27.474,46.999
18.4.2025,3:48:49.022,27.544,46.476
18.4.2025,3:48:50.024,27.653,48.863
18.4.2025,3:48:51.026,28.087,43.971
18.4.2025,3:48:52.028,29.771,53.067
18.4.2025,3:48:53.031,27.546,40.474
18.4.2025,3:48:54.029,27.467,52.319
18.4.2025,3:48:55.032,27.592,34.312
18.4.2025,3:48:56.034,27.358,50.075
18.4.2025,3:48:57.037,27.783,31.303
18.4.2025,3:48:58.035,27.545,48.776
18.4.2025,3:48:59.033,27.463,34.187
18.4.2025,3:49:0.032,27.377,47.464
18.4.2025,3:49:1.033,27.465,41.546
18.4.2025,3:49:2.037,27.518,47.711
18.4.2025,3:49:3.035,27.717,45.971
18.4.2025,3:49:4.034,27.784,44.763
18.4.2025,3:49:5.034,27.301,55.158
18.4.2025,3:49:6.022,28.040,38.265
18.4.2025,3:49:7.023,27.041,50.224
18.4.2025,3:49:8.035,28.069,32.805
18.4.2025,3:49:9.036,27.175,49.043
18.4.2025,3:49:10.036,27.922,47.776
18.4.2025,3:49:11.037,27.382,47.742
18.4.2025,3:49:12.034,27.623,47.265
18.4.2025,3:49:13.021,27.838,50.688
18.4.2025,3:49:14.024,27.614,40.779
18.4.2025,3:49:15.024,27.243,53.694
18.4.2025,3:49:16.027,27.869,33.852
18.4.2025,3:49:17.030,27.682,48.765
18.4.2025,3:49:18.031,27.640,35.268
18.4.2025,3:49:19.029,27.288,47.900
18.4.2025,3:49:20.029,27.694,37.851
18.4.2025,3:49:21.027,29.316,34.472
18.4.2025,3:49:22.030,29.104,40.945
18.4.2025,3:49:23.032,28.577,41.551
18.4.2025,3:49:24.032,28.053,34.060
18.4.2025,3:49:25.032,27.370,47.684
18.4.2025,3:49:26.032,29.911,35.381
18.4.2025,3:49:27.033,27.104,47.613
18.4.2025,3:49:28.034,28.006,37.096
18.4.2025,3:49:29.036,27.330,47.471
18.4.2025,3:49:30.036,27.949,47.097
18.4.2025,3:49:31.035,26.993,46.174
18.4.2025,3:49:32.033,27.769,53.924
18.4.2025,3:49:33.026,27.769,39.277
18.4.2025,3:49:34.026,27.419,51.608
18.4.2025,3:49:35.026,27.508,32.464
18.4.2025,3:49:36.025,27.286,49.708
18.4.2025,3:49:37.023,27.775,35.059
18.4.2025,3:49:38.021,27.182,48.096
18.4.2025,3:49:39.036,27.239,37.542
18.4.2025,3:49:40.026,27.842,53.519
18.4.2025,3:49:41.026,27.528,37.879
18.4.2025,3:49:42.030,28.007,51.595
18.4.2025,3:49:43.031,27.181,33.326
18.4.2025,3:49:44.034,28.154,48.228
18.4.2025,3:49:45.024,27.475,35.306
18.4.2025,3:49:46.023,27.716,47.579
18.4.2025,3:49:47.024,27.554,41.806
18.4.2025,3:49:48.025,30.778,47.212
18.4.2025,3:49:49.028,29.584,41.466
18.4.2025,3:49:50.028,27.918,47.696
18.4.2025,3:49:51.031,27.387,38.346
18.4.2025,3:49:52.032,27.800,52.428
18.4.2025,3:49:53.034,27.278,32.924
18.4.2025,3:49:54.035,28.051,50.270
18.4.2025,3:49:55.022,27.037,33.230
18.4.2025,3:49:56.021,27.493,48.102
18.4.2025,3:49:57.024,27.955,35.751
18.4.2025,3:49:58.024,27.793,47.718
18.4.2025,3:49:59.023,27.378,40.010
18.4.2025,3:50:0.027,27.330,47.932
18.4.2025,3:50:1.027,27.566,46.587
18.4.2025,3:50:2.028,27.604,47.154
18.4.2025,3:50:3.028,27.640,51.977
18.4.2025,3:50:4.026,27.722,39.408
18.4.2025,3:50:5.030,27.498,52.741
18.4.2025,3:50:6.032,27.611,47.626
18.4.2025,3:50:7.029,27.464,39.250
18.4.2025,3:50:8.031,27.770,47.533
18.4.2025,3:50:9.031,27.890,48.879
18.4.2025,3:50:10.034,27.401,44.293
18.4.2025,3:50:11.033,27.968,54.416
18.4.2025,3:50:12.032,27.260,37.926
18.4.2025,3:50:13.035,27.872,50.756
18.4.2025,3:50:14.035,27.519,32.711
18.4.2025,3:50:15.035,27.983,47.796
18.4.2025,3:50:16.024,27.102,35.849
18.4.2025,3:50:17.023,27.811,47.686
18.4.2025,3:50:18.024,27.161,41.865
18.4.2025,3:50:19.027,27.908,47.642
18.4.2025,3:50:20.028,27.134,48.493
18.4.2025,3:50:21.028,27.660,44.459
18.4.2025,3:50:22.029,27.252,52.509
18.4.2025,3:50:23.031,27.488,42.241
18.4.2025,3:50:24.029,27.791,53.779
18.4.2025,3:50:25.026,27.747,39.351
18.4.2025,3:50:26.030,28.463,53.179
18.4.2025,3:50:27.031,29.533,37.240
18.4.2025,3:50:28.033,27.286,51.866
18.4.2025,3:50:29.035,27.923,47.609
18.4.2025,3:50:30.032,27.539,37.903
18.4.2025,3:50:31.033,27.981,47.460
18.4.2025,3:50:32.022,27.485,44.469
18.4.2025,3:50:33.024,27.614,47.412
18.4.2025,3:50:34.026,27.234,51.785
18.4.2025,3:50:35.024,27.703,40.732
18.4.2025,3:50:36.024,27.624,54.097
18.4.2025,3:50:37.026,27.123,34.798
18.4.2025,3:50:38.024,28.253,50.084
18.4.2025,3:50:39.025,27.072,32.315
18.4.2025,3:50:40.028,27.947,48.456
18.4.2025,3:50:41.031,27.166,35.140
18.4.2025,3:50:42.029,27.758,47.446
18.4.2025,3:50:43.028,27.292,37.646
18.4.2025,3:50:44.028,28.175,47.813
18.4.2025,3:50:45.031,27.659,47.279
18.4.2025,3:50:46.029,27.692,46.948
18.4.2025,3:50:47.029,27.480,34.522
18.4.2025,3:50:48.030,27.891,42.623
18.4.2025,3:50:49.032,27.429,53.144
18.4.2025,3:50:50.029,27.770,37.046
18.4.2025,3:50:51.032,27.209,51.123
18.4.2025,3:50:52.032,27.485,32.553
18.4.2025,3:50:53.033,27.323,46.510
18.4.2025,3:50:54.036,27.950,44.966
18.4.2025,3:50:55.035,27.186,53.820
18.4.2025,3:50:56.035,27.577,37.820
18.4.2025,3:50:57.037,27.866,51.710
18.4.2025,3:50:58.034,27.350,32.997
18.4.2025,3:50:59.023,28.127,49.913
18.4.2025,3:51:0.022,27.236,31.637
18.4.2025,3:51:1.034,28.547,48.167
18.4.2025,3:51:2.034,27.260,34.795
18.4.2025,3:51:3.036,27.878,47.754
18.4.2025,3:51:4.034,27.875,42.262
18.4.2025,3:51:5.025,27.977,42.262
18.4.2025,3:51:6.021,27.503,47.769
18.4.2025,3:51:7.035,27.864,52.050
18.4.2025,3:51:8.034,27.422,41.461
18.4.2025,3:51:9.033,27.779,54.212
18.4.2025,3:51:10.035,27.687,36.886
18.4.2025,3:51:11.021,27.938,52.388
18.4.2025,3:51:12.025,27.410,33.221
18.4.2025,3:51:13.028,27.567,48.957
18.4.2025,3:51:14.026,27.642,34.752
18.4.2025,3:51:15.026,27.432,47.624
18.4.2025,3:51:16.026,27.748,39.381
18.4.2025,3:51:17.030,27.498,47.462
18.4.2025,3:51:18.032,27.998,45.946
18.4.2025,3:51:19.032,27.096,45.876
18.4.2025,3:51:20.033,27.937,51.284
18.4.2025,3:51:21.031,27.189,41.840
18.4.2025,3:51:22.033,28.161,52.793
18.4.2025,3:51:23.034,27.368,34.551
18.4.2025,3:51:24.033,28.353,49.572
18.4.2025,3:51:25.021,27.233,33.128
18.4.2025,3:51:26.024,27.985,47.701
18.4.2025,3:51:27.027,27.562,35.418
18.4.2025,3:51:28.031,28.089,47.358
18.4.2025,3:51:29.032,27.175,38.683
18.4.2025,3:51:30.030,28.340,55.323
18.4.2025,3:51:31.034,27.281,49.893
18.4.2025,3:51:32.032,27.915,50.673
18.4.2025,3:51:33.032,27.374,30.565
18.4.2025,3:51:34.033,27.937,49.172
18.4.2025,3:51:35.033,27.700,33.617
18.4.2025,3:51:36.031,27.956,47.483
18.4.2025,3:51:37.031,27.379,38.119
18.4.2025,3:51:38.031,27.892,47.500
18.4.2025,3:51:39.034,27.293,44.501
18.4.2025,3:51:40.034,27.708,47.534
18.4.2025,3:51:41.033,27.389,49.437
18.4.2025,3:51:42.031,27.724,42.062
18.4.2025,3:51:43.033,27.771,53.453
18.4.2025,3:51:44.030,27.396,36.879
18.4.2025,3:51:45.032,28.977,51.085
18.4.2025,3:51:46.034,27.281,31.475
18.4.2025,3:51:47.037,27.993,48.382
18.4.2025,3:51:48.035,27.167,33.770
18.4.2025,3:51:49.035,27.612,47.870
18.4.2025,3:51:50.021,27.276,37.667
18.4.2025,3:51:51.026,28.282,53.632
18.4.2025,3:51:52.026,27.107,38.598
18.4.2025,3:51:53.029,27.844,51.656
18.4.2025,3:51:54.033,27.532,33.513
18.4.2025,3:51:55.032,27.904,49.746
18.4.2025,3:51:56.035,27.313,32.717
18.4.2025,3:51:57.035,27.712,48.580
18.4.2025,3:51:58.036,27.446,35.309
18.4.2025,3:51:59.033,27.729,47.702
18.4.2025,3:52:0.033,29.250,41.783
18.4.2025,3:52:1.032,28.479,47.875
18.4.2025,3:52:2.032,27.367,37.654
18.4.2025,3:52:3.032,27.748,47.249
18.4.2025,3:52:4.035,27.745,46.460
18.4.2025,3:52:5.036,28.056,46.728
18.4.2025,3:52:6.036,27.506,51.096
18.4.2025,3:52:7.034,27.855,43.003
18.4.2025,3:52:8.032,27.576,54.353
18.4.2025,3:52:9.032,27.899,38.119
18.4.2025,3:52:10.030,27.639,52.077
18.4.2025,3:52:11.034,27.538,33.582
18.4.2025,3:52:12.036,28.078,46.586
18.4.2025,3:52:13.034,27.191,45.525
18.4.2025,3:52:14.023,27.762,55.131
18.4.2025,3:52:15.027,27.651,39.064
18.4.2025,3:52:16.027,27.898,52.435
18.4.2025,3:52:17.027,27.047,36.268
18.4.2025,3:52:18.033,28.212,52.666
18.4.2025,3:52:19.030,27.203,32.354
18.4.2025,3:52:20.035,28.062,50.180
18.4.2025,3:52:21.021,27.155,34.180
18.4.2025,3:52:22.037,28.650,41.194
18.4.2025,3:52:23.022,29.397,36.853
18.4.2025,3:52:24.026,29.189,41.081
18.4.2025,3:52:25.032,29.189,37.979
18.4.2025,3:52:26.032,27.492,34.660
18.4.2025,3:52:27.033,27.492,47.758
18.4.2025,3:52:28.036,27.637,38.615
18.4.2025,3:52:29.037,27.672,47.468
18.4.2025,3:52:30.035,27.721,43.943
18.4.2025,3:52:31.035,27.525,47.522
18.4.2025,3:52:32.035,27.690,45.678
18.4.2025,3:52:33.035,27.569,46.363
18.4.2025,3:52:34.034,27.426,54.376
18.4.2025,3:52:35.035,27.866,40.019
18.4.2025,3:52:36.037,27.699,53.358
18.4.2025,3:52:37.035,27.559,34.551
18.4.2025,3:52:38.037,27.494,49.587
18.4.2025,3:52:39.021,27.644,35.062
18.4.2025,3:52:40.034,27.427,47.656
18.4.2025,3:52:41.035,28.005,37.534
18.4.2025,3:52:42.022,27.164,47.342
18.4.2025,3:52:43.035,27.801,44.500
18.4.2025,3:52:44.022,27.160,47.662
18.4.2025,3:52:45.022,27.898,48.145
18.4.2025,3:52:46.022,27.396,45.609
18.4.2025,3:52:47.022,28.187,55.202
18.4.2025,3:52:48.026,27.605,39.283
18.4.2025,3:52:49.024,27.924,53.339
18.4.2025,3:52:50.023,27.230,33.263
18.4.2025,3:52:51.022,28.009,48.637
18.4.2025,3:52:52.022,27.616,33.955
18.4.2025,3:52:53.021,27.592,47.622
18.4.2025,3:52:54.025,27.632,44.267
18.4.2025,3:52:55.027,27.636,53.954
18.4.2025,3:52:56.028,27.492,37.353
18.4.2025,3:52:57.029,27.367,51.158
18.4.2025,3:52:58.031,27.407,32.812
18.4.2025,3:52:59.033,27.121,48.297
18.4.2025,3:53:0.032,27.905,33.681
18.4.2025,3:53:1.035,27.162,48.124
18.4.2025,3:53:2.036,27.901,35.922
18.4.2025,3:53:3.038,27.320,47.559
18.4.2025,3:53:4.022,28.076,43.024
18.4.2025,3:53:5.025,27.494,47.307
18.4.2025,3:53:6.028,27.613,48.666
18.4.2025,3:53:7.029,27.504,45.334
18.4.2025,3:53:8.033,27.588,53.218
18.4.2025,3:53:9.033,27.133,38.658
18.4.2025,3:53:10.021,27.819,33.242
18.4.2025,3:53:11.023,27.522,48.472
18.4.2025,3:53:12.024,27.814,36.154
18.4.2025,3:53:13.025,27.348,47.835
18.4.2025,3:53:14.026,27.944,42.366
18.4.2025,3:53:15.031,27.325,47.679
18.4.2025,3:53:16.029,27.546,50.288
18.4.2025,3:53:17.029,27.698,44.503
18.4.2025,3:53:18.032,27.760,53.708
18.4.2025,3:53:19.033,27.268,40.454
18.4.2025,3:53:20.033,27.279,53.095
18.4.2025,3:53:21.031,27.637,37.127
18.4.2025,3:53:22.030,27.370,52.757
18.4.2025,3:53:23.031,27.649,35.597
18.4.2025,3:53:24.032,27.894,52.077
18.4.2025,3:53:25.031,31.456,37.992
18.4.2025,3:53:26.030,29.604,54.237
18.4.2025,3:53:27.031,28.207,37.993
18.4.2025,3:53:28.030,29.019,52.837
18.4.2025,3:53:29.033,27.457,35.165
18.4.2025,3:53:30.032,27.645,50.082
18.4.2025,3:53:31.030,27.753,32.907
18.4.2025,3:53:32.033,27.526,47.604
18.4.2025,3:53:33.034,27.259,47.604
18.4.2025,3:53:34.030,27.356,36.630
18.4.2025,3:53:35.031,30.390,47.657
18.4.2025,3:53:36.032,27.113,38.981
18.4.2025,3:53:37.035,27.800,47.673
18.4.2025,3:53:38.037,27.059,38.546
18.4.2025,3:53:39.038,28.019,51.397
18.4.2025,3:53:40.038,27.261,32.327
18.4.2025,3:53:41.039,27.865,48.872
18.4.2025,3:53:42.039,27.165,35.410
18.4.2025,3:53:43.039,27.959,47.897
18.4.2025,3:53:44.039,27.125,37.023
18.4.2025,3:53:45.040,27.964,47.466
18.4.2025,3:53:46.043,27.346,45.312
18.4.2025,3:53:47.044,27.655,47.528
18.4.2025,3:53:48.044,27.243,50.290
18.4.2025,3:53:49.044,28.013,45.160
18.4.2025,3:53:50.046,27.352,51.319
18.4.2025,3:53:51.048,27.792,42.218
18.4.2025,3:53:52.051,26.899,31.664
18.4.2025,3:53:53.052,27.731,48.292
18.4.2025,3:53:54.050,27.270,34.517
18.4.2025,3:53:55.051,27.887,47.585
18.4.2025,3:53:56.052,27.686,42.881
18.4.2025,3:53:57.039,27.674,47.442
18.4.2025,3:53:58.039,27.532,44.673
18.4.2025,3:53:59.038,27.587,46.829
18.4.2025,3:54:0.052,27.586,54.254
18.4.2025,3:54:1.051,27.336,39.367
18.4.2025,3:54:2.039,27.813,51.095
18.4.2025,3:54:3.051,27.200,30.883
18.4.2025,3:54:4.050,27.726,48.819
18.4.2025,3:54:5.050,27.365,32.914
18.4.2025,3:54:6.051,28.218,48.083
18.4.2025,3:54:7.051,27.385,35.140
18.4.2025,3:54:8.051,28.451,47.872
18.4.2025,3:54:9.050,27.511,43.919
18.4.2025,3:54:10.049,27.601,53.358
18.4.2025,3:54:11.052,27.388,38.116
18.4.2025,3:54:12.038,28.093,51.603
18.4.2025,3:54:13.053,27.506,33.162
18.4.2025,3:54:14.037,27.881,49.503
18.4.2025,3:54:15.054,27.250,34.986
18.4.2025,3:54:16.050,27.727,47.633
18.4.2025,3:54:17.038,27.548,35.454
18.4.2025,3:54:18.039,27.894,47.876
18.4.2025,3:54:19.040,27.596,42.122
18.4.2025,3:54:20.037,27.634,47.617
18.4.2025,3:54:21.042,27.374,48.076
18.4.2025,3:54:22.042,27.749,45.974
18.4.2025,3:54:23.040,27.771,54.428
18.4.2025,3:54:24.040,27.609,39.428
18.4.2025,3:54:25.041,27.682,52.534
18.4.2025,3:54:26.043,28.136,35.293
18.4.2025,3:54:27.043,27.686,52.671
18.4.2025,3:54:28.044,27.460,34.517
18.4.2025,3:54:29.046,27.922,38.949
18.4.2025,3:54:30.045,27.319,34.988
18.4.2025,3:54:31.046,28.167,47.088
18.4.2025,3:54:32.048,26.978,46.684
18.4.2025,3:54:33.050,27.948,52.033
18.4.2025,3:54:34.039,27.327,40.684
18.4.2025,3:54:35.038,27.993,52.642
18.4.2025,3:54:36.038,27.501,33.616
18.4.2025,3:54:37.040,28.053,49.166
18.4.2025,3:54:38.039,27.239,34.454
18.4.2025,3:54:39.040,27.476,47.679
18.4.2025,3:54:40.038,27.719,38.420
18.4.2025,3:54:41.038,28.336,47.334
18.4.2025,3:54:42.039,27.654,43.612
18.4.2025,3:54:43.044,27.923,47.507
18.4.2025,3:54:44.046,27.529,51.158
18.4.2025,3:54:45.047,27.625,40.286
18.4.2025,3:54:46.050,27.636,53.270
18.4.2025,3:54:47.052,27.672,47.873
18.4.2025,3:54:48.048,27.663,35.055
18.4.2025,3:54:49.050,27.257,31.412
18.4.2025,3:54:50.051,27.723,45.281
18.4.2025,3:54:51.051,27.179,47.268
18.4.2025,3:54:52.050,27.948,46.836
18.4.2025,3:54:53.050,27.589,43.530
18.4.2025,3:54:54.050,28.455,53.973
18.4.2025,3:54:55.050,27.638,37.436
18.4.2025,3:54:56.048,27.638,50.534
18.4.2025,3:54:57.048,28.157,32.230
18.4.2025,3:54:58.050,27.338,47.938
18.4.2025,3:54:59.038,27.935,36.751
18.4.2025,3:55:0.040,27.826,47.383
18.4.2025,3:55:1.043,28.016,44.597
18.4.2025,3:55:2.046,27.869,47.118
18.4.2025,3:55:3.047,27.629,52.410
18.4.2025,3:55:4.048,27.598,39.841
18.4.2025,3:55:5.046,27.794,53.841
18.4.2025,3:55:6.047,27.627,33.897
18.4.2025,3:55:7.049,27.586,36.520
18.4.2025,3:55:8.048,27.749,47.187
18.4.2025,3:55:9.046,27.065,41.899
18.4.2025,3:55:10.047,30.543,47.360
18.4.2025,3:55:11.049,27.295,44.167
18.4.2025,3:55:12.039,28.249,47.619
18.4.2025,3:55:13.040,27.415,52.621
18.4.2025,3:55:14.041,27.979,39.756
18.4.2025,3:55:15.042,27.301,54.042
18.4.2025,3:55:16.040,28.019,34.562
18.4.2025,3:55:17.043,27.249,50.012
18.4.2025,3:55:18.042,27.999,34.787
18.4.2025,3:55:19.042,27.452,47.530
18.4.2025,3:55:20.043,27.713,41.037
18.4.2025,3:55:21.043,27.562,47.807
18.4.2025,3:55:22.040,28.042,49.224
18.4.2025,3:55:23.040,27.523,43.046
18.4.2025,3:55:24.045,27.968,41.286
18.4.2025,3:55:25.045,29.430,41.410
18.4.2025,3:55:26.048,29.185,37.167
18.4.2025,3:55:27.045,29.108,51.909
18.4.2025,3:55:28.048,27.937,32.884
18.4.2025,3:55:29.051,27.638,48.623
18.4.2025,3:55:30.049,28.148,35.087
18.4.2025,3:55:31.050,27.531,47.569
18.4.2025,3:55:32.047,27.801,42.928
18.4.2025,3:55:33.048,27.663,47.569
18.4.2025,3:55:34.050,27.097,50.120
18.4.2025,3:55:35.050,27.896,43.252
18.4.2025,3:55:36.051,27.144,54.763
18.4.2025,3:55:37.050,28.407,37.403
18.4.2025,3:55:38.050,27.279,52.676
18.4.2025,3:55:39.050,27.753,34.417
18.4.2025,3:55:40.049,27.174,49.362
18.4.2025,3:55:41.036,28.193,34.622
18.4.2025,3:55:42.040,27.431,47.960
18.4.2025,3:55:43.042,27.840,37.169
18.4.2025,3:55:44.042,27.233,47.623
18.4.2025,3:55:45.047,27.938,46.520
18.4.2025,3:55:46.047,27.329,52.770
18.4.2025,3:55:47.046,27.703,36.633
18.4.2025,3:55:48.048,27.378,50.607
18.4.2025,3:55:49.045,28.008,32.118
18.4.2025,3:55:50.048,27.516,47.862
18.4.2025,3:55:51.047,27.736,34.188
18.4.2025,3:55:52.049,27.422,47.595
18.4.2025,3:55:53.049,27.802,38.648
18.4.2025,3:55:54.047,27.440,47.347
18.4.2025,3:55:55.045,27.768,45.127
18.4.2025,3:55:56.045,27.280,45.874
18.4.2025,3:55:57.043,27.405,50.912
18.4.2025,3:55:58.041,27.912,41.805
18.4.2025,3:55:59.042,27.088,53.233
18.4.2025,3:56:0.041,27.963,38.292
18.4.2025,3:56:1.044,27.375,51.908
18.4.2025,3:56:2.046,28.099,32.483
18.4.2025,3:56:3.048,27.310,49.345
18.4.2025,3:56:4.044,28.107,35.043
18.4.2025,3:56:5.045,27.106,47.818
18.4.2025,3:56:6.045,27.818,37.412
18.4.2025,3:56:7.043,27.378,47.420
18.4.2025,3:56:8.045,27.707,44.320
18.4.2025,3:56:9.048,27.667,53.936
18.4.2025,3:56:10.049,27.621,37.667
18.4.2025,3:56:11.037,27.545,53.752
18.4.2025,3:56:12.040,28.092,35.530
18.4.2025,3:56:13.041,27.227,50.683
18.4.2025,3:56:14.042,27.969,32.405
18.4.2025,3:56:15.043,27.466,47.848
18.4.2025,3:56:16.042,28.004,36.812
18.4.2025,3:56:17.041,27.594,47.370
18.4.2025,3:56:18.041,27.502,43.844
18.4.2025,3:56:19.044,27.465,47.428
18.4.2025,3:56:20.043,27.664,48.983
18.4.2025,3:56:21.045,27.221,50.348
18.4.2025,3:56:22.046,27.593,50.348
18.4.2025,3:56:23.047,27.364,54.273
18.4.2025,3:56:24.051,27.644,48.345
18.4.2025,3:56:25.050,27.453,34.857
18.4.2025,3:56:26.038,27.749,47.776
18.4.2025,3:56:27.040,27.548,41.017
18.4.2025,3:56:28.043,27.358,47.732
18.4.2025,3:56:29.040,27.875,45.503
18.4.2025,3:56:30.044,27.358,47.285
18.4.2025,3:56:31.048,27.640,48.192
18.4.2025,3:56:32.049,27.610,45.485
18.4.2025,3:56:33.047,27.573,53.710
18.4.2025,3:56:34.047,27.355,37.735
18.4.2025,3:56:35.049,27.967,52.322
18.4.2025,3:56:36.038,27.299,32.638
18.4.2025,3:56:37.038,27.939,48.845
18.4.2025,3:56:38.039,27.575,32.893
18.4.2025,3:56:39.041,27.820,48.346
18.4.2025,3:56:40.041,27.247,33.291
18.4.2025,3:56:41.044,28.158,48.007
18.4.2025,3:56:42.048,27.699,45.881
18.4.2025,3:56:43.052,28.573,52.056
18.4.2025,3:56:44.039,29.285,40.605
18.4.2025,3:56:45.037,27.826,52.301
18.4.2025,3:56:46.050,27.222,33.965
18.4.2025,3:56:47.037,27.725,50.308
18.4.2025,3:56:48.039,27.528,32.006
18.4.2025,3:56:49.038,27.919,48.770
18.4.2025,3:56:50.042,27.360,34.977
18.4.2025,3:56:51.043,27.992,47.725
18.4.2025,3:56:52.048,27.589,38.033
18.4.2025,3:56:53.051,27.789,47.530
18.4.2025,3:56:54.051,27.468,46.112
18.4.2025,3:56:55.050,27.679,47.478
18.4.2025,3:56:56.052,27.685,51.163
18.4.2025,3:56:57.053,27.540,40.369
18.4.2025,3:56:58.053,27.532,52.734
18.4.2025,3:56:59.053,27.442,47.941
18.4.2025,3:57:0.055,27.487,35.344
18.4.2025,3:57:1.057,27.902,30.707
18.4.2025,3:57:2.056,27.997,41.177
18.4.2025,3:57:3.056,27.203,47.462
18.4.2025,3:57:4.058,28.037,50.611
18.4.2025,3:57:5.056,27.211,43.460
18.4.2025,3:57:6.061,27.807,54.653
18.4.2025,3:57:7.061,27.168,37.271
18.4.2025,3:57:8.062,27.975,51.888
18.4.2025,3:57:9.061,27.583,32.332
18.4.2025,3:57:10.066,28.048,48.919
18.4.2025,3:57:11.065,27.497,34.797
18.4.2025,3:57:12.067,27.739,47.723
18.4.2025,3:57:13.067,27.431,43.473
18.4.2025,3:57:14.067,27.545,53.002
18.4.2025,3:57:15.066,27.795,49.959
18.4.2025,3:57:16.067,27.994,41.735
18.4.2025,3:57:17.066,27.695,30.925
18.4.2025,3:57:18.067,27.586,47.786
18.4.2025,3:57:19.066,27.636,36.616
18.4.2025,3:57:20.064,27.156,47.794
18.4.2025,3:57:21.066,27.713,43.384
18.4.2025,3:57:22.054,27.127,47.651
18.4.2025,3:57:23.053,28.527,49.407
18.4.2025,3:57:24.066,27.185,47.753
18.4.2025,3:57:25.066,27.818,50.062
18.4.2025,3:57:26.054,27.256,42.777
18.4.2025,3:57:27.057,27.932,53.904
18.4.2025,3:57:28.060,27.547,35.338
18.4.2025,3:57:29.061,28.027,50.089
18.4.2025,3:57:30.062,27.218,31.426
18.4.2025,3:57:31.062,28.173,48.749
18.4.2025,3:57:32.063,27.569,34.500
18.4.2025,3:57:33.064,27.716,47.785
18.4.2025,3:57:34.067,27.351,44.341
18.4.2025,3:57:35.055,28.024,53.523
18.4.2025,3:57:36.057,28.024,40.725
18.4.2025,3:57:37.061,27.867,52.506
18.4.2025,3:57:38.059,27.867,34.966
18.4.2025,3:57:39.063,27.721,49.813
18.4.2025,3:57:40.062,27.721,33.628
18.4.2025,3:57:41.066,27.585,48.309
18.4.2025,3:57:42.068,27.585,35.433
18.4.2025,3:57:43.053,27.582,47.625
18.4.2025,3:57:44.056,27.582,42.204
18.4.2025,3:57:45.059,27.637,47.674
18.4.2025,3:57:46.059,27.637,48.238
18.4.2025,3:57:47.060,27.664,44.152
18.4.2025,3:57:48.061,27.664,33.301
18.4.2025,3:57:49.066,27.635,49.941
18.4.2025,3:57:50.067,27.635,30.727
18.4.2025,3:57:51.066,27.628,48.598
18.4.2025,3:57:52.067,27.973,34.709
18.4.2025,3:57:53.067,28.042,47.954
18.4.2025,3:57:54.053,26.961,40.336
18.4.2025,3:57:55.056,27.977,47.805
18.4.2025,3:57:56.060,27.376,49.325
18.4.2025,3:57:57.061,28.056,42.507
18.4.2025,3:57:58.062,27.602,54.759
18.4.2025,3:57:59.063,27.745,38.302
18.4.2025,3:58:0.063,27.498,52.064
18.4.2025,3:58:1.066,27.806,33.409
18.4.2025,3:58:2.067,27.435,47.741
18.4.2025,3:58:3.067,27.794,33.543
18.4.2025,3:58:4.056,27.359,50.420
18.4.2025,3:58:5.054,28.033,42.405
18.4.2025,3:58:6.054,27.287,54.957
18.4.2025,3:58:7.053,27.722,36.871
18.4.2025,3:58:8.055,27.507,52.275
18.4.2025,3:58:9.057,27.836,33.344
18.4.2025,3:58:10.058,27.763,49.867
18.4.2025,3:58:11.056,27.820,31.523
18.4.2025,3:58:12.061,27.718,47.840
18.4.2025,3:58:13.057,27.602,34.713
18.4.2025,3:58:14.059,27.511,47.651
18.4.2025,3:58:15.062,27.658,41.787
18.4.2025,3:58:16.060,27.615,47.320
18.4.2025,3:58:17.064,27.367,48.219
18.4.2025,3:58:18.064,28.948,48.135
18.4.2025,3:58:19.065,29.154,49.546
18.4.2025,3:58:20.056,27.565,50.581
18.4.2025,3:58:21.058,27.552,32.993
18.4.2025,3:58:22.057,27.720,48.130
18.4.2025,3:58:23.058,27.440,33.887
18.4.2025,3:58:24.055,28.018,47.815
18.4.2025,3:58:25.055,27.209,38.366
18.4.2025,3:58:26.054,29.053,33.127
18.4.2025,3:58:27.056,29.255,41.292
18.4.2025,3:58:28.056,29.045,48.398
18.4.2025,3:58:29.059,28.230,32.390
18.4.2025,3:58:30.059,27.362,48.418
18.4.2025,3:58:31.063,27.871,33.939
18.4.2025,3:58:32.064,27.743,47.632
18.4.2025,3:58:33.068,27.927,43.041
18.4.2025,3:58:34.066,27.682,53.723
18.4.2025,3:58:35.053,27.500,37.600
18.4.2025,3:58:36.056,27.744,50.889
18.4.2025,3:58:37.056,27.584,31.748
18.4.2025,3:58:38.055,27.677,48.356
18.4.2025,3:58:39.055,27.641,32.810
18.4.2025,3:58:40.055,27.537,47.953
18.4.2025,3:58:41.053,27.573,33.194
18.4.2025,3:58:42.067,28.002,47.668
18.4.2025,3:58:43.066,27.302,42.336
18.4.2025,3:58:44.053,27.859,47.487
18.4.2025,3:58:45.066,27.208,50.969
18.4.2025,3:58:46.067,27.922,42.133
18.4.2025,3:58:47.068,27.652,52.826
18.4.2025,3:58:48.066,27.773,34.580
18.4.2025,3:58:49.067,27.485,50.074
18.4.2025,3:58:50.067,27.736,33.946
18.4.2025,3:58:51.054,27.624,48.080
18.4.2025,3:58:52.054,27.390,34.820
18.4.2025,3:58:53.056,27.909,47.356
18.4.2025,3:58:54.059,27.432,47.278
18.4.2025,3:58:55.061,27.825,46.079
18.4.2025,3:58:56.064,27.497,52.428
18.4.2025,3:58:57.055,27.871,40.770
18.4.2025,3:58:58.057,27.140,52.554
18.4.2025,3:58:59.057,28.191,48.691
18.4.2025,3:59:0.060,26.951,35.723
18.4.2025,3:59:1.058,28.124,47.774
18.4.2025,3:59:2.060,27.434,39.730
18.4.2025,3:59:3.059,27.979,47.239
18.4.2025,3:59:4.062,27.555,45.972
18.4.2025,3:59:5.064,27.887,47.698
18.4.2025,3:59:6.063,27.163,51.338
18.4.2025,3:59:7.064,27.846,40.266
18.4.2025,3:59:8.053,27.339,52.145
18.4.2025,3:59:9.054,28.026,35.397
18.4.2025,3:59:10.053,27.166,50.352
18.4.2025,3:59:11.055,28.092,31.365
18.4.2025,3:59:12.058,27.463,39.939
18.4.2025,3:59:13.057,28.137,47.133
18.4.2025,3:59:14.056,27.427,51.180
18.4.2025,3:59:15.056,27.847,41.217
18.4.2025,3:59:16.057,27.255,55.299
18.4.2025,3:59:17.055,28.009,37.005
18.4.2025,3:59:18.056,27.289,50.405
18.4.2025,3:59:19.056,27.617,33.823
18.4.2025,3:59:20.054,27.656,47.805
18.4.2025,3:59:21.056,27.375,38.080
18.4.2025,3:59:22.056,27.963,47.179
18.4.2025,3:59:23.055,27.383,47.179
18.4.2025,3:59:24.057,27.981,46.106
18.4.2025,3:59:25.058,27.318,43.856
18.4.2025,3:59:26.060,28.077,54.648
18.4.2025,3:59:27.061,27.236,40.607
18.4.2025,3:59:28.064,27.719,53.354
18.4.2025,3:59:29.068,27.368,34.479
18.4.2025,3:59:30.067,27.810,49.664
18.4.2025,3:59:31.068,27.176,33.544
18.4.2025,3:59:32.055,27.599,47.846
18.4.2025,3:59:33.055,27.336,45.426
18.4.2025,3:59:34.058,27.752,54.343
18.4.2025,3:59:35.053,27.632,37.117
18.4.2025,3:59:36.056,27.772,50.793
18.4.2025,3:59:37.056,27.249,32.387
18.4.2025,3:59:38.055,27.552,48.983
18.4.2025,3:59:39.057,27.527,34.935
18.4.2025,3:59:40.059,27.159,47.666
18.4.2025,3:59:41.055,27.921,43.483
18.4.2025,3:59:42.059,27.250,47.556
18.4.2025,3:59:43.062,28.031,49.430
18.4.2025,3:59:44.064,27.071,42.044
18.4.2025,3:59:45.064,27.845,53.601
18.4.2025,3:59:46.065,27.478,36.474
18.4.2025,3:59:47.066,28.268,35.007
18.4.2025,3:59:48.067,27.295,31.636
18.4.2025,3:59:49.058,27.672,42.094
18.4.2025,3:59:50.056,27.421,47.605
18.4.2025,3:59:51.058,27.769,50.383
18.4.2025,3:59:52.062,29.467,42.330
18.4.2025,3:59:53.062,28.289,52.668
18.4.2025,3:59:54.064,27.515,41.286
18.4.2025,3:59:55.065,27.950,51.807
18.4.2025,3:59:56.067,27.449,33.896
18.4.2025,3:59:57.067,27.806,50.024
18.4.2025,3:59:58.066,27.249,33.883
18.4.2025,3:59:59.067,27.509,47.518
18.4.2025,4:0:0.066,27.452,35.523
18.4.2025,4:0:1.067,27.869,47.545
18.4.2025,4:0:2.054,27.480,43.940
18.4.2025,4:0:3.067,27.689,47.393
18.4.2025,4:0:4.066,27.532,52.450
18.4.2025,4:0:5.066,27.278,41.378
18.4.2025,4:0:6.052,28.053,54.206
18.4.2025,4:0:7.053,27.292,47.654
18.4.2025,4:0:8.057,28.053,39.587
18.4.2025,4:0:9.060,27.112,47.187
18.4.2025,4:0:10.060,27.879,43.726
18.4.2025,4:0:11.062,27.296,47.207
18.4.2025,4:0:12.064,27.973,50.767
18.4.2025,4:0:13.063,27.545,44.496
18.4.2025,4:0:14.062,27.875,55.024
18.4.2025,4:0:15.060,27.372,38.330
18.4.2025,4:0:16.066,27.545,52.926
18.4.2025,4:0:17.067,27.311,33.169
18.4.2025,4:0:18.055,27.671,48.685
18.4.2025,4:0:19.055,27.313,34.118
18.4.2025,4:0:20.059,27.737,47.847
18.4.2025,4:0:21.060,27.476,39.276
18.4.2025,4:0:22.064,27.424,47.690
18.4.2025,4:0:23.060,27.539,46.414
18.4.2025,4:0:24.064,27.570,44.567
18.4.2025,4:0:25.064,27.382,55.037
18.4.2025,4:0:26.053,27.496,49.774
18.4.2025,4:0:27.067,27.531,34.686
18.4.2025,4:0:28.066,27.293,47.715
18.4.2025,4:0:29.067,27.792,39.026
18.4.2025,4:0:30.066,27.251,47.580
18.4.2025,4:0:31.065,28.096,45.349
18.4.2025,4:0:32.066,27.162,46.230
18.4.2025,4:0:33.068,27.886,53.288
18.4.2025,4:0:34.068,27.470,39.044
18.4.2025,4:0:35.054,27.830,50.979
18.4.2025,4:0:36.053,27.414,32.271
18.4.2025,4:0:37.055,27.596,47.749
18.4.2025,4:0:38.056,27.596,37.309
18.4.2025,4:0:39.056,27.669,47.659
18.4.2025,4:0:40.057,27.669,41.805
18.4.2025,4:0:41.058,27.420,47.935
18.4.2025,4:0:42.059,27.420,49.385
18.4.2025,4:0:43.061,27.649,45.172
18.4.2025,4:0:44.061,27.649,53.400
18.4.2025,4:0:45.058,27.443,38.262
18.4.2025,4:0:46.058,27.507,34.306
18.4.2025,4:0:47.056,27.983,47.337
18.4.2025,4:0:48.058,27.563,38.859
18.4.2025,4:0:49.060,27.865,47.890
18.4.2025,4:0:50.060,27.425,47.601
18.4.2025,4:0:51.059,27.806,47.017
18.4.2025,4:0:52.059,27.709,49.423
18.4.2025,4:0:53.061,27.852,42.696
18.4.2025,4:0:54.063,27.481,54.098
18.4.2025,4:0:55.063,27.616,35.624
18.4.2025,4:0:56.064,27.407,51.035
18.4.2025,4:0:57.063,27.516,33.769
18.4.2025,4:0:58.063,27.539,48.813
18.4.2025,4:0:59.063,27.766,36.633
18.4.2025,4:1:0.065,27.747,47.850
18.4.2025,4:1:1.063,27.248,40.287
18.4.2025,4:1:2.062,27.598,52.848
18.4.2025,4:1:3.064,27.415,38.295
18.4.2025,4:1:4.063,28.230,51.964
18.4.2025,4:1:5.066,27.415,31.775
18.4.2025,4:1:6.067,27.930,48.861
18.4.2025,4:1:7.054,27.258,34.618
18.4.2025,4:1:8.057,27.889,47.625
18.4.2025,4:1:9.061,27.349,40.775
18.4.2025,4:1:10.060,27.688,47.570
18.4.2025,4:1:11.060,27.391,45.971
18.4.2025,4:1:12.059,27.929,47.253
18.4.2025,4:1:13.062,27.785,52.352
18.4.2025,4:1:14.062,27.767,41.441
18.4.2025,4:1:15.062,27.412,53.987
18.4.2025,4:1:16.064,27.798,37.444
18.4.2025,4:1:17.067,27.315,52.265
18.4.2025,4:1:18.055,27.693,32.056
18.4.2025,4:1:19.055,27.795,48.680
18.4.2025,4:1:20.057,27.759,47.206
18.4.2025,4:1:21.057,27.495,51.459
18.4.2025,4:1:22.060,27.890,42.475
18.4.2025,4:1:23.061,27.503,52.639
18.4.2025,4:1:24.060,27.730,36.590
18.4.2025,4:1:25.062,27.464,50.184
18.4.2025,4:1:26.058,26.916,33.333
18.4.2025,4:1:27.064,31.104,33.844
18.4.2025,4:1:28.067,29.388,41.412
18.4.2025,4:1:29.055,29.177,41.127
18.4.2025,4:1:30.053,28.773,35.740
18.4.2025,4:1:31.053,27.393,50.536
18.4.2025,4:1:32.054,27.448,31.736
18.4.2025,4:1:33.053,27.622,48.358
18.4.2025,4:1:34.056,27.514,35.453
18.4.2025,4:1:35.057,27.738,47.590
18.4.2025,4:1:36.062,27.148,39.341
18.4.2025,4:1:37.063,27.832,53.410
18.4.2025,4:1:38.067,27.272,33.801
18.4.2025,4:1:39.067,27.736,49.510
18.4.2025,4:1:40.067,27.114,32.458
18.4.2025,4:1:41.067,27.640,49.005
18.4.2025,4:1:42.067,27.167,34.238
18.4.2025,4:1:43.065,27.645,47.255
18.4.2025,4:1:44.054,27.365,44.580
18.4.2025,4:1:45.056,27.975,47.391
18.4.2025,4:1:46.057,27.166,54.049
18.4.2025,4:1:47.056,27.667,39.481
18.4.2025,4:1:48.057,27.387,53.091
18.4.2025,4:1:49.057,27.336,32.477
18.4.2025,4:1:50.058,27.430,49.725
18.4.2025,4:1:51.062,27.471,34.700
18.4.2025,4:1:52.063,27.143,49.358
18.4.2025,4:1:53.064,27.560,40.754
18.4.2025,4:1:54.064,27.605,53.825
18.4.2025,4:1:55.062,27.419,34.090
18.4.2025,4:1:56.063,27.433,49.666
18.4.2025,4:1:57.066,27.463,32.918
18.4.2025,4:1:58.064,27.705,48.357
18.4.2025,4:1:59.066,27.327,36.081
18.4.2025,4:2:0.062,28.086,47.796
18.4.2025,4:2:1.064,27.368,38.532
18.4.2025,4:2:2.067,27.729,47.141
18.4.2025,4:2:3.065,27.498,46.908
18.4.2025,4:2:4.067,27.724,47.242
18.4.2025,4:2:5.068,27.572,53.331
18.4.2025,4:2:6.067,27.738,40.349
18.4.2025,4:2:7.065,27.429,52.043
18.4.2025,4:2:8.066,27.706,33.709
18.4.2025,4:2:9.066,27.407,49.498
18.4.2025,4:2:10.067,27.896,34.100
18.4.2025,4:2:11.068,27.374,48.066
18.4.2025,4:2:12.067,27.810,36.537
18.4.2025,4:2:13.066,27.576,47.642
18.4.2025,4:2:14.053,27.398,42.039
18.4.2025,4:2:15.055,27.410,54.100
18.4.2025,4:2:16.056,27.868,35.502
18.4.2025,4:2:17.060,27.725,49.116
18.4.2025,4:2:18.065,27.408,34.142
18.4.2025,4:2:19.066,27.584,47.780
18.4.2025,4:2:20.054,26.852,47.780
18.4.2025,4:2:21.056,27.869,36.830
18.4.2025,4:2:22.056,27.344,47.554
18.4.2025,4:2:23.057,27.699,40.607
18.4.2025,4:2:24.057,27.499,47.463
18.4.2025,4:2:25.057,27.892,47.292
18.4.2025,4:2:26.056,27.200,51.328
18.4.2025,4:2:27.057,27.844,33.331
18.4.2025,4:2:28.057,27.369,48.837
18.4.2025,4:2:29.061,27.770,52.619
18.4.2025,4:2:30.061,27.474,47.609
18.4.2025,4:2:31.064,28.116,39.988
18.4.2025,4:2:32.064,27.323,47.474
18.4.2025,4:2:33.065,27.949,46.313
18.4.2025,4:2:34.065,27.348,46.045
18.4.2025,4:2:35.068,28.055,51.760
18.4.2025,4:2:36.054,27.439,41.580
18.4.2025,4:2:37.053,27.172,52.562
18.4.2025,4:2:38.054,27.592,37.354
18.4.2025,4:2:39.053,27.797,49.941
18.4.2025,4:2:40.055,27.286,31.764
18.4.2025,4:2:41.053,27.422,47.880
18.4.2025,4:2:42.058,27.383,33.664
18.4.2025,4:2:43.059,27.552,47.832
18.4.2025,4:2:44.061,27.576,35.590
18.4.2025,4:2:45.060,27.402,51.112
18.4.2025,4:2:46.063,27.106,40.497
18.4.2025,4:2:47.063,27.455,52.838
18.4.2025,4:2:48.065,27.663,33.886
18.4.2025,4:2:49.067,27.461,49.703
18.4.2025,4:2:50.066,27.889,32.215
18.4.2025,4:2:51.066,27.104,47.985
18.4.2025,4:2:52.054,28.094,37.263
18.4.2025,4:2:53.054,27.167,47.443
18.4.2025,4:2:54.057,27.614,44.623
18.4.2025,4:2:55.060,27.331,53.270
18.4.2025,4:2:56.066,27.986,35.003
18.4.2025,4:2:57.053,27.309,50.311
18.4.2025,4:2:58.055,27.745,32.885
18.4.2025,4:2:59.058,27.063,47.923
18.4.2025,4:3:0.059,27.794,37.045
18.4.2025,4:3:1.058,29.710,47.562
18.4.2025,4:3:2.061,28.060,37.201
18.4.2025,4:3:3.059,27.259,47.426
18.4.2025,4:3:4.059,27.558,49.242
18.4.2025,4:3:5.058,27.267,43.915
18.4.2025,4:3:6.062,27.927,54.025
18.4.2025,4:3:7.063,27.316,39.745
18.4.2025,4:3:8.064,27.562,54.281
18.4.2025,4:3:9.067,27.175,38.731
18.4.2025,4:3:10.054,27.964,51.613
18.4.2025,4:3:11.054,26.969,47.973
18.4.2025,4:3:12.054,27.918,38.482
18.4.2025,4:3:13.053,27.309,47.332
18.4.2025,4:3:14.068,27.721,43.153
18.4.2025,4:3:15.068,27.261,47.237
18.4.2025,4:3:16.064,27.994,50.647
18.4.2025,4:3:17.064,27.360,42.650
18.4.2025,4:3:18.064,27.259,52.553
18.4.2025,4:3:19.053,27.607,33.386
18.4.2025,4:3:20.055,27.254,49.904
18.4.2025,4:3:21.057,27.894,30.897
18.4.2025,4:3:22.058,27.349,48.558
18.4.2025,4:3:23.053,28.022,35.897
18.4.2025,4:3:24.057,27.062,47.424
18.4.2025,4:3:25.057,28.135,47.218
18.4.2025,4:3:26.056,31.116,47.040
18.4.2025,4:3:27.056,30.618,42.459
18.4.2025,4:3:28.055,27.943,47.812
18.4.2025,4:3:29.054,27.799,47.072
18.4.2025,4:3:30.057,27.327,45.062
18.4.2025,4:3:31.062,27.720,55.041
18.4.2025,4:3:32.063,27.532,37.409
18.4.2025,4:3:33.062,27.576,35.390
18.4.2025,4:3:34.065,27.576,47.900
18.4.2025,4:3:35.066,27.482,40.426
18.4.2025,4:3:36.057,27.708,47.780
18.4.2025,4:3:37.058,27.529,47.042
18.4.2025,4:3:38.055,27.561,44.014
18.4.2025,4:3:39.058,27.401,55.448
18.4.2025,4:3:40.058,27.589,39.244
18.4.2025,4:3:41.057,27.630,52.674
18.4.2025,4:3:42.056,27.385,33.879
18.4.2025,4:3:43.057,27.903,49.461
18.4.2025,4:3:44.054,26.907,32.626
18.4.2025,4:3:45.055,28.011,47.539
18.4.2025,4:3:46.059,27.199,35.213
18.4.2025,4:3:47.063,27.917,47.721
18.4.2025,4:3:48.061,27.134,45.315
18.4.2025,4:3:49.061,27.659,47.563
18.4.2025,4:3:50.064,27.003,50.414
18.4.2025,4:3:51.066,27.713,42.291
18.4.2025,4:3:52.056,27.538,53.672
18.4.2025,4:3:53.053,27.860,38.778
18.4.2025,4:3:54.057,27.182,52.148
18.4.2025,4:3:55.055,27.869,47.870
18.4.2025,4:3:56.056,27.504,48.704
18.4.2025,4:3:57.057,27.563,47.634
18.4.2025,4:3:58.058,27.764,50.125
18.4.2025,4:3:59.061,27.714,44.494
18.4.2025,4:4:0.061,27.400,53.431
18.4.2025,4:4:1.063,27.947,38.814
18.4.2025,4:4:2.052,27.530,50.902
18.4.2025,4:4:3.067,27.328,32.814
18.4.2025,4:4:4.065,27.640,48.175
18.4.2025,4:4:5.068,27.304,34.208
18.4.2025,4:4:6.054,27.754,47.831
18.4.2025,4:4:7.058,27.197,43.587
18.4.2025,4:4:8.059,27.947,47.543
18.4.2025,4:4:9.061,27.135,49.058
18.4.2025,4:4:10.061,27.593,43.290
18.4.2025,4:4:11.058,27.622,53.589
18.4.2025,4:4:12.061,27.823,37.752
18.4.2025,4:4:13.063,27.407,51.059
18.4.2025,4:4:14.063,27.653,47.709
18.4.2025,4:4:15.052,27.360,42.232
18.4.2025,4:4:16.056,27.633,47.787
18.4.2025,4:4:17.060,27.266,48.334
18.4.2025,4:4:18.065,27.395,44.256
18.4.2025,4:4:19.068,27.746,53.173
18.4.2025,4:4:20.055,27.507,40.406
18.4.2025,4:4:21.056,27.340,51.850
18.4.2025,4:4:22.061,27.465,32.339
18.4.2025,4:4:23.062,27.846,49.009
18.4.2025,4:4:24.064,27.467,35.742
18.4.2025,4:4:25.066,27.823,47.593
18.4.2025,4:4:26.052,27.554,36.128
18.4.2025,4:4:27.053,27.664,47.583
18.4.2025,4:4:28.052,27.060,35.121
18.4.2025,4:4:29.067,29.209,40.999
18.4.2025,4:4:30.053,29.024,37.931
18.4.2025,4:4:31.052,29.227,43.837
18.4.2025,4:4:32.067,28.144,47.357
18.4.2025,4:4:33.053,27.321,52.524
18.4.2025,4:4:34.055,27.480,40.598
18.4.2025,4:4:35.060,27.585,53.095
18.4.2025,4:4:36.061,29.528,39.444
18.4.2025,4:4:37.060,27.177,52.030
18.4.2025,4:4:38.061,27.455,33.196
18.4.2025,4:4:39.063,27.733,48.954
18.4.2025,4:4:40.064,27.032,35.078
18.4.2025,4:4:41.063,27.715,48.240
18.4.2025,4:4:42.064,27.171,39.518
18.4.2025,4:4:43.066,28.143,47.039
18.4.2025,4:4:44.052,27.441,49.429
18.4.2025,4:4:45.056,27.893,52.540
18.4.2025,4:4:46.057,27.217,34.384
18.4.2025,4:4:47.055,27.740,49.472
18.4.2025,4:4:48.057,27.177,33.411
18.4.2025,4:4:49.057,28.414,47.854
18.4.2025,4:4:50.055,30.299,31.548
18.4.2025,4:4:51.055,29.371,47.548
18.4.2025,4:4:52.057,27.249,36.298
18.4.2025,4:4:53.056,27.591,47.484
18.4.2025,4:4:54.062,27.397,44.649
18.4.2025,4:4:55.064,27.626,47.336
18.4.2025,4:4:56.063,27.244,50.443
18.4.2025,4:4:57.063,27.575,40.495
18.4.2025,4:4:58.063,27.832,53.057
18.4.2025,4:4:59.063,27.650,38.197
18.4.2025,4:5:0.064,27.448,50.581
18.4.2025,4:5:1.066,27.381,33.386
18.4.2025,4:5:2.053,27.225,49.126
18.4.2025,4:5:3.053,27.491,31.773
18.4.2025,4:5:4.054,27.447,44.630
18.4.2025,4:5:5.055,27.694,47.472
18.4.2025,4:5:6.057,27.647,49.653
18.4.2025,4:5:7.057,27.582,43.625
18.4.2025,4:5:8.056,27.719,53.685
18.4.2025,4:5:9.062,27.030,37.040
18.4.2025,4:5:10.061,28.006,50.817
18.4.2025,4:5:11.064,27.065,30.555
18.4.2025,4:5:12.067,27.965,48.115
18.4.2025,4:5:13.065,27.504,35.243
18.4.2025,4:5:14.067,27.700,47.538
18.4.2025,4:5:15.067,27.382,42.693
18.4.2025,4:5:16.066,27.845,53.452
18.4.2025,4:5:17.054,27.371,39.443
18.4.2025,4:5:18.056,27.355,51.834
18.4.2025,4:5:19.057,27.118,33.913
18.4.2025,4:5:20.056,27.896,49.693
18.4.2025,4:5:21.058,27.445,33.324
18.4.2025,4:5:22.059,27.777,48.141
18.4.2025,4:5:23.063,27.398,34.142
18.4.2025,4:5:24.067,28.238,47.528
18.4.2025,4:5:25.054,27.343,35.835
18.4.2025,4:5:26.056,27.812,47.340
18.4.2025,4:5:27.061,27.558,38.694
18.4.2025,4:5:28.065,27.888,52.171
18.4.2025,4:5:29.065,27.311,34.275
18.4.2025,4:5:30.062,27.622,34.275
18.4.2025,4:5:31.063,27.795,39.373
18.4.2025,4:5:32.066,27.729,35.406
18.4.2025,4:5:33.063,27.611,47.685
18.4.2025,4:5:34.062,27.261,40.444
18.4.2025,4:5:35.061,27.941,47.603
18.4.2025,4:5:36.063,27.409,50.005
18.4.2025,4:5:37.063,27.895,43.527
18.4.2025,4:5:38.063,27.308,53.075
18.4.2025,4:5:39.065,28.072,39.267
18.4.2025,4:5:40.064,27.590,52.123
18.4.2025,4:5:41.066,27.954,32.656
18.4.2025,4:5:42.067,27.531,49.746
18.4.2025,4:5:43.054,27.891,32.494
18.4.2025,4:5:44.053,27.182,48.423
18.4.2025,4:5:45.055,27.635,34.842
18.4.2025,4:5:46.056,27.084,47.914
18.4.2025,4:5:47.061,27.962,40.506
18.4.2025,4:5:48.063,27.451,47.387
18.4.2025,4:5:49.062,27.545,44.422
18.4.2025,4:5:50.062,27.109,52.733
18.4.2025,4:5:51.064,27.673,33.493
18.4.2025,4:5:52.064,27.472,49.390
18.4.2025,4:5:53.063,27.666,33.485
18.4.2025,4:5:54.064,27.405,47.589
18.4.2025,4:5:55.067,27.846,36.247
18.4.2025,4:5:56.055,27.395,47.496
18.4.2025,4:5:57.054,27.424,43.059
18.4.2025,4:5:58.053,27.489,47.551
18.4.2025,4:5:59.053,26.985,50.982
18.4.2025,4:6:0.067,27.959,41.463
18.4.2025,4:6:1.054,27.304,53.843
18.4.2025,4:6:2.053,27.773,38.432
18.4.2025,4:6:3.057,27.062,53.342
18.4.2025,4:6:4.058,27.804,36.222
18.4.2025,4:6:5.061,27.083,33.025
18.4.2025,4:6:6.056,28.055,48.077
18.4.2025,4:6:7.061,27.387,37.940
18.4.2025,4:6:8.062,27.685,47.477
18.4.2025,4:6:9.059,28.122,45.350
18.4.2025,4:6:10.061,28.914,47.595
18.4.2025,4:6:11.066,27.016,45.383
18.4.2025,4:6:12.053,27.714,47.467
18.4.2025,4:6:13.054,27.187,50.398
18.4.2025,4:6:14.055,27.733,45.799
18.4.2025,4:6:15.056,26.955,54.413
18.4.2025,4:6:16.056,27.943,38.100
18.4.2025,4:6:17.059,27.567,51.166
18.4.2025,4:6:18.062,27.659,34.731
18.4.2025,4:6:19.063,27.079,42.017
18.4.2025,4:6:20.065,27.599,35.778
18.4.2025,4:6:21.067,27.467,49.191
18.4.2025,4:6:22.067,27.793,44.450
18.4.2025,4:6:23.055,27.392,53.522
18.4.2025,4:6:24.058,27.691,37.342
18.4.2025,4:6:25.059,27.367,51.567
18.4.2025,4:6:26.060,27.874,31.752
18.4.2025,4:6:27.061,27.221,48.829
18.4.2025,4:6:28.058,28.037,35.763
18.4.2025,4:6:29.061,28.037,47.560
18.4.2025,4:6:30.061,27.637,43.220
18.4.2025,4:6:31.062,27.637,47.829
18.4.2025,4:6:32.062,27.477,47.701
18.4.2025,4:6:33.063,27.477,44.291
18.4.2025,4:6:34.062,27.925,53.288
18.4.2025,4:6:35.062,27.116,38.260
18.4.2025,4:6:36.062,27.985,51.791
18.4.2025,4:6:37.062,27.226,33.187
18.4.2025,4:6:38.067,28.174,49.142
18.4.2025,4:6:39.065,27.338,35.286
18.4.2025,4:6:40.066,27.707,47.778
18.4.2025,4:6:41.065,27.386,41.956
18.4.2025,4:6:42.067,27.854,54.321
18.4.2025,4:6:43.054,27.425,37.176
18.4.2025,4:6:44.054,27.893,51.072
18.4.2025,4:6:45.054,28.791,33.179
18.4.2025,4:6:46.053,28.282,48.874
18.4.2025,4:6:47.066,27.642,36.067
18.4.2025,4:6:48.055,27.802,47.582
18.4.2025,4:6:49.058,27.584,41.826
18.4.2025,4:6:50.061,27.765,47.426
18.4.2025,4:6:51.061,27.440,47.301
18.4.2025,4:6:52.063,27.824,46.194
18.4.2025,4:6:53.068,27.573,52.186
18.4.2025,4:6:54.066,27.512,41.012
18.4.2025,4:6:55.065,27.305,52.527
18.4.2025,4:6:56.068,26.888,34.171
18.4.2025,4:6:57.054,27.877,48.802
18.4.2025,4:6:58.056,27.223,32.086
18.4.2025,4:6:59.060,27.903,47.716
18.4.2025,4:7:0.063,26.935,47.494
18.4.2025,4:7:1.064,28.277,48.515
18.4.2025,4:7:2.065,27.216,44.157
18.4.2025,4:7:3.066,28.205,54.525
18.4.2025,4:7:4.066,27.802,36.773
18.4.2025,4:7:5.067,27.871,50.725
18.4.2025,4:7:6.054,26.953,33.118
18.4.2025,4:7:7.057,28.047,48.616
18.4.2025,4:7:8.061,27.461,35.031
18.4.2025,4:7:9.063,27.956,47.668
18.4.2025,4:7:10.062,27.401,41.072
18.4.2025,4:7:11.064,27.817,47.583
18.4.2025,4:7:12.067,27.442,50.274
18.4.2025,4:7:13.056,27.847,43.157
18.4.2025,4:7:14.055,27.796,53.709
18.4.2025,4:7:15.054,27.582,39.013
18.4.2025,4:7:16.054,27.793,34.187
18.4.2025,4:7:17.052,27.723,34.091
18.4.2025,4:7:18.054,27.256,38.674
18.4.2025,4:7:19.065,27.205,47.252
18.4.2025,4:7:20.067,27.506,44.716
18.4.2025,4:7:21.068,27.138,47.223
18.4.2025,4:7:22.055,27.819,49.817
18.4.2025,4:7:23.054,27.093,41.134
18.4.2025,4:7:24.055,28.240,53.241
18.4.2025,4:7:25.057,27.082,37.381
18.4.2025,4:7:26.056,27.965,51.188
18.4.2025,4:7:27.061,27.262,34.690
18.4.2025,4:7:28.065,28.207,50.279
18.4.2025,4:7:29.067,27.471,34.639
18.4.2025,4:7:30.056,28.307,37.882
18.4.2025,4:7:31.055,29.300,33.403
18.4.2025,4:7:32.055,29.067,40.932
18.4.2025,4:7:33.055,28.117,35.341
18.4.2025,4:7:34.053,28.030,37.068
18.4.2025,4:7:35.055,27.257,32.311
18.4.2025,4:7:36.058,28.189,44.084
18.4.2025,4:7:37.062,27.304,47.375
18.4.2025,4:7:38.060,28.163,48.642
18.4.2025,4:7:39.063,27.140,43.915
18.4.2025,4:7:40.063,28.385,53.512
18.4.2025,4:7:41.064,27.222,39.038
18.4.2025,4:7:42.064,27.934,51.868
18.4.2025,4:7:43.062,27.622,33.659
18.4.2025,4:7:44.062,30.235,49.990
18.4.2025,4:7:45.064,27.379,34.147
18.4.2025,4:7:46.052,27.876,48.248
18.4.2025,4:7:47.055,27.301,35.568
18.4.2025,4:7:48.059,27.856,47.165
18.4.2025,4:7:49.060,27.580,47.704
18.4.2025,4:7:50.062,27.682,46.831
18.4.2025,4:7:51.064,27.490,52.922
18.4.2025,4:7:52.063,27.329,39.117
18.4.2025,4:7:53.063,27.341,52.814
18.4.2025,4:7:54.065,27.493,35.214
18.4.2025,4:7:55.065,27.972,48.965
18.4.2025,4:7:56.064,27.069,33.299
18.4.2025,4:7:57.064,28.051,47.822
18.4.2025,4:7:58.061,27.450,36.152
18.4.2025,4:7:59.061,27.933,47.184
18.4.2025,4:8:0.065,27.483,45.229
18.4.2025,4:8:1.066,27.889,47.593
18.4.2025,4:8:2.053,27.557,37.241
18.4.2025,4:8:3.053,27.704,53.017
18.4.2025,4:8:4.066,27.817,32.834
18.4.2025,4:8:5.053,27.419,48.844
18.4.2025,4:8:6.055,27.713,33.539
18.4.2025,4:8:7.054,27.543,47.789
18.4.2025,4:8:8.054,27.375,34.618
18.4.2025,4:8:9.055,27.778,47.218
18.4.2025,4:8:10.058,27.385,43.841
18.4.2025,4:8:11.060,27.805,47.427
18.4.2025,4:8:12.062,27.565,50.852
18.4.2025,4:8:13.062,27.745,44.684
18.4.2025,4:8:14.063,27.752,50.836
18.4.2025,4:8:15.065,27.513,42.799
18.4.2025,4:8:16.067,27.869,53.640
18.4.2025,4:8:17.053,27.288,47.978
18.4.2025,4:8:18.056,27.871,36.124
18.4.2025,4:8:19.053,27.080,36.124
18.4.2025,4:8:20.057,28.202,47.773
18.4.2025,4:8:21.059,27.296,43.600
18.4.2025,4:8:22.063,27.962,47.631
18.4.2025,4:8:23.069,27.436,48.190
18.4.2025,4:8:24.068,28.213,46.679
18.4.2025,4:8:25.063,27.407,50.307
18.4.2025,4:8:26.065,27.901,42.860
18.4.2025,4:8:27.067,27.440,53.488
18.4.2025,4:8:28.065,27.864,36.592
18.4.2025,4:8:29.066,27.284,51.042
18.4.2025,4:8:30.053,27.923,32.230
18.4.2025,4:8:31.053,27.290,48.378
18.4.2025,4:8:32.055,27.805,47.330
18.4.2025,4:8:33.058,27.459,54.239
18.4.2025,4:8:34.057,27.881,37.334
18.4.2025,4:8:35.061,27.340,51.006
18.4.2025,4:8:36.063,27.798,34.093
18.4.2025,4:8:37.063,27.731,49.789
18.4.2025,4:8:38.064,27.360,32.535
18.4.2025,4:8:39.064,27.446,47.864
18.4.2025,4:8:40.064,27.801,35.977
18.4.2025,4:8:41.067,27.245,47.342
18.4.2025,4:8:42.067,27.639,37.675
18.4.2025,4:8:43.066,27.241,47.575
18.4.2025,4:8:44.066,27.509,45.686
18.4.2025,4:8:45.068,27.534,47.428
18.4.2025,4:8:46.066,27.146,53.924
18.4.2025,4:8:47.068,28.168,49.466
18.4.2025,4:8:48.053,27.117,51.565
18.4.2025,4:8:49.054,28.116,47.863
18.4.2025,4:8:50.055,27.275,38.019
18.4.2025,4:8:51.058,28.031,47.630
18.4.2025,4:8:52.055,27.337,48.547
18.4.2025,4:8:53.055,28.019,45.238
18.4.2025,4:8:54.057,27.375,53.744
18.4.2025,4:8:55.057,27.831,39.183
18.4.2025,4:8:56.057,27.246,52.006
18.4.2025,4:8:57.062,27.707,35.677
18.4.2025,4:8:58.063,27.789,50.139
18.4.2025,4:8:59.053,27.782,34.295
18.4.2025,4:9:0.051,27.300,48.064
18.4.2025,4:9:1.067,27.689,41.167
18.4.2025,4:9:2.064,27.596,47.524
18.4.2025,4:9:3.069,27.768,45.630
18.4.2025,4:9:4.066,27.354,47.207
18.4.2025,4:9:5.055,27.485,48.608
18.4.2025,4:9:6.053,27.846,43.850
18.4.2025,4:9:7.065,27.166,54.941
18.4.2025,4:9:8.054,27.640,38.272
18.4.2025,4:9:9.057,27.244,52.307
18.4.2025,4:9:10.058,28.042,34.080
18.4.2025,4:9:11.061,27.243,38.268
18.4.2025,4:9:12.060,27.930,47.332
18.4.2025,4:9:13.060,27.676,46.542
18.4.2025,4:9:14.058,27.676,47.763
18.4.2025,4:9:15.061,27.817,51.254
18.4.2025,4:9:16.060,27.509,40.548
18.4.2025,4:9:17.059,27.927,53.727
18.4.2025,4:9:18.059,27.871,37.874
18.4.2025,4:9:19.061,30.045,53.331
18.4.2025,4:9:20.060,27.532,34.489
18.4.2025,4:9:21.060,27.593,49.199
18.4.2025,4:9:22.057,27.623,35.035
18.4.2025,4:9:23.057,27.428,47.726
18.4.2025,4:9:24.062,28.715,36.544
18.4.2025,4:9:25.062,27.125,47.386
18.4.2025,4:9:26.066,27.440,45.125
18.4.2025,4:9:27.067,27.410,47.155
18.4.2025,4:9:28.065,27.914,50.268
18.4.2025,4:9:29.051,27.278,42.932
18.4.2025,4:9:30.067,28.156,34.156
18.4.2025,4:9:31.053,27.246,48.834
18.4.2025,4:9:32.052,27.973,33.523
18.4.2025,4:9:33.055,27.279,47.695
18.4.2025,4:9:34.058,28.195,38.776
18.4.2025,4:9:35.061,27.432,47.397
18.4.2025,4:9:36.060,28.127,44.636
18.4.2025,4:9:37.061,27.454,47.147
18.4.2025,4:9:38.065,28.245,54.206
18.4.2025,4:9:39.068,27.161,39.299
18.4.2025,4:9:40.065,27.785,51.842
18.4.2025,4:9:41.053,27.039,32.619
18.4.2025,4:9:42.055,27.572,40.678
18.4.2025,4:9:43.067,27.550,47.506
18.4.2025,4:9:44.053,27.843,49.103
18.4.2025,4:9:45.055,28.327,45.838
18.4.2025,4:9:46.058,27.867,51.253
18.4.2025,4:9:47.060,27.534,41.131
18.4.2025,4:9:48.062,27.631,51.536
18.4.2025,4:9:49.064,27.423,35.351
18.4.2025,4:9:50.063,27.382,51.000
18.4.2025,4:9:51.062,27.859,32.158
18.4.2025,4:9:52.062,27.318,49.635
18.4.2025,4:9:53.063,27.780,33.994
18.4.2025,4:9:54.064,27.505,47.898
18.4.2025,4:9:55.063,27.569,36.364
18.4.2025,4:9:56.060,27.564,47.723
18.4.2025,4:9:57.059,27.577,38.504
18.4.2025,4:9:58.060,27.582,47.658
18.4.2025,4:9:59.060,27.441,42.300
18.4.2025,4:10:0.059,27.571,47.851
18.4.2025,4:10:1.061,27.674,47.198
18.4.2025,4:10:2.057,27.211,47.595
18.4.2025,4:10:3.058,28.020,49.453
18.4.2025,4:10:4.057,27.408,42.937
18.4.2025,4:10:5.057,27.928,54.439
18.4.2025,4:10:6.057,27.270,47.880
18.4.2025,4:10:7.059,27.998,35.120
18.4.2025,4:10:8.056,27.490,47.197
18.4.2025,4:10:9.060,27.970,45.703
18.4.2025,4:10:10.064,27.537,47.111
18.4.2025,4:10:11.064,27.717,52.030
18.4.2025,4:10:12.064,27.602,41.053
18.4.2025,4:10:13.063,27.852,52.403
18.4.2025,4:10:14.063,27.522,32.634
18.4.2025,4:10:15.063,27.543,49.214
18.4.2025,4:10:16.060,27.628,35.183
18.4.2025,4:10:17.063,26.938,47.544
18.4.2025,4:10:18.067,27.873,36.858
18.4.2025,4:10:19.067,27.224,47.321
18.4.2025,4:10:20.054,27.814,44.728
18.4.2025,4:10:21.056,27.275,53.364
18.4.2025,4:10:22.056,27.654,38.118
18.4.2025,4:10:23.056,27.362,51.748
18.4.2025,4:10:24.058,28.136,35.307
18.4.2025,4:10:25.060,27.121,50.349
18.4.2025,4:10:26.064,27.935,33.317
18.4.2025,4:10:27.066,27.249,48.942
18.4.2025,4:10:28.053,28.111,32.956
18.4.2025,4:10:29.055,27.536,47.707
18.4.2025,4:10:30.057,27.804,39.307
18.4.2025,4:10:31.058,27.124,42.079
18.4.2025,4:10:32.058,29.755,36.336
18.4.2025,4:10:33.058,29.222,37.072
18.4.2025,4:10:34.057,29.538,37.601
18.4.2025,4:10:35.060,27.335,47.617
18.4.2025,4:10:36.062,27.355,45.419
18.4.2025,4:10:37.059,26.927,46.871
18.4.2025,4:10:38.061,27.610,50.637
18.4.2025,4:10:39.065,27.146,50.380
18.4.2025,4:10:40.066,27.939,32.421
18.4.2025,4:10:41.068,27.354,48.619
18.4.2025,4:10:42.068,27.759,32.726
18.4.2025,4:10:43.069,27.249,47.952
18.4.2025,4:10:44.053,28.027,38.621
18.4.2025,4:10:45.056,27.142,47.721
18.4.2025,4:10:46.060,27.839,48.966
18.4.2025,4:10:47.060,27.501,44.037
18.4.2025,4:10:48.059,27.653,53.152
18.4.2025,4:10:49.057,27.210,36.804
18.4.2025,4:10:50.059,27.636,50.435
18.4.2025,4:10:51.057,27.538,31.236
18.4.2025,4:10:52.058,27.886,49.616
18.4.2025,4:10:53.057,29.704,33.171
18.4.2025,4:10:54.057,27.403,47.936
18.4.2025,4:10:55.059,27.876,36.181
18.4.2025,4:10:56.059,27.073,47.792
18.4.2025,4:10:57.060,28.120,43.892
18.4.2025,4:10:58.061,27.161,53.987
18.4.2025,4:10:59.058,28.418,37.086
18.4.2025,4:11:0.061,27.135,52.802
18.4.2025,4:11:1.058,27.841,36.461
18.4.2025,4:11:2.062,27.021,50.742
18.4.2025,4:11:3.061,27.954,32.408
18.4.2025,4:11:4.060,27.448,48.496
18.4.2025,4:11:5.058,27.815,34.895
18.4.2025,4:11:6.063,27.190,48.050
18.4.2025,4:11:7.065,27.904,35.142
18.4.2025,4:11:8.052,27.194,47.950
18.4.2025,4:11:9.054,27.861,42.076
18.4.2025,4:11:10.055,27.304,42.076
18.4.2025,4:11:11.058,28.094,47.776
18.4.2025,4:11:12.055,27.331,49.514
18.4.2025,4:11:13.056,27.654,42.180
18.4.2025,4:11:14.055,27.470,53.076
18.4.2025,4:11:15.059,27.594,36.764
18.4.2025,4:11:16.060,27.413,50.919
18.4.2025,4:11:17.061,27.849,33.355
18.4.2025,4:11:18.060,27.874,44.122
18.4.2025,4:11:19.063,27.428,47.269
18.4.2025,4:11:20.067,27.931,50.279
18.4.2025,4:11:21.066,27.220,42.612
18.4.2025,4:11:22.066,27.883,54.447
18.4.2025,4:11:23.066,27.253,37.068
18.4.2025,4:11:24.052,27.834,52.656
18.4.2025,4:11:25.065,27.495,32.870
18.4.2025,4:11:26.068,27.896,48.966
18.4.2025,4:11:27.054,27.270,33.277
18.4.2025,4:11:28.056,27.894,47.946
18.4.2025,4:11:29.061,27.476,35.232
18.4.2025,4:11:30.065,27.975,47.640
18.4.2025,4:11:31.053,27.314,42.999
18.4.2025,4:11:32.053,27.988,47.559
18.4.2025,4:11:33.056,27.327,51.374
18.4.2025,4:11:34.057,27.893,41.637
18.4.2025,4:11:35.054,27.923,34.163
18.4.2025,4:11:36.058,27.396,47.894
18.4.2025,4:11:37.057,27.904,39.026
18.4.2025,4:11:38.059,27.410,47.502
18.4.2025,4:11:39.057,27.888,45.585
18.4.2025,4:11:40.061,27.165,47.474
18.4.2025,4:11:41.066,27.938,49.340
18.4.2025,4:11:42.070,27.267,46.120
18.4.2025,4:11:43.054,27.748,53.958
18.4.2025,4:11:44.054,27.246,40.659
18.4.2025,4:11:45.053,28.397,53.924
18.4.2025,4:11:46.066,27.238,33.754
18.4.2025,4:11:47.068,27.995,48.986
18.4.2025,4:11:48.066,27.585,34.134
18.4.2025,4:11:49.066,28.032,47.701
18.4.2025,4:11:50.053,28.032,36.684
18.4.2025,4:11:51.054,27.109,47.435
18.4.2025,4:11:52.054,27.908,44.457
18.4.2025,4:11:53.053,27.266,53.901
18.4.2025,4:11:54.057,27.833,33.430
18.4.2025,4:11:55.058,27.679,49.359
18.4.2025,4:11:56.058,27.704,32.883
18.4.2025,4:11:57.055,27.466,48.052
18.4.2025,4:11:58.055,27.883,37.451
18.4.2025,4:11:59.057,27.596,47.981
18.4.2025,4:12:0.059,27.610,42.660
18.4.2025,4:12:1.058,27.727,47.644
18.4.2025,4:12:2.062,27.489,49.615
18.4.2025,4:12:3.060,27.609,42.162
18.4.2025,4:12:4.059,27.133,53.673
18.4.2025,4:12:5.061,28.258,35.801
18.4.2025,4:12:6.060,27.406,49.809
18.4.2025,4:12:7.062,28.009,32.808
18.4.2025,4:12:8.064,27.088,48.120
18.4.2025,4:12:9.063,27.635,34.650
18.4.2025,4:12:10.062,27.304,47.806
18.4.2025,4:12:11.063,28.003,40.583
18.4.2025,4:12:12.065,27.279,47.447
18.4.2025,4:12:13.065,27.653,42.605
18.4.2025,4:12:14.053,27.436,47.233
18.4.2025,4:12:15.054,28.023,36.837
18.4.2025,4:12:16.057,27.565,51.583
18.4.2025,4:12:17.056,27.836,31.885
18.4.2025,4:12:18.060,27.262,48.856
18.4.2025,4:12:19.059,27.978,35.850
18.4.2025,4:12:20.062,27.707,47.597
18.4.2025,4:12:21.063,27.741,41.408
18.4.2025,4:12:22.063,27.371,47.550
18.4.2025,4:12:23.064,27.733,47.635
18.4.2025,4:12:24.054,27.306,45.044
18.4.2025,4:12:25.056,27.993,52.058
18.4.2025,4:12:26.057,27.904,41.540
18.4.2025,4:12:27.055,29.350,53.043
18.4.2025,4:12:28.058,27.913,42.268
18.4.2025,4:12:29.060,27.882,52.957
18.4.2025,4:12:30.059,27.385,35.762
18.4.2025,4:12:31.061,27.589,34.743
18.4.2025,4:12:32.061,27.472,47.905
18.4.2025,4:12:33.062,27.790,37.556
18.4.2025,4:12:34.059,27.424,47.362
18.4.2025,4:12:35.061,27.808,44.988
18.4.2025,4:12:36.065,27.516,47.407
18.4.2025,4:12:37.066,27.606,41.959
18.4.2025,4:12:38.065,27.483,47.438
18.4.2025,4:12:39.064,27.779,51.069
18.4.2025,4:12:40.067,27.825,40.511
18.4.2025,4:12:41.068,27.619,52.733
18.4.2025,4:12:42.054,27.502,34.154
18.4.2025,4:12:43.057,27.735,48.955
18.4.2025,4:12:44.057,27.613,34.369
18.4.2025,4:12:45.062,27.467,47.807
18.4.2025,4:12:46.063,27.600,36.708
18.4.2025,4:12:47.066,27.286,47.748
18.4.2025,4:12:48.067,27.800,40.782
18.4.2025,4:12:49.065,27.514,53.316
18.4.2025,4:12:50.054,27.757,35.264
18.4.2025,4:12:51.055,27.315,50.030
18.4.2025,4:12:52.054,27.973,32.098
18.4.2025,4:12:53.055,27.331,48.446
18.4.2025,4:12:54.054,27.745,36.304
18.4.2025,4:12:55.054,27.176,47.859
18.4.2025,4:12:56.054,27.514,44.685
18.4.2025,4:12:57.052,27.228,47.372
18.4.2025,4:12:58.053,27.462,51.164
18.4.2025,4:12:59.053,27.339,43.396
18.4.2025,4:13:0.052,27.796,53.111
18.4.2025,4:13:1.054,27.686,38.218
18.4.2025,4:13:2.054,27.781,50.778
18.4.2025,4:13:3.055,27.399,32.106
18.4.2025,4:13:4.059,27.638,48.576
18.4.2025,4:13:5.060,27.288,35.452
18.4.2025,4:13:6.063,27.513,47.754
18.4.2025,4:13:7.065,27.512,42.329
18.4.2025,4:13:8.065,27.276,53.205
18.4.2025,4:13:9.055,27.896,38.952
18.4.2025,4:13:10.067,27.303,51.250
18.4.2025,4:13:11.053,27.985,32.816
18.4.2025,4:13:12.056,27.461,48.591
18.4.2025,4:13:13.055,27.891,32.357
18.4.2025,4:13:14.055,27.094,48.164
18.4.2025,4:13:15.058,27.968,35.705
18.4.2025,4:13:16.059,27.552,47.454
18.4.2025,4:13:17.061,27.853,48.497
18.4.2025,4:13:18.062,27.121,45.299
18.4.2025,4:13:19.059,27.825,53.008
18.4.2025,4:13:20.060,27.431,40.828
18.4.2025,4:13:21.058,27.807,54.026
18.4.2025,4:13:22.060,27.561,35.219
18.4.2025,4:13:23.064,27.407,49.950
18.4.2025,4:13:24.060,27.624,33.897
18.4.2025,4:13:25.065,27.690,48.368
18.4.2025,4:13:26.063,27.407,33.251
18.4.2025,4:13:27.060,27.663,47.591
18.4.2025,4:13:28.063,27.949,33.939
18.4.2025,4:13:29.064,27.311,51.801
18.4.2025,4:13:30.064,27.673,40.013
18.4.2025,4:13:31.063,27.249,47.124
18.4.2025,4:13:32.059,27.976,52.213
18.4.2025,4:13:33.059,28.267,39.867
18.4.2025,4:13:34.063,29.058,39.735
18.4.2025,4:13:35.066,29.616,40.215
18.4.2025,4:13:36.067,28.225,38.198
18.4.2025,4:13:37.067,27.376,51.373
18.4.2025,4:13:38.065,27.831,30.969
18.4.2025,4:13:39.067,27.245,48.641
18.4.2025,4:13:40.066,27.853,34.374
18.4.2025,4:13:41.053,27.110,47.421
18.4.2025,4:13:42.056,27.707,40.425
18.4.2025,4:13:43.056,27.282,47.484
18.4.2025,4:13:44.055,27.898,51.150
18.4.2025,4:13:45.060,27.482,42.034
18.4.2025,4:13:46.062,27.357,52.853
18.4.2025,4:13:47.064,27.293,36.701
18.4.2025,4:13:48.066,27.673,51.661
18.4.2025,4:13:49.066,27.254,31.939
18.4.2025,4:13:50.067,27.587,49.427
18.4.2025,4:13:51.066,27.637,47.648
18.4.2025,4:13:52.065,27.791,48.513
18.4.2025,4:13:53.062,27.320,44.701
18.4.2025,4:13:54.060,27.009,54.182
18.4.2025,4:13:55.064,28.048,39.394
18.4.2025,4:13:56.062,27.131,39.394
18.4.2025,4:13:57.065,27.643,53.707
18.4.2025,4:13:58.065,27.193,34.177
18.4.2025,4:13:59.063,28.066,50.001
18.4.2025,4:14:0.060,27.231,33.077
18.4.2025,4:14:1.061,29.703,47.763
18.4.2025,4:14:2.063,27.314,35.446
18.4.2025,4:14:3.065,27.617,47.593
18.4.2025,4:14:4.053,27.496,41.571
18.4.2025,4:14:5.055,27.665,47.906
18.4.2025,4:14:6.060,27.782,50.222
18.4.2025,4:14:7.065,27.199,41.987
18.4.2025,4:14:8.068,27.323,55.004
18.4.2025,4:14:9.066,27.324,49.043
18.4.2025,4:14:10.065,27.279,53.582
18.4.2025,4:14:11.066,27.587,35.072
18.4.2025,4:14:12.063,27.665,37.325
18.4.2025,4:14:13.062,27.148,47.768
18.4.2025,4:14:14.062,27.971,42.586
18.4.2025,4:14:15.064,27.225,47.410
18.4.2025,4:14:16.066,27.845,49.407
18.4.2025,4:14:17.064,27.397,46.075
18.4.2025,4:14:18.063,27.952,53.971
18.4.2025,4:14:19.063,26.991,39.219
18.4.2025,4:14:20.067,27.774,51.444
18.4.2025,4:14:21.066,27.565,32.902
18.4.2025,4:14:22.066,27.762,48.713
18.4.2025,4:14:23.065,27.681,34.108
18.4.2025,4:14:24.066,27.717,47.511
18.4.2025,4:14:25.067,27.717,41.746
18.4.2025,4:14:26.064,27.807,47.418
18.4.2025,4:14:27.068,27.886,47.876
18.4.2025,4:14:28.067,27.399,46.249
18.4.2025,4:14:29.068,27.427,53.255
18.4.2025,4:14:30.068,27.815,40.096
18.4.2025,4:14:31.067,27.449,53.642
18.4.2025,4:14:32.053,27.694,36.444
18.4.2025,4:14:33.057,27.296,50.734
18.4.2025,4:14:34.054,27.911,47.742
18.4.2025,4:14:35.058,27.211,41.779
18.4.2025,4:14:36.058,28.023,47.567
18.4.2025,4:14:37.061,27.092,47.861
18.4.2025,4:14:38.061,28.093,45.883
18.4.2025,4:14:39.062,27.446,52.213
18.4.2025,4:14:40.061,28.105,38.033
18.4.2025,4:14:41.063,27.040,52.289
18.4.2025,4:14:42.064,27.959,33.477
18.4.2025,4:14:43.067,27.124,49.628
18.4.2025,4:14:44.067,27.699,33.570
18.4.2025,4:14:45.067,27.068,47.995
18.4.2025,4:14:46.067,27.795,36.186
18.4.2025,4:14:47.053,27.394,51.463
18.4.2025,4:14:48.055,27.908,41.739
18.4.2025,4:14:49.056,27.625,52.541
18.4.2025,4:14:50.056,27.395,36.434
18.4.2025,4:14:51.058,27.662,50.040
18.4.2025,4:14:52.062,27.782,33.148
18.4.2025,4:14:53.061,27.198,48.009
18.4.2025,4:14:54.062,27.283,36.458
18.4.2025,4:14:55.063,27.272,47.412
18.4.2025,4:14:56.064,27.657,40.016
18.4.2025,4:14:57.054,27.646,47.177
18.4.2025,4:14:58.053,27.137,47.127
18.4.2025,4:14:59.053,27.604,44.700
18.4.2025,4:15:0.052,27.111,51.387
18.4.2025,4:15:1.067,27.789,40.770
18.4.2025,4:15:2.063,27.454,52.663
18.4.2025,4:15:3.065,28.103,33.958
18.4.2025,4:15:4.067,27.358,50.333
18.4.2025,4:15:5.064,27.824,34.770
18.4.2025,4:15:6.066,27.571,47.384
18.4.2025,4:15:7.067,27.506,39.611
18.4.2025,4:15:8.063,27.258,47.448
18.4.2025,4:15:9.060,27.503,45.333
18.4.2025,4:15:10.059,27.310,45.997
18.4.2025,4:15:11.061,27.614,52.132
18.4.2025,4:15:12.063,27.435,40.463
18.4.2025,4:15:13.065,27.796,53.479
18.4.2025,4:15:14.053,27.479,47.516
18.4.2025,4:15:15.055,27.382,35.011
18.4.2025,4:15:16.059,27.367,47.139
18.4.2025,4:15:17.060,27.540,41.279
18.4.2025,4:15:18.060,27.686,47.219
18.4.2025,4:15:19.063,27.126,50.014
18.4.2025,4:15:20.063,27.501,44.060
18.4.2025,4:15:21.063,27.174,54.134
18.4.2025,4:15:22.063,28.211,38.269
18.4.2025,4:15:23.062,27.016,51.284
18.4.2025,4:15:24.064,27.971,32.941
18.4.2025,4:15:25.067,27.328,49.915
18.4.2025,4:15:26.066,27.737,32.782
18.4.2025,4:15:27.066,27.299,48.304
18.4.2025,4:15:28.065,28.130,36.294
18.4.2025,4:15:29.067,27.137,47.639
18.4.2025,4:15:30.056,27.567,43.002
18.4.2025,4:15:31.059,27.457,47.568
18.4.2025,4:15:32.064,27.304,45.754
18.4.2025,4:15:33.065,27.449,45.869
18.4.2025,4:15:34.067,27.672,34.017
18.4.2025,4:15:35.067,27.751,49.861
18.4.2025,4:15:36.067,29.447,33.645
18.4.2025,4:15:37.053,27.392,47.951
18.4.2025,4:15:38.054,27.789,34.828
18.4.2025,4:15:39.053,27.487,47.536
18.4.2025,4:15:40.052,27.332,45.860
18.4.2025,4:15:41.053,27.774,45.717
18.4.2025,4:15:42.052,27.130,52.970
18.4.2025,4:15:43.058,28.100,39.865
18.4.2025,4:15:44.057,27.111,52.107
18.4.2025,4:15:45.061,28.002,33.702
18.4.2025,4:15:46.060,27.191,50.082
18.4.2025,4:15:47.059,27.791,33.796
18.4.2025,4:15:48.062,27.372,46.903
18.4.2025,4:15:49.059,27.823,39.861
18.4.2025,4:15:50.058,27.330,47.597
18.4.2025,4:15:51.061,27.947,38.526
18.4.2025,4:15:52.062,27.471,51.993
18.4.2025,4:15:53.064,27.486,32.253
18.4.2025,4:15:54.061,27.590,49.325
18.4.2025,4:15:55.061,27.706,35.678
18.4.2025,4:15:56.064,27.149,47.887
18.4.2025,4:15:57.065,27.267,39.569
18.4.2025,4:15:58.066,27.999,47.278
18.4.2025,4:15:59.067,26.762,45.431
18.4.2025,4:16:0.064,27.753,47.410
18.4.2025,4:16:1.066,27.281,51.397
18.4.2025,4:16:2.066,27.639,41.557
18.4.2025,4:16:3.067,27.195,52.837
18.4.2025,4:16:4.066,27.884,35.815
18.4.2025,4:16:5.053,27.399,50.237
18.4.2025,4:16:6.057,27.686,32.389
18.4.2025,4:16:7.060,27.325,48.411
18.4.2025,4:16:8.065,27.612,35.013
18.4.2025,4:16:9.068,27.294,50.539
18.4.2025,4:16:10.066,27.575,44.016
18.4.2025,4:16:11.054,27.268,53.404
18.4.2025,4:16:12.056,27.704,37.183
18.4.2025,4:16:13.058,27.142,50.283
18.4.2025,4:16:14.056,27.584,33.213
18.4.2025,4:16:15.057,27.323,48.397
18.4.2025,4:16:16.058,27.606,33.596
18.4.2025,4:16:17.060,27.262,47.767
18.4.2025,4:16:18.064,27.552,35.473
18.4.2025,4:16:19.063,27.411,47.647
18.4.2025,4:16:20.064,27.607,41.146
18.4.2025,4:16:21.064,27.575,47.648
18.4.2025,4:16:22.066,26.978,49.688
18.4.2025,4:16:23.052,27.975,43.412
18.4.2025,4:16:24.055,27.355,53.286
18.4.2025,4:16:25.056,27.979,35.854
18.4.2025,4:16:26.067,27.329,50.098
18.4.2025,4:16:27.055,27.683,31.681
18.4.2025,4:16:28.058,27.296,43.867
18.4.2025,4:16:29.061,27.653,47.785
18.4.2025,4:16:30.062,27.363,53.608
18.4.2025,4:16:31.063,27.732,41.813
18.4.2025,4:16:32.063,27.452,54.030
18.4.2025,4:16:33.062,27.694,34.656
18.4.2025,4:16:34.062,27.824,41.039
18.4.2025,4:16:35.063,29.038,35.405
18.4.2025,4:16:36.061,29.300,37.013
18.4.2025,4:16:37.059,28.528,41.539
18.4.2025,4:16:38.062,27.310,54.400
18.4.2025,4:16:39.064,27.483,35.334
18.4.2025,4:16:40.065,27.376,50.109
18.4.2025,4:16:41.055,27.698,50.109
18.4.2025,4:16:42.056,27.763,33.079
18.4.2025,4:16:43.061,27.507,47.866
18.4.2025,4:16:44.065,27.381,46.810
18.4.2025,4:16:45.065,27.769,53.060
18.4.2025,4:16:46.063,27.510,41.633
18.4.2025,4:16:47.068,27.290,52.157
18.4.2025,4:16:48.053,27.623,34.873
18.4.2025,4:16:49.053,27.447,49.793
18.4.2025,4:16:50.055,28.126,33.616
18.4.2025,4:16:51.059,27.645,47.481
18.4.2025,4:16:52.062,27.800,37.366
18.4.2025,4:16:53.061,27.573,47.217
18.4.2025,4:16:54.062,27.617,47.392
18.4.2025,4:16:55.062,27.662,44.703
18.4.2025,4:16:56.064,27.712,52.007
18.4.2025,4:16:57.066,27.140,39.355
18.4.2025,4:16:58.066,27.389,52.592
18.4.2025,4:16:59.065,27.389,32.926
18.4.2025,4:17:0.066,27.880,48.959
18.4.2025,4:17:1.066,27.880,33.324
18.4.2025,4:17:2.066,27.505,49.085
18.4.2025,4:17:3.068,27.529,42.592
18.4.2025,4:17:4.067,27.728,55.068
18.4.2025,4:17:5.055,27.287,36.864
18.4.2025,4:17:6.053,27.989,52.090
18.4.2025,4:17:7.068,27.268,33.202
18.4.2025,4:17:8.052,28.012,48.981
18.4.2025,4:17:9.057,27.242,32.964
18.4.2025,4:17:10.053,29.928,48.253
18.4.2025,4:17:11.056,27.472,32.648
18.4.2025,4:17:12.057,28.032,47.800
18.4.2025,4:17:13.060,26.966,33.434
18.4.2025,4:17:14.062,27.995,47.430
18.4.2025,4:17:15.063,27.397,39.498
18.4.2025,4:17:16.063,28.173,47.696
18.4.2025,4:17:17.064,27.469,46.773
18.4.2025,4:17:18.066,27.883,44.996
18.4.2025,4:17:19.053,27.287,53.822
18.4.2025,4:17:20.055,27.589,49.078
18.4.2025,4:17:21.056,27.202,33.846
18.4.2025,4:17:22.057,27.700,48.516
18.4.2025,4:17:23.058,27.502,34.457
18.4.2025,4:17:24.061,28.027,47.465
18.4.2025,4:17:25.062,27.465,39.303
18.4.2025,4:17:26.057,28.031,47.422
18.4.2025,4:17:27.058,27.504,50.007
18.4.2025,4:17:28.057,27.382,43.897
18.4.2025,4:17:29.056,27.510,53.442
18.4.2025,4:17:30.057,27.280,39.269
18.4.2025,4:17:31.057,27.570,53.973
18.4.2025,4:17:32.055,27.639,37.128
18.4.2025,4:17:33.060,27.649,50.763
18.4.2025,4:17:34.060,27.265,30.863
18.4.2025,4:17:35.065,27.877,48.670
18.4.2025,4:17:36.063,27.239,35.398
18.4.2025,4:17:37.062,27.654,47.662
18.4.2025,4:17:38.064,26.767,36.339
18.4.2025,4:17:39.068,27.639,49.031
18.4.2025,4:17:40.053,27.520,42.638
18.4.2025,4:17:41.055,27.736,53.330
18.4.2025,4:17:42.053,27.282,38.080
18.4.2025,4:17:43.055,28.107,51.403
18.4.2025,4:17:44.057,27.213,34.920
18.4.2025,4:17:45.058,27.833,50.555
18.4.2025,4:17:46.060,27.119,33.665
18.4.2025,4:17:47.062,28.176,47.997
18.4.2025,4:17:48.060,27.377,34.512
18.4.2025,4:17:49.059,27.969,47.544
18.4.2025,4:17:50.060,27.507,41.716
18.4.2025,4:17:51.058,27.872,47.548
18.4.2025,4:17:52.057,27.501,48.529
18.4.2025,4:17:53.060,27.351,43.446
18.4.2025,4:17:54.063,27.429,53.803
18.4.2025,4:17:55.062,27.641,38.204
18.4.2025,4:17:56.061,27.496,52.481
18.4.2025,4:17:57.064,27.590,35.569
18.4.2025,4:17:58.064,27.272,50.131
18.4.2025,4:17:59.063,27.383,31.371
18.4.2025,4:18:0.064,27.889,47.995
18.4.2025,4:18:1.070,27.378,39.241
18.4.2025,4:18:2.053,27.842,47.217
18.4.2025,4:18:3.053,27.106,46.288
18.4.2025,4:18:4.055,27.884,47.389
18.4.2025,4:18:5.055,27.204,37.084
18.4.2025,4:18:6.055,27.833,45.394
18.4.2025,4:18:7.053,27.349,54.936
18.4.2025,4:18:8.058,27.791,49.113
18.4.2025,4:18:9.060,27.013,33.028
18.4.2025,4:18:10.060,28.116,47.994
18.4.2025,4:18:11.061,27.085,36.424
18.4.2025,4:18:12.062,28.049,47.736
18.4.2025,4:18:13.064,27.348,44.759
18.4.2025,4:18:14.053,28.062,47.436
18.4.2025,4:18:15.053,27.178,47.483
18.4.2025,4:18:16.054,27.988,44.545
18.4.2025,4:18:17.057,27.790,54.566
18.4.2025,4:18:18.058,27.811,37.371
18.4.2025,4:18:19.059,26.808,52.415
18.4.2025,4:18:20.061,27.980,33.758
18.4.2025,4:18:21.065,27.252,49.254
18.4.2025,4:18:22.062,27.701,32.603
18.4.2025,4:18:23.062,27.466,47.997
18.4.2025,4:18:24.062,27.713,35.276
18.4.2025,4:18:25.064,27.568,47.442
18.4.2025,4:18:26.063,27.616,44.635
18.4.2025,4:18:27.064,27.449,47.198
18.4.2025,4:18:28.062,27.799,50.835
18.4.2025,4:18:29.066,27.587,41.678
18.4.2025,4:18:30.064,27.441,52.840
18.4.2025,4:18:31.065,27.462,34.926
18.4.2025,4:18:32.052,27.396,50.282
18.4.2025,4:18:33.055,27.400,47.852
18.4.2025,4:18:34.057,28.195,37.429
18.4.2025,4:18:35.059,28.186,47.634
18.4.2025,4:18:36.060,28.017,43.193
18.4.2025,4:18:37.063,27.137,47.118
18.4.2025,4:18:38.065,27.920,48.560
18.4.2025,4:18:39.066,27.534,45.470
18.4.2025,4:18:40.062,27.489,54.020
18.4.2025,4:18:41.066,27.270,39.723
18.4.2025,4:18:42.063,27.509,53.870
18.4.2025,4:18:43.060,27.932,33.739
18.4.2025,4:18:44.060,29.252,51.469
18.4.2025,4:18:45.060,27.844,31.958
18.4.2025,4:18:46.059,27.270,48.817
18.4.2025,4:18:47.060,27.985,36.091
18.4.2025,4:18:48.064,27.352,47.944
18.4.2025,4:18:49.065,27.904,43.984
18.4.2025,4:18:50.067,27.137,47.549
18.4.2025,4:18:51.055,27.866,49.884
18.4.2025,4:18:52.053,27.292,44.460
18.4.2025,4:18:53.053,27.680,53.447
18.4.2025,4:18:54.054,27.340,39.499
18.4.2025,4:18:55.054,27.559,52.571
18.4.2025,4:18:56.053,27.243,36.339
18.4.2025,4:18:57.057,27.808,50.622
18.4.2025,4:18:58.059,27.128,47.435
18.4.2025,4:18:59.059,27.900,41.730
18.4.2025,4:19:0.064,27.359,47.517
18.4.2025,4:19:1.065,27.861,48.042
18.4.2025,4:19:2.053,27.289,43.798
18.4.2025,4:19:3.066,27.927,54.394
18.4.2025,4:19:4.068,27.292,37.215
18.4.2025,4:19:5.054,27.483,51.031
18.4.2025,4:19:6.055,27.423,32.069
18.4.2025,4:19:7.055,27.884,48.663
18.4.2025,4:19:8.055,27.206,33.613
18.4.2025,4:19:9.056,27.377,47.459
18.4.2025,4:19:10.057,27.512,44.566
18.4.2025,4:19:11.055,27.514,52.904
18.4.2025,4:19:12.058,27.681,39.986
18.4.2025,4:19:13.059,27.090,52.224
18.4.2025,4:19:14.060,28.083,35.917
18.4.2025,4:19:15.062,26.993,50.368
18.4.2025,4:19:16.063,27.963,31.735
18.4.2025,4:19:17.067,27.167,48.581
18.4.2025,4:19:18.068,28.070,35.744
18.4.2025,4:19:19.066,26.938,35.744
18.4.2025,4:19:20.066,27.858,47.572
18.4.2025,4:19:21.067,27.355,40.469
18.4.2025,4:19:22.065,27.869,47.708
18.4.2025,4:19:23.052,27.354,43.610
18.4.2025,4:19:24.064,27.593,47.680
18.4.2025,4:19:25.062,27.281,45.005
18.4.2025,4:19:26.063,28.212,47.439
18.4.2025,4:19:27.064,27.351,47.055
18.4.2025,4:19:28.061,27.781,44.126
18.4.2025,4:19:29.064,27.458,53.766
18.4.2025,4:19:30.062,27.969,40.532
18.4.2025,4:19:31.062,27.478,52.759
18.4.2025,4:19:32.066,27.787,33.704
18.4.2025,4:19:33.066,27.647,49.357
18.4.2025,4:19:34.053,27.711,31.983
18.4.2025,4:19:35.056,27.611,47.848
18.4.2025,4:19:36.058,28.545,39.899
18.4.2025,4:19:37.058,29.179,33.484
18.4.2025,4:19:38.064,29.171,40.865
18.4.2025,4:19:39.064,27.649,39.021
18.4.2025,4:19:40.067,27.917,47.538
18.4.2025,4:19:41.064,27.474,45.386
18.4.2025,4:19:42.064,28.122,45.002
18.4.2025,4:19:43.065,27.422,53.208
18.4.2025,4:19:44.064,27.712,39.778
18.4.2025,4:19:45.066,27.294,53.447
18.4.2025,4:19:46.066,27.555,33.046
18.4.2025,4:19:47.066,27.617,48.632
18.4.2025,4:19:48.069,27.598,33.822
18.4.2025,4:19:49.053,27.671,47.624
18.4.2025,4:19:50.057,27.140,42.204
18.4.2025,4:19:51.059,29.639,54.100
18.4.2025,4:19:52.057,30.433,40.411
18.4.2025,4:19:53.056,27.902,53.227
18.4.2025,4:19:54.060,27.139,36.515
18.4.2025,4:19:55.060,28.074,50.439
18.4.2025,4:19:56.062,27.510,31.932
18.4.2025,4:19:57.065,27.612,48.949
18.4.2025,4:19:58.061,26.945,33.253
18.4.2025,4:19:59.065,28.084,47.501
18.4.2025,4:20:0.068,28.185,35.985
18.4.2025,4:20:1.066,28.185,47.699
18.4.2025,4:20:2.066,27.092,40.542
18.4.2025,4:20:3.065,27.092,47.626
18.4.2025,4:20:4.064,27.865,45.510
18.4.2025,4:20:5.063,27.103,47.349
18.4.2025,4:20:6.063,28.142,52.491
18.4.2025,4:20:7.065,27.391,41.251
18.4.2025,4:20:8.066,28.043,52.470
18.4.2025,4:20:9.055,27.336,33.999
18.4.2025,4:20:10.060,27.947,41.230
18.4.2025,4:20:11.060,27.287,47.479
18.4.2025,4:20:12.063,27.722,49.594
18.4.2025,4:20:13.063,27.642,42.751
18.4.2025,4:20:14.065,27.822,54.423
18.4.2025,4:20:15.065,27.322,38.940
18.4.2025,4:20:16.063,28.157,52.213
18.4.2025,4:20:17.063,27.616,32.869
18.4.2025,4:20:18.064,27.610,48.354
18.4.2025,4:20:19.065,29.503,32.824
18.4.2025,4:20:20.065,28.014,47.509
18.4.2025,4:20:21.065,27.894,40.884
18.4.2025,4:20:22.067,27.353,47.159
18.4.2025,4:20:23.067,27.745,46.554
18.4.2025,4:20:24.066,27.663,47.167
18.4.2025,4:20:25.065,27.339,51.900
18.4.2025,4:20:26.062,27.383,41.970
18.4.2025,4:20:27.065,28.383,52.443
18.4.2025,4:20:28.065,27.022,34.979
18.4.2025,4:20:29.068,28.123,50.108
18.4.2025,4:20:30.064,27.280,32.627
18.4.2025,4:20:31.063,27.895,47.537
18.4.2025,4:20:32.067,27.544,38.141
18.4.2025,4:20:33.065,27.717,47.458
18.4.2025,4:20:34.067,27.770,39.973
18.4.2025,4:20:35.054,27.893,53.192
18.4.2025,4:20:36.057,27.460,35.994
18.4.2025,4:20:37.057,27.665,50.826
18.4.2025,4:20:38.058,27.513,31.232
18.4.2025,4:20:39.060,27.883,48.710
18.4.2025,4:20:40.061,27.506,33.869
18.4.2025,4:20:41.061,27.689,47.441
18.4.2025,4:20:42.063,27.883,42.574
18.4.2025,4:20:43.060,27.445,47.438
18.4.2025,4:20:44.060,28.233,47.836
18.4.2025,4:20:45.057,27.479,43.810
18.4.2025,4:20:46.057,27.890,53.731
18.4.2025,4:20:47.055,27.052,38.321
18.4.2025,4:20:48.060,27.945,52.034
18.4.2025,4:20:49.059,27.584,32.520
18.4.2025,4:20:50.057,28.057,49.630
18.4.2025,4:20:51.057,27.186,32.065
18.4.2025,4:20:52.058,27.832,49.011
18.4.2025,4:20:53.058,27.526,32.080
18.4.2025,4:20:54.066,28.079,47.519
18.4.2025,4:20:55.067,27.297,38.227
18.4.2025,4:20:56.055,28.032,47.307
18.4.2025,4:20:57.057,27.372,44.213
18.4.2025,4:20:58.061,27.806,54.748
18.4.2025,4:20:59.064,27.087,39.340
18.4.2025,4:21:0.067,27.963,51.478
18.4.2025,4:21:1.055,27.554,33.040
18.4.2025,4:21:2.054,27.927,48.861
18.4.2025,4:21:3.057,27.046,32.894
18.4.2025,4:21:4.058,27.971,48.482
18.4.2025,4:21:5.057,27.216,36.099
18.4.2025,4:21:6.058,28.020,47.373
18.4.2025,4:21:7.060,27.430,43.570
18.4.2025,4:21:8.061,27.796,47.767
18.4.2025,4:21:9.063,27.483,49.044
18.4.2025,4:21:10.062,27.556,44.260
18.4.2025,4:21:11.063,27.633,31.528
18.4.2025,4:21:12.067,27.559,48.487
18.4.2025,4:21:13.054,27.421,33.305
18.4.2025,4:21:14.066,27.668,47.741
18.4.2025,4:21:15.066,27.390,38.459
18.4.2025,4:21:16.054,27.541,47.434
18.4.2025,4:21:17.053,27.803,41.845
18.4.2025,4:21:18.053,27.214,47.575
18.4.2025,4:21:19.053,27.767,47.540
18.4.2025,4:21:20.055,27.157,44.823
18.4.2025,4:21:21.059,27.779,52.865
18.4.2025,4:21:22.062,27.204,41.613
18.4.2025,4:21:23.061,27.812,52.182
18.4.2025,4:21:24.061,27.393,35.438
18.4.2025,4:21:25.062,28.158,50.102
18.4.2025,4:21:26.060,27.316,33.706
18.4.2025,4:21:27.064,27.574,47.833
18.4.2025,4:21:28.066,27.488,34.765
18.4.2025,4:21:29.053,27.836,52.060
18.4.2025,4:21:30.054,27.445,40.692
18.4.2025,4:21:31.053,27.989,52.943
18.4.2025,4:21:32.054,27.292,34.838
18.4.2025,4:21:33.067,27.508,50.133
18.4.2025,4:21:34.066,27.436,32.316
18.4.2025,4:21:35.053,27.428,48.324
18.4.2025,4:21:36.055,27.355,35.401
18.4.2025,4:21:37.055,27.599,47.474
18.4.2025,4:21:38.053,27.760,46.046
18.4.2025,4:21:39.058,27.168,45.627
18.4.2025,4:21:40.058,27.788,54.464
18.4.2025,4:21:41.059,27.282,36.852
18.4.2025,4:21:42.058,27.848,50.351
18.4.2025,4:21:43.059,27.599,33.445
18.4.2025,4:21:44.061,27.623,47.854
18.4.2025,4:21:45.058,28.522,35.022
18.4.2025,4:21:46.056,27.813,47.741
18.4.2025,4:21:47.059,27.351,44.340
18.4.2025,4:21:48.060,27.843,47.398
18.4.2025,4:21:49.060,27.339,50.007
18.4.2025,4:21:50.060,27.845,45.503
18.4.2025,4:21:51.060,27.775,32.189
18.4.2025,4:21:52.061,27.968,48.989
18.4.2025,4:21:53.061,28.716,34.012
18.4.2025,4:21:54.063,28.027,47.626
18.4.2025,4:21:55.065,27.269,35.175
18.4.2025,4:21:56.053,27.706,47.424
18.4.2025,4:21:57.055,27.358,43.145
18.4.2025,4:21:58.057,27.568,47.424
18.4.2025,4:21:59.057,27.296,47.424
18.4.2025,4:22:0.063,27.907,50.030
18.4.2025,4:22:1.061,27.476,43.688
18.4.2025,4:22:2.061,27.791,54.369
18.4.2025,4:22:3.063,27.574,40.685
18.4.2025,4:22:4.060,27.805,53.492
18.4.2025,4:22:5.064,27.844,36.420
18.4.2025,4:22:6.064,27.546,50.825
18.4.2025,4:22:7.052,27.506,32.837
18.4.2025,4:22:8.054,27.770,42.570
18.4.2025,4:22:9.056,27.811,47.516
18.4.2025,4:22:10.054,27.220,48.907
18.4.2025,4:22:11.056,28.266,43.905
18.4.2025,4:22:12.059,27.170,54.009
18.4.2025,4:22:13.062,27.786,39.560
18.4.2025,4:22:14.063,27.176,51.355
18.4.2025,4:22:15.066,28.071,36.223
18.4.2025,4:22:16.067,27.208,51.481
18.4.2025,4:22:17.067,28.194,32.012
18.4.2025,4:22:18.063,27.646,48.404
18.4.2025,4:22:19.063,28.153,34.645
18.4.2025,4:22:20.063,27.415,47.399
18.4.2025,4:22:21.063,27.808,46.885
18.4.2025,4:22:22.061,27.319,51.757
18.4.2025,4:22:23.062,27.901,35.785
18.4.2025,4:22:24.065,27.397,50.053
18.4.2025,4:22:25.064,27.519,31.417
18.4.2025,4:22:26.065,27.504,48.958
18.4.2025,4:22:27.067,27.603,31.732
18.4.2025,4:22:28.067,27.765,47.538
18.4.2025,4:22:29.054,27.939,38.496
18.4.2025,4:22:30.055,27.774,47.651
18.4.2025,4:22:31.064,27.479,41.448
18.4.2025,4:22:32.064,28.060,47.629
18.4.2025,4:22:33.068,27.157,47.775
18.4.2025,4:22:34.055,27.725,44.501
18.4.2025,4:22:35.055,27.498,53.116
18.4.2025,4:22:36.062,27.955,35.847
18.4.2025,4:22:37.061,27.723,50.437
18.4.2025,4:22:38.062,29.138,36.624
18.4.2025,4:22:39.062,29.232,41.281
18.4.2025,4:22:40.066,28.765,34.518
18.4.2025,4:22:41.068,27.180,52.912
18.4.2025,4:22:42.051,27.971,47.696
18.4.2025,4:22:43.056,27.307,39.440
18.4.2025,4:22:44.054,27.832,47.559
18.4.2025,4:22:45.056,27.194,40.192
18.4.2025,4:22:46.056,27.725,47.530
18.4.2025,4:22:47.055,27.407,46.216
18.4.2025,4:22:48.058,27.707,45.206
18.4.2025,4:22:49.059,27.331,53.461
18.4.2025,4:22:50.057,27.331,39.211
18.4.2025,4:22:51.056,27.831,51.642
18.4.2025,4:22:52.057,27.398,34.756
18.4.2025,4:22:53.057,27.522,49.603
18.4.2025,4:22:54.057,27.606,30.986
18.4.2025,4:22:55.059,27.464,48.495
18.4.2025,4:22:56.062,27.560,34.503
18.4.2025,4:22:57.059,27.371,47.628
18.4.2025,4:22:58.059,27.226,38.987
18.4.2025,4:22:59.059,27.563,47.637
18.4.2025,4:23:0.056,27.538,48.955
18.4.2025,4:23:1.057,27.049,44.198
18.4.2025,4:23:2.057,27.743,54.106
18.4.2025,4:23:3.056,27.404,35.394
18.4.2025,4:23:4.057,28.012,49.309
18.4.2025,4:23:5.057,27.401,34.679
18.4.2025,4:23:6.057,27.918,49.342
18.4.2025,4:23:7.058,27.385,46.989
18.4.2025,4:23:8.059,27.734,52.090
18.4.2025,4:23:9.063,27.488,40.745
18.4.2025,4:23:10.063,28.025,52.207
18.4.2025,4:23:11.064,27.301,34.461
18.4.2025,4:23:12.064,27.847,49.744
18.4.2025,4:23:13.063,27.157,34.872
18.4.2025,4:23:14.062,27.544,47.770
18.4.2025,4:23:15.063,27.951,38.468
18.4.2025,4:23:16.061,27.109,47.522
18.4.2025,4:23:17.064,27.969,46.040
18.4.2025,4:23:18.066,27.239,47.475
18.4.2025,4:23:19.067,27.800,35.951
18.4.2025,4:23:20.052,27.145,50.228
18.4.2025,4:23:21.053,27.924,30.613
18.4.2025,4:23:22.057,27.159,49.297
18.4.2025,4:23:23.059,27.959,34.883
18.4.2025,4:23:24.060,27.091,47.992
18.4.2025,4:23:25.062,28.134,37.409
18.4.2025,4:23:26.068,27.397,47.130
18.4.2025,4:23:27.068,29.934,41.763
18.4.2025,4:23:28.052,27.102,47.849
18.4.2025,4:23:29.057,27.938,48.216
18.4.2025,4:23:30.061,27.418,51.878
18.4.2025,4:23:31.061,27.675,53.337
18.4.2025,4:23:32.061,27.370,40.579
18.4.2025,4:23:33.062,27.773,34.003
18.4.2025,4:23:34.062,27.411,47.556
18.4.2025,4:23:35.068,28.068,36.374
18.4.2025,4:23:36.052,27.562,47.535
18.4.2025,4:23:37.056,27.770,43.980
18.4.2025,4:23:38.061,27.480,47.579
18.4.2025,4:23:39.062,27.861,50.348
18.4.2025,4:23:40.062,27.290,43.870
18.4.2025,4:23:41.066,27.720,54.630
18.4.2025,4:23:42.063,27.619,39.917
18.4.2025,4:23:43.062,27.853,52.372
18.4.2025,4:23:44.059,27.564,36.750
18.4.2025,4:23:45.058,27.651,52.021
18.4.2025,4:23:46.059,27.784,32.228
18.4.2025,4:23:47.063,27.816,49.159
18.4.2025,4:23:48.067,27.559,47.205
18.4.2025,4:23:49.054,29.503,43.314
18.4.2025,4:23:50.053,28.228,47.234
18.4.2025,4:23:51.055,27.791,46.027
18.4.2025,4:23:52.053,27.454,46.862
18.4.2025,4:23:53.054,27.473,51.295
18.4.2025,4:23:54.057,27.715,40.709
18.4.2025,4:23:55.057,27.393,53.783
18.4.2025,4:23:56.055,27.397,38.060
18.4.2025,4:23:57.058,27.282,52.809
18.4.2025,4:23:58.055,27.740,34.456
18.4.2025,4:23:59.054,27.440,49.095
18.4.2025,4:24:0.056,27.792,35.067
18.4.2025,4:24:1.057,27.124,48.222
18.4.2025,4:24:2.057,27.703,35.111
18.4.2025,4:24:3.056,26.778,47.643
18.4.2025,4:24:4.057,28.061,38.686
18.4.2025,4:24:5.056,27.240,47.244
18.4.2025,4:24:6.055,27.968,46.044
18.4.2025,4:24:7.057,27.592,46.855
18.4.2025,4:24:8.058,27.892,50.600
18.4.2025,4:24:9.061,27.137,42.750
18.4.2025,4:24:10.061,28.072,52.596
18.4.2025,4:24:11.060,27.593,36.212
18.4.2025,4:24:12.058,27.651,50.635
18.4.2025,4:24:13.057,27.425,31.173
18.4.2025,4:24:14.061,27.428,48.107
18.4.2025,4:24:15.059,27.692,37.124
18.4.2025,4:24:16.057,27.099,47.515
18.4.2025,4:24:17.060,27.728,43.728
18.4.2025,4:24:18.063,27.411,53.734
18.4.2025,4:24:19.066,27.763,35.207
18.4.2025,4:24:20.069,27.018,50.709
18.4.2025,4:24:21.053,27.561,32.276
18.4.2025,4:24:22.056,27.057,49.611
18.4.2025,4:24:23.054,28.013,33.190
18.4.2025,4:24:24.056,27.304,48.196
18.4.2025,4:24:25.057,27.865,36.890
18.4.2025,4:24:26.058,27.169,47.496
18.4.2025,4:24:27.058,27.854,43.536
18.4.2025,4:24:28.059,26.995,47.894
18.4.2025,4:24:29.061,27.889,49.051
18.4.2025,4:24:30.064,27.318,43.567
18.4.2025,4:24:31.063,28.089,54.039
18.4.2025,4:24:32.063,27.582,39.284
18.4.2025,4:24:33.063,28.025,52.190
18.4.2025,4:24:34.063,28.239,36.858
18.4.2025,4:24:35.063,27.972,51.400
18.4.2025,4:24:36.062,27.689,33.619
18.4.2025,4:24:37.067,27.857,44.764
18.4.2025,4:24:38.065,27.496,35.572
18.4.2025,4:24:39.067,27.615,47.074
18.4.2025,4:24:40.066,27.554,40.539
18.4.2025,4:24:41.066,27.451,52.449
18.4.2025,4:24:42.066,27.488,33.064
18.4.2025,4:24:43.067,27.263,49.026
18.4.2025,4:24:44.067,27.720,49.026
18.4.2025,4:24:45.067,27.029,35.122
18.4.2025,4:24:46.065,28.582,47.873
18.4.2025,4:24:47.066,27.260,35.934
18.4.2025,4:24:48.056,27.703,47.550
18.4.2025,4:24:49.052,26.947,40.486
18.4.2025,4:24:50.052,27.856,47.375
18.4.2025,4:24:51.055,27.288,44.188
18.4.2025,4:24:52.060,27.725,47.369
18.4.2025,4:24:53.060,27.519,51.544
18.4.2025,4:24:54.061,27.916,40.625
18.4.2025,4:24:55.059,27.402,52.795
18.4.2025,4:24:56.057,27.961,33.329
18.4.2025,4:24:57.058,27.392,49.261
18.4.2025,4:24:58.060,27.654,35.232
18.4.2025,4:24:59.060,27.276,48.038
18.4.2025,4:25:0.064,27.653,39.569
18.4.2025,4:25:1.062,29.711,47.667
18.4.2025,4:25:2.062,27.575,44.890
18.4.2025,4:25:3.065,27.553,53.178
18.4.2025,4:25:4.067,27.286,35.476
18.4.2025,4:25:5.068,27.686,50.537
18.4.2025,4:25:6.055,27.350,31.503
18.4.2025,4:25:7.053,27.858,48.426
18.4.2025,4:25:8.054,27.092,32.941
18.4.2025,4:25:9.052,27.865,47.697
18.4.2025,4:25:10.055,27.268,34.795
18.4.2025,4:25:11.056,27.787,47.839
18.4.2025,4:25:12.058,27.257,45.299
18.4.2025,4:25:13.061,27.837,47.410
18.4.2025,4:25:14.061,26.931,49.288
18.4.2025,4:25:15.064,27.995,51.616
18.4.2025,4:25:16.066,27.373,31.940
18.4.2025,4:25:17.065,27.664,48.003
18.4.2025,4:25:18.067,27.451,35.324
18.4.2025,4:25:19.066,28.031,47.443
18.4.2025,4:25:20.051,27.097,39.337
18.4.2025,4:25:21.066,27.477,47.345
18.4.2025,4:25:22.054,27.087,44.594
18.4.2025,4:25:23.055,27.927,47.572
18.4.2025,4:25:24.059,27.532,48.951
18.4.2025,4:25:25.061,28.079,45.932
18.4.2025,4:25:26.062,27.466,54.574
18.4.2025,4:25:27.064,27.839,38.054
18.4.2025,4:25:28.063,27.393,53.432
18.4.2025,4:25:29.067,27.644,33.544
18.4.2025,4:25:30.054,27.420,49.895
18.4.2025,4:25:31.055,27.769,34.308
18.4.2025,4:25:32.058,27.646,48.145
18.4.2025,4:25:33.055,27.585,46.119
18.4.2025,4:25:34.058,27.093,51.980
18.4.2025,4:25:35.059,27.837,41.461
18.4.2025,4:25:36.063,27.424,54.096
18.4.2025,4:25:37.063,27.424,39.999
18.4.2025,4:25:38.066,27.799,51.627
18.4.2025,4:25:39.065,27.629,33.007
18.4.2025,4:25:40.053,28.848,41.116
18.4.2025,4:25:41.053,29.273,37.233
