Date,Time,CPU All Power Consumption (W),GPU Power Consumption (W)
18.4.2025,1:45:15.742,12.147,3.615
18.4.2025,1:45:16.744,15.425,16.395
18.4.2025,1:45:17.744,24.238,46.321
18.4.2025,1:45:18.745,28.023,35.605
18.4.2025,1:45:19.745,28.496,50.244
18.4.2025,1:45:20.745,28.604,41.654
18.4.2025,1:45:21.743,27.743,45.490
18.4.2025,1:45:22.744,28.851,49.881
18.4.2025,1:45:23.748,30.134,46.599
18.4.2025,1:45:24.751,27.273,33.629
18.4.2025,1:45:25.753,27.850,37.435
18.4.2025,1:45:26.753,28.887,50.826
18.4.2025,1:45:27.755,26.908,46.492
18.4.2025,1:45:28.760,28.638,34.387
18.4.2025,1:45:29.760,27.852,49.897
18.4.2025,1:45:30.761,27.535,43.864
18.4.2025,1:45:31.755,27.553,40.542
18.4.2025,1:45:32.757,27.784,50.035
18.4.2025,1:45:33.762,27.304,41.791
18.4.2025,1:45:34.761,28.063,42.999
18.4.2025,1:45:35.759,27.900,48.837
18.4.2025,1:45:36.761,27.070,40.365
18.4.2025,1:45:37.761,27.685,40.112
18.4.2025,1:45:38.764,27.793,49.661
18.4.2025,1:45:39.764,28.327,44.004
18.4.2025,1:45:40.764,27.037,38.752
18.4.2025,1:45:41.763,28.291,50.213
18.4.2025,1:45:42.761,27.916,46.634
18.4.2025,1:45:43.764,27.464,36.760
18.4.2025,1:45:44.767,28.185,50.694
18.4.2025,1:45:45.766,28.158,46.122
18.4.2025,1:45:46.769,26.899,46.273
18.4.2025,1:45:47.769,28.055,35.623
18.4.2025,1:45:48.769,27.517,52.525
18.4.2025,1:45:49.768,27.070,46.666
18.4.2025,1:45:50.768,27.840,32.709
18.4.2025,1:45:51.768,27.900,52.181
18.4.2025,1:45:52.768,27.493,46.767
18.4.2025,1:45:53.769,27.832,29.961
18.4.2025,1:45:54.756,27.419,54.690
18.4.2025,1:45:55.771,28.053,48.464
18.4.2025,1:45:56.755,26.922,31.892
18.4.2025,1:45:57.771,28.490,50.944
18.4.2025,1:45:58.770,27.928,48.972
18.4.2025,1:45:59.758,27.493,37.287
18.4.2025,1:46:0.759,27.223,46.945
18.4.2025,1:46:1.762,27.607,48.759
18.4.2025,1:46:2.763,27.753,41.403
18.4.2025,1:46:3.766,26.588,44.786
18.4.2025,1:46:4.765,28.182,48.687
18.4.2025,1:46:5.767,27.110,39.878
18.4.2025,1:46:6.764,27.280,41.074
18.4.2025,1:46:7.767,30.241,37.147
18.4.2025,1:46:8.769,28.127,52.148
18.4.2025,1:46:9.769,27.387,46.890
18.4.2025,1:46:10.769,27.383,30.749
18.4.2025,1:46:11.769,27.740,54.624
18.4.2025,1:46:12.772,28.074,48.151
18.4.2025,1:46:13.771,27.038,34.228
18.4.2025,1:46:14.772,27.924,48.823
18.4.2025,1:46:15.773,27.254,48.671
18.4.2025,1:46:16.773,28.152,40.833
18.4.2025,1:46:17.772,26.779,42.934
18.4.2025,1:46:18.773,27.909,49.517
18.4.2025,1:46:19.777,27.266,44.647
18.4.2025,1:46:20.776,26.917,35.736
18.4.2025,1:46:21.781,27.436,36.882
18.4.2025,1:46:22.784,27.892,50.849
18.4.2025,1:46:23.786,27.486,46.219
18.4.2025,1:46:24.800,27.427,35.253
18.4.2025,1:46:25.788,27.514,52.248
18.4.2025,1:46:26.789,28.101,52.248
18.4.2025,1:46:27.791,26.967,47.694
18.4.2025,1:46:28.795,28.205,31.493
18.4.2025,1:46:29.795,28.248,54.054
18.4.2025,1:46:30.797,27.378,47.853
18.4.2025,1:46:31.799,32.305,32.305
18.4.2025,1:46:32.797,29.462,41.400
18.4.2025,1:46:33.802,29.648,52.823
18.4.2025,1:46:34.792,29.740,47.990
18.4.2025,1:46:35.795,27.836,38.563
18.4.2025,1:46:36.797,27.810,45.954
18.4.2025,1:46:37.797,28.224,49.569
18.4.2025,1:46:38.797,27.392,46.284
18.4.2025,1:46:39.799,28.558,33.003
18.4.2025,1:46:40.788,27.360,55.788
18.4.2025,1:46:41.789,27.959,47.930
18.4.2025,1:46:42.788,26.405,33.227
18.4.2025,1:46:43.792,27.868,51.905
18.4.2025,1:46:44.791,29.597,48.342
18.4.2025,1:46:45.791,27.301,42.583
18.4.2025,1:46:46.789,27.301,40.129
18.4.2025,1:46:47.788,29.625,53.990
18.4.2025,1:46:48.789,28.543,47.641
18.4.2025,1:46:49.790,27.253,32.221
18.4.2025,1:46:50.791,29.501,46.193
18.4.2025,1:46:51.795,29.414,49.380
18.4.2025,1:46:52.798,30.292,50.496
18.4.2025,1:46:53.797,29.325,47.162
18.4.2025,1:46:54.796,28.501,29.969
18.4.2025,1:46:55.798,28.754,51.941
18.4.2025,1:46:56.797,28.717,36.582
18.4.2025,1:46:57.799,30.255,37.603
18.4.2025,1:46:58.796,29.562,54.467
18.4.2025,1:46:59.799,31.013,49.304
18.4.2025,1:47:0.797,29.217,49.160
18.4.2025,1:47:1.800,29.420,46.062
18.4.2025,1:47:2.789,28.106,32.320
18.4.2025,1:47:3.790,27.131,55.842
18.4.2025,1:47:4.793,27.605,47.702
18.4.2025,1:47:5.792,27.514,34.712
18.4.2025,1:47:6.796,26.514,50.894
18.4.2025,1:47:7.798,28.204,48.354
18.4.2025,1:47:8.802,27.245,38.716
18.4.2025,1:47:9.800,27.752,45.361
18.4.2025,1:47:10.801,28.776,51.049
18.4.2025,1:47:11.804,27.700,54.691
18.4.2025,1:47:12.801,28.385,48.339
18.4.2025,1:47:13.801,28.625,34.741
18.4.2025,1:47:14.800,28.194,48.211
18.4.2025,1:47:15.798,27.909,48.700
18.4.2025,1:47:16.796,27.611,44.092
18.4.2025,1:47:17.797,27.115,37.063
18.4.2025,1:47:18.798,27.592,51.554
18.4.2025,1:47:19.801,27.910,46.933
18.4.2025,1:47:20.786,27.127,30.204
18.4.2025,1:47:21.800,27.758,54.092
18.4.2025,1:47:22.801,26.979,35.007
18.4.2025,1:47:23.800,27.742,46.464
18.4.2025,1:47:24.802,27.622,49.167
18.4.2025,1:47:25.800,31.088,46.154
18.4.2025,1:47:26.800,28.577,31.359
18.4.2025,1:47:27.800,30.375,47.564
18.4.2025,1:47:28.801,29.306,49.494
18.4.2025,1:47:29.801,29.188,46.855
18.4.2025,1:47:30.802,28.698,33.399
18.4.2025,1:47:31.802,27.223,37.410
18.4.2025,1:47:32.801,28.715,37.034
18.4.2025,1:47:33.801,27.388,46.203
18.4.2025,1:47:34.802,29.629,47.203
18.4.2025,1:47:35.801,27.198,32.019
18.4.2025,1:47:36.801,27.696,53.394
18.4.2025,1:47:37.801,27.438,48.228
18.4.2025,1:47:38.790,30.788,45.748
18.4.2025,1:47:39.787,28.380,30.000
18.4.2025,1:47:40.790,29.227,52.864
18.4.2025,1:47:41.789,29.578,48.768
18.4.2025,1:47:42.803,34.093,47.492
18.4.2025,1:47:43.801,31.360,34.514
18.4.2025,1:47:44.801,29.732,41.359
18.4.2025,1:47:45.801,29.518,55.433
18.4.2025,1:47:46.801,31.061,48.200
18.4.2025,1:47:47.788,31.437,45.000
18.4.2025,1:47:48.789,27.596,34.416
18.4.2025,1:47:49.792,26.792,53.630
18.4.2025,1:47:50.789,27.373,47.442
18.4.2025,1:47:51.791,27.719,31.940
18.4.2025,1:47:52.792,26.543,51.815
18.4.2025,1:47:53.793,27.343,48.261
18.4.2025,1:47:54.792,27.139,37.583
18.4.2025,1:47:55.792,27.873,46.487
18.4.2025,1:47:56.789,26.250,49.094
18.4.2025,1:47:57.790,27.931,45.855
18.4.2025,1:47:58.793,27.632,35.266
18.4.2025,1:47:59.793,26.693,54.190
18.4.2025,1:48:0.791,27.471,47.958
18.4.2025,1:48:1.790,27.718,33.891
18.4.2025,1:48:2.791,27.115,51.117
18.4.2025,1:48:3.794,26.411,48.913
18.4.2025,1:48:4.793,27.059,48.281
18.4.2025,1:48:5.790,27.848,42.343
18.4.2025,1:48:6.793,26.303,40.383
18.4.2025,1:48:7.791,27.821,49.986
18.4.2025,1:48:8.792,27.071,45.757
18.4.2025,1:48:9.791,27.395,28.887
18.4.2025,1:48:10.791,26.475,55.785
18.4.2025,1:48:11.789,27.051,48.007
18.4.2025,1:48:12.794,26.890,39.196
18.4.2025,1:48:13.794,26.705,43.549
18.4.2025,1:48:14.794,27.503,48.965
18.4.2025,1:48:15.793,30.023,46.169
18.4.2025,1:48:16.795,27.889,30.412
18.4.2025,1:48:17.800,26.285,54.946
18.4.2025,1:48:18.803,28.109,48.319
18.4.2025,1:48:19.802,27.047,37.583
18.4.2025,1:48:20.788,26.899,44.881
18.4.2025,1:48:21.801,26.976,49.078
18.4.2025,1:48:22.789,27.580,46.586
18.4.2025,1:48:23.792,27.880,32.305
18.4.2025,1:48:24.791,26.681,54.712
18.4.2025,1:48:25.793,27.065,48.100
18.4.2025,1:48:26.794,27.505,34.927
18.4.2025,1:48:27.797,26.953,36.622
18.4.2025,1:48:28.795,27.257,47.517
18.4.2025,1:48:29.798,29.418,39.279
18.4.2025,1:48:30.798,29.779,35.446
18.4.2025,1:48:31.786,29.212,41.635
18.4.2025,1:48:32.789,28.213,32.160
18.4.2025,1:48:33.787,25.938,53.636
18.4.2025,1:48:34.790,27.919,48.308
18.4.2025,1:48:35.788,27.247,39.383
18.4.2025,1:48:36.792,27.967,39.718
18.4.2025,1:48:37.791,26.796,52.432
18.4.2025,1:48:38.794,27.635,47.076
18.4.2025,1:48:39.794,26.992,32.454
18.4.2025,1:48:40.797,27.418,36.688
18.4.2025,1:48:41.797,26.473,48.648
18.4.2025,1:48:42.798,27.527,43.876
18.4.2025,1:48:43.802,27.476,33.893
18.4.2025,1:48:44.787,26.742,31.107
18.4.2025,1:48:45.801,27.530,53.403
18.4.2025,1:48:46.789,27.156,48.231
18.4.2025,1:48:47.794,29.366,42.780
18.4.2025,1:48:48.795,26.683,35.524
18.4.2025,1:48:49.795,27.585,52.972
18.4.2025,1:48:50.799,27.167,47.253
18.4.2025,1:48:51.800,27.800,32.498
18.4.2025,1:48:52.802,25.927,52.354
18.4.2025,1:48:53.788,27.544,52.354
18.4.2025,1:48:54.789,27.006,48.648
18.4.2025,1:48:55.791,27.357,41.292
18.4.2025,1:48:56.788,25.749,37.846
18.4.2025,1:48:57.789,27.722,51.330
18.4.2025,1:48:58.792,26.953,46.693
18.4.2025,1:48:59.796,29.450,33.452
18.4.2025,1:49:0.797,26.458,51.780
18.4.2025,1:49:1.797,27.678,51.717
18.4.2025,1:49:2.802,27.308,48.570
18.4.2025,1:49:3.799,26.848,41.508
18.4.2025,1:49:4.799,27.065,35.763
18.4.2025,1:49:5.799,27.450,54.293
18.4.2025,1:49:6.801,28.356,48.507
18.4.2025,1:49:7.801,28.878,37.599
18.4.2025,1:49:8.802,28.260,35.868
18.4.2025,1:49:9.790,30.247,51.413
18.4.2025,1:49:10.789,28.079,48.196
18.4.2025,1:49:11.792,28.356,35.112
18.4.2025,1:49:12.793,27.755,39.500
18.4.2025,1:49:13.793,29.243,54.544
18.4.2025,1:49:14.790,28.242,47.849
18.4.2025,1:49:15.791,26.808,39.316
18.4.2025,1:49:16.798,30.159,43.903
18.4.2025,1:49:17.795,31.103,29.029
18.4.2025,1:49:18.800,28.529,50.234
18.4.2025,1:49:19.802,27.342,48.609
18.4.2025,1:49:20.790,27.347,44.492
18.4.2025,1:49:21.789,27.174,33.604
18.4.2025,1:49:22.788,27.502,55.802
18.4.2025,1:49:23.789,26.993,48.786
18.4.2025,1:49:24.787,26.778,37.129
18.4.2025,1:49:25.788,26.778,44.839
18.4.2025,1:49:26.788,27.444,48.962
18.4.2025,1:49:27.787,26.937,46.042
18.4.2025,1:49:28.801,27.733,34.975
18.4.2025,1:49:29.789,26.119,55.186
18.4.2025,1:49:30.792,31.528,48.604
18.4.2025,1:49:31.790,29.717,45.954
18.4.2025,1:49:32.788,28.660,30.688
18.4.2025,1:49:33.792,25.976,53.403
18.4.2025,1:49:34.794,27.527,48.634
18.4.2025,1:49:35.794,26.664,38.043
18.4.2025,1:49:36.794,27.028,41.639
18.4.2025,1:49:37.796,26.135,35.422
18.4.2025,1:49:38.796,27.537,52.926
18.4.2025,1:49:39.796,27.069,48.043
18.4.2025,1:49:40.801,26.427,34.084
18.4.2025,1:49:41.788,26.630,50.529
18.4.2025,1:49:42.801,27.289,48.504
18.4.2025,1:49:43.791,26.760,42.170
18.4.2025,1:49:44.792,26.712,38.245
18.4.2025,1:49:45.791,26.815,52.555
18.4.2025,1:49:46.791,27.114,47.170
18.4.2025,1:49:47.793,26.378,31.768
18.4.2025,1:49:48.794,27.056,53.282
18.4.2025,1:49:49.795,27.331,48.210
18.4.2025,1:49:50.800,26.920,40.080
18.4.2025,1:49:51.802,26.604,41.867
18.4.2025,1:49:52.792,26.913,49.468
18.4.2025,1:49:53.792,27.327,46.171
18.4.2025,1:49:54.791,25.928,33.827
18.4.2025,1:49:55.791,27.621,55.775
18.4.2025,1:49:56.791,26.762,48.307
18.4.2025,1:49:57.792,27.577,35.545
18.4.2025,1:49:58.791,26.044,37.787
18.4.2025,1:49:59.794,27.696,41.533
18.4.2025,1:50:0.799,27.016,49.432
18.4.2025,1:50:1.801,26.658,46.777
18.4.2025,1:50:2.787,26.643,32.134
18.4.2025,1:50:3.787,27.194,56.763
18.4.2025,1:50:4.788,26.587,47.519
18.4.2025,1:50:5.788,26.750,34.685
18.4.2025,1:50:6.791,26.951,48.119
18.4.2025,1:50:7.791,27.142,48.501
18.4.2025,1:50:8.793,26.333,43.911
18.4.2025,1:50:9.795,26.688,35.359
18.4.2025,1:50:10.797,26.921,53.798
18.4.2025,1:50:11.801,27.220,53.332
18.4.2025,1:50:12.787,26.080,48.005
18.4.2025,1:50:13.791,26.794,32.961
18.4.2025,1:50:14.792,27.534,50.468
18.4.2025,1:50:15.792,26.875,48.579
18.4.2025,1:50:16.792,27.287,45.606
18.4.2025,1:50:17.796,26.537,33.295
18.4.2025,1:50:18.797,27.509,55.598
18.4.2025,1:50:19.800,26.823,47.859
18.4.2025,1:50:20.796,26.320,37.561
18.4.2025,1:50:21.797,27.053,45.770
18.4.2025,1:50:22.800,27.157,50.194
18.4.2025,1:50:23.788,26.922,46.974
18.4.2025,1:50:24.789,26.549,47.799
18.4.2025,1:50:25.790,26.961,32.142
18.4.2025,1:50:26.793,27.621,52.854
18.4.2025,1:50:27.793,26.482,48.039
18.4.2025,1:50:28.795,26.458,41.860
18.4.2025,1:50:29.796,26.822,38.517
18.4.2025,1:50:30.796,27.225,50.500
18.4.2025,1:50:31.794,26.223,46.570
18.4.2025,1:50:32.797,26.995,29.856
18.4.2025,1:50:33.800,26.876,55.220
18.4.2025,1:50:34.799,27.288,48.276
18.4.2025,1:50:35.797,25.859,37.004
18.4.2025,1:50:36.797,27.395,40.887
18.4.2025,1:50:37.799,27.506,50.034
18.4.2025,1:50:38.787,26.818,46.244
18.4.2025,1:50:39.788,26.145,31.668
18.4.2025,1:50:40.787,26.965,31.076
18.4.2025,1:50:41.791,27.072,53.281
18.4.2025,1:50:42.793,26.339,48.715
18.4.2025,1:50:43.790,27.186,38.203
18.4.2025,1:50:44.788,26.677,48.942
18.4.2025,1:50:45.788,27.351,50.729
18.4.2025,1:50:46.794,26.068,46.402
18.4.2025,1:50:47.796,27.344,33.307
18.4.2025,1:50:48.799,26.598,55.492
18.4.2025,1:50:49.800,26.665,47.967
18.4.2025,1:50:50.794,26.335,37.370
18.4.2025,1:50:51.801,29.634,42.558
18.4.2025,1:50:52.801,26.760,49.546
18.4.2025,1:50:53.800,26.506,46.315
18.4.2025,1:50:54.787,27.684,29.053
18.4.2025,1:50:55.788,27.417,53.606
18.4.2025,1:50:56.791,26.890,47.882
18.4.2025,1:50:57.792,27.061,38.039
18.4.2025,1:50:58.792,26.866,42.142
18.4.2025,1:50:59.791,27.620,49.815
18.4.2025,1:51:0.791,26.152,45.864
18.4.2025,1:51:1.792,27.023,29.074
18.4.2025,1:51:2.794,27.367,53.160
18.4.2025,1:51:3.793,27.355,48.320
18.4.2025,1:51:4.797,25.983,38.227
18.4.2025,1:51:5.798,26.884,43.543
18.4.2025,1:51:6.801,27.247,37.156
18.4.2025,1:51:7.789,26.918,46.709
18.4.2025,1:51:8.790,26.903,47.439
18.4.2025,1:51:9.793,26.861,32.038
18.4.2025,1:51:10.793,27.330,52.522
18.4.2025,1:51:11.796,27.061,48.103
18.4.2025,1:51:12.796,26.419,39.965
18.4.2025,1:51:13.795,26.677,40.441
18.4.2025,1:51:14.798,27.453,49.972
18.4.2025,1:51:15.800,26.727,46.910
18.4.2025,1:51:16.799,26.250,30.488
18.4.2025,1:51:17.799,26.942,51.961
18.4.2025,1:51:18.789,27.003,48.608
18.4.2025,1:51:19.790,26.076,40.099
18.4.2025,1:51:20.788,28.072,41.576
18.4.2025,1:51:21.790,26.794,40.100
18.4.2025,1:51:22.789,27.135,49.707
18.4.2025,1:51:23.790,26.437,46.832
18.4.2025,1:51:24.794,27.468,33.401
18.4.2025,1:51:25.791,26.867,54.119
18.4.2025,1:51:26.789,25.921,47.925
18.4.2025,1:51:27.792,27.770,37.161
18.4.2025,1:51:28.795,26.970,45.984
18.4.2025,1:51:29.798,27.739,48.444
18.4.2025,1:51:30.798,26.931,46.050
18.4.2025,1:51:31.801,27.474,34.877
18.4.2025,1:51:32.801,26.816,53.752
18.4.2025,1:51:33.800,26.930,47.639
18.4.2025,1:51:34.790,26.443,36.073
18.4.2025,1:51:35.792,27.690,45.989
18.4.2025,1:51:36.791,27.063,48.751
18.4.2025,1:51:37.791,26.427,43.652
18.4.2025,1:51:38.792,27.238,38.786
18.4.2025,1:51:39.792,27.461,50.663
18.4.2025,1:51:40.796,26.883,47.389
18.4.2025,1:51:41.795,26.695,31.986
18.4.2025,1:51:42.799,27.045,49.745
18.4.2025,1:51:43.796,27.098,48.544
18.4.2025,1:51:44.799,29.242,37.403
18.4.2025,1:51:45.799,29.709,41.026
18.4.2025,1:51:46.801,29.040,45.093
18.4.2025,1:51:47.802,29.606,49.036
18.4.2025,1:51:48.802,26.954,31.896
18.4.2025,1:51:49.800,27.128,54.278
18.4.2025,1:51:50.801,26.908,48.253
18.4.2025,1:51:51.802,26.214,36.757
18.4.2025,1:51:52.787,27.500,46.400
18.4.2025,1:51:53.788,26.615,49.517
18.4.2025,1:51:54.788,26.707,46.136
18.4.2025,1:51:55.800,27.189,31.604
18.4.2025,1:51:56.801,27.550,53.864
18.4.2025,1:51:57.802,26.819,48.245
18.4.2025,1:51:58.802,26.429,38.033
18.4.2025,1:51:59.786,26.810,42.534
18.4.2025,1:52:0.787,27.458,49.336
18.4.2025,1:52:1.792,27.023,46.889
18.4.2025,1:52:2.791,26.750,35.569
18.4.2025,1:52:3.789,26.800,55.957
18.4.2025,1:52:4.790,27.392,55.957
18.4.2025,1:52:5.792,26.842,48.848
18.4.2025,1:52:6.789,26.485,38.331
18.4.2025,1:52:7.792,27.028,38.333
18.4.2025,1:52:8.796,27.694,50.974
18.4.2025,1:52:9.794,26.013,46.740
18.4.2025,1:52:10.796,26.447,32.870
18.4.2025,1:52:11.798,26.964,47.609
18.4.2025,1:52:12.797,27.111,49.919
18.4.2025,1:52:13.797,26.836,46.556
18.4.2025,1:52:14.799,26.600,31.290
18.4.2025,1:52:15.802,26.774,52.365
18.4.2025,1:52:16.800,27.133,47.938
18.4.2025,1:52:17.801,25.999,38.439
18.4.2025,1:52:18.801,25.999,43.983
18.4.2025,1:52:19.801,27.519,35.747
18.4.2025,1:52:20.788,26.377,53.545
18.4.2025,1:52:21.787,26.877,46.957
18.4.2025,1:52:22.789,26.274,33.741
18.4.2025,1:52:23.787,26.951,46.780
18.4.2025,1:52:24.790,27.071,48.371
18.4.2025,1:52:25.793,26.939,42.031
18.4.2025,1:52:26.794,28.574,38.941
18.4.2025,1:52:27.793,26.782,53.629
18.4.2025,1:52:28.793,27.420,47.842
18.4.2025,1:52:29.795,26.678,34.535
18.4.2025,1:52:30.797,27.094,49.475
18.4.2025,1:52:31.795,26.418,48.687
18.4.2025,1:52:32.794,27.126,42.308
18.4.2025,1:52:33.794,26.176,36.935
18.4.2025,1:52:34.792,27.146,51.914
18.4.2025,1:52:35.793,26.895,47.916
18.4.2025,1:52:36.797,26.519,32.313
18.4.2025,1:52:37.800,26.059,50.347
18.4.2025,1:52:38.790,27.730,48.684
18.4.2025,1:52:39.789,26.610,44.262
18.4.2025,1:52:40.787,26.652,36.758
18.4.2025,1:52:41.789,26.096,54.651
18.4.2025,1:52:42.789,27.181,48.107
18.4.2025,1:52:43.801,26.739,36.377
18.4.2025,1:52:44.786,26.051,46.019
18.4.2025,1:52:45.789,26.946,48.908
18.4.2025,1:52:46.790,27.397,46.290
18.4.2025,1:52:47.794,26.972,38.201
18.4.2025,1:52:48.797,26.810,53.491
18.4.2025,1:52:49.796,27.119,53.573
18.4.2025,1:52:50.801,27.280,48.217
18.4.2025,1:52:51.787,26.970,40.553
18.4.2025,1:52:52.791,26.385,43.996
18.4.2025,1:52:53.796,27.323,48.972
18.4.2025,1:52:54.795,26.976,46.266
18.4.2025,1:52:55.796,27.039,31.116
18.4.2025,1:52:56.801,25.970,54.520
18.4.2025,1:52:57.802,27.224,48.048
18.4.2025,1:52:58.801,27.115,37.011
18.4.2025,1:52:59.788,26.522,44.244
18.4.2025,1:53:0.790,26.584,49.260
18.4.2025,1:53:1.790,27.440,46.977
18.4.2025,1:53:2.792,26.593,29.328
18.4.2025,1:53:3.792,27.215,33.920
18.4.2025,1:53:4.794,26.938,46.387
18.4.2025,1:53:5.794,27.141,49.145
18.4.2025,1:53:6.797,26.553,45.621
18.4.2025,1:53:7.795,26.498,35.176
18.4.2025,1:53:8.796,26.918,54.928
18.4.2025,1:53:9.793,27.302,47.349
18.4.2025,1:53:10.794,26.482,33.252
18.4.2025,1:53:11.794,26.824,48.124
18.4.2025,1:53:12.796,27.265,48.854
18.4.2025,1:53:13.796,27.287,45.296
18.4.2025,1:53:14.800,26.061,35.299
18.4.2025,1:53:15.799,27.384,52.538
18.4.2025,1:53:16.801,26.799,47.473
18.4.2025,1:53:17.788,27.193,35.054
18.4.2025,1:53:18.790,26.029,42.868
18.4.2025,1:53:19.788,27.062,49.402
18.4.2025,1:53:20.788,26.895,46.087
18.4.2025,1:53:21.789,27.071,30.745
18.4.2025,1:53:22.789,26.857,52.979
18.4.2025,1:53:23.788,33.625,49.292
18.4.2025,1:53:24.788,28.155,46.057
18.4.2025,1:53:25.803,32.312,32.328
18.4.2025,1:53:26.788,34.579,41.031
18.4.2025,1:53:27.789,33.898,27.540
18.4.2025,1:53:28.791,33.392,49.768
18.4.2025,1:53:29.791,29.611,49.049
18.4.2025,1:53:30.794,27.449,46.059
18.4.2025,1:53:31.792,25.915,33.499
18.4.2025,1:53:32.792,27.616,57.020
18.4.2025,1:53:33.791,26.839,47.988
18.4.2025,1:53:34.791,27.114,37.281
18.4.2025,1:53:35.791,25.612,46.177
18.4.2025,1:53:36.794,27.504,48.748
18.4.2025,1:53:37.798,26.829,44.680
18.4.2025,1:53:38.787,26.808,36.597
18.4.2025,1:53:39.788,26.181,53.529
18.4.2025,1:53:40.789,27.691,48.439
18.4.2025,1:53:41.789,26.685,48.033
18.4.2025,1:53:42.787,26.897,49.557
18.4.2025,1:53:43.801,26.621,48.674
18.4.2025,1:53:44.803,27.351,48.720
18.4.2025,1:53:45.801,26.930,45.955
18.4.2025,1:53:46.801,26.613,32.195
18.4.2025,1:53:47.787,26.901,54.111
18.4.2025,1:53:48.790,27.311,48.328
18.4.2025,1:53:49.788,26.869,38.195
18.4.2025,1:53:50.789,26.220,43.270
18.4.2025,1:53:51.790,27.591,49.326
18.4.2025,1:53:52.792,27.432,46.599
18.4.2025,1:53:53.795,27.095,34.195
18.4.2025,1:53:54.794,26.224,53.628
18.4.2025,1:53:55.795,27.485,47.820
18.4.2025,1:53:56.794,26.677,35.741
18.4.2025,1:53:57.793,26.867,44.764
18.4.2025,1:53:58.795,26.927,37.916
18.4.2025,1:53:59.795,30.462,55.016
18.4.2025,1:54:0.798,27.746,48.040
18.4.2025,1:54:1.798,28.025,40.900
18.4.2025,1:54:2.797,26.205,36.875
18.4.2025,1:54:3.796,27.439,51.859
18.4.2025,1:54:4.792,26.275,47.380
18.4.2025,1:54:5.795,26.661,34.360
18.4.2025,1:54:6.794,26.035,49.046
18.4.2025,1:54:7.793,27.534,48.944
18.4.2025,1:54:8.794,26.983,43.503
18.4.2025,1:54:9.793,26.283,36.945
18.4.2025,1:54:10.794,26.893,51.726
18.4.2025,1:54:11.797,27.152,47.582
18.4.2025,1:54:12.797,26.410,32.263
18.4.2025,1:54:13.800,26.684,32.692
18.4.2025,1:54:14.788,26.876,49.219
18.4.2025,1:54:15.788,27.305,48.490
18.4.2025,1:54:16.788,26.033,39.339
18.4.2025,1:54:17.790,27.254,39.235
18.4.2025,1:54:18.792,26.807,52.360
18.4.2025,1:54:19.788,27.055,47.649
18.4.2025,1:54:20.788,26.775,32.950
18.4.2025,1:54:21.788,26.856,51.077
18.4.2025,1:54:22.801,27.292,48.662
18.4.2025,1:54:23.788,27.104,43.540
18.4.2025,1:54:24.788,26.668,41.922
18.4.2025,1:54:25.789,27.384,53.254
18.4.2025,1:54:26.791,27.578,47.253
18.4.2025,1:54:27.794,26.105,32.006
18.4.2025,1:54:28.795,27.167,52.524
18.4.2025,1:54:29.792,26.806,48.078
18.4.2025,1:54:30.795,27.480,39.995
18.4.2025,1:54:31.798,25.976,43.902
18.4.2025,1:54:32.800,27.215,41.123
18.4.2025,1:54:33.802,26.771,46.111
18.4.2025,1:54:34.800,27.575,29.983
18.4.2025,1:54:35.800,26.814,51.877
18.4.2025,1:54:36.798,27.626,48.438
18.4.2025,1:54:37.826,27.125,38.496
18.4.2025,1:54:38.796,26.758,38.445
18.4.2025,1:54:39.794,26.610,30.864
18.4.2025,1:54:40.796,27.178,51.860
18.4.2025,1:54:41.801,27.419,38.451
18.4.2025,1:54:42.801,34.452,47.407
18.4.2025,1:54:43.798,27.481,39.374
18.4.2025,1:54:44.797,27.245,38.699
18.4.2025,1:54:45.799,31.384,48.390
18.4.2025,1:54:46.803,29.684,49.398
18.4.2025,1:54:47.787,28.015,46.992
18.4.2025,1:54:48.789,25.881,46.992
18.4.2025,1:54:49.804,27.328,31.128
18.4.2025,1:54:50.804,26.389,47.900
18.4.2025,1:54:51.806,27.201,48.403
18.4.2025,1:54:52.810,26.007,42.733
18.4.2025,1:54:53.810,27.233,39.614
18.4.2025,1:54:54.810,26.568,50.075
18.4.2025,1:54:55.810,26.720,47.255
18.4.2025,1:54:56.812,26.270,30.047
18.4.2025,1:54:57.810,27.165,53.479
18.4.2025,1:54:58.809,26.769,48.941
18.4.2025,1:54:59.814,26.715,38.983
18.4.2025,1:55:0.815,27.122,41.957
18.4.2025,1:55:1.816,29.587,34.978
18.4.2025,1:55:2.803,29.013,31.700
18.4.2025,1:55:3.818,29.541,34.245
18.4.2025,1:55:4.817,27.685,42.832
18.4.2025,1:55:5.804,26.804,32.240
18.4.2025,1:55:6.806,26.846,54.371
18.4.2025,1:55:7.805,27.239,47.859
18.4.2025,1:55:8.809,26.608,48.046
18.4.2025,1:55:9.812,26.282,43.966
18.4.2025,1:55:10.811,26.560,35.684
18.4.2025,1:55:11.814,27.179,54.737
18.4.2025,1:55:12.814,27.179,47.881
18.4.2025,1:55:13.817,26.143,36.707
18.4.2025,1:55:14.812,27.098,43.855
18.4.2025,1:55:15.815,26.771,49.275
18.4.2025,1:55:16.816,26.609,46.173
18.4.2025,1:55:17.802,26.237,29.094
18.4.2025,1:55:18.806,26.722,53.572
18.4.2025,1:55:19.811,27.141,48.149
18.4.2025,1:55:20.810,26.852,48.811
18.4.2025,1:55:21.811,26.656,39.488
18.4.2025,1:55:22.810,26.516,41.738
18.4.2025,1:55:23.814,28.646,51.169
18.4.2025,1:55:24.815,27.058,46.759
18.4.2025,1:55:25.818,26.809,31.228
18.4.2025,1:55:26.803,26.882,50.874
18.4.2025,1:55:27.806,27.215,48.682
18.4.2025,1:55:28.807,26.842,43.139
18.4.2025,1:55:29.808,26.383,34.679
18.4.2025,1:55:30.806,27.226,52.937
18.4.2025,1:55:31.806,27.387,47.556
18.4.2025,1:55:32.808,25.697,32.991
18.4.2025,1:55:33.809,26.807,47.275
18.4.2025,1:55:34.806,28.182,49.422
18.4.2025,1:55:35.814,27.526,46.740
18.4.2025,1:55:36.817,26.411,29.993
18.4.2025,1:55:37.815,26.367,53.588
18.4.2025,1:55:38.819,27.089,49.537
18.4.2025,1:55:39.804,26.816,48.628
18.4.2025,1:55:40.805,26.660,43.847
18.4.2025,1:55:41.808,26.700,35.019
18.4.2025,1:55:42.811,27.108,53.522
18.4.2025,1:55:43.812,26.356,47.932
18.4.2025,1:55:44.813,26.518,35.215
18.4.2025,1:55:45.813,26.510,47.142
18.4.2025,1:55:46.818,27.497,48.605
18.4.2025,1:55:47.816,26.765,44.250
18.4.2025,1:55:48.817,26.526,35.650
18.4.2025,1:55:49.816,26.809,53.747
18.4.2025,1:55:50.815,27.123,47.902
18.4.2025,1:55:51.816,25.894,32.999
18.4.2025,1:55:52.816,27.099,49.237
18.4.2025,1:55:53.816,26.649,48.630
18.4.2025,1:55:54.806,26.949,43.926
18.4.2025,1:55:55.809,26.056,37.640
18.4.2025,1:55:56.812,27.204,51.864
18.4.2025,1:55:57.814,26.551,47.217
18.4.2025,1:55:58.817,26.981,47.840
18.4.2025,1:55:59.805,26.524,33.689
18.4.2025,1:56:0.810,27.368,49.062
18.4.2025,1:56:1.811,26.913,48.758
18.4.2025,1:56:2.814,26.375,45.824
18.4.2025,1:56:3.811,26.167,30.007
18.4.2025,1:56:4.814,26.703,55.767
18.4.2025,1:56:5.814,27.351,48.013
18.4.2025,1:56:6.814,26.358,35.078
18.4.2025,1:56:7.809,26.925,46.210
18.4.2025,1:56:8.814,26.808,48.549
18.4.2025,1:56:9.817,27.199,45.613
18.4.2025,1:56:10.817,25.721,38.689
18.4.2025,1:56:11.817,27.430,50.745
18.4.2025,1:56:12.816,26.685,47.259
18.4.2025,1:56:13.813,26.425,32.242
18.4.2025,1:56:14.814,26.507,53.206
18.4.2025,1:56:15.817,27.013,48.184
18.4.2025,1:56:16.816,26.679,39.373
18.4.2025,1:56:17.804,26.253,41.434
18.4.2025,1:56:18.806,26.977,37.557
18.4.2025,1:56:19.808,27.232,51.126
18.4.2025,1:56:20.805,26.398,46.598
18.4.2025,1:56:21.809,26.526,31.511
18.4.2025,1:56:22.808,26.768,49.506
18.4.2025,1:56:23.807,27.385,48.041
18.4.2025,1:56:24.807,26.146,42.052
18.4.2025,1:56:25.805,27.254,37.668
18.4.2025,1:56:26.805,26.512,51.772
18.4.2025,1:56:27.803,27.391,47.640
18.4.2025,1:56:28.805,25.842,32.277
18.4.2025,1:56:29.806,27.328,50.960
18.4.2025,1:56:30.806,27.577,48.486
18.4.2025,1:56:31.808,26.582,42.748
18.4.2025,1:56:32.805,26.317,35.698
18.4.2025,1:56:33.810,28.261,52.486
18.4.2025,1:56:34.807,27.485,47.545
18.4.2025,1:56:35.806,25.739,31.798
18.4.2025,1:56:36.807,27.283,53.384
18.4.2025,1:56:37.808,26.634,48.227
18.4.2025,1:56:38.807,26.700,38.899
18.4.2025,1:56:39.811,26.206,41.201
18.4.2025,1:56:40.810,27.030,52.897
18.4.2025,1:56:41.810,26.929,47.644
18.4.2025,1:56:42.811,26.656,48.253
18.4.2025,1:56:43.812,26.220,36.971
18.4.2025,1:56:44.813,27.140,45.454
18.4.2025,1:56:45.814,26.380,49.385
18.4.2025,1:56:46.816,26.556,46.260
18.4.2025,1:56:47.803,26.522,31.878
18.4.2025,1:56:48.804,27.090,52.526
18.4.2025,1:56:49.805,26.682,48.514
18.4.2025,1:56:50.805,26.145,39.604
18.4.2025,1:56:51.807,26.847,40.816
18.4.2025,1:56:52.809,26.990,49.805
18.4.2025,1:56:53.814,26.674,37.598
18.4.2025,1:56:54.815,26.283,34.556
18.4.2025,1:56:55.815,26.742,48.084
18.4.2025,1:56:56.814,27.413,48.524
18.4.2025,1:56:57.813,26.595,43.539
18.4.2025,1:56:58.817,26.235,35.035
18.4.2025,1:56:59.803,26.692,56.584
18.4.2025,1:57:0.807,26.653,50.980
18.4.2025,1:57:1.809,27.271,48.411
18.4.2025,1:57:2.812,25.860,41.412
18.4.2025,1:57:3.814,27.074,40.323
18.4.2025,1:57:4.815,26.658,49.881
18.4.2025,1:57:5.811,26.653,46.349
18.4.2025,1:57:6.814,26.731,32.298
18.4.2025,1:57:7.813,26.887,56.582
18.4.2025,1:57:8.816,29.473,48.023
18.4.2025,1:57:9.805,26.345,38.975
18.4.2025,1:57:10.803,26.882,40.475
18.4.2025,1:57:11.805,27.286,49.620
18.4.2025,1:57:12.804,26.401,47.032
18.4.2025,1:57:13.803,26.463,31.889
18.4.2025,1:57:14.803,26.712,56.611
18.4.2025,1:57:15.806,26.992,48.248
18.4.2025,1:57:16.804,25.885,38.388
18.4.2025,1:57:17.807,27.318,39.777
18.4.2025,1:57:18.812,27.261,50.108
18.4.2025,1:57:19.811,27.002,46.693
18.4.2025,1:57:20.808,26.180,30.982
18.4.2025,1:57:21.807,27.255,56.211
18.4.2025,1:57:22.810,26.600,47.987
18.4.2025,1:57:23.814,26.853,48.497
18.4.2025,1:57:24.817,26.506,40.692
18.4.2025,1:57:25.818,27.372,39.224
18.4.2025,1:57:26.803,26.793,49.782
18.4.2025,1:57:27.817,26.637,46.387
18.4.2025,1:57:28.816,26.893,32.135
18.4.2025,1:57:29.817,27.292,55.734
18.4.2025,1:57:30.816,26.610,48.215
18.4.2025,1:57:31.817,26.393,36.104
18.4.2025,1:57:32.804,27.465,45.077
18.4.2025,1:57:33.818,26.522,48.783
18.4.2025,1:57:34.817,26.316,45.394
18.4.2025,1:57:35.804,26.757,32.675
18.4.2025,1:57:36.803,27.585,53.724
18.4.2025,1:57:37.804,26.887,47.739
18.4.2025,1:57:38.803,30.607,40.659
18.4.2025,1:57:39.817,26.558,40.726
18.4.2025,1:57:40.806,27.264,50.861
18.4.2025,1:57:41.804,26.461,47.204
18.4.2025,1:57:42.803,26.146,34.043
18.4.2025,1:57:43.816,26.724,49.388
18.4.2025,1:57:44.816,27.143,48.150
18.4.2025,1:57:45.816,26.587,42.883
18.4.2025,1:57:46.815,26.581,42.883
18.4.2025,1:57:47.812,26.514,36.420
18.4.2025,1:57:48.813,27.180,55.131
18.4.2025,1:57:49.811,25.733,47.412
18.4.2025,1:57:50.811,25.733,32.970
18.4.2025,1:57:51.810,27.657,48.698
18.4.2025,1:57:52.809,26.718,48.107
18.4.2025,1:57:53.811,27.028,42.365
18.4.2025,1:57:54.810,26.248,46.420
18.4.2025,1:57:55.809,27.547,32.090
18.4.2025,1:57:56.812,26.454,55.674
18.4.2025,1:57:57.812,26.366,48.512
18.4.2025,1:57:58.810,26.465,38.106
18.4.2025,1:57:59.811,26.963,42.200
18.4.2025,1:58:0.814,27.127,49.164
18.4.2025,1:58:1.816,25.680,46.355
18.4.2025,1:58:2.802,27.126,31.315
18.4.2025,1:58:3.806,26.786,54.739
18.4.2025,1:58:4.806,26.985,48.553
18.4.2025,1:58:5.808,25.979,35.000
18.4.2025,1:58:6.809,27.472,47.603
18.4.2025,1:58:7.811,26.749,41.867
18.4.2025,1:58:8.811,26.601,49.250
18.4.2025,1:58:9.808,26.842,46.854
18.4.2025,1:58:10.810,27.077,36.275
18.4.2025,1:58:11.811,26.577,54.144
18.4.2025,1:58:12.811,26.612,48.467
18.4.2025,1:58:13.812,26.971,39.751
18.4.2025,1:58:14.813,27.106,39.669
18.4.2025,1:58:15.818,26.389,49.701
18.4.2025,1:58:16.805,25.912,46.582
18.4.2025,1:58:17.805,27.647,36.116
18.4.2025,1:58:18.806,29.407,43.243
18.4.2025,1:58:19.808,29.296,47.706
18.4.2025,1:58:20.805,29.357,42.141
18.4.2025,1:58:21.808,26.852,46.942
18.4.2025,1:58:22.809,26.490,29.841
18.4.2025,1:58:23.810,26.710,31.911
18.4.2025,1:58:24.810,27.031,48.522
18.4.2025,1:58:25.809,25.516,39.078
18.4.2025,1:58:26.811,27.572,41.727
18.4.2025,1:58:27.811,26.730,40.359
18.4.2025,1:58:28.811,26.940,49.836
18.4.2025,1:58:29.814,25.960,46.862
18.4.2025,1:58:30.815,26.733,31.636
18.4.2025,1:58:31.814,26.830,56.027
18.4.2025,1:58:32.813,26.215,48.249
18.4.2025,1:58:33.813,27.116,40.685
18.4.2025,1:58:34.811,26.499,39.292
18.4.2025,1:58:35.813,27.323,50.275
18.4.2025,1:58:36.813,25.765,47.030
18.4.2025,1:58:37.814,27.297,31.840
18.4.2025,1:58:38.812,26.505,50.765
18.4.2025,1:58:39.813,27.567,48.011
18.4.2025,1:58:40.813,25.771,41.083
18.4.2025,1:58:41.812,27.283,38.639
18.4.2025,1:58:42.812,26.536,50.852
18.4.2025,1:58:43.813,29.156,47.786
18.4.2025,1:58:44.814,26.168,34.538
18.4.2025,1:58:45.818,27.325,47.477
18.4.2025,1:58:46.816,26.557,48.431
18.4.2025,1:58:47.804,26.784,44.855
18.4.2025,1:58:48.809,26.277,46.251
18.4.2025,1:58:49.807,27.147,30.284
18.4.2025,1:58:50.810,26.889,54.695
18.4.2025,1:58:51.811,26.436,48.259
18.4.2025,1:58:52.812,26.401,39.753
18.4.2025,1:58:53.803,26.796,35.885
18.4.2025,1:58:54.816,26.328,52.499
18.4.2025,1:58:55.816,26.843,47.740
18.4.2025,1:58:56.803,26.442,33.137
18.4.2025,1:58:57.806,27.340,48.941
18.4.2025,1:58:58.808,26.556,49.083
18.4.2025,1:58:59.803,26.426,45.677
18.4.2025,1:59:0.806,26.717,33.837
18.4.2025,1:59:1.809,27.732,48.962
18.4.2025,1:59:2.810,26.912,48.346
18.4.2025,1:59:3.808,25.908,42.495
18.4.2025,1:59:4.809,27.530,34.734
18.4.2025,1:59:5.811,26.395,56.026
18.4.2025,1:59:6.815,26.940,48.667
18.4.2025,1:59:7.816,25.639,35.668
18.4.2025,1:59:8.804,27.336,42.460
18.4.2025,1:59:9.803,26.754,49.542
18.4.2025,1:59:10.803,26.907,46.194
18.4.2025,1:59:11.803,26.148,35.243
18.4.2025,1:59:12.806,27.188,54.913
18.4.2025,1:59:13.807,26.519,47.930
18.4.2025,1:59:14.807,26.234,34.898
18.4.2025,1:59:15.807,27.105,47.957
18.4.2025,1:59:16.810,27.186,42.476
18.4.2025,1:59:17.807,26.574,49.353
18.4.2025,1:59:18.809,26.783,46.024
18.4.2025,1:59:19.810,26.856,30.559
18.4.2025,1:59:20.811,27.294,52.552
18.4.2025,1:59:21.807,26.230,48.095
18.4.2025,1:59:22.811,26.919,40.821
18.4.2025,1:59:23.811,26.988,42.907
18.4.2025,1:59:24.813,27.093,49.346
18.4.2025,1:59:25.813,26.836,46.254
18.4.2025,1:59:26.804,26.960,29.558
18.4.2025,1:59:27.803,26.750,52.063
18.4.2025,1:59:28.818,27.413,48.401
18.4.2025,1:59:29.803,25.957,40.521
18.4.2025,1:59:30.818,27.441,39.495
18.4.2025,1:59:31.805,25.785,56.742
18.4.2025,1:59:32.807,26.972,48.129
18.4.2025,1:59:33.810,28.406,36.921
18.4.2025,1:59:34.811,28.419,42.308
18.4.2025,1:59:35.814,29.431,35.189
18.4.2025,1:59:36.816,26.615,53.054
18.4.2025,1:59:37.803,26.687,48.239
18.4.2025,1:59:38.805,26.856,32.782
18.4.2025,1:59:39.803,27.460,51.563
18.4.2025,1:59:40.804,26.576,47.950
18.4.2025,1:59:41.802,26.782,41.164
18.4.2025,1:59:42.805,27.024,40.655
18.4.2025,1:59:43.803,27.621,49.961
18.4.2025,1:59:44.802,26.253,47.211
18.4.2025,1:59:45.802,27.206,30.346
18.4.2025,1:59:46.815,26.696,50.726
18.4.2025,1:59:47.816,27.418,48.643
18.4.2025,1:59:48.805,25.916,45.049
18.4.2025,1:59:49.805,27.634,36.252
18.4.2025,1:59:50.808,26.860,54.756
18.4.2025,1:59:51.812,27.304,48.515
18.4.2025,1:59:52.814,25.596,33.968
18.4.2025,1:59:53.816,27.238,46.109
18.4.2025,1:59:54.816,26.697,41.420
18.4.2025,1:59:55.817,26.759,50.504
18.4.2025,1:59:56.815,25.807,46.365
18.4.2025,1:59:57.817,27.172,31.014
18.4.2025,1:59:58.805,26.532,54.585
18.4.2025,1:59:59.807,27.200,48.120
18.4.2025,2:0:0.810,25.639,40.770
18.4.2025,2:0:1.811,27.453,37.244
18.4.2025,2:0:2.814,26.841,51.929
18.4.2025,2:0:3.813,26.304,47.059
18.4.2025,2:0:4.817,26.639,31.222
18.4.2025,2:0:5.803,26.963,54.525
18.4.2025,2:0:6.808,27.161,48.569
18.4.2025,2:0:7.810,26.165,39.892
18.4.2025,2:0:8.811,26.880,39.653
18.4.2025,2:0:9.815,26.807,52.425
18.4.2025,2:0:10.816,26.992,52.254
18.4.2025,2:0:11.816,26.034,47.264
18.4.2025,2:0:12.818,27.270,32.796
18.4.2025,2:0:13.816,26.758,52.629
18.4.2025,2:0:14.803,27.115,48.406
18.4.2025,2:0:15.809,25.904,45.708
18.4.2025,2:0:16.810,27.484,32.660
18.4.2025,2:0:17.814,29.751,52.837
18.4.2025,2:0:18.811,27.434,48.749
18.4.2025,2:0:19.813,26.017,43.036
18.4.2025,2:0:20.812,27.221,37.107
18.4.2025,2:0:21.815,26.745,50.646
18.4.2025,2:0:22.815,26.699,46.648
18.4.2025,2:0:23.816,26.019,31.264
18.4.2025,2:0:24.806,26.728,55.941
18.4.2025,2:0:25.803,26.767,48.038
18.4.2025,2:0:26.803,25.704,37.745
18.4.2025,2:0:27.803,26.430,42.278
18.4.2025,2:0:28.803,26.955,36.835
18.4.2025,2:0:29.818,26.577,46.235
18.4.2025,2:0:30.802,26.204,46.915
18.4.2025,2:0:31.806,26.794,56.878
18.4.2025,2:0:32.803,26.961,52.336
18.4.2025,2:0:33.804,26.297,48.160
18.4.2025,2:0:34.808,26.916,36.907
18.4.2025,2:0:35.808,26.508,47.210
18.4.2025,2:0:36.811,26.762,49.278
18.4.2025,2:0:37.813,25.998,44.666
18.4.2025,2:0:38.816,26.709,35.569
18.4.2025,2:0:39.817,26.665,53.897
18.4.2025,2:0:40.805,26.156,53.897
18.4.2025,2:0:41.804,26.429,47.810
18.4.2025,2:0:42.805,26.660,34.998
18.4.2025,2:0:43.803,26.660,46.147
18.4.2025,2:0:44.819,26.934,49.358
18.4.2025,2:0:45.805,25.830,45.974
18.4.2025,2:0:46.809,26.732,35.384
18.4.2025,2:0:47.812,26.937,53.888
18.4.2025,2:0:48.812,26.599,48.405
18.4.2025,2:0:49.811,25.945,32.406
18.4.2025,2:0:50.810,27.062,50.768
18.4.2025,2:0:51.811,26.752,48.457
18.4.2025,2:0:52.811,26.068,41.374
18.4.2025,2:0:53.813,26.688,41.643
18.4.2025,2:0:54.815,26.714,50.547
18.4.2025,2:0:55.816,26.911,45.744
18.4.2025,2:0:56.801,25.939,32.054
18.4.2025,2:0:57.818,26.953,30.328
18.4.2025,2:0:58.803,26.566,54.009
18.4.2025,2:0:59.806,26.609,48.976
18.4.2025,2:1:0.812,26.290,38.042
18.4.2025,2:1:1.811,27.030,45.186
18.4.2025,2:1:2.812,26.536,48.654
18.4.2025,2:1:3.813,26.156,46.024
18.4.2025,2:1:4.815,26.582,34.031
18.4.2025,2:1:5.816,26.622,55.046
18.4.2025,2:1:6.816,26.849,47.390
18.4.2025,2:1:7.817,26.086,34.076
18.4.2025,2:1:8.815,26.946,49.391
18.4.2025,2:1:9.819,26.619,49.056
18.4.2025,2:1:10.815,26.203,44.061
18.4.2025,2:1:11.804,26.291,35.505
18.4.2025,2:1:12.805,26.906,52.519
18.4.2025,2:1:13.805,26.455,47.450
18.4.2025,2:1:14.810,26.067,47.974
18.4.2025,2:1:15.811,26.819,35.409
18.4.2025,2:1:16.815,26.572,46.995
18.4.2025,2:1:17.816,26.572,49.111
18.4.2025,2:1:18.815,25.672,46.103
18.4.2025,2:1:19.815,26.814,37.801
18.4.2025,2:1:20.803,26.789,52.046
18.4.2025,2:1:21.806,26.665,48.522
18.4.2025,2:1:22.808,25.736,36.818
18.4.2025,2:1:23.811,26.988,48.261
18.4.2025,2:1:24.814,26.585,48.568
18.4.2025,2:1:25.813,26.815,45.253
18.4.2025,2:1:26.814,25.954,46.215
18.4.2025,2:1:27.812,27.008,33.181
18.4.2025,2:1:28.813,26.522,56.429
18.4.2025,2:1:29.813,26.173,48.301
18.4.2025,2:1:30.811,26.713,35.880
18.4.2025,2:1:31.816,27.822,41.649
18.4.2025,2:1:32.817,26.543,50.465
18.4.2025,2:1:33.817,27.420,49.339
18.4.2025,2:1:34.805,29.014,36.093
18.4.2025,2:1:35.806,28.945,33.282
18.4.2025,2:1:36.810,29.147,32.718
18.4.2025,2:1:37.816,26.595,53.287
18.4.2025,2:1:38.816,26.673,47.436
18.4.2025,2:1:39.817,25.793,33.785
18.4.2025,2:1:40.817,26.616,46.727
18.4.2025,2:1:41.817,26.558,48.462
18.4.2025,2:1:42.818,26.497,44.372
18.4.2025,2:1:43.804,26.313,35.199
18.4.2025,2:1:44.803,26.896,53.445
18.4.2025,2:1:45.803,26.609,47.253
18.4.2025,2:1:46.818,26.207,33.613
18.4.2025,2:1:47.817,26.182,46.329
18.4.2025,2:1:48.805,27.094,48.373
18.4.2025,2:1:49.808,26.524,44.668
18.4.2025,2:1:50.812,25.917,46.080
18.4.2025,2:1:51.816,27.160,34.840
18.4.2025,2:1:52.816,28.989,55.105
18.4.2025,2:1:53.817,26.463,48.131
18.4.2025,2:1:54.806,25.914,39.894
18.4.2025,2:1:55.809,26.884,43.226
18.4.2025,2:1:56.814,26.826,49.145
18.4.2025,2:1:57.817,26.193,46.253
18.4.2025,2:1:58.816,25.957,31.617
18.4.2025,2:1:59.801,26.730,54.776
18.4.2025,2:2:0.804,26.644,48.826
18.4.2025,2:2:1.805,26.492,48.142
18.4.2025,2:2:2.803,26.175,43.168
18.4.2025,2:2:3.809,26.751,38.790
18.4.2025,2:2:4.810,26.587,50.684
18.4.2025,2:2:5.810,26.759,46.837
18.4.2025,2:2:6.812,25.660,30.641
18.4.2025,2:2:7.815,26.919,51.704
18.4.2025,2:2:8.814,26.593,48.249
18.4.2025,2:2:9.814,26.519,38.742
18.4.2025,2:2:10.812,25.960,45.138
18.4.2025,2:2:11.812,26.826,49.315
18.4.2025,2:2:12.815,26.507,45.976
18.4.2025,2:2:13.804,26.187,31.255
18.4.2025,2:2:14.805,26.684,50.070
18.4.2025,2:2:15.809,26.989,48.427
18.4.2025,2:2:16.812,26.671,48.931
18.4.2025,2:2:17.812,25.791,45.625
18.4.2025,2:2:18.816,26.623,37.291
18.4.2025,2:2:19.817,26.259,53.075
18.4.2025,2:2:20.804,26.764,47.515
18.4.2025,2:2:21.816,25.944,32.391
18.4.2025,2:2:22.816,26.609,48.698
18.4.2025,2:2:23.804,27.160,48.596
18.4.2025,2:2:24.803,26.612,42.908
18.4.2025,2:2:25.803,25.800,36.707
18.4.2025,2:2:26.804,26.849,52.270
18.4.2025,2:2:27.804,26.862,47.362
18.4.2025,2:2:28.804,25.836,32.103
18.4.2025,2:2:29.803,26.902,51.703
18.4.2025,2:2:30.804,26.962,48.306
18.4.2025,2:2:31.815,26.074,37.574
18.4.2025,2:2:32.804,25.955,47.694
18.4.2025,2:2:33.802,26.925,49.092
18.4.2025,2:2:34.817,26.692,45.864
18.4.2025,2:2:35.804,25.659,32.659
18.4.2025,2:2:36.808,26.429,56.168
18.4.2025,2:2:37.808,27.369,48.329
18.4.2025,2:2:38.811,26.876,37.526
18.4.2025,2:2:39.809,25.639,46.018
18.4.2025,2:2:40.810,26.908,41.801
18.4.2025,2:2:41.810,26.487,46.451
18.4.2025,2:2:42.811,26.498,29.250
18.4.2025,2:2:43.811,25.886,32.563
18.4.2025,2:2:44.811,26.869,51.218
18.4.2025,2:2:45.811,26.804,48.459
18.4.2025,2:2:46.810,26.096,41.905
18.4.2025,2:2:47.812,26.482,37.901
18.4.2025,2:2:48.811,26.805,53.595
18.4.2025,2:2:49.814,26.637,48.338
18.4.2025,2:2:50.811,26.010,31.460
18.4.2025,2:2:51.812,26.779,50.836
18.4.2025,2:2:52.812,26.509,48.381
18.4.2025,2:2:53.813,26.409,43.886
18.4.2025,2:2:54.812,26.385,35.966
18.4.2025,2:2:55.816,26.338,53.314
18.4.2025,2:2:56.801,26.545,47.488
18.4.2025,2:2:57.805,25.880,33.700
18.4.2025,2:2:58.807,26.582,46.708
18.4.2025,2:2:59.808,26.761,48.310
18.4.2025,2:3:0.806,26.938,46.112
18.4.2025,2:3:1.807,26.258,33.768
18.4.2025,2:3:2.807,26.729,54.756
18.4.2025,2:3:3.808,26.692,47.993
18.4.2025,2:3:4.810,26.413,48.408
18.4.2025,2:3:5.814,25.587,41.493
18.4.2025,2:3:6.815,26.932,38.721
18.4.2025,2:3:7.815,26.917,50.056
18.4.2025,2:3:8.816,26.460,47.049
18.4.2025,2:3:9.815,25.805,30.793
18.4.2025,2:3:10.811,26.661,50.687
18.4.2025,2:3:11.811,26.759,48.434
18.4.2025,2:3:12.817,25.799,40.498
18.4.2025,2:3:13.817,26.539,38.675
18.4.2025,2:3:14.804,26.494,50.401
18.4.2025,2:3:15.817,26.509,46.046
18.4.2025,2:3:16.816,26.017,30.052
18.4.2025,2:3:17.814,26.683,52.537
18.4.2025,2:3:18.816,26.658,48.731
18.4.2025,2:3:19.815,26.494,38.566
18.4.2025,2:3:20.816,25.950,44.169
18.4.2025,2:3:21.814,26.783,50.148
18.4.2025,2:3:22.815,26.575,46.110
18.4.2025,2:3:23.814,25.766,32.824
18.4.2025,2:3:24.816,26.867,54.030
18.4.2025,2:3:25.817,28.336,48.304
18.4.2025,2:3:26.816,27.773,43.024
18.4.2025,2:3:27.814,26.165,37.212
18.4.2025,2:3:28.813,26.722,52.559
18.4.2025,2:3:29.816,26.728,47.537
18.4.2025,2:3:30.816,26.048,47.537
18.4.2025,2:3:31.815,27.159,31.767
18.4.2025,2:3:32.809,26.611,50.968
18.4.2025,2:3:33.810,26.371,48.705
18.4.2025,2:3:34.813,26.197,43.432
18.4.2025,2:3:35.812,26.339,36.610
18.4.2025,2:3:36.811,26.289,52.544
18.4.2025,2:3:37.810,26.405,47.244
18.4.2025,2:3:38.808,26.405,32.590
18.4.2025,2:3:39.808,26.731,50.107
18.4.2025,2:3:40.809,26.947,48.478
18.4.2025,2:3:41.811,26.512,42.446
18.4.2025,2:3:42.810,25.627,37.156
18.4.2025,2:3:43.812,28.000,52.620
18.4.2025,2:3:44.812,28.406,47.850
18.4.2025,2:3:45.813,26.508,37.283
18.4.2025,2:3:46.817,25.545,38.323
18.4.2025,2:3:47.817,26.842,42.733
18.4.2025,2:3:48.818,26.566,49.530
18.4.2025,2:3:49.816,26.564,46.102
18.4.2025,2:3:50.815,26.143,30.900
18.4.2025,2:3:51.816,26.922,56.448
18.4.2025,2:3:52.816,26.540,48.206
18.4.2025,2:3:53.815,25.590,37.729
18.4.2025,2:3:54.818,26.693,47.250
18.4.2025,2:3:55.816,26.767,48.503
18.4.2025,2:3:56.802,26.424,44.984
18.4.2025,2:3:57.806,26.032,37.226
18.4.2025,2:3:58.807,26.388,53.352
18.4.2025,2:3:59.810,26.584,48.392
18.4.2025,2:4:0.813,26.316,33.667
18.4.2025,2:4:1.813,26.233,51.187
18.4.2025,2:4:2.815,26.557,48.199
18.4.2025,2:4:3.816,26.565,41.174
18.4.2025,2:4:4.815,25.736,39.798
18.4.2025,2:4:5.806,26.969,50.394
18.4.2025,2:4:6.807,26.563,45.969
18.4.2025,2:4:7.808,26.714,46.853
18.4.2025,2:4:8.810,25.527,32.604
18.4.2025,2:4:9.813,26.773,51.118
18.4.2025,2:4:10.815,26.899,48.697
18.4.2025,2:4:11.804,26.350,41.091
18.4.2025,2:4:12.805,25.906,39.456
18.4.2025,2:4:13.808,26.378,50.187
18.4.2025,2:4:14.810,26.578,47.118
18.4.2025,2:4:15.812,26.258,31.131
18.4.2025,2:4:16.813,26.577,54.619
18.4.2025,2:4:17.812,26.729,48.310
18.4.2025,2:4:18.816,26.776,48.841
18.4.2025,2:4:19.804,25.943,44.036
18.4.2025,2:4:20.804,26.620,39.163
18.4.2025,2:4:21.803,26.627,50.179
18.4.2025,2:4:22.817,26.507,47.759
18.4.2025,2:4:23.804,25.922,31.245
18.4.2025,2:4:24.805,26.777,50.377
18.4.2025,2:4:25.807,26.680,48.308
18.4.2025,2:4:26.811,26.769,40.210
18.4.2025,2:4:27.814,26.214,36.687
18.4.2025,2:4:28.816,26.888,51.967
18.4.2025,2:4:29.803,26.718,47.112
18.4.2025,2:4:30.803,26.012,31.823
18.4.2025,2:4:31.804,26.492,54.897
18.4.2025,2:4:32.803,28.667,48.422
18.4.2025,2:4:33.803,29.729,45.459
18.4.2025,2:4:34.817,26.207,37.066
18.4.2025,2:4:35.803,26.745,51.850
18.4.2025,2:4:36.804,26.867,47.166
18.4.2025,2:4:37.806,26.618,30.771
18.4.2025,2:4:38.810,25.779,54.095
18.4.2025,2:4:39.810,26.872,48.240
18.4.2025,2:4:40.809,26.734,48.196
18.4.2025,2:4:41.812,26.678,44.193
18.4.2025,2:4:42.813,26.345,42.631
18.4.2025,2:4:43.812,26.432,51.450
18.4.2025,2:4:44.813,26.980,46.447
18.4.2025,2:4:45.813,25.810,31.466
18.4.2025,2:4:46.815,26.892,56.079
18.4.2025,2:4:47.802,26.939,48.698
18.4.2025,2:4:48.805,26.590,38.578
18.4.2025,2:4:49.809,28.324,36.183
18.4.2025,2:4:50.810,29.056,31.524
18.4.2025,2:4:51.810,29.045,38.445
18.4.2025,2:4:52.809,28.146,48.179
18.4.2025,2:4:53.811,26.782,37.647
18.4.2025,2:4:54.809,25.835,45.165
18.4.2025,2:4:55.812,26.760,49.905
18.4.2025,2:4:56.816,26.760,46.198
18.4.2025,2:4:57.817,26.643,46.926
18.4.2025,2:4:58.804,25.594,32.367
18.4.2025,2:4:59.803,26.835,52.522
18.4.2025,2:5:0.816,29.143,48.471
18.4.2025,2:5:1.816,26.691,45.435
18.4.2025,2:5:2.816,26.286,36.683
18.4.2025,2:5:3.817,26.456,53.698
18.4.2025,2:5:4.816,26.783,47.507
18.4.2025,2:5:5.804,25.951,33.507
18.4.2025,2:5:6.805,26.813,46.592
18.4.2025,2:5:7.809,26.747,48.418
18.4.2025,2:5:8.815,26.753,45.690
18.4.2025,2:5:9.815,26.211,36.641
18.4.2025,2:5:10.817,27.039,53.840
18.4.2025,2:5:11.804,26.640,47.256
18.4.2025,2:5:12.808,26.494,30.915
18.4.2025,2:5:13.807,26.185,34.343
18.4.2025,2:5:14.806,26.568,49.409
18.4.2025,2:5:15.809,26.697,48.756
18.4.2025,2:5:16.810,25.918,42.797
18.4.2025,2:5:17.813,26.391,39.354
18.4.2025,2:5:18.813,26.632,50.515
18.4.2025,2:5:19.813,26.713,47.294
18.4.2025,2:5:20.817,25.927,30.098
18.4.2025,2:5:21.817,26.883,51.002
18.4.2025,2:5:22.819,26.762,48.663
18.4.2025,2:5:23.803,26.634,40.865
18.4.2025,2:5:24.804,25.952,39.395
18.4.2025,2:5:25.816,26.991,51.760
18.4.2025,2:5:26.806,26.438,47.462
18.4.2025,2:5:27.810,26.436,32.459
18.4.2025,2:5:28.814,26.267,50.148
18.4.2025,2:5:29.817,26.475,49.066
18.4.2025,2:5:30.819,26.827,48.404
18.4.2025,2:5:31.815,26.282,45.639
18.4.2025,2:5:32.816,26.802,33.604
18.4.2025,2:5:33.816,26.544,54.621
18.4.2025,2:5:34.816,26.680,47.864
18.4.2025,2:5:35.803,25.634,35.223
18.4.2025,2:5:36.816,26.841,48.187
18.4.2025,2:5:37.807,27.071,48.775
18.4.2025,2:5:38.807,26.818,44.835
18.4.2025,2:5:39.806,25.887,35.389
18.4.2025,2:5:40.810,26.875,55.477
18.4.2025,2:5:41.811,26.490,47.509
18.4.2025,2:5:42.811,26.240,32.844
18.4.2025,2:5:43.809,26.029,49.332
18.4.2025,2:5:44.811,26.829,49.013
18.4.2025,2:5:45.811,27.005,43.099
18.4.2025,2:5:46.809,25.830,36.610
18.4.2025,2:5:47.812,26.928,52.445
18.4.2025,2:5:48.814,26.765,55.979
18.4.2025,2:5:49.814,26.568,47.895
18.4.2025,2:5:50.812,26.066,48.439
18.4.2025,2:5:51.811,26.646,46.908
18.4.2025,2:5:52.815,26.697,49.338
18.4.2025,2:5:53.803,26.576,45.810
18.4.2025,2:5:54.805,25.682,31.789
18.4.2025,2:5:55.805,26.711,53.182
18.4.2025,2:5:56.807,26.463,47.975
18.4.2025,2:5:57.803,26.227,39.351
18.4.2025,2:5:58.807,26.292,41.822
18.4.2025,2:5:59.802,26.452,50.996
18.4.2025,2:6:0.802,26.613,47.022
18.4.2025,2:6:1.805,25.807,31.476
18.4.2025,2:6:2.820,26.759,52.704
18.4.2025,2:6:3.816,26.480,48.872
18.4.2025,2:6:4.815,26.561,39.196
18.4.2025,2:6:5.815,26.346,40.156
18.4.2025,2:6:6.806,26.717,51.895
18.4.2025,2:6:7.807,26.486,46.928
18.4.2025,2:6:8.806,26.059,31.482
18.4.2025,2:6:9.807,26.548,52.491
18.4.2025,2:6:10.806,26.602,48.515
18.4.2025,2:6:11.810,26.664,43.290
18.4.2025,2:6:12.810,25.706,37.627
18.4.2025,2:6:13.809,26.768,51.248
18.4.2025,2:6:14.810,26.682,47.208
18.4.2025,2:6:15.812,26.569,47.714
18.4.2025,2:6:16.816,25.899,35.593
18.4.2025,2:6:17.814,26.619,44.506
18.4.2025,2:6:18.812,26.771,48.841
18.4.2025,2:6:19.817,26.498,45.852
18.4.2025,2:6:20.813,26.340,30.622
18.4.2025,2:6:21.813,26.569,56.284
18.4.2025,2:6:22.815,26.523,47.934
18.4.2025,2:6:23.803,26.151,47.934
18.4.2025,2:6:24.819,26.712,33.672
18.4.2025,2:6:25.806,26.648,51.397
18.4.2025,2:6:26.805,26.634,48.844
18.4.2025,2:6:27.807,25.896,42.306
18.4.2025,2:6:28.810,26.739,39.035
18.4.2025,2:6:29.813,27.000,50.436
18.4.2025,2:6:30.816,26.717,47.162
18.4.2025,2:6:31.817,25.654,30.046
18.4.2025,2:6:32.818,26.962,53.529
18.4.2025,2:6:33.803,26.726,48.304
18.4.2025,2:6:34.816,28.549,38.824
18.4.2025,2:6:35.817,28.549,38.394
18.4.2025,2:6:36.805,26.531,50.999
18.4.2025,2:6:37.805,26.373,47.327
18.4.2025,2:6:38.807,25.629,30.936
18.4.2025,2:6:39.809,25.629,49.857
18.4.2025,2:6:40.811,26.588,48.695
18.4.2025,2:6:41.812,26.659,45.403
18.4.2025,2:6:42.814,26.074,46.247
18.4.2025,2:6:43.812,26.074,30.968
18.4.2025,2:6:44.814,26.733,54.315
18.4.2025,2:6:45.817,28.083,48.295
18.4.2025,2:6:46.818,26.146,37.264
18.4.2025,2:6:47.814,26.277,43.712
18.4.2025,2:6:48.816,26.822,49.431
18.4.2025,2:6:49.816,26.613,46.568
18.4.2025,2:6:50.815,25.914,30.347
18.4.2025,2:6:51.816,27.023,53.889
18.4.2025,2:6:52.804,26.936,48.725
18.4.2025,2:6:53.804,26.699,36.825
18.4.2025,2:6:54.804,25.963,43.278
18.4.2025,2:6:55.817,27.037,49.517
18.4.2025,2:6:56.815,26.579,45.992
18.4.2025,2:6:57.817,25.900,34.541
18.4.2025,2:6:58.816,26.524,55.949
18.4.2025,2:6:59.814,26.744,47.481
18.4.2025,2:7:0.813,26.197,37.328
18.4.2025,2:7:1.812,25.738,44.718
18.4.2025,2:7:2.813,26.642,49.592
18.4.2025,2:7:3.817,26.839,46.092
18.4.2025,2:7:4.803,26.421,35.683
18.4.2025,2:7:5.804,26.321,54.531
18.4.2025,2:7:6.808,26.562,48.022
18.4.2025,2:7:7.808,26.731,35.460
18.4.2025,2:7:8.811,25.800,45.374
18.4.2025,2:7:9.813,26.699,48.629
18.4.2025,2:7:10.815,26.976,45.402
18.4.2025,2:7:11.813,26.557,32.761
18.4.2025,2:7:12.812,26.038,55.657
18.4.2025,2:7:13.809,26.857,48.329
18.4.2025,2:7:14.809,26.727,40.593
18.4.2025,2:7:15.807,26.669,38.571
18.4.2025,2:7:16.809,26.063,50.698
18.4.2025,2:7:17.812,26.647,46.984
18.4.2025,2:7:18.810,26.602,30.937
18.4.2025,2:7:19.809,25.862,50.499
18.4.2025,2:7:20.811,26.628,48.072
18.4.2025,2:7:21.810,26.520,48.971
18.4.2025,2:7:22.809,26.480,46.266
18.4.2025,2:7:23.810,26.286,37.771
18.4.2025,2:7:24.814,26.641,51.728
18.4.2025,2:7:25.813,26.521,46.942
18.4.2025,2:7:26.814,26.692,30.283
18.4.2025,2:7:27.814,26.171,52.285
18.4.2025,2:7:28.814,26.575,48.535
18.4.2025,2:7:29.818,26.490,38.945
18.4.2025,2:7:30.817,26.172,43.393
18.4.2025,2:7:31.815,26.398,49.287
18.4.2025,2:7:32.817,26.758,45.941
18.4.2025,2:7:33.817,26.459,33.926
18.4.2025,2:7:34.816,25.934,56.368
18.4.2025,2:7:35.817,26.980,47.817
18.4.2025,2:7:36.817,26.406,33.942
18.4.2025,2:7:37.803,26.035,46.883
18.4.2025,2:7:38.802,25.946,49.128
18.4.2025,2:7:39.805,26.986,51.851
18.4.2025,2:7:40.807,26.557,46.992
18.4.2025,2:7:41.807,25.631,31.303
18.4.2025,2:7:42.808,26.685,48.567
18.4.2025,2:7:43.807,26.434,48.457
18.4.2025,2:7:44.810,26.302,45.352
18.4.2025,2:7:45.808,26.098,34.951
18.4.2025,2:7:46.810,26.634,56.180
18.4.2025,2:7:47.812,26.808,48.030
18.4.2025,2:7:48.813,26.398,37.650
18.4.2025,2:7:49.815,25.917,42.050
18.4.2025,2:7:50.804,26.936,49.710
18.4.2025,2:7:51.802,26.379,52.427
18.4.2025,2:7:52.804,25.841,46.962
18.4.2025,2:7:53.804,26.397,30.432
18.4.2025,2:7:54.804,26.366,54.178
18.4.2025,2:7:55.805,26.428,48.222
18.4.2025,2:7:56.803,25.747,39.023
18.4.2025,2:7:57.817,26.587,43.443
18.4.2025,2:7:58.805,26.319,49.466
18.4.2025,2:7:59.805,26.587,46.359
18.4.2025,2:8:0.805,25.842,33.428
18.4.2025,2:8:1.816,26.839,54.129
18.4.2025,2:8:2.803,26.759,48.476
18.4.2025,2:8:3.803,25.516,33.019
18.4.2025,2:8:4.816,27.606,48.720
18.4.2025,2:8:5.817,29.199,34.870
18.4.2025,2:8:6.815,29.098,35.161
18.4.2025,2:8:7.817,28.712,45.380
18.4.2025,2:8:8.817,26.361,31.758
18.4.2025,2:8:9.816,29.100,52.622
18.4.2025,2:8:10.804,26.591,48.410
18.4.2025,2:8:11.803,25.905,41.418
18.4.2025,2:8:12.805,26.352,39.258
18.4.2025,2:8:13.804,26.563,53.240
18.4.2025,2:8:14.802,26.328,47.498
18.4.2025,2:8:15.805,25.976,33.479
18.4.2025,2:8:16.804,26.655,35.607
18.4.2025,2:8:17.818,26.580,49.685
18.4.2025,2:8:18.816,26.460,48.734
18.4.2025,2:8:19.817,26.296,44.309
18.4.2025,2:8:20.815,26.610,38.394
18.4.2025,2:8:21.816,26.622,51.250
18.4.2025,2:8:22.814,25.660,47.263
18.4.2025,2:8:23.813,26.996,31.721
18.4.2025,2:8:24.811,26.637,55.102
18.4.2025,2:8:25.812,26.403,48.609
18.4.2025,2:8:26.812,26.432,39.148
18.4.2025,2:8:27.812,26.743,44.926
18.4.2025,2:8:28.814,26.620,49.001
18.4.2025,2:8:29.812,25.940,46.275
18.4.2025,2:8:30.813,27.118,34.139
18.4.2025,2:8:31.813,26.547,53.983
18.4.2025,2:8:32.812,26.118,47.703
18.4.2025,2:8:33.814,26.595,34.383
18.4.2025,2:8:34.814,26.541,44.038
18.4.2025,2:8:35.817,26.222,48.922
18.4.2025,2:8:36.816,25.609,42.929
18.4.2025,2:8:37.817,26.867,37.730
18.4.2025,2:8:38.816,26.761,51.906
18.4.2025,2:8:39.817,26.481,46.895
18.4.2025,2:8:40.805,26.103,47.544
18.4.2025,2:8:41.809,26.624,31.993
18.4.2025,2:8:42.810,26.433,48.326
18.4.2025,2:8:43.811,26.458,48.699
18.4.2025,2:8:44.812,26.261,40.748
18.4.2025,2:8:45.813,26.613,42.516
18.4.2025,2:8:46.813,26.764,49.786
18.4.2025,2:8:47.816,25.899,45.967
18.4.2025,2:8:48.816,27.019,31.706
18.4.2025,2:8:49.817,26.572,53.146
18.4.2025,2:8:50.817,26.610,48.503
18.4.2025,2:8:51.817,26.210,38.539
18.4.2025,2:8:52.802,26.834,42.422
18.4.2025,2:8:53.804,26.787,49.282
18.4.2025,2:8:54.808,26.778,45.768
18.4.2025,2:8:55.807,25.660,35.533
18.4.2025,2:8:56.808,26.874,52.684
18.4.2025,2:8:57.809,27.498,47.698
18.4.2025,2:8:58.815,26.408,48.622
18.4.2025,2:8:59.815,26.268,39.201
18.4.2025,2:9:0.816,26.962,41.148
18.4.2025,2:9:1.815,26.811,49.705
18.4.2025,2:9:2.816,26.119,49.705
18.4.2025,2:9:3.814,26.319,47.866
18.4.2025,2:9:4.811,26.906,32.467
18.4.2025,2:9:5.814,26.577,49.606
18.4.2025,2:9:6.812,26.067,48.602
18.4.2025,2:9:7.816,26.608,41.705
18.4.2025,2:9:8.802,26.851,40.514
18.4.2025,2:9:9.805,26.300,49.975
18.4.2025,2:9:10.808,26.252,46.394
18.4.2025,2:9:11.806,26.252,32.627
18.4.2025,2:9:12.806,26.473,55.957
18.4.2025,2:9:13.808,26.649,48.528
18.4.2025,2:9:14.810,25.814,38.550
18.4.2025,2:9:15.812,26.763,43.053
18.4.2025,2:9:16.809,26.506,49.595
18.4.2025,2:9:17.811,26.444,45.966
18.4.2025,2:9:18.815,25.909,32.827
18.4.2025,2:9:19.813,27.084,53.759
18.4.2025,2:9:20.812,26.657,47.914
18.4.2025,2:9:21.811,26.062,30.997
18.4.2025,2:9:22.813,26.688,51.180
18.4.2025,2:9:23.814,26.997,48.856
18.4.2025,2:9:24.803,26.851,43.261
18.4.2025,2:9:25.818,25.960,46.453
18.4.2025,2:9:26.805,27.244,34.355
18.4.2025,2:9:27.807,26.663,55.868
18.4.2025,2:9:28.809,26.653,48.402
18.4.2025,2:9:29.810,26.042,37.342
18.4.2025,2:9:30.811,27.102,46.363
18.4.2025,2:9:31.810,26.755,49.306
18.4.2025,2:9:32.810,26.534,46.033
18.4.2025,2:9:33.808,26.095,33.369
18.4.2025,2:9:34.810,26.654,54.972
18.4.2025,2:9:35.806,26.711,47.722
18.4.2025,2:9:36.808,25.718,38.287
18.4.2025,2:9:37.807,27.043,42.223
18.4.2025,2:9:38.805,26.231,51.422
18.4.2025,2:9:39.806,26.866,47.241
18.4.2025,2:9:40.808,25.963,29.883
18.4.2025,2:9:41.807,27.064,54.896
18.4.2025,2:9:42.805,26.366,48.750
18.4.2025,2:9:43.806,27.076,39.504
18.4.2025,2:9:44.811,28.173,36.978
18.4.2025,2:9:45.814,26.859,52.124
18.4.2025,2:9:46.815,26.614,55.552
18.4.2025,2:9:47.804,26.193,48.225
18.4.2025,2:9:48.803,26.567,36.755
18.4.2025,2:9:49.818,26.790,47.530
18.4.2025,2:9:50.805,26.792,48.544
18.4.2025,2:9:51.803,26.068,46.480
18.4.2025,2:9:52.803,26.989,37.485
18.4.2025,2:9:53.804,26.354,52.141
18.4.2025,2:9:54.805,25.768,47.567
18.4.2025,2:9:55.815,26.752,30.512
18.4.2025,2:9:56.803,26.893,50.558
18.4.2025,2:9:57.805,26.418,48.350
18.4.2025,2:9:58.806,25.502,43.279
18.4.2025,2:9:59.804,26.770,36.191
18.4.2025,2:10:0.804,26.805,52.933
18.4.2025,2:10:1.803,26.434,47.557
18.4.2025,2:10:2.801,25.902,32.957
18.4.2025,2:10:3.803,26.747,47.592
18.4.2025,2:10:4.808,26.705,48.568
18.4.2025,2:10:5.805,26.757,45.016
18.4.2025,2:10:6.805,25.923,35.704
18.4.2025,2:10:7.806,26.964,52.876
18.4.2025,2:10:8.807,26.303,47.691
18.4.2025,2:10:9.805,26.048,33.278
18.4.2025,2:10:10.807,26.968,52.932
18.4.2025,2:10:11.806,26.568,48.447
18.4.2025,2:10:12.808,26.655,41.092
18.4.2025,2:10:13.809,25.831,38.678
18.4.2025,2:10:14.811,27.029,50.138
18.4.2025,2:10:15.815,26.336,53.511
18.4.2025,2:10:16.815,26.110,47.169
18.4.2025,2:10:17.816,26.395,31.085
18.4.2025,2:10:18.814,26.637,52.139
18.4.2025,2:10:19.814,26.486,37.622
18.4.2025,2:10:20.817,25.955,40.817
18.4.2025,2:10:21.813,26.904,39.468
18.4.2025,2:10:22.815,26.682,50.342
18.4.2025,2:10:23.814,27.008,46.786
18.4.2025,2:10:24.814,25.498,30.280
18.4.2025,2:10:25.813,27.091,51.594
18.4.2025,2:10:26.811,26.629,48.112
18.4.2025,2:10:27.813,26.528,41.494
18.4.2025,2:10:28.815,26.279,41.239
18.4.2025,2:10:29.802,26.821,50.375
18.4.2025,2:10:30.814,26.512,46.831
18.4.2025,2:10:31.816,26.416,33.398
18.4.2025,2:10:32.804,26.567,54.826
18.4.2025,2:10:33.807,26.711,47.979
18.4.2025,2:10:34.806,26.573,37.353
18.4.2025,2:10:35.811,25.707,47.649
18.4.2025,2:10:36.811,26.875,48.771
18.4.2025,2:10:37.813,26.511,44.354
18.4.2025,2:10:38.812,26.404,34.436
18.4.2025,2:10:39.813,26.050,53.070
18.4.2025,2:10:40.813,26.850,47.414
18.4.2025,2:10:41.811,26.706,33.570
18.4.2025,2:10:42.814,25.804,48.648
18.4.2025,2:10:43.814,26.599,48.631
18.4.2025,2:10:44.811,26.466,42.022
18.4.2025,2:10:45.813,26.943,37.991
18.4.2025,2:10:46.816,25.673,51.713
18.4.2025,2:10:47.806,26.689,47.267
18.4.2025,2:10:48.803,26.819,32.018
18.4.2025,2:10:49.818,26.180,52.792
18.4.2025,2:10:50.818,26.665,48.455
18.4.2025,2:10:51.817,26.875,37.804
18.4.2025,2:10:52.816,26.455,43.034
18.4.2025,2:10:53.817,25.754,51.051
18.4.2025,2:10:54.802,26.753,45.837
18.4.2025,2:10:55.806,26.889,34.803
18.4.2025,2:10:56.808,26.555,28.888
18.4.2025,2:10:57.807,26.217,53.623
18.4.2025,2:10:58.810,26.682,48.184
18.4.2025,2:10:59.812,26.503,36.707
18.4.2025,2:11:0.813,26.098,48.719
18.4.2025,2:11:1.811,26.953,48.472
18.4.2025,2:11:2.814,26.932,43.067
18.4.2025,2:11:3.814,26.886,38.577
18.4.2025,2:11:4.811,26.221,51.853
18.4.2025,2:11:5.811,27.065,46.867
18.4.2025,2:11:6.813,26.500,32.410
18.4.2025,2:11:7.811,25.610,55.222
18.4.2025,2:11:8.814,26.800,48.030
18.4.2025,2:11:9.815,26.839,36.581
18.4.2025,2:11:10.814,26.541,41.820
18.4.2025,2:11:11.816,26.677,49.867
18.4.2025,2:11:12.802,26.740,46.753
18.4.2025,2:11:13.808,29.135,37.351
18.4.2025,2:11:14.812,30.453,42.881
18.4.2025,2:11:15.811,29.812,45.753
18.4.2025,2:11:17.009,33.442,42.621
18.4.2025,2:11:18.524,33.442,42.621
18.4.2025,2:11:18.808,34.116,24.952
18.4.2025,2:11:19.819,34.116,57.896
18.4.2025,2:11:20.817,33.121,47.462
18.4.2025,2:11:21.817,31.227,47.462
18.4.2025,2:11:22.818,30.688,33.272
18.4.2025,2:11:23.817,32.996,28.060
18.4.2025,2:11:24.815,29.425,40.590
18.4.2025,2:11:25.815,31.021,31.852
18.4.2025,2:11:26.815,32.725,34.277
18.4.2025,2:11:27.817,28.877,35.912
18.4.2025,2:11:28.816,28.069,53.411
18.4.2025,2:11:29.813,26.550,47.751
18.4.2025,2:11:30.812,26.505,37.601
18.4.2025,2:11:31.814,26.817,40.784
18.4.2025,2:11:32.812,26.870,51.605
18.4.2025,2:11:33.815,26.651,47.199
18.4.2025,2:11:34.818,26.699,33.660
18.4.2025,2:11:35.805,27.017,46.444
18.4.2025,2:11:36.806,26.677,48.340
18.4.2025,2:11:37.808,27.028,46.116
18.4.2025,2:11:38.808,26.958,31.094
18.4.2025,2:11:39.811,27.061,56.338
18.4.2025,2:11:40.815,27.061,48.880
18.4.2025,2:11:41.816,26.788,36.610
18.4.2025,2:11:42.818,25.974,44.207
18.4.2025,2:11:43.818,26.971,50.041
18.4.2025,2:11:44.802,26.978,46.796
18.4.2025,2:11:45.806,26.769,31.366
18.4.2025,2:11:46.805,26.130,50.616
18.4.2025,2:11:47.809,26.687,47.983
18.4.2025,2:11:48.808,26.994,48.210
18.4.2025,2:11:49.806,26.558,33.319
18.4.2025,2:11:50.809,26.235,55.683
18.4.2025,2:11:51.809,26.827,51.469
18.4.2025,2:11:52.811,26.791,48.398
18.4.2025,2:11:53.814,26.461,39.844
18.4.2025,2:11:54.805,26.833,37.114
18.4.2025,2:11:55.802,26.578,55.461
18.4.2025,2:11:56.804,26.898,47.778
18.4.2025,2:11:57.806,26.968,35.960
18.4.2025,2:11:58.808,26.139,43.885
18.4.2025,2:11:59.811,27.035,49.293
18.4.2025,2:12:0.812,26.941,46.628
18.4.2025,2:12:1.815,27.102,30.465
18.4.2025,2:12:2.803,26.291,53.690
18.4.2025,2:12:3.804,27.007,47.776
18.4.2025,2:12:4.806,26.667,49.237
18.4.2025,2:12:5.812,27.101,45.974
18.4.2025,2:12:6.811,26.301,35.334
18.4.2025,2:12:7.815,26.765,55.912
18.4.2025,2:12:8.815,27.374,48.107
18.4.2025,2:12:9.815,26.649,38.524
18.4.2025,2:12:10.816,25.806,42.215
18.4.2025,2:12:11.816,26.678,51.385
18.4.2025,2:12:12.814,26.723,46.880
18.4.2025,2:12:13.816,26.585,31.410
18.4.2025,2:12:14.816,26.505,52.700
18.4.2025,2:12:15.818,26.724,48.237
18.4.2025,2:12:16.818,26.804,44.609
18.4.2025,2:12:17.804,26.054,35.095
18.4.2025,2:12:18.804,27.258,53.927
18.4.2025,2:12:19.808,26.899,47.832
18.4.2025,2:12:20.809,26.817,48.038
18.4.2025,2:12:21.808,25.850,41.197
18.4.2025,2:12:22.814,27.215,39.655
18.4.2025,2:12:23.814,27.011,52.534
18.4.2025,2:12:24.814,26.634,47.763
18.4.2025,2:12:25.812,26.035,33.402
18.4.2025,2:12:26.813,27.052,47.299
18.4.2025,2:12:27.816,26.969,49.203
18.4.2025,2:12:28.813,26.625,45.986
18.4.2025,2:12:29.811,26.482,34.927
18.4.2025,2:12:30.812,26.661,53.925
18.4.2025,2:12:31.813,26.869,48.312
18.4.2025,2:12:32.813,26.477,37.097
18.4.2025,2:12:33.813,26.843,47.001
18.4.2025,2:12:34.816,26.992,48.540
18.4.2025,2:12:35.805,26.755,45.913
18.4.2025,2:12:36.809,26.208,30.035
18.4.2025,2:12:37.811,27.287,54.989
18.4.2025,2:12:38.813,27.298,48.946
18.4.2025,2:12:39.812,26.603,48.215
18.4.2025,2:12:40.814,25.788,43.410
18.4.2025,2:12:41.812,27.119,35.079
18.4.2025,2:12:42.814,26.956,53.900
18.4.2025,2:12:43.816,26.104,47.599
18.4.2025,2:12:44.811,26.610,33.721
18.4.2025,2:12:45.809,26.467,45.466
18.4.2025,2:12:46.810,26.572,48.589
18.4.2025,2:12:47.811,25.784,45.335
18.4.2025,2:12:48.814,26.826,35.620
18.4.2025,2:12:49.813,26.661,54.820
18.4.2025,2:12:50.813,26.588,48.005
18.4.2025,2:12:51.812,26.148,36.382
18.4.2025,2:12:52.812,26.684,44.656
18.4.2025,2:12:53.815,26.816,48.681
18.4.2025,2:12:54.816,29.293,45.931
18.4.2025,2:12:55.805,25.953,47.400
18.4.2025,2:12:56.805,26.857,32.242
18.4.2025,2:12:57.807,26.586,47.651
18.4.2025,2:12:58.807,26.830,48.949
18.4.2025,2:12:59.810,25.923,46.287
18.4.2025,2:13:0.811,26.953,31.295
18.4.2025,2:13:1.812,26.769,54.753
18.4.2025,2:13:2.813,26.740,48.325
18.4.2025,2:13:3.814,25.963,41.333
18.4.2025,2:13:4.814,27.171,38.536
18.4.2025,2:13:5.815,26.627,51.860
18.4.2025,2:13:6.816,26.805,47.723
18.4.2025,2:13:7.804,25.750,31.126
18.4.2025,2:13:8.805,26.752,49.635
18.4.2025,2:13:9.810,26.907,48.043
18.4.2025,2:13:10.811,26.924,48.951
18.4.2025,2:13:11.810,26.366,45.781
18.4.2025,2:13:12.813,26.730,34.908
18.4.2025,2:13:13.814,26.551,55.435
18.4.2025,2:13:14.812,26.648,48.526
18.4.2025,2:13:15.811,26.190,35.010
18.4.2025,2:13:16.811,26.651,46.557
18.4.2025,2:13:17.814,26.494,49.279
18.4.2025,2:13:18.814,26.148,45.901
18.4.2025,2:13:19.817,26.571,36.141
18.4.2025,2:13:20.803,27.247,52.494
18.4.2025,2:13:21.806,26.766,47.564
18.4.2025,2:13:22.809,26.288,33.521
18.4.2025,2:13:23.812,27.140,47.592
18.4.2025,2:13:24.814,26.678,46.405
18.4.2025,2:13:25.816,27.093,49.265
18.4.2025,2:13:26.816,25.973,46.189
18.4.2025,2:13:27.818,26.852,32.243
18.4.2025,2:13:28.804,27.299,55.769
18.4.2025,2:13:29.807,26.650,48.116
18.4.2025,2:13:30.808,26.245,39.789
18.4.2025,2:13:31.812,26.711,39.278
18.4.2025,2:13:32.813,26.430,49.447
18.4.2025,2:13:33.813,26.780,46.771
18.4.2025,2:13:34.812,26.204,32.585
18.4.2025,2:13:35.816,26.890,47.625
18.4.2025,2:13:36.803,26.797,48.431
18.4.2025,2:13:37.819,26.666,42.846
18.4.2025,2:13:38.815,26.336,37.603
18.4.2025,2:13:39.817,26.557,54.019
18.4.2025,2:13:40.815,26.694,47.157
18.4.2025,2:13:41.816,25.843,32.721
18.4.2025,2:13:42.816,26.879,37.178
18.4.2025,2:13:43.804,26.581,46.789
18.4.2025,2:13:44.802,26.557,48.789
18.4.2025,2:13:45.805,25.991,45.398
18.4.2025,2:13:46.803,26.650,34.307
18.4.2025,2:13:47.816,26.762,53.677
18.4.2025,2:13:48.816,26.523,48.559
18.4.2025,2:13:49.815,26.438,38.297
18.4.2025,2:13:50.817,26.479,49.940
18.4.2025,2:13:51.815,26.512,46.769
18.4.2025,2:13:52.815,26.235,48.421
18.4.2025,2:13:53.813,26.976,53.287
18.4.2025,2:13:54.814,26.617,48.101
18.4.2025,2:13:55.811,26.767,40.435
18.4.2025,2:13:56.812,25.449,37.289
18.4.2025,2:13:57.810,26.786,53.558
18.4.2025,2:13:58.811,26.718,48.062
18.4.2025,2:13:59.812,26.738,48.166
18.4.2025,2:14:0.817,26.052,34.861
18.4.2025,2:14:1.804,26.868,45.333
18.4.2025,2:14:2.806,26.851,48.792
18.4.2025,2:14:3.808,25.901,45.426
18.4.2025,2:14:4.807,26.415,36.543
18.4.2025,2:14:5.809,26.902,55.165
18.4.2025,2:14:6.813,26.675,48.024
18.4.2025,2:14:7.815,26.552,41.285
18.4.2025,2:14:8.802,26.321,42.191
18.4.2025,2:14:9.804,27.225,51.582
18.4.2025,2:14:10.809,26.396,46.906
18.4.2025,2:14:11.808,26.054,31.182
18.4.2025,2:14:12.809,26.765,49.034
18.4.2025,2:14:13.810,26.799,49.041
18.4.2025,2:14:14.812,27.013,45.576
18.4.2025,2:14:15.809,25.955,36.292
18.4.2025,2:14:16.811,26.620,55.475
18.4.2025,2:14:17.812,26.467,53.877
18.4.2025,2:14:18.812,26.777,48.173
18.4.2025,2:14:19.812,26.170,48.173
18.4.2025,2:14:20.815,27.030,48.200
18.4.2025,2:14:21.812,26.685,48.975
18.4.2025,2:14:22.813,26.417,49.179
18.4.2025,2:14:23.811,26.392,46.704
18.4.2025,2:14:24.812,26.947,30.004
18.4.2025,2:14:25.814,26.880,53.192
18.4.2025,2:14:26.816,26.033,48.395
18.4.2025,2:14:27.818,27.706,41.437
18.4.2025,2:14:28.804,27.894,34.157
18.4.2025,2:14:29.805,26.840,55.945
18.4.2025,2:14:30.808,26.570,48.422
18.4.2025,2:14:31.812,26.874,37.973
18.4.2025,2:14:32.812,26.895,41.770
18.4.2025,2:14:33.814,26.895,49.641
18.4.2025,2:14:34.816,26.922,47.311
18.4.2025,2:14:35.806,25.947,29.786
18.4.2025,2:14:36.806,27.364,52.520
18.4.2025,2:14:37.810,26.922,48.415
18.4.2025,2:14:38.804,26.903,38.627
18.4.2025,2:14:39.814,28.142,34.576
18.4.2025,2:14:40.805,29.354,32.404
18.4.2025,2:14:41.814,29.227,46.331
18.4.2025,2:14:42.813,28.723,47.091
18.4.2025,2:14:43.816,26.807,48.726
18.4.2025,2:14:44.801,26.385,45.856
18.4.2025,2:14:45.816,26.380,33.985
18.4.2025,2:14:46.815,26.773,55.828
18.4.2025,2:14:47.818,26.976,47.942
18.4.2025,2:14:48.817,25.923,35.109
18.4.2025,2:14:49.816,27.122,46.876
18.4.2025,2:14:50.817,26.584,49.181
18.4.2025,2:14:51.817,26.348,45.886
18.4.2025,2:14:52.804,26.658,31.648
18.4.2025,2:14:53.805,27.164,55.088
18.4.2025,2:14:54.804,26.598,48.277
18.4.2025,2:14:55.805,26.596,40.185
18.4.2025,2:14:56.805,26.417,38.106
18.4.2025,2:14:57.804,26.729,53.550
18.4.2025,2:14:58.804,26.773,47.289
18.4.2025,2:14:59.805,25.921,31.900
18.4.2025,2:15:0.807,26.954,50.053
18.4.2025,2:15:1.808,26.895,48.270
18.4.2025,2:15:2.810,26.658,42.647
18.4.2025,2:15:3.815,25.952,35.385
18.4.2025,2:15:4.809,27.180,54.633
18.4.2025,2:15:5.810,26.849,47.471
18.4.2025,2:15:6.810,26.718,34.801
18.4.2025,2:15:7.807,26.117,48.290
18.4.2025,2:15:8.806,27.292,48.755
18.4.2025,2:15:9.811,26.624,44.158
18.4.2025,2:15:10.809,26.104,37.407
18.4.2025,2:15:11.810,26.647,51.245
18.4.2025,2:15:12.813,27.100,46.873
18.4.2025,2:15:13.814,26.572,30.624
18.4.2025,2:15:14.816,26.086,53.614
18.4.2025,2:15:15.817,26.758,49.283
18.4.2025,2:15:16.807,26.758,48.490
18.4.2025,2:15:17.810,26.354,42.554
18.4.2025,2:15:18.812,25.891,35.514
18.4.2025,2:15:19.815,26.989,51.200
18.4.2025,2:15:20.803,26.735,47.476
18.4.2025,2:15:21.807,26.158,32.457
18.4.2025,2:15:22.804,26.682,50.393
18.4.2025,2:15:23.804,26.763,48.378
18.4.2025,2:15:24.805,26.802,39.789
18.4.2025,2:15:25.807,25.948,37.747
18.4.2025,2:15:26.806,27.105,52.368
18.4.2025,2:15:27.809,26.961,47.361
18.4.2025,2:15:28.807,26.686,32.202
18.4.2025,2:15:29.808,25.727,48.370
18.4.2025,2:15:30.813,26.909,49.164
18.4.2025,2:15:31.816,26.640,46.146
18.4.2025,2:15:32.817,26.737,31.291
18.4.2025,2:15:33.813,26.117,52.847
18.4.2025,2:15:34.813,27.052,48.454
18.4.2025,2:15:35.816,26.969,42.777
18.4.2025,2:15:36.804,26.234,36.987
18.4.2025,2:15:37.806,26.445,34.017
18.4.2025,2:15:38.809,26.769,56.426
18.4.2025,2:15:39.809,26.847,48.207
18.4.2025,2:15:40.814,26.138,38.333
18.4.2025,2:15:41.818,26.806,47.752
18.4.2025,2:15:42.805,26.972,48.783
18.4.2025,2:15:43.807,26.705,45.743
18.4.2025,2:15:44.810,26.133,33.384
18.4.2025,2:15:45.812,27.125,55.302
18.4.2025,2:15:46.808,26.948,47.845
18.4.2025,2:15:47.811,26.560,36.522
18.4.2025,2:15:48.810,26.215,45.603
18.4.2025,2:15:49.812,26.821,49.510
18.4.2025,2:15:50.807,27.118,46.159
18.4.2025,2:15:51.808,26.795,33.265
18.4.2025,2:15:52.805,26.437,56.807
18.4.2025,2:15:53.809,26.850,48.337
18.4.2025,2:15:54.813,27.059,41.345
18.4.2025,2:15:55.816,26.098,45.529
18.4.2025,2:15:56.801,26.465,34.979
18.4.2025,2:15:57.805,27.053,53.432
18.4.2025,2:15:58.808,26.667,48.293
18.4.2025,2:15:59.811,26.091,36.730
18.4.2025,2:16:0.815,26.933,46.009
18.4.2025,2:16:1.803,26.784,48.640
18.4.2025,2:16:2.805,28.900,46.104
18.4.2025,2:16:3.808,26.687,33.217
18.4.2025,2:16:4.805,26.580,49.406
18.4.2025,2:16:5.805,26.624,48.395
18.4.2025,2:16:6.807,26.897,42.784
18.4.2025,2:16:7.806,25.725,37.255
18.4.2025,2:16:8.808,26.793,54.470
18.4.2025,2:16:9.813,27.037,47.173
18.4.2025,2:16:10.811,26.537,47.540
18.4.2025,2:16:11.811,26.146,34.721
18.4.2025,2:16:12.814,26.966,45.259
18.4.2025,2:16:13.817,26.634,49.547
18.4.2025,2:16:14.805,26.265,46.221
18.4.2025,2:16:15.803,26.968,34.914
18.4.2025,2:16:16.817,26.924,54.793
18.4.2025,2:16:17.804,26.967,48.279
18.4.2025,2:16:18.808,26.039,38.282
18.4.2025,2:16:19.809,27.041,45.077
18.4.2025,2:16:20.811,27.031,48.771
18.4.2025,2:16:21.813,27.024,45.603
18.4.2025,2:16:22.813,26.436,35.741
18.4.2025,2:16:23.814,27.044,52.810
18.4.2025,2:16:24.817,26.985,47.241
18.4.2025,2:16:25.805,26.483,32.715
18.4.2025,2:16:26.804,26.883,49.875
18.4.2025,2:16:27.808,26.943,48.459
18.4.2025,2:16:28.812,26.640,43.271
18.4.2025,2:16:29.813,26.274,36.755
18.4.2025,2:16:30.815,26.725,51.968
18.4.2025,2:16:31.812,26.715,47.019
18.4.2025,2:16:32.815,26.647,47.874
18.4.2025,2:16:33.817,25.671,36.942
18.4.2025,2:16:34.816,26.765,40.801
18.4.2025,2:16:35.804,27.034,49.340
18.4.2025,2:16:36.804,26.601,46.039
18.4.2025,2:16:37.808,25.824,32.494
18.4.2025,2:16:38.806,26.934,53.368
18.4.2025,2:16:39.807,26.891,48.563
18.4.2025,2:16:40.808,26.480,39.817
18.4.2025,2:16:41.808,26.125,42.033
18.4.2025,2:16:42.808,26.815,50.850
18.4.2025,2:16:43.803,26.944,46.888
18.4.2025,2:16:44.805,25.728,31.727
18.4.2025,2:16:45.806,26.993,55.334
18.4.2025,2:16:46.809,26.856,47.838
18.4.2025,2:16:47.811,26.809,36.493
18.4.2025,2:16:48.813,25.778,47.488
18.4.2025,2:16:49.813,26.813,48.423
18.4.2025,2:16:50.813,26.708,43.431
18.4.2025,2:16:51.815,25.834,37.727
18.4.2025,2:16:52.817,26.609,53.358
18.4.2025,2:16:53.804,26.649,47.003
18.4.2025,2:16:54.803,26.785,29.255
18.4.2025,2:16:55.805,25.848,52.466
18.4.2025,2:16:56.804,26.927,48.349
18.4.2025,2:16:57.803,26.305,45.175
18.4.2025,2:16:58.806,26.863,35.538
18.4.2025,2:16:59.806,26.004,32.541
18.4.2025,2:17:0.809,26.698,57.037
18.4.2025,2:17:1.813,26.698,48.054
18.4.2025,2:17:2.813,26.733,37.866
18.4.2025,2:17:3.813,26.111,43.925
18.4.2025,2:17:4.813,26.703,49.552
18.4.2025,2:17:5.814,26.833,49.552
18.4.2025,2:17:6.813,26.160,45.573
18.4.2025,2:17:7.811,26.863,33.426
18.4.2025,2:17:8.809,27.009,53.489
18.4.2025,2:17:9.810,26.762,47.884
18.4.2025,2:17:10.812,26.107,34.393
18.4.2025,2:17:11.810,26.873,46.026
18.4.2025,2:17:12.810,26.819,48.425
18.4.2025,2:17:13.810,26.399,46.181
18.4.2025,2:17:14.810,26.415,32.477
18.4.2025,2:17:15.810,26.692,53.936
18.4.2025,2:17:16.815,26.618,48.377
18.4.2025,2:17:17.802,25.956,34.978
18.4.2025,2:17:18.806,26.694,45.289
18.4.2025,2:17:19.807,26.650,50.022
18.4.2025,2:17:20.809,26.750,45.749
18.4.2025,2:17:21.808,25.659,46.539
18.4.2025,2:17:22.806,25.659,31.883
18.4.2025,2:17:23.808,26.993,55.125
18.4.2025,2:17:24.808,26.468,48.067
18.4.2025,2:17:25.809,26.468,34.813
18.4.2025,2:17:26.812,25.945,44.870
18.4.2025,2:17:27.811,27.001,48.715
18.4.2025,2:17:28.815,26.727,46.333
18.4.2025,2:17:29.816,26.245,35.656
18.4.2025,2:17:30.817,26.351,55.338
18.4.2025,2:17:31.814,26.592,48.346
18.4.2025,2:17:32.812,26.628,34.837
18.4.2025,2:17:33.813,26.014,49.472
18.4.2025,2:17:34.815,26.648,48.580
18.4.2025,2:17:35.812,26.489,45.170
18.4.2025,2:17:36.816,26.211,36.872
18.4.2025,2:17:37.813,29.154,53.152
18.4.2025,2:17:38.815,26.384,47.484
18.4.2025,2:17:39.816,26.713,35.869
18.4.2025,2:17:40.817,25.816,47.746
18.4.2025,2:17:41.816,26.752,49.542
18.4.2025,2:17:42.817,26.588,46.312
18.4.2025,2:17:43.818,27.030,35.167
18.4.2025,2:17:44.806,26.041,53.840
18.4.2025,2:17:45.807,26.861,47.786
18.4.2025,2:17:46.807,26.661,33.683
18.4.2025,2:17:47.805,25.876,48.047
18.4.2025,2:17:48.806,26.457,48.363
18.4.2025,2:17:49.809,26.636,43.137
18.4.2025,2:17:50.811,26.821,45.493
18.4.2025,2:17:51.812,25.763,34.335
18.4.2025,2:17:52.815,26.767,55.434
18.4.2025,2:17:53.803,26.767,48.327
18.4.2025,2:17:54.805,26.360,37.036
18.4.2025,2:17:55.807,28.878,33.619
18.4.2025,2:17:56.807,28.810,37.299
18.4.2025,2:17:57.807,29.230,45.971
18.4.2025,2:17:58.809,27.509,48.332
18.4.2025,2:17:59.814,26.662,41.919
18.4.2025,2:18:0.813,26.247,39.128
18.4.2025,2:18:1.816,26.343,51.155
18.4.2025,2:18:2.816,26.708,46.800
18.4.2025,2:18:3.816,26.598,31.505
18.4.2025,2:18:4.815,26.067,54.638
18.4.2025,2:18:5.803,26.979,47.992
18.4.2025,2:18:6.817,26.632,40.434
18.4.2025,2:18:7.802,26.129,40.472
18.4.2025,2:18:8.803,26.302,50.081
18.4.2025,2:18:9.806,26.907,46.704
18.4.2025,2:18:10.807,26.639,48.127
18.4.2025,2:18:11.804,25.329,32.493
18.4.2025,2:18:12.807,26.811,51.427
18.4.2025,2:18:13.809,26.505,48.645
18.4.2025,2:18:14.808,26.441,41.374
18.4.2025,2:18:15.806,25.584,40.503
18.4.2025,2:18:16.807,27.151,49.790
18.4.2025,2:18:17.808,26.481,46.893
18.4.2025,2:18:18.810,26.313,31.009
18.4.2025,2:18:19.808,26.169,56.053
18.4.2025,2:18:20.811,26.934,48.205
18.4.2025,2:18:21.815,26.340,38.912
18.4.2025,2:18:22.816,26.065,39.438
18.4.2025,2:18:23.803,26.360,50.620
18.4.2025,2:18:24.805,26.937,46.110
18.4.2025,2:18:25.802,26.470,33.051
18.4.2025,2:18:26.805,25.905,54.171
18.4.2025,2:18:27.805,27.023,48.764
18.4.2025,2:18:28.805,27.091,36.468
18.4.2025,2:18:29.804,26.698,45.113
18.4.2025,2:18:30.807,26.004,49.897
18.4.2025,2:18:31.807,26.810,46.279
18.4.2025,2:18:32.810,26.514,32.671
18.4.2025,2:18:33.812,26.248,30.454
18.4.2025,2:18:34.815,27.475,50.391
18.4.2025,2:18:35.817,26.757,49.053
18.4.2025,2:18:36.817,26.434,44.912
18.4.2025,2:18:37.816,25.857,34.943
18.4.2025,2:18:38.802,26.484,53.499
18.4.2025,2:18:39.805,26.794,47.572
18.4.2025,2:18:40.803,26.812,34.038
18.4.2025,2:18:41.804,26.259,45.952
18.4.2025,2:18:42.808,26.886,48.995
18.4.2025,2:18:43.811,26.846,45.821
18.4.2025,2:18:44.809,26.709,34.480
18.4.2025,2:18:45.810,26.040,54.885
18.4.2025,2:18:46.812,27.103,47.625
18.4.2025,2:18:47.811,26.454,35.857
18.4.2025,2:18:48.814,26.172,45.314
18.4.2025,2:18:49.816,26.331,49.444
18.4.2025,2:18:50.815,27.042,45.700
18.4.2025,2:18:51.815,26.415,33.196
18.4.2025,2:18:52.804,26.298,31.629
18.4.2025,2:18:53.808,25.895,53.536
18.4.2025,2:18:54.808,27.042,47.747
18.4.2025,2:18:55.807,26.929,35.673
18.4.2025,2:18:56.809,25.514,47.128
18.4.2025,2:18:57.812,26.604,48.812
18.4.2025,2:18:58.815,26.726,45.812
18.4.2025,2:18:59.817,26.643,34.857
18.4.2025,2:19:0.817,26.030,55.593
18.4.2025,2:19:1.815,26.640,47.783
18.4.2025,2:19:2.815,26.683,36.219
18.4.2025,2:19:3.816,26.006,47.692
18.4.2025,2:19:4.818,26.542,49.405
18.4.2025,2:19:5.804,26.785,46.410
18.4.2025,2:19:6.805,26.529,31.520
18.4.2025,2:19:7.805,26.100,56.173
18.4.2025,2:19:8.805,26.744,48.474
18.4.2025,2:19:9.809,26.543,36.420
18.4.2025,2:19:10.813,26.657,47.022
18.4.2025,2:19:11.813,28.345,51.430
18.4.2025,2:19:12.814,26.838,47.021
18.4.2025,2:19:13.814,26.853,29.805
18.4.2025,2:19:14.814,26.370,53.259
18.4.2025,2:19:15.817,26.195,48.081
18.4.2025,2:19:16.817,26.999,37.922
18.4.2025,2:19:17.816,26.590,43.398
18.4.2025,2:19:18.817,25.773,38.584
18.4.2025,2:19:19.805,26.685,51.169
18.4.2025,2:19:20.805,26.902,30.250
18.4.2025,2:19:21.810,26.887,32.626
18.4.2025,2:19:22.811,26.021,51.480
18.4.2025,2:19:23.809,26.928,48.346
18.4.2025,2:19:24.808,26.555,45.355
18.4.2025,2:19:25.810,26.246,34.834
18.4.2025,2:19:26.808,26.520,54.186
18.4.2025,2:19:27.808,26.947,47.647
18.4.2025,2:19:28.810,26.608,33.392
18.4.2025,2:19:29.812,25.848,50.475
18.4.2025,2:19:30.814,26.322,48.400
18.4.2025,2:19:31.814,26.593,43.324
18.4.2025,2:19:32.813,26.610,38.862
18.4.2025,2:19:33.814,26.334,51.430
18.4.2025,2:19:34.816,30.056,47.837
18.4.2025,2:19:35.815,27.933,47.837
18.4.2025,2:19:36.819,26.401,36.745
18.4.2025,2:19:37.805,25.993,45.163
18.4.2025,2:19:38.807,26.738,48.635
18.4.2025,2:19:39.810,26.697,45.822
18.4.2025,2:19:40.811,25.992,38.115
18.4.2025,2:19:41.810,26.315,34.163
18.4.2025,2:19:42.810,26.871,55.538
18.4.2025,2:19:43.811,26.599,48.327
18.4.2025,2:19:44.815,26.251,39.666
18.4.2025,2:19:45.813,26.477,37.017
18.4.2025,2:19:46.814,26.754,51.445
18.4.2025,2:19:47.813,26.819,46.706
18.4.2025,2:19:48.814,25.960,30.757
18.4.2025,2:19:49.818,26.997,54.590
18.4.2025,2:19:50.804,26.718,48.569
18.4.2025,2:19:51.806,26.315,37.848
18.4.2025,2:19:52.805,26.569,43.514
18.4.2025,2:19:53.804,26.948,51.278
18.4.2025,2:19:54.806,26.909,46.818
18.4.2025,2:19:55.807,25.645,30.973
18.4.2025,2:19:56.808,26.713,53.967
18.4.2025,2:19:57.811,26.772,48.226
18.4.2025,2:19:58.813,26.401,38.841
18.4.2025,2:19:59.815,25.836,42.699
18.4.2025,2:20:0.813,26.865,49.847
18.4.2025,2:20:1.811,26.372,45.918
18.4.2025,2:20:2.811,26.372,32.620
18.4.2025,2:20:3.811,25.752,31.111
18.4.2025,2:20:4.815,27.035,53.131
18.4.2025,2:20:5.817,26.521,48.369
18.4.2025,2:20:6.816,26.702,42.436
18.4.2025,2:20:7.815,25.810,34.749
18.4.2025,2:20:8.815,26.790,53.215
18.4.2025,2:20:9.803,26.651,47.739
18.4.2025,2:20:10.803,26.582,33.580
18.4.2025,2:20:11.805,26.127,47.746
18.4.2025,2:20:12.807,26.633,49.146
18.4.2025,2:20:13.807,26.911,46.696
18.4.2025,2:20:14.806,26.220,33.476
18.4.2025,2:20:15.807,26.139,54.490
18.4.2025,2:20:16.809,26.842,48.363
18.4.2025,2:20:17.810,26.935,39.500
18.4.2025,2:20:18.809,26.070,40.876
18.4.2025,2:20:19.809,27.035,49.679
18.4.2025,2:20:20.808,26.678,46.413
18.4.2025,2:20:21.811,26.105,31.455
18.4.2025,2:20:22.813,25.977,57.386
18.4.2025,2:20:23.811,27.085,47.949
18.4.2025,2:20:24.813,26.358,37.970
18.4.2025,2:20:25.812,26.311,46.656
18.4.2025,2:20:26.812,26.156,48.976
18.4.2025,2:20:27.814,26.668,45.722
18.4.2025,2:20:28.816,26.662,32.432
18.4.2025,2:20:29.802,26.349,56.479
18.4.2025,2:20:30.804,26.489,47.827
18.4.2025,2:20:31.803,26.991,48.203
18.4.2025,2:20:32.803,26.788,37.955
18.4.2025,2:20:33.803,25.914,48.464
18.4.2025,2:20:34.805,26.736,45.741
18.4.2025,2:20:35.806,26.847,45.923
18.4.2025,2:20:36.807,26.814,33.105
18.4.2025,2:20:37.806,26.153,55.714
18.4.2025,2:20:38.808,26.542,48.219
18.4.2025,2:20:39.808,26.518,39.576
18.4.2025,2:20:40.806,26.514,45.375
18.4.2025,2:20:41.810,26.595,48.747
18.4.2025,2:20:42.814,26.548,45.291
18.4.2025,2:20:43.816,26.696,33.560
18.4.2025,2:20:44.802,26.007,54.937
18.4.2025,2:20:45.806,26.778,47.820
18.4.2025,2:20:46.809,29.650,39.331
18.4.2025,2:20:47.811,26.534,38.664
18.4.2025,2:20:48.808,25.616,54.983
18.4.2025,2:20:49.809,26.931,47.820
18.4.2025,2:20:50.811,26.584,34.577
18.4.2025,2:20:51.809,26.532,47.989
18.4.2025,2:20:52.808,25.828,48.999
18.4.2025,2:20:53.810,26.584,46.234
18.4.2025,2:20:54.810,26.567,35.969
18.4.2025,2:20:55.809,25.995,55.022
18.4.2025,2:20:56.811,26.656,47.615
18.4.2025,2:20:57.807,26.711,32.869
18.4.2025,2:20:58.807,26.387,49.372
18.4.2025,2:20:59.808,25.998,48.973
18.4.2025,2:21:0.812,27.010,42.777
18.4.2025,2:21:1.808,26.270,35.886
18.4.2025,2:21:2.811,26.493,32.554
18.4.2025,2:21:3.813,26.285,55.457
18.4.2025,2:21:4.813,26.738,47.896
18.4.2025,2:21:5.814,26.540,35.077
18.4.2025,2:21:6.814,26.365,47.767
18.4.2025,2:21:7.818,26.244,49.251
18.4.2025,2:21:8.804,26.712,45.640
18.4.2025,2:21:9.806,26.466,33.518
18.4.2025,2:21:10.804,27.561,34.109
18.4.2025,2:21:11.807,28.915,34.906
18.4.2025,2:21:12.810,29.033,37.272
18.4.2025,2:21:13.812,29.175,46.709
18.4.2025,2:21:14.815,26.408,47.290
18.4.2025,2:21:15.816,26.973,33.724
18.4.2025,2:21:16.803,25.810,52.484
18.4.2025,2:21:17.803,26.778,48.062
18.4.2025,2:21:18.805,26.538,45.290
18.4.2025,2:21:19.807,26.326,35.353
18.4.2025,2:21:20.807,25.681,56.043
18.4.2025,2:21:21.810,26.944,47.734
18.4.2025,2:21:22.810,26.758,32.675
18.4.2025,2:21:23.813,27.024,47.177
18.4.2025,2:21:24.814,25.586,49.090
18.4.2025,2:21:25.817,26.597,46.069
18.4.2025,2:21:26.802,26.786,33.331
18.4.2025,2:21:27.818,26.522,55.030
18.4.2025,2:21:28.816,25.937,47.692
18.4.2025,2:21:29.805,26.461,33.735
18.4.2025,2:21:30.807,26.734,46.846
18.4.2025,2:21:31.807,26.445,40.591
18.4.2025,2:21:32.804,26.099,50.013
18.4.2025,2:21:33.805,26.922,46.005
18.4.2025,2:21:34.808,26.560,34.651
18.4.2025,2:21:35.812,25.497,53.708
18.4.2025,2:21:36.814,26.791,47.464
18.4.2025,2:21:37.815,26.784,33.903
18.4.2025,2:21:38.803,26.149,46.476
18.4.2025,2:21:39.805,26.261,48.625
18.4.2025,2:21:40.805,26.762,45.032
18.4.2025,2:21:41.803,26.638,37.109
18.4.2025,2:21:42.803,25.735,54.113
18.4.2025,2:21:43.805,27.144,47.197
18.4.2025,2:21:44.805,27.983,34.490
18.4.2025,2:21:45.807,26.818,50.863
18.4.2025,2:21:46.811,25.916,48.587
18.4.2025,2:21:47.810,27.024,43.971
18.4.2025,2:21:48.810,26.652,46.158
18.4.2025,2:21:49.810,25.843,37.192
18.4.2025,2:21:50.812,26.443,54.745
18.4.2025,2:21:51.814,26.906,47.682
18.4.2025,2:21:52.813,26.680,33.937
18.4.2025,2:21:53.813,25.696,50.287
18.4.2025,2:21:54.814,26.754,48.510
18.4.2025,2:21:55.804,26.455,43.830
18.4.2025,2:21:56.803,26.304,37.380
18.4.2025,2:21:57.803,25.890,52.773
18.4.2025,2:21:58.806,26.609,47.420
18.4.2025,2:21:59.802,26.734,35.150
18.4.2025,2:22:0.805,26.475,45.521
18.4.2025,2:22:1.804,25.960,49.690
18.4.2025,2:22:2.803,26.326,46.014
18.4.2025,2:22:3.806,26.722,47.782
18.4.2025,2:22:4.808,26.331,32.119
18.4.2025,2:22:5.811,26.502,51.664
18.4.2025,2:22:6.810,26.461,48.188
18.4.2025,2:22:7.810,26.626,41.955
18.4.2025,2:22:8.813,26.296,34.466
18.4.2025,2:22:9.815,26.710,53.848
18.4.2025,2:22:10.816,26.497,47.511
18.4.2025,2:22:11.816,26.620,33.238
18.4.2025,2:22:12.817,26.038,52.116
18.4.2025,2:22:13.816,26.720,48.211
18.4.2025,2:22:14.803,27.028,42.479
18.4.2025,2:22:15.806,26.617,41.908
18.4.2025,2:22:16.806,25.910,50.612
18.4.2025,2:22:17.803,26.907,46.875
18.4.2025,2:22:18.805,26.359,31.067
18.4.2025,2:22:19.807,26.472,50.870
18.4.2025,2:22:20.807,28.088,44.919
18.4.2025,2:22:21.808,26.623,49.145
18.4.2025,2:22:22.812,26.592,45.998
18.4.2025,2:22:23.816,26.101,34.669
18.4.2025,2:22:24.802,26.259,54.168
18.4.2025,2:22:25.803,26.473,47.944
18.4.2025,2:22:26.802,26.541,35.152
18.4.2025,2:22:27.803,26.032,47.622
18.4.2025,2:22:28.805,26.782,49.026
18.4.2025,2:22:29.803,26.493,46.240
18.4.2025,2:22:30.803,26.289,46.240
18.4.2025,2:22:31.803,26.348,33.317
18.4.2025,2:22:32.801,26.538,55.792
18.4.2025,2:22:33.818,26.783,48.049
18.4.2025,2:22:34.817,26.595,39.220
18.4.2025,2:22:35.804,26.341,40.673
18.4.2025,2:22:36.816,26.705,49.723
18.4.2025,2:22:37.814,26.499,46.420
18.4.2025,2:22:38.817,25.641,32.399
18.4.2025,2:22:39.818,26.844,54.905
18.4.2025,2:22:40.804,26.431,48.234
18.4.2025,2:22:41.802,26.429,40.613
18.4.2025,2:22:42.806,25.748,40.157
18.4.2025,2:22:43.809,26.654,49.864
18.4.2025,2:22:44.808,26.833,47.091
18.4.2025,2:22:45.809,26.074,32.569
18.4.2025,2:22:46.809,26.060,51.757
18.4.2025,2:22:47.811,26.998,46.989
18.4.2025,2:22:48.811,26.297,48.389
18.4.2025,2:22:49.816,25.952,46.013
18.4.2025,2:22:50.815,26.406,33.862
18.4.2025,2:22:51.817,26.705,54.421
18.4.2025,2:22:52.814,26.393,47.851
18.4.2025,2:22:53.815,25.731,38.748
18.4.2025,2:22:54.813,26.964,40.350
18.4.2025,2:22:55.811,26.964,49.938
18.4.2025,2:22:56.817,26.463,46.200
18.4.2025,2:22:57.818,26.456,31.316
18.4.2025,2:22:58.816,25.890,53.246
18.4.2025,2:22:59.803,26.796,47.811
18.4.2025,2:23:0.816,26.813,41.823
18.4.2025,2:23:1.819,25.855,38.644
18.4.2025,2:23:2.803,26.716,50.950
18.4.2025,2:23:3.806,26.598,47.039
18.4.2025,2:23:4.809,26.316,30.909
18.4.2025,2:23:5.811,25.737,54.714
18.4.2025,2:23:6.810,26.960,48.600
18.4.2025,2:23:7.809,26.836,37.574
18.4.2025,2:23:8.812,26.663,44.387
18.4.2025,2:23:9.810,25.895,49.100
18.4.2025,2:23:10.811,26.297,46.078
18.4.2025,2:23:11.813,26.556,30.560
18.4.2025,2:23:12.812,26.062,32.834
18.4.2025,2:23:13.815,26.437,49.171
18.4.2025,2:23:14.818,26.449,48.738
18.4.2025,2:23:15.802,26.411,40.488
18.4.2025,2:23:16.804,25.772,41.255
18.4.2025,2:23:17.803,26.553,51.454
18.4.2025,2:23:18.804,26.674,46.318
18.4.2025,2:23:19.804,26.551,31.456
18.4.2025,2:23:20.808,25.634,53.662
18.4.2025,2:23:21.813,26.788,48.295
18.4.2025,2:23:22.814,26.418,44.923
18.4.2025,2:23:23.813,26.952,36.704
18.4.2025,2:23:24.814,25.905,54.313
18.4.2025,2:23:25.812,26.873,47.971
18.4.2025,2:23:26.812,26.633,34.895
18.4.2025,2:23:27.814,26.417,47.706
18.4.2025,2:23:28.814,26.242,48.922
18.4.2025,2:23:29.812,26.618,44.783
18.4.2025,2:23:30.812,26.934,34.567
18.4.2025,2:23:31.813,25.657,54.903
18.4.2025,2:23:32.813,26.705,47.553
18.4.2025,2:23:33.812,26.637,48.038
18.4.2025,2:23:34.815,26.686,39.174
18.4.2025,2:23:35.811,25.848,41.796
18.4.2025,2:23:36.813,26.710,49.877
18.4.2025,2:23:37.817,26.425,46.982
18.4.2025,2:23:38.818,26.277,31.403
18.4.2025,2:23:39.817,25.868,52.458
18.4.2025,2:23:40.804,26.582,48.568
18.4.2025,2:23:41.807,26.874,42.172
18.4.2025,2:23:42.809,26.583,39.271
18.4.2025,2:23:43.810,25.907,50.591
18.4.2025,2:23:44.810,26.870,47.054
18.4.2025,2:23:45.808,26.658,32.840
18.4.2025,2:23:46.809,26.404,50.946
18.4.2025,2:23:47.810,26.334,48.884
18.4.2025,2:23:48.810,26.594,41.376
18.4.2025,2:23:49.809,26.444,38.522
18.4.2025,2:23:50.811,25.888,53.861
18.4.2025,2:23:51.811,26.892,56.382
18.4.2025,2:23:52.814,26.909,47.591
18.4.2025,2:23:53.817,26.504,34.525
18.4.2025,2:23:54.819,27.572,42.128
18.4.2025,2:23:55.806,27.158,49.787
18.4.2025,2:23:56.804,26.447,47.066
18.4.2025,2:23:57.803,26.345,31.374
18.4.2025,2:23:58.804,25.743,55.367
18.4.2025,2:23:59.803,26.641,48.519
18.4.2025,2:24:0.805,27.580,39.208
18.4.2025,2:24:1.807,26.031,38.603
18.4.2025,2:24:2.810,26.224,53.680
18.4.2025,2:24:3.814,26.892,47.318
18.4.2025,2:24:4.812,26.772,31.234
18.4.2025,2:24:5.812,25.904,50.567
18.4.2025,2:24:6.812,26.347,48.653
18.4.2025,2:24:7.819,26.529,42.295
18.4.2025,2:24:8.803,26.570,46.196
18.4.2025,2:24:9.803,25.842,31.893
18.4.2025,2:24:10.807,26.772,54.601
18.4.2025,2:24:11.807,26.443,47.850
18.4.2025,2:24:12.805,26.320,35.520
18.4.2025,2:24:13.805,25.667,44.376
18.4.2025,2:24:14.802,26.681,50.914
18.4.2025,2:24:15.805,26.838,46.554
18.4.2025,2:24:16.805,26.447,30.758
18.4.2025,2:24:17.803,25.763,54.466
18.4.2025,2:24:18.805,26.885,48.441
18.4.2025,2:24:19.806,26.929,41.275
18.4.2025,2:24:20.808,26.560,40.059
18.4.2025,2:24:21.807,25.833,51.413
18.4.2025,2:24:22.806,26.872,46.481
18.4.2025,2:24:23.806,26.520,34.407
18.4.2025,2:24:24.808,25.728,54.096
18.4.2025,2:24:25.814,27.328,48.164
18.4.2025,2:24:26.813,28.158,34.801
18.4.2025,2:24:27.816,28.784,48.075
18.4.2025,2:24:28.816,29.108,32.941
18.4.2025,2:24:29.818,28.512,32.958
18.4.2025,2:24:30.802,26.345,51.180
18.4.2025,2:24:31.803,26.801,48.333
18.4.2025,2:24:32.804,26.616,41.371
18.4.2025,2:24:33.803,26.863,36.093
18.4.2025,2:24:34.816,26.736,52.024
18.4.2025,2:24:35.816,26.716,47.541
18.4.2025,2:24:36.803,26.360,31.111
18.4.2025,2:24:37.817,26.186,52.983
18.4.2025,2:24:38.802,26.707,48.574
18.4.2025,2:24:39.817,26.716,43.463
18.4.2025,2:24:40.816,25.483,36.374
18.4.2025,2:24:41.816,26.805,52.798
18.4.2025,2:24:42.817,26.427,47.377
18.4.2025,2:24:43.814,26.888,33.480
18.4.2025,2:24:44.816,25.897,50.727
18.4.2025,2:24:45.817,26.729,48.386
18.4.2025,2:24:46.805,26.707,39.612
18.4.2025,2:24:47.804,25.884,41.477
18.4.2025,2:24:48.803,26.614,40.211
18.4.2025,2:24:49.803,26.419,53.616
18.4.2025,2:24:50.806,26.576,47.510
18.4.2025,2:24:51.806,26.016,30.809
18.4.2025,2:24:52.807,26.603,52.333
18.4.2025,2:24:53.807,26.845,48.728
18.4.2025,2:24:54.809,26.358,44.152
18.4.2025,2:24:55.815,26.226,40.204
18.4.2025,2:24:56.812,26.270,52.977
18.4.2025,2:24:57.814,26.410,47.054
18.4.2025,2:24:58.814,26.203,32.834
18.4.2025,2:24:59.815,26.839,50.759
18.4.2025,2:25:0.818,26.646,48.679
18.4.2025,2:25:1.817,26.524,43.431
18.4.2025,2:25:2.817,26.331,39.789
18.4.2025,2:25:3.818,26.720,51.932
18.4.2025,2:25:4.804,26.788,47.109
18.4.2025,2:25:5.805,26.151,34.504
18.4.2025,2:25:6.806,25.779,45.858
18.4.2025,2:25:7.804,26.345,50.061
18.4.2025,2:25:8.816,26.402,46.481
18.4.2025,2:25:9.816,26.320,31.096
18.4.2025,2:25:10.816,26.764,53.232
18.4.2025,2:25:11.817,26.683,53.232
18.4.2025,2:25:12.818,26.450,47.950
18.4.2025,2:25:13.816,26.116,41.532
18.4.2025,2:25:14.805,27.417,38.822
18.4.2025,2:25:15.803,28.745,52.636
18.4.2025,2:25:16.805,26.913,55.034
18.4.2025,2:25:17.802,26.169,48.136
18.4.2025,2:25:18.805,26.487,38.574
18.4.2025,2:25:19.804,26.837,38.998
18.4.2025,2:25:20.804,26.629,50.256
18.4.2025,2:25:21.818,26.080,46.473
18.4.2025,2:25:22.804,27.111,31.489
18.4.2025,2:25:23.806,26.572,54.432
18.4.2025,2:25:24.817,26.072,48.318
18.4.2025,2:25:25.804,26.072,40.493
18.4.2025,2:25:26.818,26.551,43.576
18.4.2025,2:25:27.816,26.771,49.851
18.4.2025,2:25:28.814,26.852,46.437
18.4.2025,2:25:29.814,28.790,34.873
18.4.2025,2:25:30.813,26.471,46.745
18.4.2025,2:25:31.813,26.886,49.076
18.4.2025,2:25:32.816,26.414,44.809
18.4.2025,2:25:33.805,25.661,35.555
18.4.2025,2:25:34.807,26.977,52.882
18.4.2025,2:25:35.806,26.523,47.800
18.4.2025,2:25:36.808,26.658,34.388
18.4.2025,2:25:37.812,25.546,49.301
18.4.2025,2:25:38.812,26.862,42.158
18.4.2025,2:25:39.811,26.660,52.221
18.4.2025,2:25:40.810,26.581,47.497
18.4.2025,2:25:41.808,26.056,32.632
18.4.2025,2:25:42.808,26.686,51.826
18.4.2025,2:25:43.811,26.563,48.182
18.4.2025,2:25:44.810,25.647,44.634
18.4.2025,2:25:45.812,26.534,34.518
18.4.2025,2:25:46.813,26.777,55.846
18.4.2025,2:25:47.815,26.411,48.383
18.4.2025,2:25:48.816,26.233,35.642
18.4.2025,2:25:49.805,26.754,45.928
18.4.2025,2:25:50.804,26.563,49.677
18.4.2025,2:25:51.806,25.836,46.288
18.4.2025,2:25:52.807,26.345,32.431
18.4.2025,2:25:53.809,26.699,53.600
18.4.2025,2:25:54.812,26.633,48.448
18.4.2025,2:25:55.816,26.329,38.917
18.4.2025,2:25:56.817,26.264,40.974
18.4.2025,2:25:57.815,26.617,49.708
18.4.2025,2:25:58.812,27.008,47.219
18.4.2025,2:25:59.811,26.009,31.311
18.4.2025,2:26:0.813,26.822,49.676
18.4.2025,2:26:1.815,26.610,48.194
18.4.2025,2:26:2.818,26.409,43.971
18.4.2025,2:26:3.802,25.662,45.678
18.4.2025,2:26:4.816,26.828,33.874
18.4.2025,2:26:5.803,26.382,53.786
18.4.2025,2:26:6.805,26.557,47.991
18.4.2025,2:26:7.805,25.874,34.876
18.4.2025,2:26:8.804,26.711,46.472
18.4.2025,2:26:9.805,26.549,48.546
18.4.2025,2:26:10.816,26.113,44.654
18.4.2025,2:26:11.816,26.568,34.000
18.4.2025,2:26:12.816,26.920,54.586
18.4.2025,2:26:13.817,26.530,47.893
18.4.2025,2:26:14.804,26.057,35.998
18.4.2025,2:26:15.806,27.186,45.296
18.4.2025,2:26:16.808,27.067,48.823
18.4.2025,2:26:17.811,26.352,44.111
18.4.2025,2:26:18.811,25.910,35.116
18.4.2025,2:26:19.810,26.925,54.603
18.4.2025,2:26:20.813,26.913,47.470
18.4.2025,2:26:21.814,26.155,47.662
18.4.2025,2:26:22.817,26.425,37.561
18.4.2025,2:26:23.816,26.927,44.278
18.4.2025,2:26:24.817,26.893,49.768
18.4.2025,2:26:25.817,25.887,46.467
18.4.2025,2:26:26.816,26.851,31.740
18.4.2025,2:26:27.817,26.971,55.031
18.4.2025,2:26:28.803,26.418,48.441
18.4.2025,2:26:29.803,25.962,38.913
18.4.2025,2:26:30.807,27.084,41.079
18.4.2025,2:26:31.810,26.631,51.226
18.4.2025,2:26:32.814,26.551,46.407
18.4.2025,2:26:33.814,25.627,31.656
18.4.2025,2:26:34.814,26.858,51.534
18.4.2025,2:26:35.816,26.904,48.704
18.4.2025,2:26:36.817,26.541,45.974
18.4.2025,2:26:37.804,25.940,36.343
18.4.2025,2:26:38.804,26.912,33.644
18.4.2025,2:26:39.804,26.455,55.612
18.4.2025,2:26:40.805,26.026,48.105
18.4.2025,2:26:41.804,26.284,39.093
18.4.2025,2:26:42.808,26.638,43.095
18.4.2025,2:26:43.809,26.555,50.512
18.4.2025,2:26:44.812,26.484,47.845
18.4.2025,2:26:45.817,25.884,34.677
18.4.2025,2:26:46.804,26.801,47.119
18.4.2025,2:26:47.804,26.531,48.623
18.4.2025,2:26:48.807,26.273,45.741
18.4.2025,2:26:49.807,26.328,36.920
18.4.2025,2:26:50.810,26.554,51.980
18.4.2025,2:26:51.809,26.369,48.032
18.4.2025,2:26:52.812,26.080,34.292
18.4.2025,2:26:53.811,26.680,46.700
18.4.2025,2:26:54.810,26.841,49.354
18.4.2025,2:26:55.814,26.469,49.626
18.4.2025,2:26:56.815,25.941,47.004
18.4.2025,2:26:57.815,26.393,32.482
18.4.2025,2:26:58.815,26.558,51.153
18.4.2025,2:26:59.815,26.722,48.545
18.4.2025,2:27:0.817,25.937,45.549
18.4.2025,2:27:1.816,27.097,35.728
18.4.2025,2:27:2.803,26.333,52.541
18.4.2025,2:27:3.807,29.231,48.274
18.4.2025,2:27:4.807,25.946,35.941
18.4.2025,2:27:5.806,26.899,47.341
18.4.2025,2:27:6.810,26.637,49.619
18.4.2025,2:27:7.810,26.760,46.514
18.4.2025,2:27:8.811,25.747,32.911
18.4.2025,2:27:9.810,26.844,55.608
18.4.2025,2:27:10.809,26.622,48.419
18.4.2025,2:27:11.814,26.304,48.772
18.4.2025,2:27:12.816,25.919,43.486
18.4.2025,2:27:13.816,27.086,40.381
18.4.2025,2:27:14.807,26.933,50.069
18.4.2025,2:27:15.809,26.082,47.335
18.4.2025,2:27:16.811,26.635,33.042
18.4.2025,2:27:17.812,26.728,51.984
18.4.2025,2:27:18.814,26.812,48.518
18.4.2025,2:27:19.813,25.924,41.117
18.4.2025,2:27:20.815,26.985,40.200
18.4.2025,2:27:21.813,26.941,50.265
18.4.2025,2:27:22.815,26.611,47.254
18.4.2025,2:27:23.817,26.248,30.729
18.4.2025,2:27:24.815,27.170,45.705
18.4.2025,2:27:25.805,26.543,48.568
18.4.2025,2:27:26.803,26.494,45.561
18.4.2025,2:27:27.804,25.923,34.851
18.4.2025,2:27:28.804,26.719,55.347
18.4.2025,2:27:29.804,26.489,47.910
18.4.2025,2:27:30.805,26.556,37.527
18.4.2025,2:27:31.804,26.425,45.308
18.4.2025,2:27:32.803,26.800,48.836
18.4.2025,2:27:33.806,26.669,46.018
18.4.2025,2:27:34.802,26.429,32.304
18.4.2025,2:27:35.804,26.591,54.941
18.4.2025,2:27:36.805,26.201,50.120
18.4.2025,2:27:37.808,26.766,48.902
18.4.2025,2:27:38.806,26.056,44.758
18.4.2025,2:27:39.809,26.941,35.020
18.4.2025,2:27:40.810,26.786,55.026
18.4.2025,2:27:41.812,26.560,48.050
18.4.2025,2:27:42.813,28.640,46.461
18.4.2025,2:27:43.815,28.964,49.751
18.4.2025,2:27:44.816,29.126,40.672
18.4.2025,2:27:45.817,28.059,51.995
18.4.2025,2:27:46.817,26.535,47.620
18.4.2025,2:27:47.804,26.067,31.578
18.4.2025,2:27:48.806,26.596,36.674
18.4.2025,2:27:49.808,26.758,44.154
18.4.2025,2:27:50.809,26.635,49.091
18.4.2025,2:27:51.807,25.821,45.364
18.4.2025,2:27:52.811,26.487,35.689
18.4.2025,2:27:53.810,26.580,52.810
18.4.2025,2:27:54.812,26.641,47.925
18.4.2025,2:27:55.813,25.898,36.706
18.4.2025,2:27:56.813,26.894,42.876
18.4.2025,2:27:57.813,26.500,48.945
18.4.2025,2:27:58.811,26.186,46.412
18.4.2025,2:27:59.812,25.983,31.199
18.4.2025,2:28:0.810,26.983,53.450
18.4.2025,2:28:1.811,26.651,48.366
18.4.2025,2:28:2.813,26.373,44.465
18.4.2025,2:28:3.814,26.201,36.583
18.4.2025,2:28:4.817,26.715,32.168
18.4.2025,2:28:5.816,26.754,47.499
18.4.2025,2:28:6.818,26.350,48.077
18.4.2025,2:28:7.817,26.509,48.077
18.4.2025,2:28:8.805,26.500,49.755
18.4.2025,2:28:9.805,26.794,44.136
18.4.2025,2:28:10.806,26.794,49.857
18.4.2025,2:28:11.805,25.808,45.877
18.4.2025,2:28:12.808,26.751,33.797
18.4.2025,2:28:13.804,26.720,54.358
18.4.2025,2:28:14.804,26.268,48.343
18.4.2025,2:28:15.804,26.551,39.640
18.4.2025,2:28:16.806,26.644,40.656
18.4.2025,2:28:17.809,26.352,49.503
18.4.2025,2:28:18.813,25.966,45.915
18.4.2025,2:28:19.813,26.690,31.609
18.4.2025,2:28:20.816,27.033,53.310
18.4.2025,2:28:21.804,26.632,48.293
18.4.2025,2:28:22.805,25.614,37.637
18.4.2025,2:28:23.808,26.951,41.727
18.4.2025,2:28:24.809,26.714,50.120
18.4.2025,2:28:25.811,26.759,47.095
18.4.2025,2:28:26.813,25.683,48.398
18.4.2025,2:28:27.814,26.874,35.596
18.4.2025,2:28:28.815,26.449,45.660
18.4.2025,2:28:29.813,27.080,48.387
18.4.2025,2:28:30.813,25.836,45.439
18.4.2025,2:28:31.813,26.957,36.151
18.4.2025,2:28:32.814,26.521,54.501
18.4.2025,2:28:33.812,26.579,47.723
18.4.2025,2:28:34.811,25.709,35.282
18.4.2025,2:28:35.813,27.083,47.244
18.4.2025,2:28:36.813,26.444,48.767
18.4.2025,2:28:37.813,26.348,44.083
18.4.2025,2:28:38.814,28.693,31.301
18.4.2025,2:28:39.813,26.667,54.938
18.4.2025,2:28:40.812,26.656,48.050
18.4.2025,2:28:41.813,25.853,36.405
18.4.2025,2:28:42.815,26.500,46.263
18.4.2025,2:28:43.816,26.770,48.669
18.4.2025,2:28:44.815,26.617,46.148
18.4.2025,2:28:45.814,25.818,30.270
18.4.2025,2:28:46.813,27.059,49.519
18.4.2025,2:28:47.811,27.037,48.576
18.4.2025,2:28:48.814,26.687,41.446
18.4.2025,2:28:49.812,25.945,37.217
18.4.2025,2:28:50.815,26.578,51.699
18.4.2025,2:28:51.816,26.682,47.791
18.4.2025,2:28:52.817,26.631,34.285
18.4.2025,2:28:53.802,25.635,49.049
18.4.2025,2:28:54.816,27.136,48.616
18.4.2025,2:28:55.804,26.677,43.625
18.4.2025,2:28:56.805,26.740,36.242
18.4.2025,2:28:57.805,26.093,54.213
18.4.2025,2:28:58.816,26.839,47.871
18.4.2025,2:28:59.816,26.735,39.407
18.4.2025,2:29:0.813,26.013,40.278
18.4.2025,2:29:1.815,26.843,51.939
18.4.2025,2:29:2.817,26.322,52.794
18.4.2025,2:29:3.814,26.808,31.635
18.4.2025,2:29:4.815,26.122,48.319
18.4.2025,2:29:5.817,27.109,42.764
18.4.2025,2:29:6.816,26.620,44.163
18.4.2025,2:29:7.816,26.166,35.081
18.4.2025,2:29:8.814,25.967,32.359
18.4.2025,2:29:9.816,26.854,47.874
18.4.2025,2:29:10.817,26.710,48.451
18.4.2025,2:29:11.816,26.014,37.704
18.4.2025,2:29:12.816,26.308,41.557
18.4.2025,2:29:13.817,26.859,49.827
18.4.2025,2:29:14.803,26.566,46.325
18.4.2025,2:29:15.802,25.800,30.897
18.4.2025,2:29:16.804,26.625,54.153
18.4.2025,2:29:17.806,26.424,48.259
18.4.2025,2:29:18.807,26.210,37.066
18.4.2025,2:29:19.808,25.760,41.426
18.4.2025,2:29:20.810,26.574,50.434
18.4.2025,2:29:21.813,26.781,47.000
18.4.2025,2:29:22.818,26.510,32.188
18.4.2025,2:29:23.818,26.305,52.239
18.4.2025,2:29:24.816,26.587,48.304
18.4.2025,2:29:25.816,27.240,44.948
18.4.2025,2:29:26.815,26.305,35.281
18.4.2025,2:29:27.817,26.252,56.477
18.4.2025,2:29:28.815,26.584,48.618
18.4.2025,2:29:29.816,26.584,35.253
18.4.2025,2:29:30.816,25.420,47.875
18.4.2025,2:29:31.816,27.000,48.343
18.4.2025,2:29:32.803,26.665,49.667
18.4.2025,2:29:33.818,26.705,46.533
18.4.2025,2:29:34.816,25.824,30.267
18.4.2025,2:29:35.817,27.173,51.313
18.4.2025,2:29:36.816,26.795,48.404
18.4.2025,2:29:37.816,26.654,42.209
18.4.2025,2:29:38.816,25.967,39.148
18.4.2025,2:29:39.817,26.865,51.330
18.4.2025,2:29:40.804,26.788,47.252
18.4.2025,2:29:41.805,25.832,33.069
18.4.2025,2:29:42.804,26.284,50.777
18.4.2025,2:29:43.807,26.446,48.479
18.4.2025,2:29:44.811,26.715,43.841
18.4.2025,2:29:45.813,25.966,38.487
18.4.2025,2:29:46.816,26.741,35.055
18.4.2025,2:29:47.816,26.937,54.746
18.4.2025,2:29:48.818,27.014,47.479
18.4.2025,2:29:49.818,25.897,32.237
18.4.2025,2:29:50.817,26.624,50.106
18.4.2025,2:29:51.815,26.880,48.411
18.4.2025,2:29:52.817,25.868,42.406
18.4.2025,2:29:53.816,26.620,35.534
18.4.2025,2:29:54.817,26.485,55.683
18.4.2025,2:29:55.816,26.408,48.046
18.4.2025,2:29:56.818,25.471,37.655
18.4.2025,2:29:57.816,26.826,42.722
18.4.2025,2:29:58.816,26.505,49.682
18.4.2025,2:29:59.802,26.633,46.243
18.4.2025,2:30:0.802,26.107,32.843
18.4.2025,2:30:1.816,26.955,54.198
18.4.2025,2:30:2.815,26.595,48.301
18.4.2025,2:30:3.816,26.468,38.153
18.4.2025,2:30:4.817,26.082,42.760
18.4.2025,2:30:5.804,26.775,51.911
18.4.2025,2:30:6.807,26.570,46.418
18.4.2025,2:30:7.807,26.360,31.777
18.4.2025,2:30:8.808,26.126,53.505
18.4.2025,2:30:9.808,26.856,48.531
18.4.2025,2:30:10.810,26.606,37.578
18.4.2025,2:30:11.812,27.394,42.371
18.4.2025,2:30:12.812,27.096,35.511
18.4.2025,2:30:13.816,26.849,52.041
18.4.2025,2:30:14.816,26.767,47.408
18.4.2025,2:30:15.816,25.927,31.298
18.4.2025,2:30:16.818,26.872,51.640
18.4.2025,2:30:17.817,26.448,48.613
18.4.2025,2:30:18.816,26.394,41.058
18.4.2025,2:30:19.816,26.047,36.925
18.4.2025,2:30:20.803,26.487,53.082
18.4.2025,2:30:21.816,26.708,47.564
18.4.2025,2:30:22.816,25.691,31.898
18.4.2025,2:30:23.803,27.559,52.375
18.4.2025,2:30:24.802,26.741,48.554
18.4.2025,2:30:25.804,26.673,41.870
18.4.2025,2:30:26.803,25.776,35.825
18.4.2025,2:30:27.808,26.828,53.613
18.4.2025,2:30:28.810,26.682,47.917
18.4.2025,2:30:29.812,27.118,34.694
18.4.2025,2:30:30.815,25.721,37.024
18.4.2025,2:30:31.816,26.610,46.024
18.4.2025,2:30:32.804,26.615,49.836
18.4.2025,2:30:33.806,26.765,46.116
18.4.2025,2:30:34.805,25.924,30.694
18.4.2025,2:30:35.805,26.790,51.171
18.4.2025,2:30:36.810,26.695,48.163
18.4.2025,2:30:37.810,26.529,41.685
18.4.2025,2:30:38.810,25.850,39.793
18.4.2025,2:30:39.812,26.895,49.726
18.4.2025,2:30:40.811,26.767,46.176
18.4.2025,2:30:41.811,26.132,30.518
18.4.2025,2:30:42.815,26.169,53.182
18.4.2025,2:30:43.817,26.605,50.970
18.4.2025,2:30:44.805,26.855,50.970
18.4.2025,2:30:45.809,25.773,48.826
18.4.2025,2:30:46.812,26.346,43.765
18.4.2025,2:30:47.813,26.642,39.555
18.4.2025,2:30:48.818,26.400,53.732
18.4.2025,2:30:49.817,25.766,46.894
18.4.2025,2:30:50.816,26.756,31.504
18.4.2025,2:30:51.818,26.804,50.288
18.4.2025,2:30:52.815,26.180,48.156
18.4.2025,2:30:53.817,26.422,37.193
18.4.2025,2:30:54.816,26.894,41.700
18.4.2025,2:30:55.815,26.575,49.696
18.4.2025,2:30:56.802,26.108,45.975
18.4.2025,2:30:57.804,26.108,47.223
18.4.2025,2:30:58.806,26.517,32.280
18.4.2025,2:30:59.805,29.061,36.444
18.4.2025,2:31:0.807,29.128,45.715
18.4.2025,2:31:1.805,29.406,47.596
18.4.2025,2:31:2.808,27.618,46.374
18.4.2025,2:31:3.808,26.791,35.609
18.4.2025,2:31:4.807,26.730,54.689
18.4.2025,2:31:5.805,26.342,48.498
18.4.2025,2:31:6.808,25.729,41.962
18.4.2025,2:31:7.808,26.726,36.757
18.4.2025,2:31:8.810,26.724,55.733
18.4.2025,2:31:9.808,26.429,48.052
18.4.2025,2:31:10.812,26.014,37.618
18.4.2025,2:31:11.816,26.711,45.434
18.4.2025,2:31:12.814,26.191,49.465
18.4.2025,2:31:13.816,26.684,46.033
18.4.2025,2:31:14.814,25.969,46.408
18.4.2025,2:31:15.815,27.036,52.487
18.4.2025,2:31:16.817,26.460,55.794
18.4.2025,2:31:17.804,26.125,48.038
18.4.2025,2:31:18.805,26.281,37.633
18.4.2025,2:31:19.804,26.811,46.705
18.4.2025,2:31:20.806,26.746,49.052
18.4.2025,2:31:21.804,25.751,45.740
18.4.2025,2:31:22.803,26.800,31.436
18.4.2025,2:31:23.803,26.481,52.817
18.4.2025,2:31:24.807,26.763,48.421
18.4.2025,2:31:25.808,25.748,42.431
18.4.2025,2:31:26.807,27.086,39.573
18.4.2025,2:31:27.807,26.325,53.045
18.4.2025,2:31:28.808,26.501,47.668
18.4.2025,2:31:29.811,25.707,34.311
18.4.2025,2:31:30.815,26.851,47.955
18.4.2025,2:31:31.816,26.704,48.526
18.4.2025,2:31:32.815,26.475,44.830
18.4.2025,2:31:33.815,25.880,30.819
18.4.2025,2:31:34.816,26.935,53.074
18.4.2025,2:31:35.804,26.993,48.216
18.4.2025,2:31:36.816,26.629,39.269
18.4.2025,2:31:37.816,25.862,43.407
18.4.2025,2:31:38.804,27.312,49.877
18.4.2025,2:31:39.805,26.539,46.595
18.4.2025,2:31:40.807,26.361,32.059
18.4.2025,2:31:41.809,26.332,51.391
18.4.2025,2:31:42.812,26.426,49.948
18.4.2025,2:31:43.812,26.616,48.329
18.4.2025,2:31:44.816,26.250,43.661
18.4.2025,2:31:45.816,26.554,37.474
18.4.2025,2:31:46.815,29.197,53.636
18.4.2025,2:31:47.814,26.500,47.501
18.4.2025,2:31:48.813,25.935,37.769
18.4.2025,2:31:49.812,26.523,42.829
18.4.2025,2:31:50.813,26.767,50.065
18.4.2025,2:31:51.815,26.869,45.557
18.4.2025,2:31:52.815,25.805,32.358
18.4.2025,2:31:53.816,26.599,54.039
18.4.2025,2:31:54.805,26.490,48.290
18.4.2025,2:31:55.806,26.936,41.652
18.4.2025,2:31:56.807,26.003,38.622
18.4.2025,2:31:57.810,27.279,37.230
18.4.2025,2:31:58.810,26.299,54.508
18.4.2025,2:31:59.812,26.566,47.777
18.4.2025,2:32:0.810,26.309,36.569
18.4.2025,2:32:1.811,26.827,45.858
18.4.2025,2:32:2.810,26.622,48.821
18.4.2025,2:32:3.808,25.708,44.871
18.4.2025,2:32:4.806,26.872,33.648
18.4.2025,2:32:5.805,26.789,54.898
18.4.2025,2:32:6.807,26.893,48.353
18.4.2025,2:32:7.805,25.780,35.784
18.4.2025,2:32:8.809,26.874,46.690
18.4.2025,2:32:9.809,26.894,48.989
18.4.2025,2:32:10.810,26.181,46.027
18.4.2025,2:32:11.811,26.570,33.837
18.4.2025,2:32:12.812,26.686,55.210
18.4.2025,2:32:13.814,26.667,48.234
18.4.2025,2:32:14.813,26.024,37.656
18.4.2025,2:32:15.811,27.217,45.071
18.4.2025,2:32:16.812,26.592,49.369
18.4.2025,2:32:17.812,26.409,45.899
18.4.2025,2:32:18.812,25.833,30.710
18.4.2025,2:32:19.815,26.624,53.455
18.4.2025,2:32:20.816,26.700,48.183
18.4.2025,2:32:21.817,26.472,39.721
18.4.2025,2:32:22.804,26.504,45.014
18.4.2025,2:32:23.805,26.734,49.249
18.4.2025,2:32:24.808,26.564,46.180
18.4.2025,2:32:25.806,26.325,33.485
18.4.2025,2:32:26.805,27.028,55.106
18.4.2025,2:32:27.808,26.370,48.502
18.4.2025,2:32:28.807,26.675,38.978
18.4.2025,2:32:29.811,25.661,41.953
18.4.2025,2:32:30.808,26.872,39.140
18.4.2025,2:32:31.814,26.840,49.676
18.4.2025,2:32:32.815,26.615,47.640
18.4.2025,2:32:33.813,25.798,31.320
18.4.2025,2:32:34.815,27.039,49.393
18.4.2025,2:32:35.803,26.947,48.228
18.4.2025,2:32:36.805,26.486,45.505
18.4.2025,2:32:37.808,26.164,37.276
18.4.2025,2:32:38.810,26.443,53.322
18.4.2025,2:32:39.810,26.583,47.840
18.4.2025,2:32:40.809,26.204,36.010
18.4.2025,2:32:41.808,26.374,46.998
18.4.2025,2:32:42.809,26.416,48.223
18.4.2025,2:32:43.807,26.517,45.736
18.4.2025,2:32:44.807,25.393,33.618
18.4.2025,2:32:45.811,27.119,30.938
18.4.2025,2:32:46.815,26.542,51.699
18.4.2025,2:32:47.812,26.619,48.395
18.4.2025,2:32:48.812,25.600,40.938
18.4.2025,2:32:49.812,26.516,50.074
18.4.2025,2:32:50.803,26.833,53.978
18.4.2025,2:32:51.817,26.057,30.649
18.4.2025,2:32:52.803,25.853,34.056
18.4.2025,2:32:53.804,26.592,46.594
18.4.2025,2:32:54.807,26.591,48.581
18.4.2025,2:32:55.804,26.326,46.200
18.4.2025,2:32:56.816,26.894,33.743
18.4.2025,2:32:57.816,26.570,54.040
18.4.2025,2:32:58.815,26.957,48.482
18.4.2025,2:32:59.816,25.804,37.802
18.4.2025,2:33:0.804,26.795,42.048
18.4.2025,2:33:1.804,26.528,49.822
18.4.2025,2:33:2.803,26.578,46.072
18.4.2025,2:33:3.806,25.543,32.024
18.4.2025,2:33:4.807,26.959,55.047
18.4.2025,2:33:5.808,26.662,47.771
18.4.2025,2:33:6.808,26.426,36.910
18.4.2025,2:33:7.808,26.212,44.784
18.4.2025,2:33:8.810,26.562,49.920
18.4.2025,2:33:9.808,26.857,47.234
18.4.2025,2:33:10.812,26.357,30.681
18.4.2025,2:33:11.812,26.214,55.348
18.4.2025,2:33:12.809,26.592,48.645
18.4.2025,2:33:13.808,26.675,40.130
18.4.2025,2:33:14.810,26.289,42.375
18.4.2025,2:33:15.809,26.976,38.022
18.4.2025,2:33:16.816,26.973,51.537
18.4.2025,2:33:17.815,26.057,48.248
18.4.2025,2:33:18.814,25.818,34.531
18.4.2025,2:33:19.813,27.028,46.143
18.4.2025,2:33:20.812,29.117,46.143
18.4.2025,2:33:21.813,26.314,50.592
18.4.2025,2:33:22.812,26.738,46.060
18.4.2025,2:33:23.813,26.544,34.160
18.4.2025,2:33:24.814,26.809,55.470
18.4.2025,2:33:25.815,25.932,48.325
18.4.2025,2:33:26.811,27.013,36.673
18.4.2025,2:33:27.813,26.272,47.914
18.4.2025,2:33:28.816,26.576,49.421
18.4.2025,2:33:29.815,26.122,46.049
18.4.2025,2:33:30.818,26.393,36.288
18.4.2025,2:33:31.818,26.679,55.690
18.4.2025,2:33:32.804,26.679,48.132
18.4.2025,2:33:33.809,25.948,40.990
18.4.2025,2:33:34.809,26.282,41.232
18.4.2025,2:33:35.811,26.579,50.572
18.4.2025,2:33:36.812,26.472,47.022
18.4.2025,2:33:37.813,25.978,29.793
18.4.2025,2:33:38.802,26.841,53.209
18.4.2025,2:33:39.818,26.837,48.323
18.4.2025,2:33:40.815,26.283,41.867
18.4.2025,2:33:41.816,25.948,35.355
18.4.2025,2:33:42.818,26.948,34.474
18.4.2025,2:33:43.817,26.585,47.611
18.4.2025,2:33:44.804,26.339,48.313
18.4.2025,2:33:45.808,25.782,40.062
18.4.2025,2:33:46.805,26.980,42.266
18.4.2025,2:33:47.807,26.664,49.504
18.4.2025,2:33:48.811,26.431,46.323
18.4.2025,2:33:49.814,26.119,30.460
18.4.2025,2:33:50.813,26.446,52.350
18.4.2025,2:33:51.813,26.486,48.637
18.4.2025,2:33:52.815,26.150,41.820
18.4.2025,2:33:53.816,26.546,40.004
18.4.2025,2:33:54.806,26.569,49.758
18.4.2025,2:33:55.805,26.708,46.831
18.4.2025,2:33:56.809,25.944,31.982
18.4.2025,2:33:57.805,26.709,51.594
18.4.2025,2:33:58.811,26.511,48.391
18.4.2025,2:33:59.811,26.713,40.355
18.4.2025,2:34:0.813,25.796,40.563
18.4.2025,2:34:1.816,26.630,50.063
18.4.2025,2:34:2.815,26.313,46.911
18.4.2025,2:34:3.813,26.348,31.054
18.4.2025,2:34:4.813,26.489,50.838
18.4.2025,2:34:5.812,26.534,48.684
18.4.2025,2:34:6.811,27.014,44.047
18.4.2025,2:34:7.812,25.952,37.704
18.4.2025,2:34:8.814,26.777,52.379
18.4.2025,2:34:9.812,26.644,53.592
18.4.2025,2:34:10.813,26.600,47.599
18.4.2025,2:34:11.811,26.239,35.062
18.4.2025,2:34:12.812,26.920,47.767
18.4.2025,2:34:13.815,26.547,48.925
18.4.2025,2:34:14.815,26.900,46.625
18.4.2025,2:34:15.805,29.097,36.256
18.4.2025,2:34:16.803,28.868,32.037
18.4.2025,2:34:17.803,28.961,38.538
18.4.2025,2:34:18.816,27.166,50.506
18.4.2025,2:34:19.817,26.606,46.496
18.4.2025,2:34:20.818,25.939,29.553
18.4.2025,2:34:21.817,26.744,50.338
18.4.2025,2:34:22.817,26.610,48.103
18.4.2025,2:34:23.803,26.045,40.190
18.4.2025,2:34:24.804,26.544,38.602
18.4.2025,2:34:25.814,27.084,52.548
18.4.2025,2:34:26.817,26.541,47.499
18.4.2025,2:34:27.803,25.872,30.592
18.4.2025,2:34:28.803,26.553,50.713
18.4.2025,2:34:29.804,26.901,48.221
18.4.2025,2:34:30.818,26.553,41.638
18.4.2025,2:34:31.804,26.163,38.432
18.4.2025,2:34:32.805,26.567,51.514
18.4.2025,2:34:33.816,26.620,47.688
18.4.2025,2:34:34.816,25.970,32.915
18.4.2025,2:34:35.802,26.575,48.917
18.4.2025,2:34:36.817,29.046,50.773
18.4.2025,2:34:37.804,29.284,47.121
18.4.2025,2:34:38.807,26.364,32.297
18.4.2025,2:34:39.809,26.106,53.153
18.4.2025,2:34:40.807,26.541,48.512
18.4.2025,2:34:41.806,26.488,43.219
18.4.2025,2:34:42.808,26.326,35.960
18.4.2025,2:34:43.808,26.783,52.171
18.4.2025,2:34:44.807,26.692,47.655
18.4.2025,2:34:45.815,26.432,32.838
18.4.2025,2:34:46.815,25.537,37.937
18.4.2025,2:34:47.803,26.922,41.817
18.4.2025,2:34:48.805,26.689,49.424
18.4.2025,2:34:49.809,26.527,46.754
18.4.2025,2:34:50.811,25.990,31.207
18.4.2025,2:34:51.814,26.730,52.798
18.4.2025,2:34:52.817,26.703,48.477
18.4.2025,2:34:53.804,26.582,41.487
18.4.2025,2:34:54.806,26.290,39.381
18.4.2025,2:34:55.806,29.001,53.280
18.4.2025,2:34:56.804,26.767,47.806
18.4.2025,2:34:57.806,26.707,35.808
18.4.2025,2:34:58.809,25.739,42.747
18.4.2025,2:34:59.811,26.578,39.923
18.4.2025,2:35:0.812,26.885,49.704
18.4.2025,2:35:1.812,26.704,47.192
18.4.2025,2:35:2.813,26.173,32.832
18.4.2025,2:35:3.813,26.789,56.705
18.4.2025,2:35:4.813,26.920,48.216
18.4.2025,2:35:5.814,26.733,36.845
18.4.2025,2:35:6.812,26.039,44.788
18.4.2025,2:35:7.809,26.633,49.827
18.4.2025,2:35:8.812,26.279,47.104
18.4.2025,2:35:9.817,26.417,30.896
18.4.2025,2:35:10.815,25.695,52.392
18.4.2025,2:35:11.817,26.566,48.304
18.4.2025,2:35:12.818,26.557,42.677
18.4.2025,2:35:13.804,26.107,40.187
18.4.2025,2:35:14.804,25.883,50.289
18.4.2025,2:35:15.803,26.994,46.394
18.4.2025,2:35:16.805,26.538,29.883
18.4.2025,2:35:17.804,25.808,55.537
18.4.2025,2:35:18.807,26.840,48.075
18.4.2025,2:35:19.807,26.857,36.214
18.4.2025,2:35:20.808,26.620,45.571
18.4.2025,2:35:21.812,26.281,39.747
18.4.2025,2:35:22.815,26.832,49.625
18.4.2025,2:35:23.813,26.289,46.247
18.4.2025,2:35:24.813,26.043,34.902
18.4.2025,2:35:25.813,26.888,54.730
18.4.2025,2:35:26.812,26.822,47.916
18.4.2025,2:35:27.813,26.485,35.633
18.4.2025,2:35:28.818,25.973,47.782
18.4.2025,2:35:29.817,26.954,49.204
18.4.2025,2:35:30.802,26.390,44.924
18.4.2025,2:35:31.804,26.303,37.321
18.4.2025,2:35:32.802,26.181,51.912
18.4.2025,2:35:33.803,26.484,47.716
18.4.2025,2:35:34.805,26.276,34.497
18.4.2025,2:35:35.802,26.013,49.297
18.4.2025,2:35:36.817,27.300,48.307
18.4.2025,2:35:37.815,26.580,42.013
18.4.2025,2:35:38.817,26.020,39.756
18.4.2025,2:35:39.803,26.248,50.325
18.4.2025,2:35:40.804,27.163,46.289
18.4.2025,2:35:41.804,26.596,31.937
18.4.2025,2:35:42.807,25.803,54.140
18.4.2025,2:35:43.807,26.655,48.281
18.4.2025,2:35:44.806,26.265,41.990
18.4.2025,2:35:45.810,27.090,38.380
18.4.2025,2:35:46.811,25.794,36.826
18.4.2025,2:35:47.811,26.874,54.743
18.4.2025,2:35:48.813,26.403,47.469
18.4.2025,2:35:49.816,26.449,33.469
18.4.2025,2:35:50.804,25.707,33.469
18.4.2025,2:35:51.806,26.759,48.302
18.4.2025,2:35:52.804,26.523,48.618
18.4.2025,2:35:53.804,26.074,44.673
18.4.2025,2:35:54.804,26.102,34.925
18.4.2025,2:35:55.807,26.999,52.607
18.4.2025,2:35:56.810,26.341,47.680
18.4.2025,2:35:57.812,25.910,34.005
18.4.2025,2:35:58.811,26.662,47.397
18.4.2025,2:35:59.810,26.979,48.580
18.4.2025,2:36:0.811,26.652,43.331
18.4.2025,2:36:1.810,25.913,33.861
18.4.2025,2:36:2.809,26.986,53.856
18.4.2025,2:36:3.808,26.634,47.655
18.4.2025,2:36:4.809,25.847,32.531
18.4.2025,2:36:5.811,25.847,51.901
18.4.2025,2:36:6.812,26.610,48.048
18.4.2025,2:36:7.812,26.687,37.682
18.4.2025,2:36:8.813,25.681,41.654
18.4.2025,2:36:9.812,26.794,39.227
18.4.2025,2:36:10.816,26.761,52.946
18.4.2025,2:36:11.803,26.648,47.390
18.4.2025,2:36:12.803,25.562,32.683
18.4.2025,2:36:13.805,25.562,49.751
18.4.2025,2:36:14.806,26.388,48.489
18.4.2025,2:36:15.802,26.737,44.189
18.4.2025,2:36:16.815,25.793,36.198
18.4.2025,2:36:17.805,25.793,54.137
18.4.2025,2:36:18.806,26.598,47.466
18.4.2025,2:36:19.806,26.754,32.811
18.4.2025,2:36:20.806,26.110,51.055
18.4.2025,2:36:21.807,26.530,48.298
18.4.2025,2:36:22.811,26.981,41.524
18.4.2025,2:36:23.812,27.302,39.250
18.4.2025,2:36:24.812,26.292,50.785
18.4.2025,2:36:25.812,26.647,47.388
18.4.2025,2:36:26.814,26.620,30.701
18.4.2025,2:36:27.814,26.908,55.542
18.4.2025,2:36:28.815,25.935,50.470
18.4.2025,2:36:29.816,27.820,48.225
18.4.2025,2:36:30.805,27.897,46.362
18.4.2025,2:36:31.804,26.707,34.693
18.4.2025,2:36:32.803,25.656,54.146
18.4.2025,2:36:33.804,26.673,48.499
18.4.2025,2:36:34.805,26.816,34.854
18.4.2025,2:36:35.804,26.650,44.857
18.4.2025,2:36:36.817,26.002,48.531
18.4.2025,2:36:37.816,26.838,46.078
18.4.2025,2:36:38.802,26.351,33.539
18.4.2025,2:36:39.808,25.591,54.526
18.4.2025,2:36:40.808,26.890,48.171
18.4.2025,2:36:41.803,26.730,38.844
18.4.2025,2:36:42.808,26.381,43.637
18.4.2025,2:36:43.812,25.605,49.270
18.4.2025,2:36:44.813,27.359,46.918
18.4.2025,2:36:45.809,27.848,30.548
18.4.2025,2:36:46.814,26.510,53.808
18.4.2025,2:36:47.812,25.940,48.083
18.4.2025,2:36:48.811,26.647,37.772
18.4.2025,2:36:49.816,26.820,42.832
18.4.2025,2:36:50.803,25.895,50.007
18.4.2025,2:36:51.803,26.817,46.133
18.4.2025,2:36:52.804,26.632,33.735
18.4.2025,2:36:53.807,26.825,55.863
18.4.2025,2:36:54.810,25.916,47.840
18.4.2025,2:36:55.812,28.637,45.497
18.4.2025,2:36:56.813,26.990,46.085
18.4.2025,2:36:57.817,26.631,29.008
18.4.2025,2:36:58.816,25.825,51.785
18.4.2025,2:36:59.817,26.603,48.363
18.4.2025,2:37:0.817,26.665,44.235
18.4.2025,2:37:1.814,26.679,36.778
18.4.2025,2:37:2.815,25.535,53.062
18.4.2025,2:37:3.812,26.873,47.095
18.4.2025,2:37:4.815,26.528,32.046
18.4.2025,2:37:5.815,26.755,52.960
18.4.2025,2:37:6.814,26.536,48.600
18.4.2025,2:37:7.813,26.689,40.970
18.4.2025,2:37:8.814,26.694,37.968
18.4.2025,2:37:9.817,25.681,51.447
18.4.2025,2:37:10.817,26.551,47.176
18.4.2025,2:37:11.803,26.601,31.814
18.4.2025,2:37:12.805,26.268,47.913
18.4.2025,2:37:13.807,25.575,48.336
18.4.2025,2:37:14.807,27.088,44.145
18.4.2025,2:37:15.807,26.733,40.247
18.4.2025,2:37:16.808,26.430,53.164
18.4.2025,2:37:17.807,25.823,47.691
18.4.2025,2:37:18.813,26.664,35.302
18.4.2025,2:37:19.812,26.424,46.765
18.4.2025,2:37:20.814,26.421,49.279
18.4.2025,2:37:21.815,25.974,46.028
18.4.2025,2:37:22.813,26.777,33.856
18.4.2025,2:37:23.815,26.612,55.644
18.4.2025,2:37:24.804,25.986,51.408
18.4.2025,2:37:25.807,26.723,48.364
18.4.2025,2:37:26.806,27.064,37.933
18.4.2025,2:37:27.812,26.635,42.831
18.4.2025,2:37:28.813,26.229,50.369
18.4.2025,2:37:29.811,26.523,47.244
18.4.2025,2:37:30.815,27.648,44.323
18.4.2025,2:37:31.817,28.978,48.236
18.4.2025,2:37:32.810,29.155,39.136
18.4.2025,2:37:33.806,28.968,49.982
18.4.2025,2:37:34.804,26.427,46.489
18.4.2025,2:37:35.805,27.018,32.396
18.4.2025,2:37:36.806,26.833,31.272
18.4.2025,2:37:37.805,26.193,52.919
18.4.2025,2:37:38.807,25.729,48.186
18.4.2025,2:37:39.809,27.163,44.317
18.4.2025,2:37:40.810,26.455,38.407
18.4.2025,2:37:41.808,26.286,51.022
18.4.2025,2:37:42.811,26.484,47.330
18.4.2025,2:37:43.812,26.561,32.868
18.4.2025,2:37:44.811,26.728,49.433
18.4.2025,2:37:45.813,25.677,47.887
18.4.2025,2:37:46.815,26.902,39.906
18.4.2025,2:37:47.816,26.822,43.313
18.4.2025,2:37:48.816,26.792,51.097
18.4.2025,2:37:49.806,25.838,46.968
18.4.2025,2:37:50.807,26.672,32.645
18.4.2025,2:37:51.809,26.613,54.605
18.4.2025,2:37:52.806,26.122,48.642
18.4.2025,2:37:53.804,26.414,44.053
18.4.2025,2:37:54.804,26.524,36.567
18.4.2025,2:37:55.807,26.355,52.178
18.4.2025,2:37:56.804,25.778,47.642
18.4.2025,2:37:57.812,26.825,34.284
18.4.2025,2:37:58.814,26.700,48.394
18.4.2025,2:37:59.813,26.915,49.184
18.4.2025,2:38:0.813,26.174,44.806
18.4.2025,2:38:1.814,26.713,46.021
18.4.2025,2:38:2.812,26.739,31.061
18.4.2025,2:38:3.813,28.328,48.366
18.4.2025,2:38:4.814,26.475,48.403
18.4.2025,2:38:5.810,26.880,43.844
18.4.2025,2:38:6.810,26.754,28.570
18.4.2025,2:38:7.816,26.653,52.892
18.4.2025,2:38:8.815,25.690,47.931
18.4.2025,2:38:9.817,27.137,39.531
18.4.2025,2:38:10.817,26.554,41.525
18.4.2025,2:38:11.803,26.462,53.095
18.4.2025,2:38:12.807,25.830,47.332
18.4.2025,2:38:13.811,26.958,34.197
18.4.2025,2:38:14.811,26.784,47.174
18.4.2025,2:38:15.815,26.266,48.498
18.4.2025,2:38:16.817,26.047,45.960
18.4.2025,2:38:17.816,26.815,33.651
18.4.2025,2:38:18.817,26.547,30.267
18.4.2025,2:38:19.817,25.827,52.001
18.4.2025,2:38:20.817,26.497,48.367
18.4.2025,2:38:21.817,26.553,42.334
18.4.2025,2:38:22.805,26.707,40.389
18.4.2025,2:38:23.805,25.796,51.434
18.4.2025,2:38:24.809,26.830,47.063
18.4.2025,2:38:25.808,26.929,34.332
18.4.2025,2:38:26.810,26.745,51.596
18.4.2025,2:38:27.813,25.862,48.111
18.4.2025,2:38:28.813,26.829,45.499
18.4.2025,2:38:29.816,26.619,35.698
18.4.2025,2:38:30.816,26.870,32.341
18.4.2025,2:38:31.816,25.613,56.661
18.4.2025,2:38:32.802,26.956,47.942
18.4.2025,2:38:33.806,26.557,37.021
18.4.2025,2:38:34.808,26.671,46.148
18.4.2025,2:38:35.811,26.453,48.542
18.4.2025,2:38:36.815,26.908,45.128
18.4.2025,2:38:37.817,26.693,37.390
18.4.2025,2:38:38.805,25.576,37.390
18.4.2025,2:38:39.807,26.711,54.353
18.4.2025,2:38:40.807,26.624,47.265
18.4.2025,2:38:41.810,26.814,33.699
18.4.2025,2:38:42.813,25.819,46.229
18.4.2025,2:38:43.814,26.789,48.951
18.4.2025,2:38:44.805,26.525,43.115
18.4.2025,2:38:45.804,26.642,37.223
18.4.2025,2:38:46.804,25.756,35.201
18.4.2025,2:38:47.803,26.887,54.786
18.4.2025,2:38:48.806,26.150,34.472
18.4.2025,2:38:49.808,26.708,43.278
18.4.2025,2:38:50.812,25.939,36.724
18.4.2025,2:38:51.816,27.056,54.393
18.4.2025,2:38:52.817,26.887,47.616
18.4.2025,2:38:53.816,26.779,32.961
18.4.2025,2:38:54.817,26.251,49.559
18.4.2025,2:38:55.816,26.607,49.081
18.4.2025,2:38:56.805,26.923,44.840
18.4.2025,2:38:57.807,26.591,37.254
18.4.2025,2:38:58.812,26.509,55.204
18.4.2025,2:38:59.812,26.740,48.091
18.4.2025,2:39:0.813,26.732,37.158
18.4.2025,2:39:1.811,26.308,47.661
18.4.2025,2:39:2.811,26.950,49.157
18.4.2025,2:39:3.813,26.623,50.701
18.4.2025,2:39:4.814,26.889,46.973
18.4.2025,2:39:5.802,26.523,31.544
18.4.2025,2:39:6.816,27.023,53.547
18.4.2025,2:39:7.805,26.196,48.397
18.4.2025,2:39:8.805,26.629,46.193
18.4.2025,2:39:9.808,25.538,31.966
18.4.2025,2:39:10.814,27.102,53.587
18.4.2025,2:39:11.813,26.595,48.405
18.4.2025,2:39:12.813,26.690,41.228
18.4.2025,2:39:13.815,25.893,36.706
18.4.2025,2:39:14.814,28.018,52.571
18.4.2025,2:39:15.812,28.018,48.767
18.4.2025,2:39:16.812,27.722,39.437
18.4.2025,2:39:17.811,26.795,41.441
18.4.2025,2:39:18.809,26.103,49.594
18.4.2025,2:39:19.813,26.974,46.865
18.4.2025,2:39:20.812,26.738,30.918
18.4.2025,2:39:21.815,26.444,50.641
18.4.2025,2:39:22.814,26.122,48.554
18.4.2025,2:39:23.814,26.617,44.834
18.4.2025,2:39:24.817,26.689,35.492
18.4.2025,2:39:25.818,26.320,53.313
18.4.2025,2:39:26.805,26.796,47.871
18.4.2025,2:39:27.807,27.041,48.138
18.4.2025,2:39:28.807,26.566,42.190
18.4.2025,2:39:29.805,26.389,39.869
18.4.2025,2:39:30.806,25.778,50.303
18.4.2025,2:39:31.806,27.060,47.211
18.4.2025,2:39:32.807,26.595,32.505
18.4.2025,2:39:33.805,26.484,46.869
18.4.2025,2:39:34.808,25.853,49.731
18.4.2025,2:39:35.807,26.931,46.379
18.4.2025,2:39:36.811,26.813,33.323
18.4.2025,2:39:37.816,26.457,56.491
18.4.2025,2:39:38.815,28.970,48.528
18.4.2025,2:39:39.818,26.562,44.800
18.4.2025,2:39:40.804,26.757,34.001
18.4.2025,2:39:41.806,26.536,56.536
18.4.2025,2:39:42.807,26.125,48.182
18.4.2025,2:39:43.810,26.651,39.415
18.4.2025,2:39:44.811,26.498,42.703
18.4.2025,2:39:45.813,26.665,35.938
18.4.2025,2:39:46.813,25.384,55.750
18.4.2025,2:39:47.814,26.949,48.747
18.4.2025,2:39:48.817,26.321,42.046
18.4.2025,2:39:49.805,26.703,38.531
18.4.2025,2:39:50.803,26.023,50.702
18.4.2025,2:39:51.802,26.722,47.126
18.4.2025,2:39:52.817,26.870,30.917
18.4.2025,2:39:53.816,26.264,50.142
18.4.2025,2:39:54.818,26.683,48.609
18.4.2025,2:39:55.808,26.214,44.359
18.4.2025,2:39:56.808,26.646,36.554
18.4.2025,2:39:57.810,26.165,54.643
18.4.2025,2:39:58.808,26.325,48.544
18.4.2025,2:39:59.814,27.097,42.445
18.4.2025,2:40:0.817,26.786,37.073
18.4.2025,2:40:1.816,26.144,51.789
18.4.2025,2:40:2.815,26.761,47.327
18.4.2025,2:40:3.816,26.643,31.217
18.4.2025,2:40:4.806,26.788,49.830
18.4.2025,2:40:5.803,26.014,48.262
18.4.2025,2:40:6.804,27.113,43.081
18.4.2025,2:40:7.804,26.730,32.881
18.4.2025,2:40:8.803,26.526,54.290
18.4.2025,2:40:9.804,25.570,48.215
18.4.2025,2:40:10.805,26.610,37.200
18.4.2025,2:40:11.804,26.864,42.708
18.4.2025,2:40:12.808,27.169,49.146
18.4.2025,2:40:13.809,25.623,52.096
18.4.2025,2:40:14.811,27.051,31.270
18.4.2025,2:40:15.811,26.590,37.601
18.4.2025,2:40:16.816,26.934,42.443
18.4.2025,2:40:17.816,26.015,49.540
18.4.2025,2:40:18.815,26.736,46.495
18.4.2025,2:40:19.803,26.612,30.753
18.4.2025,2:40:20.804,26.749,53.315
18.4.2025,2:40:21.808,25.910,48.516
18.4.2025,2:40:22.808,26.829,44.967
18.4.2025,2:40:23.809,26.827,33.323
18.4.2025,2:40:24.808,26.735,56.224
18.4.2025,2:40:25.812,25.994,48.205
18.4.2025,2:40:26.811,26.926,40.225
18.4.2025,2:40:27.809,26.879,37.806
18.4.2025,2:40:28.809,26.640,53.111
18.4.2025,2:40:29.812,25.946,47.965
18.4.2025,2:40:30.813,27.403,37.931
18.4.2025,2:40:31.816,26.580,40.003
18.4.2025,2:40:32.803,26.992,53.639
18.4.2025,2:40:33.805,25.800,47.775
18.4.2025,2:40:34.807,26.773,34.056
18.4.2025,2:40:35.811,26.544,41.605
18.4.2025,2:40:36.814,26.643,39.536
18.4.2025,2:40:37.814,26.052,53.701
18.4.2025,2:40:38.816,26.488,48.070
18.4.2025,2:40:39.814,26.853,35.175
18.4.2025,2:40:40.814,26.672,46.360
18.4.2025,2:40:41.813,25.650,49.460
18.4.2025,2:40:42.818,26.731,45.868
18.4.2025,2:40:43.815,26.649,29.625
18.4.2025,2:40:44.815,26.685,51.459
18.4.2025,2:40:45.804,25.754,48.789
18.4.2025,2:40:46.808,26.973,43.132
18.4.2025,2:40:47.810,29.139,30.841
18.4.2025,2:40:48.812,29.024,34.533
18.4.2025,2:40:49.816,28.774,45.367
18.4.2025,2:40:50.813,27.829,47.624
18.4.2025,2:40:51.813,26.365,39.983
18.4.2025,2:40:52.817,26.790,39.112
18.4.2025,2:40:53.816,26.462,52.172
18.4.2025,2:40:54.815,26.065,46.971
18.4.2025,2:40:55.812,26.852,31.686
18.4.2025,2:40:56.813,26.868,51.293
18.4.2025,2:40:57.812,26.774,48.671
18.4.2025,2:40:58.809,26.000,44.408
18.4.2025,2:40:59.809,26.694,35.804
18.4.2025,2:41:0.812,26.777,54.247
18.4.2025,2:41:1.809,26.734,48.110
18.4.2025,2:41:2.810,25.668,38.640
18.4.2025,2:41:3.809,26.910,40.816
18.4.2025,2:41:4.809,26.726,51.357
18.4.2025,2:41:5.810,26.681,47.484
18.4.2025,2:41:6.814,25.945,48.030
18.4.2025,2:41:7.816,27.035,34.846
18.4.2025,2:41:8.803,26.942,44.527
18.4.2025,2:41:9.804,26.729,51.204
18.4.2025,2:41:10.809,26.024,46.985
18.4.2025,2:41:11.810,26.838,31.785
18.4.2025,2:41:12.812,29.393,49.044
18.4.2025,2:41:13.815,26.683,48.599
18.4.2025,2:41:14.803,26.504,45.933
18.4.2025,2:41:15.816,26.791,32.539
18.4.2025,2:41:16.817,26.725,55.652
18.4.2025,2:41:17.803,26.837,48.359
18.4.2025,2:41:18.806,25.628,41.461
18.4.2025,2:41:19.808,26.720,46.797
18.4.2025,2:41:20.811,26.709,32.096
18.4.2025,2:41:21.813,26.800,55.673
18.4.2025,2:41:22.814,25.925,47.888
18.4.2025,2:41:23.812,26.811,47.888
18.4.2025,2:41:24.814,26.673,37.895
18.4.2025,2:41:25.815,26.736,45.392
18.4.2025,2:41:26.816,25.941,49.205
18.4.2025,2:41:27.818,27.088,45.796
18.4.2025,2:41:28.815,26.649,33.112
18.4.2025,2:41:29.816,26.450,56.745
18.4.2025,2:41:30.817,25.720,47.961
18.4.2025,2:41:31.815,26.899,38.613
18.4.2025,2:41:32.816,26.652,41.785
18.4.2025,2:41:33.813,26.031,50.665
18.4.2025,2:41:34.815,26.711,47.367
18.4.2025,2:41:35.815,26.722,31.682
18.4.2025,2:41:36.817,26.592,49.983
18.4.2025,2:41:37.817,25.611,47.999
18.4.2025,2:41:38.802,26.531,45.818
18.4.2025,2:41:39.820,26.774,32.635
18.4.2025,2:41:40.807,26.570,55.251
18.4.2025,2:41:41.808,26.017,48.043
18.4.2025,2:41:42.811,26.851,41.363
18.4.2025,2:41:43.811,26.564,40.526
18.4.2025,2:41:44.811,26.577,35.930
18.4.2025,2:41:45.812,25.530,54.000
18.4.2025,2:41:46.815,26.509,47.485
18.4.2025,2:41:47.815,26.773,36.857
18.4.2025,2:41:48.818,26.830,40.429
18.4.2025,2:41:49.804,25.865,53.877
18.4.2025,2:41:50.806,26.492,47.896
18.4.2025,2:41:51.807,26.888,34.399
18.4.2025,2:41:52.808,26.529,47.491
18.4.2025,2:41:53.806,25.620,48.172
18.4.2025,2:41:54.808,27.340,45.686
18.4.2025,2:41:55.806,26.722,34.802
18.4.2025,2:41:56.806,26.316,54.508
18.4.2025,2:41:57.810,25.998,47.670
18.4.2025,2:41:58.810,26.762,37.758
18.4.2025,2:41:59.810,27.035,43.091
18.4.2025,2:42:0.812,26.050,50.032
18.4.2025,2:42:1.810,26.285,45.829
18.4.2025,2:42:2.810,26.715,31.929
18.4.2025,2:42:3.813,26.723,31.135
18.4.2025,2:42:4.813,25.920,50.914
18.4.2025,2:42:5.812,25.920,48.676
18.4.2025,2:42:6.814,26.702,46.016
18.4.2025,2:42:7.813,26.562,34.930
18.4.2025,2:42:8.813,26.562,54.302
18.4.2025,2:42:9.817,26.045,48.480
18.4.2025,2:42:10.815,26.838,39.142
18.4.2025,2:42:11.802,26.795,38.618
18.4.2025,2:42:12.805,26.762,52.485
18.4.2025,2:42:13.807,26.012,47.554
18.4.2025,2:42:14.806,26.889,33.533
18.4.2025,2:42:15.806,26.299,44.454
18.4.2025,2:42:16.808,26.413,49.382
18.4.2025,2:42:17.807,26.033,46.474
18.4.2025,2:42:18.808,26.915,30.407
18.4.2025,2:42:19.809,26.983,49.555
18.4.2025,2:42:20.811,26.627,48.396
18.4.2025,2:42:21.810,25.982,44.512
18.4.2025,2:42:22.812,26.797,46.096
18.4.2025,2:42:23.811,26.917,30.743
18.4.2025,2:42:24.814,26.444,51.927
18.4.2025,2:42:25.814,25.638,48.286
18.4.2025,2:42:26.812,26.724,46.056
18.4.2025,2:42:27.818,26.749,32.118
18.4.2025,2:42:28.804,26.536,55.971
18.4.2025,2:42:29.807,25.723,48.167
18.4.2025,2:42:30.807,26.551,40.400
18.4.2025,2:42:31.806,26.570,40.048
18.4.2025,2:42:32.804,26.588,51.394
18.4.2025,2:42:33.806,26.331,47.126
18.4.2025,2:42:34.806,26.690,32.784
18.4.2025,2:42:35.806,26.639,48.013
18.4.2025,2:42:36.805,26.562,49.466
18.4.2025,2:42:37.803,26.136,46.287
18.4.2025,2:42:38.803,26.844,28.925
18.4.2025,2:42:39.805,26.483,52.981
18.4.2025,2:42:40.807,26.270,48.899
18.4.2025,2:42:41.807,26.116,39.999
18.4.2025,2:42:42.808,26.896,35.989
18.4.2025,2:42:43.807,26.471,54.340
18.4.2025,2:42:44.808,26.503,47.996
18.4.2025,2:42:45.813,26.396,34.452
18.4.2025,2:42:46.813,26.975,45.473
18.4.2025,2:42:47.812,28.803,49.753
18.4.2025,2:42:48.814,25.849,47.278
18.4.2025,2:42:49.816,26.528,33.419
18.4.2025,2:42:50.803,26.695,47.786
18.4.2025,2:42:51.803,26.896,48.058
18.4.2025,2:42:52.804,26.046,46.015
18.4.2025,2:42:53.803,26.782,34.952
18.4.2025,2:42:54.804,29.217,54.430
18.4.2025,2:42:55.806,26.551,48.752
18.4.2025,2:42:56.806,26.639,45.951
18.4.2025,2:42:57.805,26.122,47.106
18.4.2025,2:42:58.809,26.735,34.141
18.4.2025,2:42:59.808,26.582,46.829
18.4.2025,2:43:0.805,28.095,50.028
18.4.2025,2:43:1.809,26.486,48.467
18.4.2025,2:43:2.803,27.040,35.588
18.4.2025,2:43:3.806,26.987,44.435
18.4.2025,2:43:4.807,26.588,49.984
18.4.2025,2:43:5.809,25.912,46.848
18.4.2025,2:43:6.812,26.811,31.627
18.4.2025,2:43:7.813,26.668,51.077
18.4.2025,2:43:8.814,26.386,48.304
18.4.2025,2:43:9.818,25.759,44.181
18.4.2025,2:43:10.808,27.128,37.123
18.4.2025,2:43:11.810,26.472,53.499
18.4.2025,2:43:12.809,26.781,47.612
18.4.2025,2:43:13.814,25.549,48.380
18.4.2025,2:43:14.805,27.022,40.839
18.4.2025,2:43:15.803,26.463,38.334
18.4.2025,2:43:16.807,26.549,54.879
18.4.2025,2:43:17.807,26.297,48.015
18.4.2025,2:43:18.810,26.698,34.214
18.4.2025,2:43:19.810,26.599,44.710
18.4.2025,2:43:20.816,26.588,50.309
18.4.2025,2:43:21.816,25.997,47.206
18.4.2025,2:43:22.816,26.596,33.600
18.4.2025,2:43:23.806,27.036,47.304
18.4.2025,2:43:24.807,26.772,49.194
18.4.2025,2:43:25.809,25.870,46.236
18.4.2025,2:43:26.810,26.638,32.992
18.4.2025,2:43:27.812,27.001,54.647
18.4.2025,2:43:28.812,26.627,52.348
18.4.2025,2:43:29.814,26.227,48.944
18.4.2025,2:43:30.816,26.347,44.841
18.4.2025,2:43:31.818,26.604,34.846
18.4.2025,2:43:32.804,26.518,53.559
18.4.2025,2:43:33.807,25.689,48.048
18.4.2025,2:43:34.808,26.716,36.868
18.4.2025,2:43:35.805,26.969,46.648
18.4.2025,2:43:36.807,26.608,50.400
18.4.2025,2:43:37.809,26.027,47.307
18.4.2025,2:43:38.810,26.388,31.654
18.4.2025,2:43:39.810,26.336,48.251
18.4.2025,2:43:40.810,26.418,49.368
18.4.2025,2:43:41.809,25.888,45.954
18.4.2025,2:43:42.812,26.980,29.225
18.4.2025,2:43:43.810,26.516,52.978
18.4.2025,2:43:44.813,26.482,48.552
18.4.2025,2:43:45.814,25.884,42.046
18.4.2025,2:43:46.814,26.544,39.405
18.4.2025,2:43:47.816,27.218,52.409
18.4.2025,2:43:48.806,26.503,47.337
18.4.2025,2:43:49.807,25.917,35.737
18.4.2025,2:43:50.809,26.816,46.424
18.4.2025,2:43:51.810,26.442,49.482
18.4.2025,2:43:52.815,26.660,46.497
18.4.2025,2:43:53.816,26.312,47.202
18.4.2025,2:43:54.816,26.586,33.344
18.4.2025,2:43:55.815,26.487,47.720
18.4.2025,2:43:56.815,26.672,49.526
18.4.2025,2:43:57.802,25.869,46.179
18.4.2025,2:43:58.804,26.732,46.179
18.4.2025,2:43:59.805,26.782,31.880
18.4.2025,2:44:0.803,27.120,52.142
18.4.2025,2:44:1.805,25.572,47.973
18.4.2025,2:44:2.808,27.111,42.432
18.4.2025,2:44:3.811,27.531,34.568
18.4.2025,2:44:4.813,29.006,31.244
18.4.2025,2:44:5.816,28.713,34.931
18.4.2025,2:44:6.817,29.028,39.281
18.4.2025,2:44:7.817,26.654,48.139
18.4.2025,2:44:8.817,26.171,36.453
18.4.2025,2:44:9.817,26.605,46.451
18.4.2025,2:44:10.816,26.599,49.430
18.4.2025,2:44:11.816,25.867,46.766
18.4.2025,2:44:12.815,26.723,47.005
18.4.2025,2:44:13.815,26.746,31.550
18.4.2025,2:44:14.802,26.835,50.881
18.4.2025,2:44:15.804,26.004,47.932
18.4.2025,2:44:16.803,26.888,41.235
18.4.2025,2:44:17.817,26.572,38.686
18.4.2025,2:44:18.815,25.907,50.657
18.4.2025,2:44:19.817,26.371,47.300
18.4.2025,2:44:20.805,26.558,31.420
18.4.2025,2:44:21.804,29.250,47.794
18.4.2025,2:44:22.804,26.074,48.687
18.4.2025,2:44:23.816,26.568,44.036
18.4.2025,2:44:24.817,26.732,37.433
18.4.2025,2:44:25.818,26.695,54.341
18.4.2025,2:44:26.816,26.068,47.892
18.4.2025,2:44:27.815,27.177,35.500
18.4.2025,2:44:28.813,26.679,44.380
18.4.2025,2:44:29.814,26.794,48.549
18.4.2025,2:44:30.816,26.269,46.090
18.4.2025,2:44:31.802,26.666,33.561
18.4.2025,2:44:32.803,26.381,54.027
18.4.2025,2:44:33.803,26.131,48.420
18.4.2025,2:44:34.816,26.503,36.917
18.4.2025,2:44:35.803,26.613,43.721
18.4.2025,2:44:36.806,26.443,49.311
18.4.2025,2:44:37.804,26.067,45.815
18.4.2025,2:44:38.808,26.709,32.845
18.4.2025,2:44:39.809,26.451,56.253
18.4.2025,2:44:40.810,26.784,48.264
18.4.2025,2:44:41.809,25.797,37.313
18.4.2025,2:44:42.812,26.852,46.656
18.4.2025,2:44:43.815,26.586,49.150
18.4.2025,2:44:44.804,26.332,46.213
18.4.2025,2:44:45.806,26.066,29.690
18.4.2025,2:44:46.808,26.796,35.205
18.4.2025,2:44:47.810,26.752,45.694
18.4.2025,2:44:48.812,26.663,49.394
18.4.2025,2:44:49.814,26.084,46.057
18.4.2025,2:44:50.814,26.785,30.998
18.4.2025,2:44:51.814,26.533,52.902
18.4.2025,2:44:52.816,26.618,48.164
18.4.2025,2:44:53.802,26.195,40.828
18.4.2025,2:44:54.805,26.534,41.407
18.4.2025,2:44:55.804,26.835,49.718
18.4.2025,2:44:56.803,25.865,46.333
18.4.2025,2:44:57.807,26.358,30.500
18.4.2025,2:44:58.809,26.485,57.234
18.4.2025,2:44:59.811,26.836,48.453
18.4.2025,2:45:0.811,25.796,35.840
18.4.2025,2:45:1.809,25.796,47.192
18.4.2025,2:45:2.811,26.522,44.692
18.4.2025,2:45:3.809,26.522,45.792
18.4.2025,2:45:4.811,26.742,46.596
18.4.2025,2:45:5.810,26.240,30.209
18.4.2025,2:45:6.808,26.487,51.700
18.4.2025,2:45:7.810,26.749,48.453
18.4.2025,2:45:8.812,26.094,41.171
18.4.2025,2:45:9.810,26.352,39.414
18.4.2025,2:45:10.812,26.831,51.150
18.4.2025,2:45:11.810,26.805,46.919
18.4.2025,2:45:12.811,25.837,31.712
18.4.2025,2:45:13.812,26.573,51.551
18.4.2025,2:45:14.814,26.635,48.493
18.4.2025,2:45:15.814,26.684,42.981
18.4.2025,2:45:16.802,25.669,36.304
18.4.2025,2:45:17.804,26.919,53.790
18.4.2025,2:45:18.804,26.587,47.986
18.4.2025,2:45:19.803,26.627,35.964
18.4.2025,2:45:20.818,25.966,45.513
18.4.2025,2:45:21.818,26.890,48.426
18.4.2025,2:45:22.803,26.695,44.579
18.4.2025,2:45:23.804,26.257,36.186
18.4.2025,2:45:24.810,26.436,53.249
18.4.2025,2:45:25.809,26.887,47.300
18.4.2025,2:45:26.808,26.449,32.898
18.4.2025,2:45:27.811,26.054,37.516
18.4.2025,2:45:28.813,26.582,43.781
18.4.2025,2:45:29.816,26.806,50.605
18.4.2025,2:45:30.804,26.425,46.664
18.4.2025,2:45:31.805,25.726,29.861
18.4.2025,2:45:32.805,26.833,49.991
18.4.2025,2:45:33.807,26.550,48.503
18.4.2025,2:45:34.809,26.914,39.875
18.4.2025,2:45:35.808,25.474,37.003
18.4.2025,2:45:36.811,26.571,52.602
18.4.2025,2:45:37.809,26.664,47.952
18.4.2025,2:45:38.810,26.671,33.268
18.4.2025,2:45:39.809,25.770,49.670
18.4.2025,2:45:40.809,26.794,48.223
18.4.2025,2:45:41.807,26.837,42.941
18.4.2025,2:45:42.807,26.067,35.168
18.4.2025,2:45:43.808,26.366,55.227
18.4.2025,2:45:44.806,26.819,47.707
18.4.2025,2:45:45.807,26.728,34.793
18.4.2025,2:45:46.809,25.829,49.210
18.4.2025,2:45:47.814,26.544,42.902
18.4.2025,2:45:48.814,26.878,51.230
18.4.2025,2:45:49.816,26.893,46.547
18.4.2025,2:45:50.815,25.990,32.732
18.4.2025,2:45:51.818,26.876,54.985
18.4.2025,2:45:52.817,26.677,47.755
18.4.2025,2:45:53.817,26.269,36.708
18.4.2025,2:45:54.815,26.534,45.883
18.4.2025,2:45:55.816,28.061,49.467
18.4.2025,2:45:56.814,28.317,47.002
18.4.2025,2:45:57.815,25.873,32.293
18.4.2025,2:45:58.817,26.617,53.265
18.4.2025,2:45:59.804,26.570,48.017
18.4.2025,2:46:0.808,26.893,38.943
18.4.2025,2:46:1.814,25.952,41.606
18.4.2025,2:46:2.812,27.134,49.604
18.4.2025,2:46:3.816,26.758,47.020
18.4.2025,2:46:4.802,26.520,31.364
18.4.2025,2:46:5.802,26.011,52.179
18.4.2025,2:46:6.805,26.729,48.419
18.4.2025,2:46:7.808,26.637,38.777
18.4.2025,2:46:8.809,26.761,43.095
18.4.2025,2:46:9.806,26.143,49.348
18.4.2025,2:46:10.808,26.567,46.838
18.4.2025,2:46:11.810,26.613,32.662
18.4.2025,2:46:12.809,26.044,55.521
18.4.2025,2:46:13.813,26.594,51.850
18.4.2025,2:46:14.813,26.679,38.655
18.4.2025,2:46:15.813,26.782,45.281
18.4.2025,2:46:16.814,25.453,35.845
18.4.2025,2:46:17.812,26.702,53.952
18.4.2025,2:46:18.811,26.789,31.441
18.4.2025,2:46:19.810,26.393,34.819
18.4.2025,2:46:20.809,25.515,47.089
18.4.2025,2:46:21.810,26.624,49.367
18.4.2025,2:46:22.809,27.125,46.065
18.4.2025,2:46:23.806,26.505,30.071
18.4.2025,2:46:24.807,26.500,30.071
18.4.2025,2:46:25.808,26.781,51.977
18.4.2025,2:46:26.806,26.428,48.194
18.4.2025,2:46:27.806,26.141,42.856
18.4.2025,2:46:28.808,26.833,36.779
18.4.2025,2:46:29.807,26.916,52.284
18.4.2025,2:46:30.807,26.339,46.869
18.4.2025,2:46:31.803,26.106,30.853
18.4.2025,2:46:32.804,26.669,52.188
18.4.2025,2:46:33.807,26.361,48.348
18.4.2025,2:46:34.807,25.884,42.644
18.4.2025,2:46:35.809,26.858,38.863
18.4.2025,2:46:36.806,26.552,50.598
18.4.2025,2:46:37.805,26.529,46.583
18.4.2025,2:46:38.806,26.046,29.163
18.4.2025,2:46:39.811,26.826,53.908
18.4.2025,2:46:40.814,26.283,48.618
18.4.2025,2:46:41.816,26.615,39.681
18.4.2025,2:46:42.815,25.551,41.065
18.4.2025,2:46:43.815,26.602,50.853
18.4.2025,2:46:44.803,26.815,55.356
18.4.2025,2:46:45.817,26.239,47.583
18.4.2025,2:46:46.804,25.519,34.273
18.4.2025,2:46:47.803,26.988,48.820
18.4.2025,2:46:48.806,26.926,49.266
18.4.2025,2:46:49.811,26.460,46.398
18.4.2025,2:46:50.812,25.963,32.481
18.4.2025,2:46:51.812,26.787,54.094
18.4.2025,2:46:52.815,26.445,48.184
18.4.2025,2:46:53.813,26.428,41.875
18.4.2025,2:46:54.813,25.907,37.019
18.4.2025,2:46:55.813,26.780,52.878
18.4.2025,2:46:56.816,26.312,47.600
18.4.2025,2:46:57.805,26.891,33.012
18.4.2025,2:46:58.808,27.440,46.069
18.4.2025,2:46:59.811,26.863,49.931
18.4.2025,2:47:0.810,26.914,47.020
18.4.2025,2:47:1.809,26.724,31.793
18.4.2025,2:47:2.808,26.099,53.392
18.4.2025,2:47:3.812,26.662,48.137
18.4.2025,2:47:4.817,26.956,39.934
18.4.2025,2:47:5.815,26.215,35.764
18.4.2025,2:47:6.817,25.980,52.468
18.4.2025,2:47:7.816,26.696,47.348
18.4.2025,2:47:8.814,26.896,31.629
18.4.2025,2:47:9.817,25.970,52.652
18.4.2025,2:47:10.805,26.238,48.416
18.4.2025,2:47:11.804,26.444,41.957
18.4.2025,2:47:12.807,26.694,44.620
18.4.2025,2:47:13.810,26.106,34.577
18.4.2025,2:47:14.812,26.223,55.219
18.4.2025,2:47:15.813,26.562,47.907
18.4.2025,2:47:16.816,26.422,33.000
18.4.2025,2:47:17.803,25.862,51.961
18.4.2025,2:47:18.804,26.471,47.981
18.4.2025,2:47:19.804,27.470,40.261
18.4.2025,2:47:20.817,28.688,34.825
18.4.2025,2:47:21.814,29.257,34.018
18.4.2025,2:47:22.815,28.989,45.343
18.4.2025,2:47:23.805,27.034,47.796
18.4.2025,2:47:24.804,26.596,35.493
18.4.2025,2:47:25.805,25.773,46.194
18.4.2025,2:47:26.804,29.487,48.464
18.4.2025,2:47:27.807,26.258,45.664
18.4.2025,2:47:28.807,26.782,32.234
18.4.2025,2:47:29.804,27.799,56.113
18.4.2025,2:47:30.807,27.079,48.676
18.4.2025,2:47:31.808,26.936,48.482
18.4.2025,2:47:32.810,26.249,45.787
18.4.2025,2:47:33.809,25.673,36.649
18.4.2025,2:47:34.809,26.805,54.479
18.4.2025,2:47:35.811,26.615,48.392
18.4.2025,2:47:36.816,26.175,33.576
18.4.2025,2:47:37.811,26.462,49.894
18.4.2025,2:47:38.810,26.558,48.598
18.4.2025,2:47:39.812,26.379,43.871
18.4.2025,2:47:40.811,25.689,34.686
18.4.2025,2:47:41.814,26.508,54.651
18.4.2025,2:47:42.814,26.887,47.085
18.4.2025,2:47:43.816,26.583,31.365
18.4.2025,2:47:44.817,26.173,50.201
18.4.2025,2:47:45.817,27.197,48.225
18.4.2025,2:47:46.816,26.531,40.565
18.4.2025,2:47:47.803,26.531,45.440
18.4.2025,2:47:48.806,26.440,37.541
18.4.2025,2:47:49.807,26.616,55.197
18.4.2025,2:47:50.804,26.912,48.025
18.4.2025,2:47:51.803,26.687,36.978
18.4.2025,2:47:52.807,25.834,44.435
18.4.2025,2:47:53.806,26.695,48.990
18.4.2025,2:47:54.808,26.389,45.890
18.4.2025,2:47:55.809,26.226,30.168
18.4.2025,2:47:56.811,26.093,54.457
18.4.2025,2:47:57.808,26.697,47.814
18.4.2025,2:47:58.811,26.890,36.302
18.4.2025,2:47:59.814,26.685,43.278
18.4.2025,2:48:0.816,25.695,48.909
18.4.2025,2:48:1.804,26.987,46.076
18.4.2025,2:48:2.807,26.601,34.848
18.4.2025,2:48:3.809,26.442,55.061
18.4.2025,2:48:4.814,26.030,52.777
18.4.2025,2:48:5.814,26.846,48.327
18.4.2025,2:48:6.812,26.968,38.270
18.4.2025,2:48:7.813,26.449,42.565
18.4.2025,2:48:8.813,26.709,48.926
18.4.2025,2:48:9.812,26.569,45.867
18.4.2025,2:48:10.811,26.613,32.981
18.4.2025,2:48:11.811,25.903,56.287
18.4.2025,2:48:12.809,26.494,48.329
18.4.2025,2:48:13.811,26.452,40.167
18.4.2025,2:48:14.811,26.563,41.641
18.4.2025,2:48:15.816,25.933,50.450
18.4.2025,2:48:16.816,26.838,47.075
18.4.2025,2:48:17.816,26.681,31.625
18.4.2025,2:48:18.817,26.283,51.456
18.4.2025,2:48:19.816,26.381,47.907
18.4.2025,2:48:20.816,26.816,39.753
18.4.2025,2:48:21.803,26.813,41.118
18.4.2025,2:48:22.805,25.640,49.700
18.4.2025,2:48:23.803,26.908,46.146
18.4.2025,2:48:24.807,26.566,32.108
18.4.2025,2:48:25.807,26.827,53.308
18.4.2025,2:48:26.814,25.858,52.430
18.4.2025,2:48:27.813,26.767,48.648
18.4.2025,2:48:28.814,26.682,44.706
18.4.2025,2:48:29.813,26.408,32.806
18.4.2025,2:48:30.814,25.891,54.173
18.4.2025,2:48:31.815,27.010,47.982
18.4.2025,2:48:32.817,26.527,32.863
18.4.2025,2:48:33.805,26.270,51.112
18.4.2025,2:48:34.809,26.931,48.468
18.4.2025,2:48:35.811,26.691,46.362
18.4.2025,2:48:36.815,26.848,33.217
18.4.2025,2:48:37.816,25.517,56.372
18.4.2025,2:48:38.804,26.603,48.580
18.4.2025,2:48:39.803,26.717,36.728
18.4.2025,2:48:40.807,26.561,45.559
18.4.2025,2:48:41.806,25.660,45.726
18.4.2025,2:48:42.808,26.941,49.282
18.4.2025,2:48:43.810,26.587,45.793
18.4.2025,2:48:44.812,26.200,32.879
18.4.2025,2:48:45.816,26.161,54.710
18.4.2025,2:48:46.805,26.567,47.617
18.4.2025,2:48:47.803,26.793,36.558
18.4.2025,2:48:48.805,25.697,44.792
18.4.2025,2:48:49.807,26.587,50.487
18.4.2025,2:48:50.806,26.867,46.663
18.4.2025,2:48:51.809,26.718,32.362
18.4.2025,2:48:52.810,26.228,55.067
18.4.2025,2:48:53.810,26.557,48.225
18.4.2025,2:48:54.815,26.909,35.603
18.4.2025,2:48:55.816,26.340,50.899
18.4.2025,2:48:56.818,25.763,43.999
18.4.2025,2:48:57.816,26.868,50.775
18.4.2025,2:48:58.817,26.677,46.049
18.4.2025,2:48:59.805,26.744,31.228
18.4.2025,2:49:0.803,26.463,54.625
18.4.2025,2:49:1.805,26.469,48.347
18.4.2025,2:49:2.810,26.847,41.559
18.4.2025,2:49:3.810,26.195,40.789
18.4.2025,2:49:4.811,29.646,51.251
18.4.2025,2:49:5.811,26.685,47.221
18.4.2025,2:49:6.813,26.536,32.848
18.4.2025,2:49:7.815,25.708,49.309
18.4.2025,2:49:8.813,26.979,48.521
18.4.2025,2:49:9.813,26.694,45.757
18.4.2025,2:49:10.815,25.888,36.955
18.4.2025,2:49:11.813,26.579,51.922
18.4.2025,2:49:12.812,26.555,48.246
18.4.2025,2:49:13.814,26.776,35.898
18.4.2025,2:49:14.810,26.171,48.684
18.4.2025,2:49:15.809,26.764,48.131
18.4.2025,2:49:16.812,26.615,44.842
18.4.2025,2:49:17.814,26.305,34.355
18.4.2025,2:49:18.814,26.353,34.355
18.4.2025,2:49:19.816,26.594,55.230
18.4.2025,2:49:20.803,26.485,47.449
18.4.2025,2:49:21.817,25.594,48.884
18.4.2025,2:49:22.815,26.753,36.777
18.4.2025,2:49:23.817,27.117,48.496
18.4.2025,2:49:24.818,26.644,49.268
18.4.2025,2:49:25.803,26.597,46.771
18.4.2025,2:49:26.804,26.742,35.633
18.4.2025,2:49:27.805,26.651,55.392
18.4.2025,2:49:28.808,26.525,48.224
18.4.2025,2:49:29.809,26.186,36.986
18.4.2025,2:49:30.810,26.653,47.126
18.4.2025,2:49:31.813,26.669,49.389
18.4.2025,2:49:32.818,26.301,46.205
18.4.2025,2:49:33.803,26.204,32.178
18.4.2025,2:49:34.803,26.826,55.119
18.4.2025,2:49:35.803,26.445,47.968
18.4.2025,2:49:36.802,25.771,34.501
18.4.2025,2:49:37.803,26.602,51.093
18.4.2025,2:49:38.804,29.374,48.234
18.4.2025,2:49:39.805,29.243,45.958
18.4.2025,2:49:40.804,25.938,32.168
18.4.2025,2:49:41.804,26.890,51.517
18.4.2025,2:49:42.807,26.604,48.605
18.4.2025,2:49:43.813,26.229,48.302
18.4.2025,2:49:44.811,25.852,44.360
18.4.2025,2:49:45.810,26.907,38.495
18.4.2025,2:49:46.810,26.691,53.826
18.4.2025,2:49:47.809,25.846,47.470
18.4.2025,2:49:48.810,27.031,31.896
18.4.2025,2:49:49.813,26.725,50.835
18.4.2025,2:49:50.812,26.389,48.696
18.4.2025,2:49:51.813,26.006,42.876
18.4.2025,2:49:52.816,26.622,38.999
18.4.2025,2:49:53.813,26.468,50.170
18.4.2025,2:49:54.811,26.026,46.176
18.4.2025,2:49:55.812,26.194,30.546
18.4.2025,2:49:56.813,26.442,52.195
18.4.2025,2:49:57.815,26.633,48.174
18.4.2025,2:49:58.813,26.138,37.243
18.4.2025,2:49:59.812,26.918,46.443
18.4.2025,2:50:0.815,26.714,48.806
18.4.2025,2:50:1.812,26.115,45.242
18.4.2025,2:50:2.812,26.444,38.363
18.4.2025,2:50:3.813,26.773,54.501
18.4.2025,2:50:4.816,26.579,47.787
18.4.2025,2:50:5.817,25.975,37.137
18.4.2025,2:50:6.818,26.648,47.341
18.4.2025,2:50:7.814,26.783,49.017
18.4.2025,2:50:8.814,26.800,44.226
18.4.2025,2:50:9.815,25.891,37.914
18.4.2025,2:50:10.817,26.534,51.901
18.4.2025,2:50:11.804,26.762,47.011
18.4.2025,2:50:12.806,25.778,32.873
18.4.2025,2:50:13.808,26.885,55.248
18.4.2025,2:50:14.808,26.876,53.016
18.4.2025,2:50:15.811,26.570,48.948
18.4.2025,2:50:16.810,25.647,39.953
18.4.2025,2:50:17.809,26.644,42.867
18.4.2025,2:50:18.812,26.845,49.009
18.4.2025,2:50:19.810,26.283,45.921
18.4.2025,2:50:20.811,26.208,32.639
18.4.2025,2:50:21.811,26.674,55.310
18.4.2025,2:50:22.812,26.889,48.308
18.4.2025,2:50:23.818,26.189,35.697
18.4.2025,2:50:24.813,26.630,47.842
18.4.2025,2:50:25.815,26.682,49.346
18.4.2025,2:50:26.802,26.862,46.241
18.4.2025,2:50:27.805,26.862,36.587
18.4.2025,2:50:28.803,25.584,52.552
18.4.2025,2:50:29.804,26.705,47.660
18.4.2025,2:50:30.807,26.496,48.044
18.4.2025,2:50:31.807,26.706,36.645
18.4.2025,2:50:32.804,26.323,46.582
18.4.2025,2:50:33.806,26.623,49.277
18.4.2025,2:50:34.809,26.646,46.070
18.4.2025,2:50:35.813,25.880,40.843
18.4.2025,2:50:36.816,29.051,49.468
18.4.2025,2:50:37.803,28.977,48.527
18.4.2025,2:50:38.803,28.904,34.247
18.4.2025,2:50:39.816,31.101,45.797
18.4.2025,2:50:40.815,26.565,33.119
18.4.2025,2:50:41.816,26.083,54.531
18.4.2025,2:50:42.816,26.624,47.951
18.4.2025,2:50:43.815,26.834,39.339
18.4.2025,2:50:44.803,25.882,40.649
18.4.2025,2:50:45.804,26.880,49.745
18.4.2025,2:50:46.818,26.606,46.651
18.4.2025,2:50:47.804,26.694,47.206
18.4.2025,2:50:48.808,26.076,31.600
18.4.2025,2:50:49.807,26.807,51.834
18.4.2025,2:50:50.808,26.195,48.296
18.4.2025,2:50:51.811,26.616,40.317
18.4.2025,2:50:52.815,25.944,39.774
18.4.2025,2:50:53.816,26.853,51.670
18.4.2025,2:50:54.805,26.927,47.137
18.4.2025,2:50:55.808,25.892,30.317
18.4.2025,2:50:56.808,26.276,52.159
18.4.2025,2:50:57.807,26.692,48.054
18.4.2025,2:50:58.806,26.579,43.313
18.4.2025,2:50:59.807,26.238,38.417
18.4.2025,2:51:0.804,26.605,50.121
18.4.2025,2:51:1.803,26.760,54.851
18.4.2025,2:51:2.804,26.552,47.770
18.4.2025,2:51:3.804,26.025,32.883
18.4.2025,2:51:4.804,26.835,50.864
18.4.2025,2:51:5.805,26.477,37.680
18.4.2025,2:51:6.804,26.176,45.642
18.4.2025,2:51:7.802,26.790,38.243
18.4.2025,2:51:8.804,26.599,51.312
18.4.2025,2:51:9.803,26.790,47.278
18.4.2025,2:51:10.804,25.675,32.396
18.4.2025,2:51:11.802,27.216,49.564
18.4.2025,2:51:12.803,26.559,48.207
18.4.2025,2:51:13.805,26.314,41.688
18.4.2025,2:51:14.818,26.279,40.018
18.4.2025,2:51:15.806,26.686,51.568
18.4.2025,2:51:16.808,26.434,47.297
18.4.2025,2:51:17.806,25.820,33.453
18.4.2025,2:51:18.807,26.747,47.343
18.4.2025,2:51:19.805,26.808,48.940
18.4.2025,2:51:20.810,26.562,45.365
18.4.2025,2:51:21.809,25.776,37.584
18.4.2025,2:51:22.815,26.710,52.000
18.4.2025,2:51:23.816,26.521,47.647
18.4.2025,2:51:24.816,26.089,30.928
18.4.2025,2:51:25.814,26.405,53.587
18.4.2025,2:51:26.811,26.555,48.175
18.4.2025,2:51:27.809,26.400,40.911
18.4.2025,2:51:28.816,26.181,42.390
18.4.2025,2:51:29.812,26.995,49.473
18.4.2025,2:51:30.814,26.779,46.324
18.4.2025,2:51:31.811,26.314,31.585
18.4.2025,2:51:32.813,26.236,53.239
18.4.2025,2:51:33.815,26.540,50.576
18.4.2025,2:51:34.814,26.775,37.395
18.4.2025,2:51:35.811,25.650,42.302
18.4.2025,2:51:36.812,26.688,38.658
18.4.2025,2:51:37.812,26.556,52.901
18.4.2025,2:51:38.812,26.274,47.985
18.4.2025,2:51:39.813,26.308,32.595
18.4.2025,2:51:40.816,26.422,48.159
18.4.2025,2:51:41.814,26.480,48.680
18.4.2025,2:51:42.810,26.047,45.660
18.4.2025,2:51:43.813,26.480,34.559
18.4.2025,2:51:44.813,28.626,54.173
18.4.2025,2:51:45.812,26.861,48.525
18.4.2025,2:51:46.816,26.109,42.020
18.4.2025,2:51:47.803,27.207,39.346
18.4.2025,2:51:48.804,26.757,53.651
18.4.2025,2:51:49.805,26.864,47.510
18.4.2025,2:51:50.804,25.857,33.789
18.4.2025,2:51:51.802,27.505,50.429
18.4.2025,2:51:52.816,26.522,48.454
18.4.2025,2:51:53.806,26.010,48.454
18.4.2025,2:51:54.805,26.498,40.633
18.4.2025,2:51:55.807,26.680,40.043
18.4.2025,2:51:56.808,26.476,50.033
18.4.2025,2:51:57.805,25.585,46.548
18.4.2025,2:51:58.807,26.835,30.851
18.4.2025,2:51:59.806,26.614,32.441
18.4.2025,2:52:0.807,26.348,52.100
18.4.2025,2:52:1.807,26.206,48.349
18.4.2025,2:52:2.807,26.503,42.165
18.4.2025,2:52:3.808,26.553,39.302
18.4.2025,2:52:4.807,25.950,51.824
18.4.2025,2:52:5.810,26.893,47.242
18.4.2025,2:52:6.809,26.461,31.780
18.4.2025,2:52:7.814,26.475,55.743
18.4.2025,2:52:8.812,25.926,48.035
18.4.2025,2:52:9.813,26.858,40.116
18.4.2025,2:52:10.816,26.467,45.196
18.4.2025,2:52:11.803,26.592,49.281
18.4.2025,2:52:12.803,26.747,46.050
18.4.2025,2:52:13.815,28.976,31.712
18.4.2025,2:52:14.816,26.370,53.427
18.4.2025,2:52:15.814,26.018,47.944
18.4.2025,2:52:16.816,26.827,36.392
18.4.2025,2:52:17.803,26.997,45.046
18.4.2025,2:52:18.804,26.772,48.612
18.4.2025,2:52:19.817,25.971,45.954
18.4.2025,2:52:20.804,26.801,35.369
18.4.2025,2:52:21.804,26.607,54.507
18.4.2025,2:52:22.817,26.029,47.376
18.4.2025,2:52:23.804,26.572,32.741
18.4.2025,2:52:24.808,26.478,48.892
18.4.2025,2:52:25.807,26.771,48.770
18.4.2025,2:52:26.806,26.000,43.618
18.4.2025,2:52:27.806,27.017,41.080
18.4.2025,2:52:28.803,26.581,36.223
18.4.2025,2:52:29.805,25.942,46.948
18.4.2025,2:52:30.803,26.821,47.559
18.4.2025,2:52:31.803,27.036,32.665
18.4.2025,2:52:32.818,26.530,49.738
18.4.2025,2:52:33.815,25.931,39.375
18.4.2025,2:52:34.812,26.595,42.456
18.4.2025,2:52:35.813,26.366,42.652
18.4.2025,2:52:36.813,25.897,49.453
18.4.2025,2:52:37.815,27.142,46.063
18.4.2025,2:52:38.817,26.446,34.694
18.4.2025,2:52:39.814,25.987,55.625
18.4.2025,2:52:40.816,25.973,48.209
18.4.2025,2:52:41.818,26.905,37.343
18.4.2025,2:52:42.817,26.905,44.460
18.4.2025,2:52:43.805,26.433,48.895
18.4.2025,2:52:44.804,25.860,45.530
18.4.2025,2:52:45.808,26.811,36.289
18.4.2025,2:52:46.804,26.591,52.754
18.4.2025,2:52:47.804,26.438,47.427
18.4.2025,2:52:48.802,25.999,32.804
18.4.2025,2:52:49.805,26.968,47.290
18.4.2025,2:52:50.803,26.619,48.674
18.4.2025,2:52:51.809,26.108,44.594
18.4.2025,2:52:52.807,26.458,37.034
18.4.2025,2:52:53.808,26.388,53.554
18.4.2025,2:52:54.808,26.633,47.713
18.4.2025,2:52:55.808,25.643,48.208
18.4.2025,2:52:56.807,26.617,36.077
18.4.2025,2:52:57.808,26.462,45.573
18.4.2025,2:52:58.808,26.925,49.697
18.4.2025,2:52:59.805,25.671,46.305
18.4.2025,2:53:0.807,26.924,30.199
18.4.2025,2:53:1.806,26.747,56.169
18.4.2025,2:53:2.809,26.112,48.444
18.4.2025,2:53:3.812,26.061,37.898
18.4.2025,2:53:4.815,26.880,45.552
18.4.2025,2:53:5.817,26.516,49.532
18.4.2025,2:53:6.816,26.113,45.989
18.4.2025,2:53:7.817,26.827,35.800
18.4.2025,2:53:8.803,26.689,53.661
18.4.2025,2:53:9.804,26.766,47.775
18.4.2025,2:53:10.804,26.126,34.638
18.4.2025,2:53:11.804,26.741,45.829
18.4.2025,2:53:12.806,26.579,49.396
18.4.2025,2:53:13.808,26.756,46.198
18.4.2025,2:53:14.811,25.645,29.736
18.4.2025,2:53:15.809,26.866,32.860
18.4.2025,2:53:16.809,26.596,50.453
18.4.2025,2:53:17.811,26.344,48.954
18.4.2025,2:53:18.814,26.405,44.898
18.4.2025,2:53:19.811,26.772,37.600
18.4.2025,2:53:20.813,26.688,52.938
18.4.2025,2:53:21.815,25.819,47.439
18.4.2025,2:53:22.814,26.620,34.256
18.4.2025,2:53:23.816,26.834,50.686
18.4.2025,2:53:24.817,28.952,48.590
18.4.2025,2:53:25.817,27.197,46.199
18.4.2025,2:53:26.816,28.383,32.357
18.4.2025,2:53:27.817,26.738,54.590
18.4.2025,2:53:28.806,26.553,48.039
18.4.2025,2:53:29.808,26.051,35.633
18.4.2025,2:53:30.810,26.704,37.532
18.4.2025,2:53:31.812,26.738,43.774
18.4.2025,2:53:32.816,26.212,50.097
18.4.2025,2:53:33.816,25.931,45.770
18.4.2025,2:53:34.817,27.223,35.323
18.4.2025,2:53:35.817,26.853,54.180
18.4.2025,2:53:36.807,26.069,47.769
18.4.2025,2:53:37.806,26.207,36.030
18.4.2025,2:53:38.810,26.888,43.265
18.4.2025,2:53:39.812,26.754,49.903
18.4.2025,2:53:40.816,26.090,46.873
18.4.2025,2:53:41.803,26.498,31.845
18.4.2025,2:53:42.802,26.515,55.460
18.4.2025,2:53:43.806,26.593,48.118
18.4.2025,2:53:44.808,25.995,48.022
18.4.2025,2:53:45.807,26.887,38.433
18.4.2025,2:53:46.810,26.680,42.732
18.4.2025,2:53:47.813,28.401,52.664
18.4.2025,2:53:48.813,26.324,47.639
18.4.2025,2:53:49.813,26.887,33.911
18.4.2025,2:53:50.814,26.818,47.617
18.4.2025,2:53:51.816,27.327,49.510
18.4.2025,2:53:52.804,28.997,44.827
18.4.2025,2:53:53.817,29.117,32.975
18.4.2025,2:53:54.803,29.153,31.220
18.4.2025,2:53:55.803,26.327,51.467
18.4.2025,2:53:56.803,26.644,48.484
18.4.2025,2:53:57.804,25.896,40.899
18.4.2025,2:53:58.808,26.919,35.734
18.4.2025,2:53:59.806,26.685,53.169
18.4.2025,2:54:0.807,26.794,56.859
18.4.2025,2:54:1.812,25.788,49.009
18.4.2025,2:54:2.816,26.844,36.728
18.4.2025,2:54:3.813,26.409,46.071
18.4.2025,2:54:4.817,26.371,48.654
18.4.2025,2:54:5.814,26.131,44.561
18.4.2025,2:54:6.814,26.976,36.345
18.4.2025,2:54:7.814,26.353,53.664
18.4.2025,2:54:8.812,25.820,47.439
18.4.2025,2:54:9.817,26.505,31.910
18.4.2025,2:54:10.815,26.718,51.744
18.4.2025,2:54:11.802,26.494,48.730
18.4.2025,2:54:12.817,26.827,45.925
18.4.2025,2:54:13.815,26.763,34.682
18.4.2025,2:54:14.817,26.523,53.891
18.4.2025,2:54:15.816,26.240,48.199
18.4.2025,2:54:16.817,26.204,36.765
18.4.2025,2:54:17.804,26.505,46.019
18.4.2025,2:54:18.803,26.518,48.471
18.4.2025,2:54:19.806,26.499,45.927
18.4.2025,2:54:20.810,26.121,46.260
18.4.2025,2:54:21.807,26.788,53.928
18.4.2025,2:54:22.807,26.785,47.290
18.4.2025,2:54:23.806,25.472,47.682
18.4.2025,2:54:24.809,26.880,35.720
18.4.2025,2:54:25.809,26.485,45.045
18.4.2025,2:54:26.810,26.711,48.748
18.4.2025,2:54:27.809,25.668,39.698
18.4.2025,2:54:28.815,26.847,33.666
18.4.2025,2:54:29.816,26.898,54.301
18.4.2025,2:54:30.803,26.723,47.657
18.4.2025,2:54:31.802,25.740,36.045
18.4.2025,2:54:32.804,26.777,45.435
18.4.2025,2:54:33.806,26.701,49.674
18.4.2025,2:54:34.872,27.219,49.674
18.4.2025,2:54:35.928,32.907,28.843
18.4.2025,2:54:36.940,31.854,41.647
18.4.2025,2:54:37.938,26.746,41.442
18.4.2025,2:54:38.939,27.122,51.513
18.4.2025,2:54:39.942,26.778,47.481
18.4.2025,2:54:40.927,26.463,32.357
18.4.2025,2:54:41.927,26.201,33.459
18.4.2025,2:54:42.928,26.609,46.649
18.4.2025,2:54:43.932,26.698,49.310
18.4.2025,2:54:44.930,26.630,46.299
18.4.2025,2:54:45.932,26.217,46.299
18.4.2025,2:54:46.943,26.670,52.180
18.4.2025,2:54:47.941,26.555,47.418
18.4.2025,2:54:48.929,25.454,32.044
18.4.2025,2:54:49.930,26.922,33.970
18.4.2025,2:54:50.939,26.654,48.290
18.4.2025,2:54:51.942,26.098,48.320
18.4.2025,2:54:52.930,26.111,43.264
18.4.2025,2:54:53.933,26.802,35.820
18.4.2025,2:54:54.932,26.453,52.666
18.4.2025,2:54:55.932,25.959,47.389
18.4.2025,2:54:56.937,26.949,30.923
18.4.2025,2:54:57.940,26.425,52.908
18.4.2025,2:54:58.941,26.802,48.166
18.4.2025,2:54:59.941,26.034,40.364
18.4.2025,2:55:0.939,26.889,41.681
18.4.2025,2:55:1.939,26.428,52.739
18.4.2025,2:55:2.940,26.519,47.716
18.4.2025,2:55:3.927,25.753,32.248
18.4.2025,2:55:4.943,26.881,52.707
18.4.2025,2:55:5.929,26.392,48.296
18.4.2025,2:55:6.931,25.874,48.501
18.4.2025,2:55:7.929,26.470,42.237
18.4.2025,2:55:8.931,26.589,36.027
18.4.2025,2:55:9.936,26.813,53.261
18.4.2025,2:55:10.935,26.048,48.164
18.4.2025,2:55:11.937,26.359,36.551
18.4.2025,2:55:12.936,26.518,46.872
18.4.2025,2:55:13.939,26.315,49.540
18.4.2025,2:55:14.940,25.838,46.163
18.4.2025,2:55:15.929,26.608,30.632
18.4.2025,2:55:16.931,26.677,51.540
18.4.2025,2:55:17.936,26.478,47.830
18.4.2025,2:55:18.937,25.786,39.579
18.4.2025,2:55:19.937,26.777,41.724
18.4.2025,2:55:20.941,26.650,50.075
18.4.2025,2:55:21.941,26.557,46.583
18.4.2025,2:55:22.938,28.124,30.905
18.4.2025,2:55:23.940,27.088,49.845
18.4.2025,2:55:24.943,26.602,48.716
18.4.2025,2:55:25.942,26.662,48.480
18.4.2025,2:55:26.939,25.938,45.644
18.4.2025,2:55:27.940,26.641,36.424
18.4.2025,2:55:28.937,26.658,46.850
18.4.2025,2:55:29.939,26.112,31.384
18.4.2025,2:55:30.938,26.534,53.842
18.4.2025,2:55:31.937,26.421,51.390
18.4.2025,2:55:32.938,26.752,48.379
18.4.2025,2:55:33.940,26.030,43.651
18.4.2025,2:55:34.938,26.842,38.609
18.4.2025,2:55:35.938,26.304,52.512
18.4.2025,2:55:36.938,26.430,47.659
18.4.2025,2:55:37.940,26.010,33.880
18.4.2025,2:55:38.938,26.533,50.750
18.4.2025,2:55:39.940,26.609,48.780
18.4.2025,2:55:40.938,26.178,42.769
18.4.2025,2:55:41.939,26.517,38.059
18.4.2025,2:55:42.936,26.524,51.551
18.4.2025,2:55:43.937,26.557,47.206
18.4.2025,2:55:44.938,25.579,32.805
18.4.2025,2:55:45.938,26.727,49.093
18.4.2025,2:55:46.940,26.724,48.338
18.4.2025,2:55:47.943,26.204,41.725
18.4.2025,2:55:48.942,26.513,38.573
18.4.2025,2:55:49.941,26.930,51.830
18.4.2025,2:55:50.940,26.515,47.377
18.4.2025,2:55:51.938,25.479,30.914
18.4.2025,2:55:52.941,26.650,53.704
18.4.2025,2:55:53.942,26.568,48.012
18.4.2025,2:55:54.929,26.568,39.013
18.4.2025,2:55:55.932,26.551,42.855
18.4.2025,2:55:56.930,25.857,49.380
18.4.2025,2:55:57.931,26.803,52.381
18.4.2025,2:55:58.931,26.067,47.393
18.4.2025,2:55:59.933,26.417,30.728
18.4.2025,2:56:0.936,26.318,48.734
18.4.2025,2:56:1.934,26.516,48.137
18.4.2025,2:56:2.935,26.753,43.828
18.4.2025,2:56:3.938,25.690,37.368
18.4.2025,2:56:4.940,26.726,52.808
18.4.2025,2:56:5.939,26.670,47.002
18.4.2025,2:56:6.939,26.575,31.503
18.4.2025,2:56:7.940,25.900,50.430
18.4.2025,2:56:8.944,26.755,48.691
18.4.2025,2:56:9.944,26.856,42.769
18.4.2025,2:56:10.945,26.300,38.499
18.4.2025,2:56:11.948,26.184,51.027
18.4.2025,2:56:12.946,26.736,46.384
18.4.2025,2:56:13.947,26.569,31.800
18.4.2025,2:56:14.945,25.779,52.231
18.4.2025,2:56:15.944,26.610,48.291
18.4.2025,2:56:16.948,26.576,38.656
18.4.2025,2:56:17.945,26.280,41.881
18.4.2025,2:56:18.946,26.795,40.308
18.4.2025,2:56:19.948,26.518,53.661
18.4.2025,2:56:20.949,26.510,47.319
18.4.2025,2:56:21.952,25.838,30.325
18.4.2025,2:56:22.956,26.770,51.607
18.4.2025,2:56:23.958,26.584,48.237
18.4.2025,2:56:24.945,26.586,43.779
18.4.2025,2:56:25.945,25.966,34.673
18.4.2025,2:56:26.945,26.976,54.054
18.4.2025,2:56:27.948,26.884,47.646
18.4.2025,2:56:28.945,26.509,33.208
18.4.2025,2:56:29.948,26.071,49.327
18.4.2025,2:56:30.947,26.958,48.537
18.4.2025,2:56:31.950,26.636,48.089
18.4.2025,2:56:32.951,26.261,46.036
18.4.2025,2:56:33.950,26.356,31.004
18.4.2025,2:56:34.952,26.670,54.669
18.4.2025,2:56:35.953,26.740,48.396
18.4.2025,2:56:36.953,26.070,36.323
18.4.2025,2:56:37.954,26.754,45.527
18.4.2025,2:56:38.954,26.956,49.868
18.4.2025,2:56:39.944,26.648,45.818
18.4.2025,2:56:40.948,25.890,34.630
18.4.2025,2:56:41.947,26.901,54.036
18.4.2025,2:56:42.947,26.636,47.572
18.4.2025,2:56:43.947,26.192,33.560
18.4.2025,2:56:44.950,26.376,35.491
18.4.2025,2:56:45.952,26.536,45.604
18.4.2025,2:56:46.950,26.614,48.872
18.4.2025,2:56:47.953,26.046,46.016
18.4.2025,2:56:48.956,26.661,34.604
18.4.2025,2:56:49.958,26.687,54.724
18.4.2025,2:56:50.944,26.633,48.009
18.4.2025,2:56:51.947,25.606,36.891
18.4.2025,2:56:52.947,26.753,43.783
18.4.2025,2:56:53.948,26.302,48.786
18.4.2025,2:56:54.949,26.649,45.998
18.4.2025,2:56:55.951,25.671,35.863
18.4.2025,2:56:56.951,28.479,54.138
18.4.2025,2:56:57.952,27.749,49.006
18.4.2025,2:56:58.955,26.627,48.487
18.4.2025,2:56:59.955,25.519,45.868
18.4.2025,2:57:0.958,27.266,37.635
18.4.2025,2:57:1.944,26.645,55.195
18.4.2025,2:57:2.945,26.174,47.507
18.4.2025,2:57:3.947,25.945,34.712
18.4.2025,2:57:4.947,26.758,48.612
18.4.2025,2:57:5.948,26.685,48.592
18.4.2025,2:57:6.946,26.242,44.782
18.4.2025,2:57:7.948,26.524,33.144
18.4.2025,2:57:8.946,28.536,40.888
18.4.2025,2:57:9.947,29.109,43.280
18.4.2025,2:57:10.948,29.080,47.563
18.4.2025,2:57:11.950,28.685,46.147
18.4.2025,2:57:12.949,26.123,30.273
18.4.2025,2:57:13.952,26.982,52.765
18.4.2025,2:57:14.952,26.735,48.580
18.4.2025,2:57:15.953,26.610,39.208
18.4.2025,2:57:16.953,25.839,41.562
18.4.2025,2:57:17.954,26.780,50.168
18.4.2025,2:57:18.952,26.589,46.893
18.4.2025,2:57:19.954,26.468,31.586
18.4.2025,2:57:20.954,25.788,32.627
18.4.2025,2:57:21.954,26.840,51.622
18.4.2025,2:57:22.955,26.708,48.508
18.4.2025,2:57:23.957,25.934,43.123
18.4.2025,2:57:24.958,26.135,36.389
18.4.2025,2:57:25.957,26.747,53.661
18.4.2025,2:57:26.958,26.619,48.086
18.4.2025,2:57:27.958,26.156,37.668
18.4.2025,2:57:28.957,26.735,46.428
18.4.2025,2:57:29.956,26.585,49.479
18.4.2025,2:57:30.956,26.820,46.059
18.4.2025,2:57:31.956,26.142,32.046
18.4.2025,2:57:32.955,26.616,54.860
18.4.2025,2:57:33.957,26.699,48.250
18.4.2025,2:57:34.955,25.742,38.985
18.4.2025,2:57:35.954,27.101,38.985
18.4.2025,2:57:36.953,26.850,45.754
18.4.2025,2:57:37.954,27.103,48.559
18.4.2025,2:57:38.955,26.025,45.372
18.4.2025,2:57:39.953,26.876,33.672
18.4.2025,2:57:40.955,26.964,54.355
18.4.2025,2:57:41.955,26.221,47.709
18.4.2025,2:57:42.954,26.521,35.769
18.4.2025,2:57:43.956,26.659,44.990
18.4.2025,2:57:44.956,26.639,48.614
18.4.2025,2:57:45.957,26.246,45.613
18.4.2025,2:57:46.957,26.937,33.405
18.4.2025,2:57:47.945,26.762,53.796
18.4.2025,2:57:48.946,26.557,47.662
18.4.2025,2:57:49.945,25.894,36.326
18.4.2025,2:57:50.947,26.712,44.947
18.4.2025,2:57:51.950,26.919,48.464
18.4.2025,2:57:52.950,26.614,50.435
18.4.2025,2:57:53.952,26.106,46.677
18.4.2025,2:57:54.951,26.697,30.812
18.4.2025,2:57:55.951,26.406,50.841
18.4.2025,2:57:56.950,26.887,48.915
18.4.2025,2:57:57.950,25.815,44.333
18.4.2025,2:57:58.946,26.613,35.887
18.4.2025,2:57:59.947,27.157,55.391
18.4.2025,2:58:0.948,26.459,47.697
18.4.2025,2:58:1.947,26.703,36.196
18.4.2025,2:58:2.947,26.523,45.882
18.4.2025,2:58:3.952,26.708,48.797
18.4.2025,2:58:4.954,25.783,46.143
18.4.2025,2:58:5.955,27.097,33.796
18.4.2025,2:58:6.954,26.845,55.325
18.4.2025,2:58:7.957,26.520,48.450
18.4.2025,2:58:8.946,26.007,35.800
18.4.2025,2:58:9.944,27.183,44.080
18.4.2025,2:58:10.947,26.672,49.459
18.4.2025,2:58:11.947,26.474,46.157
18.4.2025,2:58:12.948,26.742,32.879
18.4.2025,2:58:13.949,26.502,55.936
18.4.2025,2:58:14.948,26.722,47.841
18.4.2025,2:58:15.949,25.990,37.142
18.4.2025,2:58:16.951,26.875,42.843
18.4.2025,2:58:17.954,26.569,49.035
18.4.2025,2:58:18.958,26.567,45.977
18.4.2025,2:58:19.957,25.717,30.198
18.4.2025,2:58:20.944,26.709,31.860
18.4.2025,2:58:21.946,26.687,49.124
18.4.2025,2:58:22.946,26.774,48.294
18.4.2025,2:58:23.945,25.729,44.645
18.4.2025,2:58:24.946,27.150,36.249
18.4.2025,2:58:25.946,26.485,55.187
18.4.2025,2:58:26.944,26.878,47.770
18.4.2025,2:58:27.946,25.923,33.702
18.4.2025,2:58:28.947,26.817,47.416
18.4.2025,2:58:29.947,26.551,48.803
18.4.2025,2:58:30.951,29.143,45.999
18.4.2025,2:58:31.951,26.002,34.415
18.4.2025,2:58:32.951,26.664,29.344
18.4.2025,2:58:33.954,26.373,52.293
18.4.2025,2:58:34.956,26.396,48.089
18.4.2025,2:58:35.951,26.216,41.951
18.4.2025,2:58:36.949,26.718,39.758
18.4.2025,2:58:37.955,26.688,49.564
18.4.2025,2:58:38.956,25.832,46.693
18.4.2025,2:58:39.957,27.192,31.171
18.4.2025,2:58:40.957,26.650,53.960
18.4.2025,2:58:41.955,26.178,49.042
18.4.2025,2:58:42.959,25.674,36.857
18.4.2025,2:58:43.956,26.648,43.792
18.4.2025,2:58:44.944,26.510,49.516
18.4.2025,2:58:45.945,26.573,45.802
18.4.2025,2:58:46.947,25.564,34.771
18.4.2025,2:58:47.947,25.564,53.355
18.4.2025,2:58:48.947,26.584,47.292
18.4.2025,2:58:49.945,26.945,33.513
18.4.2025,2:58:50.949,25.692,49.216
18.4.2025,2:58:51.951,26.477,48.735
18.4.2025,2:58:52.954,26.713,46.141
18.4.2025,2:58:53.958,26.774,46.984
18.4.2025,2:58:54.957,26.010,32.176
18.4.2025,2:58:55.944,26.869,55.375
18.4.2025,2:58:56.957,26.448,47.801
18.4.2025,2:58:57.958,26.762,36.961
18.4.2025,2:58:58.944,25.726,43.984
18.4.2025,2:58:59.954,26.433,50.068
18.4.2025,2:59:0.956,26.840,46.216
18.4.2025,2:59:1.945,26.541,35.053
18.4.2025,2:59:2.948,26.496,55.715
18.4.2025,2:59:3.947,26.651,48.248
18.4.2025,2:59:4.951,26.749,37.419
18.4.2025,2:59:5.954,26.672,38.979
18.4.2025,2:59:6.955,25.773,51.480
18.4.2025,2:59:7.954,26.726,47.105
18.4.2025,2:59:8.955,26.607,30.483
18.4.2025,2:59:9.955,26.160,51.948
18.4.2025,2:59:10.958,27.018,49.123
18.4.2025,2:59:11.957,26.882,46.049
18.4.2025,2:59:12.943,26.654,37.115
18.4.2025,2:59:13.946,25.670,33.015
18.4.2025,2:59:14.949,26.491,53.620
18.4.2025,2:59:15.949,26.769,47.966
18.4.2025,2:59:16.955,26.761,39.295
18.4.2025,2:59:17.953,26.174,40.813
18.4.2025,2:59:18.955,26.706,50.622
18.4.2025,2:59:19.953,26.822,46.435
18.4.2025,2:59:20.951,26.444,30.834
18.4.2025,2:59:21.951,25.710,49.180
18.4.2025,2:59:22.953,26.733,48.585
18.4.2025,2:59:23.956,27.036,42.682
18.4.2025,2:59:24.945,26.447,41.853
18.4.2025,2:59:25.950,26.679,51.195
18.4.2025,2:59:26.948,26.332,47.040
18.4.2025,2:59:27.946,26.708,29.982
18.4.2025,2:59:28.947,25.813,52.737
18.4.2025,2:59:29.953,26.567,48.525
18.4.2025,2:59:30.956,26.998,37.700
18.4.2025,2:59:31.944,26.473,41.626
18.4.2025,2:59:32.949,25.567,41.578
18.4.2025,2:59:33.951,26.929,49.484
18.4.2025,2:59:34.954,26.835,46.478
18.4.2025,2:59:35.955,26.543,31.746
18.4.2025,2:59:36.958,25.984,52.586
18.4.2025,2:59:37.958,26.964,48.798
18.4.2025,2:59:38.958,26.655,42.832
18.4.2025,2:59:39.957,26.178,38.276
18.4.2025,2:59:40.956,25.972,50.834
18.4.2025,2:59:41.955,26.800,47.337
18.4.2025,2:59:42.957,26.602,32.107
18.4.2025,2:59:43.959,26.115,51.462
18.4.2025,2:59:44.946,26.761,48.728
18.4.2025,2:59:45.944,26.634,40.295
18.4.2025,2:59:46.946,26.176,40.483
18.4.2025,2:59:47.949,26.598,49.733
18.4.2025,2:59:48.953,26.722,45.825
18.4.2025,2:59:49.954,27.138,31.916
18.4.2025,2:59:50.957,26.039,53.495
18.4.2025,2:59:51.956,27.042,51.477
18.4.2025,2:59:52.943,26.550,48.833
18.4.2025,2:59:53.957,26.126,42.715
18.4.2025,2:59:54.946,25.870,34.309
18.4.2025,2:59:55.944,26.874,53.244
18.4.2025,2:59:56.944,26.850,46.984
18.4.2025,2:59:57.943,26.157,31.278
18.4.2025,2:59:58.958,25.945,51.040
18.4.2025,2:59:59.957,26.823,48.499
18.4.2025,3:0:0.957,26.798,41.128
18.4.2025,3:0:1.944,25.966,39.043
18.4.2025,3:0:2.944,27.085,50.314
18.4.2025,3:0:3.958,26.606,45.963
18.4.2025,3:0:4.946,26.780,30.115
18.4.2025,3:0:5.947,28.593,50.232
18.4.2025,3:0:6.947,26.685,48.278
18.4.2025,3:0:7.949,26.697,40.111
18.4.2025,3:0:8.947,26.703,38.641
18.4.2025,3:0:9.946,25.729,52.459
18.4.2025,3:0:10.949,27.080,47.749
18.4.2025,3:0:11.952,26.444,32.714
18.4.2025,3:0:12.957,26.202,34.962
18.4.2025,3:0:13.959,26.576,46.258
18.4.2025,3:0:14.946,26.845,48.737
18.4.2025,3:0:15.947,26.583,42.842
18.4.2025,3:0:16.951,25.801,37.070
18.4.2025,3:0:17.952,26.836,52.298
18.4.2025,3:0:18.949,26.651,47.315
18.4.2025,3:0:19.951,26.686,31.284
18.4.2025,3:0:20.953,25.955,48.824
18.4.2025,3:0:21.958,26.584,48.555
18.4.2025,3:0:22.944,26.895,43.482
18.4.2025,3:0:23.944,26.595,43.482
18.4.2025,3:0:24.945,28.337,46.819
18.4.2025,3:0:25.947,29.262,48.041
18.4.2025,3:0:26.949,28.824,39.653
18.4.2025,3:0:27.948,28.026,31.568
18.4.2025,3:0:28.945,26.527,48.814
18.4.2025,3:0:29.947,25.785,43.305
18.4.2025,3:0:30.949,26.581,35.959
18.4.2025,3:0:31.948,26.807,52.468
18.4.2025,3:0:32.945,26.369,47.278
18.4.2025,3:0:33.946,26.877,30.990
18.4.2025,3:0:34.946,26.296,53.179
18.4.2025,3:0:35.952,26.993,48.638
18.4.2025,3:0:36.954,25.926,42.133
18.4.2025,3:0:37.956,26.807,35.929
18.4.2025,3:0:38.946,26.635,54.790
18.4.2025,3:0:39.947,26.626,47.572
18.4.2025,3:0:40.948,25.881,34.569
18.4.2025,3:0:41.947,27.435,47.545
18.4.2025,3:0:42.947,26.732,49.196
18.4.2025,3:0:43.950,26.656,45.475
18.4.2025,3:0:44.951,25.833,34.666
18.4.2025,3:0:45.950,27.337,53.051
18.4.2025,3:0:46.951,26.671,48.557
18.4.2025,3:0:47.955,26.375,34.622
18.4.2025,3:0:48.954,26.785,47.060
18.4.2025,3:0:49.954,26.952,49.110
18.4.2025,3:0:50.954,26.859,45.437
18.4.2025,3:0:51.958,26.092,46.026
18.4.2025,3:0:52.956,26.748,33.350
18.4.2025,3:0:53.957,26.780,55.854
18.4.2025,3:0:54.955,25.803,47.516
18.4.2025,3:0:55.957,26.632,33.030
18.4.2025,3:0:56.955,26.558,46.740
18.4.2025,3:0:57.958,26.966,48.993
18.4.2025,3:0:58.957,25.812,46.116
18.4.2025,3:0:59.956,26.721,35.317
18.4.2025,3:1:0.957,26.385,53.699
18.4.2025,3:1:1.957,26.565,48.051
18.4.2025,3:1:2.955,25.915,35.447
18.4.2025,3:1:3.958,26.700,46.196
18.4.2025,3:1:4.944,26.491,48.642
18.4.2025,3:1:5.946,26.299,45.977
18.4.2025,3:1:6.952,26.360,37.475
18.4.2025,3:1:7.949,26.826,54.627
18.4.2025,3:1:8.952,26.829,55.368
18.4.2025,3:1:9.957,26.234,48.068
18.4.2025,3:1:10.943,26.703,37.730
18.4.2025,3:1:11.947,26.815,45.122
18.4.2025,3:1:12.945,26.501,49.650
18.4.2025,3:1:13.946,26.227,46.758
18.4.2025,3:1:14.947,26.814,33.106
18.4.2025,3:1:15.945,26.857,53.859
18.4.2025,3:1:16.949,26.566,47.960
18.4.2025,3:1:17.947,25.836,34.623
18.4.2025,3:1:18.945,26.647,49.878
18.4.2025,3:1:19.946,26.590,48.972
18.4.2025,3:1:20.947,26.095,45.729
18.4.2025,3:1:21.950,26.193,36.398
18.4.2025,3:1:22.950,26.749,55.356
18.4.2025,3:1:23.949,27.038,48.277
18.4.2025,3:1:24.950,26.160,37.434
18.4.2025,3:1:25.951,26.368,43.442
18.4.2025,3:1:26.951,26.796,49.378
18.4.2025,3:1:27.954,26.921,46.199
18.4.2025,3:1:28.957,25.909,35.843
18.4.2025,3:1:29.954,27.114,34.182
18.4.2025,3:1:30.954,26.766,55.766
18.4.2025,3:1:31.952,26.249,47.739
18.4.2025,3:1:32.953,26.675,33.738
18.4.2025,3:1:33.957,26.873,50.000
18.4.2025,3:1:34.957,26.468,48.312
18.4.2025,3:1:35.958,26.212,45.096
18.4.2025,3:1:36.957,26.976,37.031
18.4.2025,3:1:37.958,26.697,52.422
18.4.2025,3:1:38.956,26.452,46.842
18.4.2025,3:1:39.957,28.545,32.906
18.4.2025,3:1:40.959,28.545,48.239
18.4.2025,3:1:41.946,26.775,48.808
18.4.2025,3:1:42.944,26.967,44.214
18.4.2025,3:1:43.945,26.145,36.766
18.4.2025,3:1:44.948,26.804,52.404
18.4.2025,3:1:45.950,26.347,47.272
18.4.2025,3:1:46.951,26.529,32.803
18.4.2025,3:1:47.955,25.736,48.151
18.4.2025,3:1:48.956,26.706,44.032
18.4.2025,3:1:49.956,26.869,49.754
18.4.2025,3:1:50.955,26.835,46.185
18.4.2025,3:1:51.957,25.701,31.773
18.4.2025,3:1:52.957,26.584,54.512
18.4.2025,3:1:53.954,26.704,48.124
18.4.2025,3:1:54.955,26.731,41.868
18.4.2025,3:1:55.958,25.826,40.247
18.4.2025,3:1:56.954,26.934,50.077
18.4.2025,3:1:57.943,26.448,47.175
18.4.2025,3:1:58.945,26.014,32.271
18.4.2025,3:1:59.951,26.392,51.690
18.4.2025,3:2:0.950,26.997,48.299
18.4.2025,3:2:1.953,26.463,43.921
18.4.2025,3:2:2.957,25.797,35.357
18.4.2025,3:2:3.958,26.690,53.680
18.4.2025,3:2:4.958,26.709,47.735
18.4.2025,3:2:5.944,26.356,33.988
18.4.2025,3:2:6.945,25.857,48.026
18.4.2025,3:2:7.947,26.681,48.255
18.4.2025,3:2:8.949,26.486,49.258
18.4.2025,3:2:9.951,26.721,46.149
18.4.2025,3:2:10.955,26.096,33.377
18.4.2025,3:2:11.953,27.407,53.718
18.4.2025,3:2:12.959,26.269,47.934
18.4.2025,3:2:13.957,26.523,35.826
18.4.2025,3:2:14.944,26.186,50.194
18.4.2025,3:2:15.947,26.913,48.520
18.4.2025,3:2:16.949,26.327,40.578
18.4.2025,3:2:17.951,26.309,40.962
18.4.2025,3:2:18.950,26.427,50.832
18.4.2025,3:2:19.955,26.772,46.989
18.4.2025,3:2:20.955,26.628,31.831
18.4.2025,3:2:21.943,25.835,54.803
18.4.2025,3:2:22.945,26.941,48.310
18.4.2025,3:2:23.948,26.526,40.754
18.4.2025,3:2:24.948,26.809,45.618
18.4.2025,3:2:25.951,25.404,33.412
18.4.2025,3:2:26.955,26.428,55.073
18.4.2025,3:2:27.955,26.687,47.799
18.4.2025,3:2:28.953,26.781,34.110
18.4.2025,3:2:29.953,25.805,48.272
18.4.2025,3:2:30.955,27.128,49.045
18.4.2025,3:2:31.949,26.879,45.040
18.4.2025,3:2:32.952,26.046,36.146
18.4.2025,3:2:33.953,26.350,55.805
18.4.2025,3:2:34.954,26.796,47.653
18.4.2025,3:2:35.952,26.600,34.223
18.4.2025,3:2:36.951,25.637,48.956
18.4.2025,3:2:37.949,26.639,48.903
18.4.2025,3:2:38.951,26.708,44.734
18.4.2025,3:2:39.948,26.858,36.752
18.4.2025,3:2:40.949,26.192,52.347
18.4.2025,3:2:41.951,27.036,47.433
18.4.2025,3:2:42.950,26.836,33.372
18.4.2025,3:2:43.950,25.845,50.423
18.4.2025,3:2:44.953,26.531,48.202
18.4.2025,3:2:45.957,26.858,44.557
18.4.2025,3:2:46.944,26.939,38.815
18.4.2025,3:2:47.945,25.964,52.846
18.4.2025,3:2:48.948,26.761,53.152
18.4.2025,3:2:49.949,26.418,47.640
18.4.2025,3:2:50.951,26.574,31.946
18.4.2025,3:2:51.952,26.469,48.524
18.4.2025,3:2:52.956,26.797,48.147
18.4.2025,3:2:53.955,26.642,42.714
18.4.2025,3:2:54.944,26.209,39.908
18.4.2025,3:2:55.956,26.071,52.990
18.4.2025,3:2:56.957,26.931,47.197
18.4.2025,3:2:57.956,26.580,31.519
18.4.2025,3:2:58.955,25.785,50.478
18.4.2025,3:2:59.956,26.799,48.023
18.4.2025,3:3:0.955,27.019,45.443
18.4.2025,3:3:1.958,26.965,35.944
18.4.2025,3:3:2.945,25.908,52.739
18.4.2025,3:3:3.947,26.870,47.731
18.4.2025,3:3:4.946,26.738,32.977
18.4.2025,3:3:5.948,26.282,50.895
18.4.2025,3:3:6.945,26.722,48.644
18.4.2025,3:3:7.944,26.706,42.814
18.4.2025,3:3:8.944,26.525,38.565
18.4.2025,3:3:9.947,26.094,53.951
18.4.2025,3:3:10.946,27.193,53.951
18.4.2025,3:3:11.945,26.884,47.271
18.4.2025,3:3:12.945,25.996,30.824
18.4.2025,3:3:13.946,26.220,51.428
18.4.2025,3:3:14.947,29.568,48.762
18.4.2025,3:3:15.949,26.366,45.751
18.4.2025,3:3:16.952,26.425,35.692
18.4.2025,3:3:17.954,25.881,54.684
18.4.2025,3:3:18.955,27.005,47.993
18.4.2025,3:3:19.954,26.517,35.355
18.4.2025,3:3:20.954,26.085,45.265
18.4.2025,3:3:21.956,26.655,49.310
18.4.2025,3:3:22.957,26.639,49.870
18.4.2025,3:3:23.959,26.690,46.521
18.4.2025,3:3:24.957,25.534,30.632
18.4.2025,3:3:25.958,26.875,54.877
18.4.2025,3:3:26.944,26.785,48.608
18.4.2025,3:3:27.959,26.445,37.520
18.4.2025,3:3:28.944,26.067,45.104
18.4.2025,3:3:29.945,26.806,48.660
18.4.2025,3:3:30.943,26.807,45.938
18.4.2025,3:3:31.948,26.213,35.871
18.4.2025,3:3:32.948,26.523,55.106
18.4.2025,3:3:33.946,26.683,48.131
18.4.2025,3:3:34.946,26.621,34.849
18.4.2025,3:3:35.947,25.610,44.214
18.4.2025,3:3:36.946,26.831,49.275
18.4.2025,3:3:37.946,26.375,46.901
18.4.2025,3:3:38.948,26.776,31.677
18.4.2025,3:3:39.948,26.870,53.896
18.4.2025,3:3:40.947,28.858,49.689
18.4.2025,3:3:41.949,28.987,46.051
18.4.2025,3:3:42.950,28.860,32.464
18.4.2025,3:3:43.949,27.478,47.033
18.4.2025,3:3:44.949,25.433,30.883
18.4.2025,3:3:45.951,26.945,52.767
18.4.2025,3:3:46.951,26.704,48.328
18.4.2025,3:3:47.952,26.642,39.559
18.4.2025,3:3:48.951,25.996,42.989
18.4.2025,3:3:49.952,26.851,51.153
18.4.2025,3:3:50.953,26.695,47.101
18.4.2025,3:3:51.958,26.484,31.786
18.4.2025,3:3:52.955,26.316,54.844
18.4.2025,3:3:53.956,26.571,48.186
18.4.2025,3:3:54.957,26.705,37.430
18.4.2025,3:3:55.957,25.440,44.314
18.4.2025,3:3:56.946,26.922,49.286
18.4.2025,3:3:57.947,26.753,46.018
18.4.2025,3:3:58.947,26.631,37.608
18.4.2025,3:3:59.946,25.807,52.689
18.4.2025,3:4:0.948,27.018,56.156
18.4.2025,3:4:1.951,26.792,47.999
18.4.2025,3:4:2.954,26.388,36.387
18.4.2025,3:4:3.956,26.450,44.895
18.4.2025,3:4:4.958,26.677,49.636
18.4.2025,3:4:5.945,26.772,46.209
18.4.2025,3:4:6.948,25.920,34.344
18.4.2025,3:4:7.951,27.327,56.450
18.4.2025,3:4:8.954,26.805,47.909
18.4.2025,3:4:9.954,26.677,34.723
18.4.2025,3:4:10.958,25.761,46.953
18.4.2025,3:4:11.945,26.456,49.709
18.4.2025,3:4:12.948,26.924,49.700
18.4.2025,3:4:13.951,26.552,46.459
18.4.2025,3:4:14.955,25.732,30.315
18.4.2025,3:4:15.956,26.697,50.650
18.4.2025,3:4:16.958,26.787,48.658
18.4.2025,3:4:17.944,26.155,40.976
18.4.2025,3:4:18.944,25.916,40.254
18.4.2025,3:4:19.943,26.731,49.709
18.4.2025,3:4:20.946,26.740,46.086
18.4.2025,3:4:21.949,25.726,32.797
18.4.2025,3:4:22.948,26.959,54.164
18.4.2025,3:4:23.947,26.687,48.370
18.4.2025,3:4:24.948,26.777,35.608
18.4.2025,3:4:25.952,26.352,45.341
18.4.2025,3:4:26.952,26.973,48.506
18.4.2025,3:4:27.954,27.204,45.738
18.4.2025,3:4:28.957,26.697,33.533
18.4.2025,3:4:29.953,25.809,55.486
18.4.2025,3:4:30.953,26.420,54.473
18.4.2025,3:4:31.954,26.573,48.095
18.4.2025,3:4:32.953,26.085,50.987
18.4.2025,3:4:33.956,26.563,46.329
18.4.2025,3:4:34.956,26.563,48.837
18.4.2025,3:4:35.954,26.780,45.613
18.4.2025,3:4:36.956,26.288,38.000
18.4.2025,3:4:37.958,26.751,54.312
18.4.2025,3:4:38.955,26.747,47.215
18.4.2025,3:4:39.943,26.698,31.950
18.4.2025,3:4:40.944,26.890,45.227
18.4.2025,3:4:41.958,29.694,51.337
18.4.2025,3:4:42.946,27.812,47.914
18.4.2025,3:4:43.949,26.562,34.554
18.4.2025,3:4:44.948,25.594,46.907
18.4.2025,3:4:45.947,26.597,48.565
18.4.2025,3:4:46.948,26.589,46.610
18.4.2025,3:4:47.948,26.294,31.779
18.4.2025,3:4:48.947,26.668,49.017
18.4.2025,3:4:49.947,28.327,48.239
18.4.2025,3:4:50.946,26.432,49.325
18.4.2025,3:4:51.949,26.530,46.351
18.4.2025,3:4:52.952,25.578,34.860
18.4.2025,3:4:53.953,26.495,56.040
18.4.2025,3:4:54.957,26.726,48.019
18.4.2025,3:4:55.958,26.538,37.668
18.4.2025,3:4:56.945,26.017,45.845
18.4.2025,3:4:57.948,26.657,48.918
18.4.2025,3:4:58.949,26.644,46.049
18.4.2025,3:4:59.951,26.854,34.727
18.4.2025,3:5:0.953,25.994,55.179
18.4.2025,3:5:1.956,26.903,48.092
18.4.2025,3:5:2.950,26.542,34.971
18.4.2025,3:5:3.954,26.025,47.962
18.4.2025,3:5:4.953,26.474,48.527
18.4.2025,3:5:5.952,26.538,45.953
18.4.2025,3:5:6.952,26.455,30.925
18.4.2025,3:5:7.953,25.549,52.719
18.4.2025,3:5:8.952,26.536,52.418
18.4.2025,3:5:9.952,26.635,37.875
18.4.2025,3:5:10.951,26.599,43.459
18.4.2025,3:5:11.952,25.937,49.550
18.4.2025,3:5:12.954,26.468,45.946
18.4.2025,3:5:13.954,26.771,34.967
18.4.2025,3:5:14.953,25.519,53.242
18.4.2025,3:5:15.954,27.008,47.863
18.4.2025,3:5:16.954,26.627,34.867
18.4.2025,3:5:17.954,26.780,47.128
18.4.2025,3:5:18.954,25.786,48.224
18.4.2025,3:5:19.955,26.844,43.659
18.4.2025,3:5:20.951,26.704,36.541
18.4.2025,3:5:21.953,26.478,53.409
18.4.2025,3:5:22.952,26.188,48.114
18.4.2025,3:5:23.955,26.671,47.967
18.4.2025,3:5:24.956,26.585,36.932
18.4.2025,3:5:25.954,26.288,46.605
18.4.2025,3:5:26.958,26.476,48.539
18.4.2025,3:5:27.956,26.653,46.967
18.4.2025,3:5:28.943,26.723,33.392
18.4.2025,3:5:29.944,25.733,56.040
18.4.2025,3:5:30.943,26.708,47.891
18.4.2025,3:5:31.945,26.674,37.576
18.4.2025,3:5:32.947,26.851,45.709
18.4.2025,3:5:33.947,25.889,49.407
18.4.2025,3:5:34.946,27.947,45.866
18.4.2025,3:5:35.948,26.941,47.102
18.4.2025,3:5:36.948,29.988,33.668
18.4.2025,3:5:37.948,26.092,48.814
18.4.2025,3:5:38.948,26.547,48.585
18.4.2025,3:5:39.946,26.556,46.053
18.4.2025,3:5:40.947,26.143,30.749
18.4.2025,3:5:41.947,26.532,53.245
18.4.2025,3:5:42.951,26.906,48.242
18.4.2025,3:5:43.952,26.630,38.846
18.4.2025,3:5:44.954,26.333,39.177
18.4.2025,3:5:45.952,26.386,50.177
18.4.2025,3:5:46.956,26.691,47.080
18.4.2025,3:5:47.957,26.534,31.610
18.4.2025,3:5:48.946,26.431,52.009
18.4.2025,3:5:49.948,26.900,48.097
18.4.2025,3:5:50.949,26.663,39.955
18.4.2025,3:5:51.950,26.688,45.227
18.4.2025,3:5:52.950,25.899,51.698
18.4.2025,3:5:53.949,27.141,46.974
18.4.2025,3:5:54.950,26.833,47.297
18.4.2025,3:5:55.952,26.424,32.046
18.4.2025,3:5:56.954,26.709,52.254
18.4.2025,3:5:57.955,27.077,48.330
18.4.2025,3:5:58.957,26.751,39.902
18.4.2025,3:5:59.954,25.592,42.949
18.4.2025,3:6:0.946,27.171,42.949
18.4.2025,3:6:1.949,26.710,52.186
18.4.2025,3:6:2.947,26.212,46.766
18.4.2025,3:6:3.946,25.572,31.099
18.4.2025,3:6:4.949,27.077,52.382
18.4.2025,3:6:5.950,26.673,48.173
18.4.2025,3:6:6.955,26.757,40.591
18.4.2025,3:6:7.957,25.892,41.791
18.4.2025,3:6:8.957,26.942,50.228
18.4.2025,3:6:9.956,26.827,45.997
18.4.2025,3:6:10.954,26.267,34.561
18.4.2025,3:6:11.957,26.875,55.664
18.4.2025,3:6:12.957,26.708,47.976
18.4.2025,3:6:13.957,26.418,34.037
18.4.2025,3:6:14.956,26.492,49.251
18.4.2025,3:6:15.944,26.714,48.453
18.4.2025,3:6:16.959,26.818,45.556
18.4.2025,3:6:17.944,25.796,36.183
18.4.2025,3:6:18.944,26.880,33.500
18.4.2025,3:6:19.945,26.605,47.514
18.4.2025,3:6:20.947,26.704,47.730
18.4.2025,3:6:21.949,25.898,33.866
18.4.2025,3:6:22.950,28.988,47.505
18.4.2025,3:6:23.953,27.571,49.529
18.4.2025,3:6:24.954,26.330,45.877
18.4.2025,3:6:25.954,26.208,33.397
18.4.2025,3:6:26.954,27.175,55.750
18.4.2025,3:6:27.952,26.675,48.026
18.4.2025,3:6:28.956,26.493,34.725
18.4.2025,3:6:29.954,26.381,46.237
18.4.2025,3:6:30.957,26.889,48.743
18.4.2025,3:6:31.956,26.760,46.079
18.4.2025,3:6:32.957,26.148,31.265
18.4.2025,3:6:33.944,26.120,53.601
18.4.2025,3:6:34.945,26.823,47.890
18.4.2025,3:6:35.947,26.513,37.481
18.4.2025,3:6:36.950,25.649,41.768
18.4.2025,3:6:37.951,26.697,39.700
18.4.2025,3:6:38.953,26.826,49.637
18.4.2025,3:6:39.957,26.911,47.495
18.4.2025,3:6:40.958,25.897,34.014
18.4.2025,3:6:41.945,26.667,55.709
18.4.2025,3:6:42.949,26.532,47.935
18.4.2025,3:6:43.952,26.723,40.433
18.4.2025,3:6:44.953,28.405,34.434
18.4.2025,3:6:45.957,26.671,54.792
18.4.2025,3:6:46.943,26.483,47.258
18.4.2025,3:6:47.944,26.477,33.207
18.4.2025,3:6:48.957,25.444,46.400
18.4.2025,3:6:49.944,27.054,48.371
18.4.2025,3:6:50.948,26.325,46.191
18.4.2025,3:6:51.946,26.543,46.165
18.4.2025,3:6:52.950,25.736,31.509
18.4.2025,3:6:53.951,26.933,55.058
18.4.2025,3:6:54.951,26.728,48.066
18.4.2025,3:6:55.950,27.530,36.745
18.4.2025,3:6:56.954,28.893,35.802
18.4.2025,3:6:57.959,29.195,35.977
18.4.2025,3:6:58.946,28.810,42.927
18.4.2025,3:6:59.950,11.563,24.837
