Date,Time,CPU All Power Consumption (W),GPU Power Consumption (W)
17.4.2025,3:37:38.839,4.096,6.193
17.4.2025,3:37:39.839,18.839,37.286
17.4.2025,3:37:40.855,30.273,37.902
17.4.2025,3:37:41.871,29.485,32.401
17.4.2025,3:37:42.867,29.748,42.058
17.4.2025,3:37:43.868,29.713,52.511
17.4.2025,3:37:44.886,29.764,50.614
17.4.2025,3:37:45.889,29.850,47.429
17.4.2025,3:37:46.891,29.926,44.840
17.4.2025,3:37:47.894,29.782,34.730
17.4.2025,3:37:48.894,29.680,37.135
17.4.2025,3:37:49.895,29.618,47.019
17.4.2025,3:37:50.893,29.446,51.489
17.4.2025,3:37:51.896,29.731,40.733
17.4.2025,3:37:52.895,29.561,52.010
17.4.2025,3:37:53.892,29.977,49.742
17.4.2025,3:37:54.897,29.675,47.160
17.4.2025,3:37:55.897,29.619,42.552
17.4.2025,3:37:56.897,29.403,32.988
17.4.2025,3:37:57.899,29.576,34.451
17.4.2025,3:37:58.896,29.410,45.636
17.4.2025,3:37:59.911,30.140,56.236
17.4.2025,3:38:0.912,29.656,47.524
17.4.2025,3:38:1.927,29.677,47.623
17.4.2025,3:38:2.942,29.426,40.843
17.4.2025,3:38:3.940,29.553,31.282
17.4.2025,3:38:4.943,29.747,40.661
17.4.2025,3:38:5.942,29.645,47.396
17.4.2025,3:38:6.942,31.410,50.775
17.4.2025,3:38:7.940,29.463,53.279
17.4.2025,3:38:8.942,29.549,48.415
17.4.2025,3:38:9.955,29.815,47.083
17.4.2025,3:38:10.970,29.610,41.766
17.4.2025,3:38:11.986,29.751,31.990
17.4.2025,3:38:12.982,29.752,39.275
17.4.2025,3:38:13.982,29.770,46.907
17.4.2025,3:38:14.982,29.609,53.420
17.4.2025,3:38:15.983,29.513,50.027
17.4.2025,3:38:16.985,29.660,46.985
17.4.2025,3:38:17.985,29.745,50.213
17.4.2025,3:38:19.001,29.576,52.823
17.4.2025,3:38:20.017,29.594,51.549
17.4.2025,3:38:21.020,29.762,50.101
17.4.2025,3:38:22.022,29.500,47.490
17.4.2025,3:38:23.021,29.506,40.376
17.4.2025,3:38:24.022,29.563,32.842
17.4.2025,3:38:25.020,29.584,33.282
17.4.2025,3:38:26.025,29.354,44.641
17.4.2025,3:38:27.022,29.454,49.687
17.4.2025,3:38:28.026,29.524,50.762
17.4.2025,3:38:29.027,29.427,46.312
17.4.2025,3:38:30.026,29.620,46.831
17.4.2025,3:38:31.012,29.338,37.660
17.4.2025,3:38:32.012,29.315,31.122
17.4.2025,3:38:33.014,29.449,38.673
17.4.2025,3:38:34.015,29.031,43.902
17.4.2025,3:38:35.017,29.338,48.577
17.4.2025,3:38:36.020,29.320,53.840
17.4.2025,3:38:37.018,29.519,49.930
17.4.2025,3:38:38.016,29.426,46.872
17.4.2025,3:38:39.035,29.394,47.257
17.4.2025,3:38:40.038,29.548,38.269
17.4.2025,3:38:41.037,29.369,47.980
17.4.2025,3:38:42.037,29.543,47.050
17.4.2025,3:38:43.054,29.192,46.543
17.4.2025,3:38:44.068,29.305,41.547
17.4.2025,3:38:45.071,29.263,35.797
17.4.2025,3:38:46.073,29.167,31.827
17.4.2025,3:38:47.073,29.438,37.458
17.4.2025,3:38:48.073,29.627,42.955
17.4.2025,3:38:49.073,29.481,47.466
17.4.2025,3:38:50.073,29.369,55.049
17.4.2025,3:38:51.060,29.236,48.567
17.4.2025,3:38:52.074,29.367,47.338
17.4.2025,3:38:53.088,29.048,47.356
17.4.2025,3:38:54.076,29.377,46.238
17.4.2025,3:38:55.092,29.165,39.615
17.4.2025,3:38:56.107,29.506,35.920
17.4.2025,3:38:57.109,29.059,34.183
17.4.2025,3:38:58.114,29.195,38.057
17.4.2025,3:38:59.116,29.147,44.560
17.4.2025,3:39:0.110,29.340,52.595
17.4.2025,3:39:1.133,29.532,55.961
17.4.2025,3:39:2.133,29.290,51.336
17.4.2025,3:39:3.132,29.284,40.980
17.4.2025,3:39:4.127,29.555,47.169
17.4.2025,3:39:5.148,29.270,51.647
17.4.2025,3:39:6.153,29.280,54.326
17.4.2025,3:39:7.141,29.426,48.875
17.4.2025,3:39:8.156,29.151,46.496
17.4.2025,3:39:9.158,29.374,47.271
17.4.2025,3:39:10.169,29.609,42.030
17.4.2025,3:39:11.174,29.463,32.692
17.4.2025,3:39:12.190,29.390,36.426
17.4.2025,3:39:13.188,29.384,41.481
17.4.2025,3:39:14.189,29.316,48.525
17.4.2025,3:39:15.193,29.199,52.797
17.4.2025,3:39:16.195,29.181,38.420
17.4.2025,3:39:17.208,29.448,46.739
17.4.2025,3:39:18.212,29.124,50.972
17.4.2025,3:39:19.211,29.371,55.969
17.4.2025,3:39:20.211,28.996,52.887
17.4.2025,3:39:21.214,29.515,48.225
17.4.2025,3:39:22.214,29.326,47.483
17.4.2025,3:39:23.218,29.209,43.082
17.4.2025,3:39:24.217,29.380,37.316
17.4.2025,3:39:25.232,29.099,31.948
17.4.2025,3:39:26.236,29.400,39.378
17.4.2025,3:39:27.238,29.208,46.055
17.4.2025,3:39:28.241,29.130,49.946
17.4.2025,3:39:29.255,29.168,53.926
17.4.2025,3:39:30.255,28.769,49.134
17.4.2025,3:39:31.258,29.017,45.623
17.4.2025,3:39:32.257,29.253,51.708
17.4.2025,3:39:33.276,29.122,53.236
17.4.2025,3:39:34.278,29.430,48.924
17.4.2025,3:39:35.275,29.355,47.483
17.4.2025,3:39:36.276,29.352,47.139
17.4.2025,3:39:37.277,28.783,40.384
17.4.2025,3:39:38.292,29.055,35.697
17.4.2025,3:39:39.307,29.226,32.026
17.4.2025,3:39:40.307,30.016,32.937
17.4.2025,3:39:41.320,29.973,36.408
17.4.2025,3:39:42.323,29.058,41.701
17.4.2025,3:39:43.324,29.100,49.111
17.4.2025,3:39:44.311,29.201,54.110
17.4.2025,3:39:45.313,29.004,49.661
17.4.2025,3:39:46.315,29.239,47.100
17.4.2025,3:39:47.315,29.083,47.137
17.4.2025,3:39:48.330,29.206,46.706
17.4.2025,3:39:49.332,29.179,53.470
17.4.2025,3:39:50.332,29.024,50.689
17.4.2025,3:39:51.347,29.395,49.364
17.4.2025,3:39:52.364,29.046,47.041
17.4.2025,3:39:53.361,29.125,47.084
17.4.2025,3:39:54.365,28.918,44.440
17.4.2025,3:39:55.368,29.306,39.892
17.4.2025,3:39:56.367,29.232,33.637
17.4.2025,3:39:57.386,29.071,32.699
17.4.2025,3:39:58.401,29.247,37.919
17.4.2025,3:39:59.402,28.981,42.568
17.4.2025,3:40:0.388,29.126,47.387
17.4.2025,3:40:1.388,28.954,52.953
17.4.2025,3:40:2.404,29.303,53.466
17.4.2025,3:40:3.406,29.035,48.316
17.4.2025,3:40:4.404,29.176,47.180
17.4.2025,3:40:5.419,29.466,47.131
17.4.2025,3:40:6.437,29.266,54.218
17.4.2025,3:40:7.435,28.809,51.475
17.4.2025,3:40:8.435,29.166,48.575
17.4.2025,3:40:9.451,29.270,46.522
17.4.2025,3:40:10.465,28.693,37.143
17.4.2025,3:40:11.464,31.711,47.026
17.4.2025,3:40:12.481,32.024,46.131
17.4.2025,3:40:13.481,30.444,43.244
17.4.2025,3:40:14.467,29.701,39.737
17.4.2025,3:40:15.484,29.441,37.865
17.4.2025,3:40:16.481,29.540,47.348
17.4.2025,3:40:17.496,29.348,51.599
17.4.2025,3:40:18.497,29.088,56.236
17.4.2025,3:40:19.502,28.867,53.096
17.4.2025,3:40:20.506,29.283,51.203
17.4.2025,3:40:21.521,29.215,47.862
17.4.2025,3:40:22.520,29.281,46.261
17.4.2025,3:40:23.526,29.049,46.722
17.4.2025,3:40:24.528,29.218,44.932
17.4.2025,3:40:25.530,29.000,39.909
17.4.2025,3:40:26.547,29.208,32.755
17.4.2025,3:40:27.546,29.151,33.222
17.4.2025,3:40:28.560,28.979,39.177
17.4.2025,3:40:29.562,29.025,42.689
17.4.2025,3:40:30.577,28.852,38.828
17.4.2025,3:40:31.591,28.832,34.979
17.4.2025,3:40:32.592,29.105,30.282
17.4.2025,3:40:33.593,28.856,36.672
17.4.2025,3:40:34.608,28.781,39.862
17.4.2025,3:40:35.609,28.896,45.269
17.4.2025,3:40:36.614,28.944,49.194
17.4.2025,3:40:37.627,29.232,54.335
17.4.2025,3:40:38.641,28.857,52.490
17.4.2025,3:40:39.656,28.855,48.751
17.4.2025,3:40:40.658,29.050,46.081
17.4.2025,3:40:41.657,29.214,47.398
17.4.2025,3:40:42.675,29.192,44.022
17.4.2025,3:40:43.690,29.049,40.171
17.4.2025,3:40:44.687,29.541,37.337
17.4.2025,3:40:45.691,29.113,32.391
17.4.2025,3:40:46.702,28.872,46.802
17.4.2025,3:40:47.703,29.014,46.512
17.4.2025,3:40:48.716,29.059,47.393
17.4.2025,3:40:49.719,28.921,40.859
17.4.2025,3:40:50.732,29.188,48.700
17.4.2025,3:40:51.733,29.147,31.265
17.4.2025,3:40:52.735,29.269,39.021
17.4.2025,3:40:53.750,28.843,42.040
17.4.2025,3:40:54.764,28.752,48.559
17.4.2025,3:40:55.770,29.063,53.196
17.4.2025,3:40:56.772,28.755,55.266
17.4.2025,3:40:57.775,28.896,50.316
17.4.2025,3:40:58.774,29.197,47.198
17.4.2025,3:40:59.776,28.962,47.300
17.4.2025,3:41:0.777,28.739,47.005
17.4.2025,3:41:1.764,28.874,41.467
17.4.2025,3:41:2.765,28.810,37.023
17.4.2025,3:41:3.765,29.005,32.820
17.4.2025,3:41:4.767,29.169,35.949
17.4.2025,3:41:5.769,29.043,41.212
17.4.2025,3:41:6.771,28.782,41.522
17.4.2025,3:41:7.777,28.979,38.079
17.4.2025,3:41:8.776,28.900,33.178
17.4.2025,3:41:9.778,28.850,35.274
17.4.2025,3:41:10.779,28.896,37.267
17.4.2025,3:41:11.782,29.010,46.984
17.4.2025,3:41:12.783,28.819,51.177
17.4.2025,3:41:13.798,28.758,53.830
17.4.2025,3:41:14.801,31.087,55.938
17.4.2025,3:41:15.798,29.069,51.809
17.4.2025,3:41:16.812,29.373,48.556
17.4.2025,3:41:17.811,29.250,46.935
17.4.2025,3:41:18.809,28.988,46.939
17.4.2025,3:41:19.810,28.968,43.450
17.4.2025,3:41:20.829,28.999,36.683
17.4.2025,3:41:21.830,29.056,47.793
17.4.2025,3:41:22.828,28.681,46.792
17.4.2025,3:41:23.832,29.052,47.135
17.4.2025,3:41:24.844,28.884,43.007
17.4.2025,3:41:25.860,28.988,39.459
17.4.2025,3:41:26.860,29.244,34.462
17.4.2025,3:41:27.864,31.099,34.762
17.4.2025,3:41:28.866,31.816,34.115
17.4.2025,3:41:29.869,29.430,32.136
17.4.2025,3:41:30.871,28.776,33.704
17.4.2025,3:41:31.869,28.783,37.578
17.4.2025,3:41:32.872,28.917,42.092
17.4.2025,3:41:33.871,28.738,45.234
17.4.2025,3:41:34.886,29.642,45.901
17.4.2025,3:41:35.886,28.989,51.932
17.4.2025,3:41:36.899,28.767,53.471
17.4.2025,3:41:37.889,28.689,48.774
17.4.2025,3:41:38.888,28.689,47.921
17.4.2025,3:41:39.888,29.070,45.565
17.4.2025,3:41:40.901,28.822,50.238
17.4.2025,3:41:41.904,28.735,43.105
17.4.2025,3:41:42.915,29.092,39.497
17.4.2025,3:41:43.916,28.859,34.856
17.4.2025,3:41:44.930,29.363,31.801
17.4.2025,3:41:45.932,28.773,47.507
17.4.2025,3:41:46.931,29.028,47.144
17.4.2025,3:41:47.942,28.726,41.852
17.4.2025,3:41:48.946,28.734,35.733
17.4.2025,3:41:49.948,28.919,32.419
17.4.2025,3:41:50.950,28.715,34.994
17.4.2025,3:41:51.936,28.887,34.994
17.4.2025,3:41:52.937,29.225,37.138
17.4.2025,3:41:53.940,29.145,44.070
17.4.2025,3:41:54.938,29.146,49.491
17.4.2025,3:41:55.958,28.950,51.362
17.4.2025,3:41:56.958,28.545,53.997
17.4.2025,3:41:57.958,29.258,52.152
17.4.2025,3:41:58.957,28.877,49.889
17.4.2025,3:41:59.973,29.077,47.875
17.4.2025,3:42:0.988,28.951,47.139
17.4.2025,3:42:1.989,28.852,46.898
17.4.2025,3:42:2.988,28.859,52.116
17.4.2025,3:42:3.988,28.910,53.751
17.4.2025,3:42:4.986,29.000,53.907
17.4.2025,3:42:5.990,29.054,49.839
17.4.2025,3:42:6.988,28.625,47.401
17.4.2025,3:42:7.990,28.805,46.871
17.4.2025,3:42:9.008,28.777,44.162
17.4.2025,3:42:10.022,29.307,37.285
17.4.2025,3:42:11.023,29.159,33.301
17.4.2025,3:42:12.024,28.889,37.267
17.4.2025,3:42:13.023,29.031,42.570
17.4.2025,3:42:14.025,28.960,46.984
17.4.2025,3:42:15.027,28.895,52.449
17.4.2025,3:42:16.027,28.972,33.228
17.4.2025,3:42:17.025,28.648,37.415
17.4.2025,3:42:18.025,29.353,42.458
17.4.2025,3:42:19.027,29.351,47.874
17.4.2025,3:42:20.027,29.100,55.463
17.4.2025,3:42:21.027,29.254,51.168
17.4.2025,3:42:22.025,28.964,46.936
17.4.2025,3:42:23.039,28.881,46.767
17.4.2025,3:42:24.038,28.950,40.396
17.4.2025,3:42:25.056,28.979,33.387
17.4.2025,3:42:26.071,29.293,35.407
17.4.2025,3:42:27.075,29.185,39.420
17.4.2025,3:42:28.060,29.371,46.650
17.4.2025,3:42:29.059,29.000,51.787
17.4.2025,3:42:30.061,28.582,52.402
17.4.2025,3:42:31.062,28.875,48.378
17.4.2025,3:42:32.076,28.884,46.621
17.4.2025,3:42:33.094,29.138,46.760
17.4.2025,3:42:34.095,28.822,43.493
17.4.2025,3:42:35.095,28.862,52.512
17.4.2025,3:42:36.109,28.918,47.654
17.4.2025,3:42:37.110,28.879,46.991
17.4.2025,3:42:38.108,29.268,46.166
17.4.2025,3:42:39.124,28.996,38.033
17.4.2025,3:42:40.127,28.837,32.399
17.4.2025,3:42:41.128,29.186,40.059
17.4.2025,3:42:42.141,29.336,45.409
17.4.2025,3:42:43.155,28.865,53.602
17.4.2025,3:42:44.168,29.057,50.599
17.4.2025,3:42:45.185,28.997,48.640
17.4.2025,3:42:46.188,28.839,46.575
17.4.2025,3:42:47.188,28.892,47.419
17.4.2025,3:42:48.190,29.194,40.647
17.4.2025,3:42:49.194,29.033,36.577
17.4.2025,3:42:50.193,31.040,34.054
17.4.2025,3:42:51.194,28.886,46.671
17.4.2025,3:42:52.196,28.852,43.753
17.4.2025,3:42:53.210,29.483,38.816
17.4.2025,3:42:54.215,29.455,35.993
17.4.2025,3:42:55.216,29.464,49.784
17.4.2025,3:42:56.217,28.966,53.366
17.4.2025,3:42:57.219,28.862,50.491
17.4.2025,3:42:58.233,28.813,47.971
17.4.2025,3:42:59.239,29.157,47.265
17.4.2025,3:43:0.242,28.866,47.022
17.4.2025,3:43:1.234,29.087,46.982
17.4.2025,3:43:2.246,29.029,52.876
17.4.2025,3:43:3.258,29.048,47.614
17.4.2025,3:43:4.254,28.903,46.786
17.4.2025,3:43:5.255,28.911,44.519
17.4.2025,3:43:6.258,28.878,48.952
17.4.2025,3:43:7.275,29.027,35.245
17.4.2025,3:43:8.275,29.362,33.638
17.4.2025,3:43:9.277,28.875,39.128
17.4.2025,3:43:10.279,28.920,47.916
17.4.2025,3:43:11.281,29.014,52.420
17.4.2025,3:43:12.299,29.111,54.122
17.4.2025,3:43:13.313,29.061,48.630
17.4.2025,3:43:14.330,28.931,47.304
17.4.2025,3:43:15.330,29.233,46.402
17.4.2025,3:43:16.349,28.663,39.873
17.4.2025,3:43:17.368,28.831,35.380
17.4.2025,3:43:18.368,29.101,47.253
17.4.2025,3:43:19.368,29.170,47.106
17.4.2025,3:43:20.366,28.943,46.845
17.4.2025,3:43:21.365,29.108,40.655
17.4.2025,3:43:22.363,28.801,37.900
17.4.2025,3:43:23.364,29.117,32.667
17.4.2025,3:43:24.363,28.764,32.461
17.4.2025,3:43:25.363,29.197,36.566
17.4.2025,3:43:26.362,29.012,42.507
17.4.2025,3:43:27.363,28.886,46.929
17.4.2025,3:43:28.375,28.997,51.961
17.4.2025,3:43:29.390,28.979,53.193
17.4.2025,3:43:30.407,28.940,50.184
17.4.2025,3:43:31.412,29.018,47.271
17.4.2025,3:43:32.412,28.838,47.472
17.4.2025,3:43:33.430,28.753,44.753
17.4.2025,3:43:34.443,28.688,39.000
17.4.2025,3:43:35.443,28.814,32.836
17.4.2025,3:43:36.445,28.815,34.994
17.4.2025,3:43:37.444,29.078,40.909
17.4.2025,3:43:38.457,28.905,46.401
17.4.2025,3:43:39.457,28.938,51.085
17.4.2025,3:43:40.456,28.877,53.262
17.4.2025,3:43:41.456,28.983,48.986
17.4.2025,3:43:42.457,28.874,46.776
17.4.2025,3:43:43.473,29.117,47.284
17.4.2025,3:43:44.489,28.861,43.450
17.4.2025,3:43:45.488,28.955,52.847
17.4.2025,3:43:46.501,28.846,47.787
17.4.2025,3:43:47.503,29.063,46.779
17.4.2025,3:43:48.505,29.028,46.822
17.4.2025,3:43:49.521,28.921,41.337
17.4.2025,3:43:50.523,29.253,36.311
17.4.2025,3:43:51.524,29.096,32.672
17.4.2025,3:43:52.534,29.216,39.417
17.4.2025,3:43:53.535,29.210,41.911
17.4.2025,3:43:54.551,29.085,45.493
17.4.2025,3:43:55.565,29.077,52.907
17.4.2025,3:43:56.566,28.756,49.934
17.4.2025,3:43:57.565,29.240,48.079
17.4.2025,3:43:58.565,29.216,47.226
17.4.2025,3:43:59.565,28.807,44.959
17.4.2025,3:44:0.567,28.801,39.674
17.4.2025,3:44:1.586,29.094,32.016
17.4.2025,3:44:2.601,29.119,37.060
17.4.2025,3:44:3.618,28.775,38.220
17.4.2025,3:44:4.616,28.930,45.811
17.4.2025,3:44:5.619,28.773,49.940
17.4.2025,3:44:6.619,29.032,54.893
17.4.2025,3:44:7.618,29.256,36.571
17.4.2025,3:44:8.621,28.902,37.527
17.4.2025,3:44:9.636,29.125,44.200
17.4.2025,3:44:10.649,28.670,48.745
17.4.2025,3:44:11.648,28.786,54.122
17.4.2025,3:44:12.646,28.844,50.206
17.4.2025,3:44:13.664,28.844,46.717
17.4.2025,3:44:14.664,28.720,47.395
17.4.2025,3:44:15.680,28.972,45.581
17.4.2025,3:44:16.695,29.041,38.993
17.4.2025,3:44:17.695,28.900,35.569
17.4.2025,3:44:18.694,28.690,34.008
17.4.2025,3:44:19.693,29.064,38.680
17.4.2025,3:44:20.692,29.026,45.196
17.4.2025,3:44:21.707,28.933,51.821
17.4.2025,3:44:22.712,29.047,55.385
17.4.2025,3:44:23.709,30.524,54.125
17.4.2025,3:44:24.727,29.084,50.122
17.4.2025,3:44:25.745,29.135,47.537
17.4.2025,3:44:26.746,29.184,46.964
17.4.2025,3:44:27.746,28.787,52.740
17.4.2025,3:44:28.745,29.183,54.790
17.4.2025,3:44:29.745,28.931,47.687
17.4.2025,3:44:30.744,29.072,47.484
17.4.2025,3:44:31.738,28.863,47.404
17.4.2025,3:44:32.750,28.833,45.225
17.4.2025,3:44:33.765,28.808,37.879
17.4.2025,3:44:34.764,28.911,33.422
17.4.2025,3:44:35.776,29.243,36.340
17.4.2025,3:44:36.777,28.915,38.773
17.4.2025,3:44:37.776,29.011,44.388
17.4.2025,3:44:38.776,29.215,51.319
17.4.2025,3:44:39.775,28.900,52.839
17.4.2025,3:44:40.789,29.004,47.556
17.4.2025,3:44:41.805,28.983,47.481
17.4.2025,3:44:42.806,29.259,42.910
17.4.2025,3:44:43.809,29.056,37.937
17.4.2025,3:44:44.807,28.854,30.900
17.4.2025,3:44:45.823,28.942,39.267
17.4.2025,3:44:46.838,28.874,46.761
17.4.2025,3:44:47.854,29.224,52.336
17.4.2025,3:44:48.853,28.939,51.160
17.4.2025,3:44:49.866,29.120,41.005
17.4.2025,3:44:50.868,28.988,47.448
17.4.2025,3:44:51.869,28.663,45.673
17.4.2025,3:44:52.870,28.896,52.269
17.4.2025,3:44:53.870,28.764,48.181
17.4.2025,3:44:54.886,28.844,46.831
17.4.2025,3:44:55.884,28.926,43.875
17.4.2025,3:44:56.898,28.837,37.760
17.4.2025,3:44:57.902,28.629,33.113
17.4.2025,3:44:58.900,29.016,39.850
17.4.2025,3:44:59.900,28.467,43.774
17.4.2025,3:45:0.916,29.062,47.782
17.4.2025,3:45:1.915,28.926,52.006
17.4.2025,3:45:2.916,28.927,53.153
17.4.2025,3:45:3.905,28.811,48.327
17.4.2025,3:45:4.920,28.758,47.204
17.4.2025,3:45:5.939,29.135,44.172
17.4.2025,3:45:6.940,29.008,36.791
17.4.2025,3:45:7.943,29.041,31.787
17.4.2025,3:45:8.960,28.755,38.343
17.4.2025,3:45:9.960,29.046,43.733
17.4.2025,3:45:10.974,28.724,38.890
17.4.2025,3:45:11.976,28.822,33.645
17.4.2025,3:45:12.992,28.940,39.650
17.4.2025,3:45:13.991,29.057,45.476
17.4.2025,3:45:15.008,28.845,51.125
17.4.2025,3:45:16.020,29.115,53.920
17.4.2025,3:45:17.024,28.754,50.886
17.4.2025,3:45:18.036,29.142,47.106
17.4.2025,3:45:19.035,29.079,47.051
17.4.2025,3:45:20.040,29.020,42.946
17.4.2025,3:45:21.041,28.709,38.133
17.4.2025,3:45:22.043,29.045,31.755
17.4.2025,3:45:23.057,29.208,34.643
17.4.2025,3:45:24.058,28.721,39.015
17.4.2025,3:45:25.061,29.114,46.586
17.4.2025,3:45:26.066,29.022,53.425
17.4.2025,3:45:27.063,29.031,50.984
17.4.2025,3:45:28.064,28.864,49.687
17.4.2025,3:45:29.064,28.719,42.831
17.4.2025,3:45:30.068,29.522,36.918
17.4.2025,3:45:31.067,29.177,41.957
17.4.2025,3:45:32.065,29.661,41.372
17.4.2025,3:45:33.067,28.897,40.843
17.4.2025,3:45:34.080,29.139,36.293
17.4.2025,3:45:35.099,29.029,32.801
17.4.2025,3:45:36.109,28.838,41.069
17.4.2025,3:45:37.125,28.980,47.017
17.4.2025,3:45:38.142,28.990,54.543
17.4.2025,3:45:39.145,29.052,50.733
17.4.2025,3:45:40.146,28.858,47.569
17.4.2025,3:45:41.149,29.089,46.938
17.4.2025,3:45:42.150,28.931,45.621
17.4.2025,3:45:43.151,28.713,38.926
17.4.2025,3:45:44.150,31.265,32.723
17.4.2025,3:45:45.154,29.038,33.128
17.4.2025,3:45:46.170,28.988,47.415
17.4.2025,3:45:47.185,28.941,41.898
17.4.2025,3:45:48.200,29.004,48.373
17.4.2025,3:45:49.230,28.621,55.308
17.4.2025,3:45:50.229,28.963,36.368
17.4.2025,3:45:51.232,28.853,40.701
17.4.2025,3:45:52.248,29.138,46.366
17.4.2025,3:45:53.263,28.986,52.921
17.4.2025,3:45:54.267,28.909,51.901
17.4.2025,3:45:55.267,28.970,48.006
17.4.2025,3:45:56.266,29.088,46.733
17.4.2025,3:45:57.268,29.012,46.533
17.4.2025,3:45:58.273,31.283,41.245
17.4.2025,3:45:59.273,28.873,36.178
17.4.2025,3:46:0.288,29.150,35.990
17.4.2025,3:46:1.291,28.851,42.601
17.4.2025,3:46:2.309,28.650,50.936
17.4.2025,3:46:3.295,28.785,32.882
17.4.2025,3:46:4.307,29.009,38.748
17.4.2025,3:46:5.322,28.969,39.830
17.4.2025,3:46:6.336,28.759,48.733
17.4.2025,3:46:7.353,28.792,53.072
17.4.2025,3:46:8.371,28.722,55.042
17.4.2025,3:46:9.371,28.936,53.050
17.4.2025,3:46:10.370,28.746,48.788
17.4.2025,3:46:11.358,28.746,46.568
17.4.2025,3:46:12.357,29.386,47.280
17.4.2025,3:46:13.359,28.953,42.566
17.4.2025,3:46:14.359,28.671,36.005
17.4.2025,3:46:15.356,28.866,33.124
17.4.2025,3:46:16.358,28.877,41.171
17.4.2025,3:46:17.357,29.199,45.189
17.4.2025,3:46:18.357,28.809,51.587
17.4.2025,3:46:19.360,28.900,33.857
17.4.2025,3:46:20.375,28.989,39.582
17.4.2025,3:46:21.376,29.006,44.453
17.4.2025,3:46:22.377,28.801,51.251
17.4.2025,3:46:23.378,29.023,53.490
17.4.2025,3:46:24.391,28.667,49.253
17.4.2025,3:46:25.389,29.102,46.723
17.4.2025,3:46:26.389,28.857,47.161
17.4.2025,3:46:27.402,28.870,39.388
17.4.2025,3:46:28.434,29.132,33.247
17.4.2025,3:46:29.448,28.934,32.892
17.4.2025,3:46:30.464,29.020,39.080
17.4.2025,3:46:31.464,28.762,43.543
17.4.2025,3:46:32.452,29.052,50.785
17.4.2025,3:46:33.468,28.982,53.379
17.4.2025,3:46:34.483,29.089,50.395
17.4.2025,3:46:35.482,28.945,47.571
17.4.2025,3:46:36.484,29.277,47.253
17.4.2025,3:46:37.483,29.162,43.983
17.4.2025,3:46:38.483,28.744,38.567
17.4.2025,3:46:39.498,28.878,31.073
17.4.2025,3:46:40.513,28.889,38.146
17.4.2025,3:46:41.516,28.858,41.506
17.4.2025,3:46:42.521,28.922,44.167
17.4.2025,3:46:43.534,28.625,36.898
17.4.2025,3:46:44.551,28.840,51.513
17.4.2025,3:46:45.566,28.954,36.972
17.4.2025,3:46:46.567,28.657,41.972
17.4.2025,3:46:47.579,28.938,49.165
17.4.2025,3:46:48.582,28.866,52.390
17.4.2025,3:46:49.595,28.873,53.206
17.4.2025,3:46:50.598,29.018,49.216
17.4.2025,3:46:51.616,28.908,46.925
17.4.2025,3:46:52.632,29.198,47.084
17.4.2025,3:46:53.632,28.999,39.593
17.4.2025,3:46:54.637,28.678,34.363
17.4.2025,3:46:55.638,28.768,35.169
17.4.2025,3:46:56.641,28.913,38.168
17.4.2025,3:46:57.638,29.075,46.282
17.4.2025,3:46:58.641,28.717,51.376
17.4.2025,3:46:59.641,28.980,55.887
17.4.2025,3:47:0.643,28.601,52.086
17.4.2025,3:47:1.645,28.806,39.904
17.4.2025,3:47:2.659,28.768,44.018
17.4.2025,3:47:3.661,28.795,47.700
17.4.2025,3:47:4.660,28.878,53.259
17.4.2025,3:47:5.658,28.820,53.338
17.4.2025,3:47:6.660,28.976,49.128
17.4.2025,3:47:7.676,28.929,47.487
17.4.2025,3:47:8.674,28.988,47.518
17.4.2025,3:47:9.675,28.838,44.655
17.4.2025,3:47:10.691,29.075,37.610
17.4.2025,3:47:11.692,29.017,33.231
17.4.2025,3:47:12.707,28.723,35.595
17.4.2025,3:47:13.724,29.272,40.177
17.4.2025,3:47:14.723,28.644,49.502
17.4.2025,3:47:15.736,29.056,53.437
17.4.2025,3:47:16.734,29.105,53.306
17.4.2025,3:47:17.738,28.869,48.505
17.4.2025,3:47:18.754,28.983,46.832
17.4.2025,3:47:19.756,29.045,47.283
17.4.2025,3:47:20.774,29.089,41.003
17.4.2025,3:47:21.774,28.847,35.201
17.4.2025,3:47:22.788,28.872,32.802
17.4.2025,3:47:23.804,28.855,31.878
17.4.2025,3:47:24.804,28.948,40.533
17.4.2025,3:47:25.823,28.953,44.532
17.4.2025,3:47:26.825,29.271,49.288
17.4.2025,3:47:27.811,29.074,54.016
17.4.2025,3:47:28.810,29.110,40.342
17.4.2025,3:47:29.812,29.127,48.466
17.4.2025,3:47:30.824,29.002,54.941
17.4.2025,3:47:31.838,30.270,52.030
17.4.2025,3:47:32.837,29.899,49.715
17.4.2025,3:47:33.852,29.024,30.960
17.4.2025,3:47:34.866,29.274,46.998
17.4.2025,3:47:35.868,29.014,44.525
17.4.2025,3:47:36.885,29.027,36.846
17.4.2025,3:47:37.885,29.035,31.843
17.4.2025,3:47:38.887,28.880,33.666
17.4.2025,3:47:39.892,29.137,38.262
17.4.2025,3:47:40.892,29.116,43.149
17.4.2025,3:47:41.891,29.013,52.118
17.4.2025,3:47:42.891,28.866,54.695
17.4.2025,3:47:43.893,28.991,52.432
17.4.2025,3:47:44.896,29.003,50.115
17.4.2025,3:47:45.895,29.075,47.197
17.4.2025,3:47:46.895,28.719,46.835
17.4.2025,3:47:47.895,28.906,52.974
17.4.2025,3:47:48.897,29.042,53.966
17.4.2025,3:47:49.898,28.933,48.296
17.4.2025,3:47:50.897,28.973,46.992
17.4.2025,3:47:51.899,28.897,46.890
17.4.2025,3:47:52.895,28.726,43.603
17.4.2025,3:47:53.910,28.615,38.625
17.4.2025,3:47:54.910,28.772,52.450
17.4.2025,3:47:55.912,28.865,30.813
17.4.2025,3:47:56.927,29.154,36.384
17.4.2025,3:47:57.942,28.811,45.111
17.4.2025,3:47:58.945,28.839,52.006
17.4.2025,3:47:59.944,28.758,52.858
17.4.2025,3:48:0.946,29.191,53.377
17.4.2025,3:48:1.960,28.761,50.606
17.4.2025,3:48:2.977,28.962,47.644
17.4.2025,3:48:3.977,28.535,46.907
17.4.2025,3:48:4.977,29.120,41.792
17.4.2025,3:48:5.989,28.988,36.057
17.4.2025,3:48:6.988,29.117,40.100
17.4.2025,3:48:7.987,29.243,33.809
17.4.2025,3:48:8.986,29.494,37.796
17.4.2025,3:48:10.002,28.900,46.503
17.4.2025,3:48:11.017,28.737,46.974
17.4.2025,3:48:12.019,29.094,42.877
17.4.2025,3:48:13.018,28.758,36.830
17.4.2025,3:48:14.019,28.781,30.718
17.4.2025,3:48:15.019,28.808,35.250
17.4.2025,3:48:16.023,29.027,40.212
17.4.2025,3:48:17.024,29.640,40.216
17.4.2025,3:48:18.025,28.954,35.181
17.4.2025,3:48:19.026,28.747,31.925
17.4.2025,3:48:20.027,29.387,35.762
17.4.2025,3:48:21.028,28.853,43.909
17.4.2025,3:48:22.015,28.835,48.192
17.4.2025,3:48:23.017,28.873,55.161
17.4.2025,3:48:24.020,28.886,48.688
17.4.2025,3:48:25.032,28.936,47.425
17.4.2025,3:48:26.032,28.908,47.075
17.4.2025,3:48:27.032,28.611,47.088
17.4.2025,3:48:28.048,28.909,43.273
17.4.2025,3:48:29.048,28.852,39.433
17.4.2025,3:48:30.063,29.091,31.872
17.4.2025,3:48:31.078,28.979,36.430
17.4.2025,3:48:32.080,28.858,39.588
17.4.2025,3:48:33.096,29.092,38.827
17.4.2025,3:48:34.099,29.027,34.253
17.4.2025,3:48:35.114,29.147,36.424
17.4.2025,3:48:36.108,28.971,43.103
17.4.2025,3:48:37.113,29.186,49.365
17.4.2025,3:48:38.116,29.041,54.161
17.4.2025,3:48:39.118,29.308,49.807
17.4.2025,3:48:40.109,28.685,47.645
17.4.2025,3:48:41.132,29.070,47.227
17.4.2025,3:48:42.131,29.268,43.398
17.4.2025,3:48:43.131,28.913,38.425
17.4.2025,3:48:44.128,29.023,31.009
17.4.2025,3:48:45.132,28.892,33.857
17.4.2025,3:48:46.127,28.980,37.332
17.4.2025,3:48:47.144,28.655,43.867
17.4.2025,3:48:48.158,29.064,48.771
17.4.2025,3:48:49.174,29.008,53.001
17.4.2025,3:48:50.177,28.864,50.742
17.4.2025,3:48:51.192,28.965,48.409
17.4.2025,3:48:52.192,28.548,42.750
17.4.2025,3:48:53.192,29.219,52.164
17.4.2025,3:48:54.193,28.737,54.996
17.4.2025,3:48:55.194,29.033,50.403
17.4.2025,3:48:56.194,28.781,47.827
17.4.2025,3:48:57.193,29.275,47.098
17.4.2025,3:48:58.194,29.079,47.112
17.4.2025,3:48:59.194,29.041,42.293
17.4.2025,3:49:0.196,29.045,36.695
17.4.2025,3:49:1.197,29.182,33.891
17.4.2025,3:49:2.197,28.929,36.984
17.4.2025,3:49:3.194,29.036,41.080
17.4.2025,3:49:4.194,28.885,47.178
17.4.2025,3:49:5.197,28.741,54.491
17.4.2025,3:49:6.199,31.370,54.836
17.4.2025,3:49:7.185,29.097,49.191
17.4.2025,3:49:8.190,29.190,47.578
17.4.2025,3:49:9.188,28.885,47.049
17.4.2025,3:49:10.190,29.019,51.980
17.4.2025,3:49:11.193,28.805,52.252
17.4.2025,3:49:12.196,29.132,49.293
17.4.2025,3:49:13.197,28.911,46.873
17.4.2025,3:49:14.194,28.983,47.420
17.4.2025,3:49:15.194,29.090,46.843
17.4.2025,3:49:16.195,29.062,43.315
17.4.2025,3:49:17.208,28.914,37.461
17.4.2025,3:49:18.210,29.036,32.312
17.4.2025,3:49:19.210,28.872,35.880
17.4.2025,3:49:20.209,29.054,41.264
17.4.2025,3:49:21.224,29.050,45.905
17.4.2025,3:49:22.226,28.928,50.727
17.4.2025,3:49:23.228,28.848,55.917
17.4.2025,3:49:24.232,29.230,52.660
17.4.2025,3:49:25.234,29.123,40.687
17.4.2025,3:49:26.236,28.758,46.219
17.4.2025,3:49:27.251,28.883,55.434
17.4.2025,3:49:28.265,28.745,51.007
17.4.2025,3:49:29.263,28.639,48.338
17.4.2025,3:49:30.278,28.772,46.277
17.4.2025,3:49:31.280,28.857,47.195
17.4.2025,3:49:32.280,28.979,42.034
17.4.2025,3:49:33.279,28.526,35.020
17.4.2025,3:49:34.282,28.971,34.114
17.4.2025,3:49:35.279,28.895,40.567
17.4.2025,3:49:36.279,28.746,44.818
17.4.2025,3:49:37.296,28.929,49.916
17.4.2025,3:49:38.309,29.019,52.767
17.4.2025,3:49:39.310,29.062,51.561
17.4.2025,3:49:40.312,29.052,47.770
17.4.2025,3:49:41.311,28.878,46.946
17.4.2025,3:49:42.310,28.752,45.544
17.4.2025,3:49:43.312,28.941,41.670
17.4.2025,3:49:44.328,28.682,38.530
17.4.2025,3:49:45.329,29.009,34.344
17.4.2025,3:49:46.325,29.284,34.406
17.4.2025,3:49:47.341,28.698,36.136
17.4.2025,3:49:48.356,28.765,39.718
17.4.2025,3:49:49.356,28.826,44.234
17.4.2025,3:49:50.361,28.907,37.281
17.4.2025,3:49:51.361,29.138,31.763
17.4.2025,3:49:52.361,28.974,36.529
17.4.2025,3:49:53.362,28.825,43.436
17.4.2025,3:49:54.364,29.095,48.536
17.4.2025,3:49:55.379,28.725,50.599
17.4.2025,3:49:56.378,28.979,55.301
17.4.2025,3:49:57.379,28.906,49.944
17.4.2025,3:49:58.393,29.010,47.173
17.4.2025,3:49:59.395,28.730,47.200
17.4.2025,3:50:0.397,29.122,46.605
17.4.2025,3:50:1.396,29.122,41.579
17.4.2025,3:50:2.396,29.005,38.274
17.4.2025,3:50:3.403,28.717,33.149
17.4.2025,3:50:4.396,29.179,35.339
17.4.2025,3:50:5.395,28.959,36.271
17.4.2025,3:50:6.412,28.860,45.355
17.4.2025,3:50:7.411,28.846,53.098
17.4.2025,3:50:8.410,28.846,53.098
17.4.2025,3:50:9.425,29.130,50.102
17.4.2025,3:50:10.426,29.130,50.102
17.4.2025,3:50:11.429,28.785,47.372
17.4.2025,3:50:12.432,28.785,43.787
17.4.2025,3:50:13.432,29.145,39.274
17.4.2025,3:50:14.446,29.015,35.519
17.4.2025,3:50:15.447,29.015,32.907
17.4.2025,3:50:16.450,29.185,32.907
17.4.2025,3:50:17.440,29.185,47.001
17.4.2025,3:50:18.449,29.191,41.552
17.4.2025,3:50:19.451,29.121,38.505
17.4.2025,3:50:20.438,29.040,31.869
17.4.2025,3:50:21.455,28.913,36.691
17.4.2025,3:50:22.472,29.230,48.347
17.4.2025,3:50:23.488,29.230,53.100
17.4.2025,3:50:24.489,28.730,52.905
17.4.2025,3:50:25.488,28.730,49.310
17.4.2025,3:50:26.490,29.250,49.310
17.4.2025,3:50:27.491,28.999,47.506
17.4.2025,3:50:28.491,29.164,46.677
17.4.2025,3:50:29.492,28.867,46.878
17.4.2025,3:50:30.510,29.069,52.649
17.4.2025,3:50:31.525,29.140,52.649
17.4.2025,3:50:32.514,28.947,34.545
17.4.2025,3:50:33.515,28.939,47.566
17.4.2025,3:50:34.531,29.119,47.489
17.4.2025,3:50:35.532,29.108,45.930
17.4.2025,3:50:36.545,29.140,41.351
17.4.2025,3:50:37.547,29.136,35.516
17.4.2025,3:50:38.562,28.681,30.867
17.4.2025,3:50:39.565,29.320,34.006
17.4.2025,3:50:40.561,29.055,41.120
17.4.2025,3:50:41.579,31.037,45.574
17.4.2025,3:50:42.594,28.820,52.788
17.4.2025,3:50:43.610,29.049,49.982
17.4.2025,3:50:44.610,28.642,49.982
17.4.2025,3:50:45.613,29.733,42.791
17.4.2025,3:50:46.617,29.733,42.791
17.4.2025,3:50:47.620,28.993,47.242
17.4.2025,3:50:48.636,29.010,43.671
17.4.2025,3:50:49.635,28.732,38.512
17.4.2025,3:50:50.637,28.732,32.178
17.4.2025,3:50:51.623,29.025,32.178
17.4.2025,3:50:52.639,28.794,47.056
17.4.2025,3:50:53.655,28.804,51.660
17.4.2025,3:50:54.653,28.804,51.660
17.4.2025,3:50:55.654,29.143,54.286
17.4.2025,3:50:56.667,28.974,48.875
17.4.2025,3:50:57.656,28.663,48.875
17.4.2025,3:50:58.671,28.908,47.188
17.4.2025,3:50:59.670,28.692,47.041
17.4.2025,3:51:0.670,28.874,43.709
17.4.2025,3:51:1.698,29.056,50.099
17.4.2025,3:51:2.698,28.932,47.035
17.4.2025,3:51:3.697,28.860,47.035
17.4.2025,3:51:4.699,28.996,47.164
17.4.2025,3:51:5.697,28.780,43.129
17.4.2025,3:51:6.697,29.006,36.327
17.4.2025,3:51:7.699,28.616,31.966
17.4.2025,3:51:8.696,28.951,36.198
17.4.2025,3:51:9.712,28.778,42.856
17.4.2025,3:51:10.709,28.925,47.716
17.4.2025,3:51:11.712,28.710,54.900
17.4.2025,3:51:12.727,28.935,49.912
17.4.2025,3:51:13.729,28.980,47.184
17.4.2025,3:51:14.746,29.123,46.860
17.4.2025,3:51:15.744,29.091,54.754
17.4.2025,3:51:16.745,28.773,51.195
17.4.2025,3:51:17.733,29.089,47.446
17.4.2025,3:51:18.735,29.043,47.489
17.4.2025,3:51:19.737,29.213,46.869
17.4.2025,3:51:20.755,28.735,40.838
17.4.2025,3:51:21.752,28.988,36.736
17.4.2025,3:51:22.758,28.741,33.416
17.4.2025,3:51:23.761,28.983,41.631
17.4.2025,3:51:24.762,29.029,46.744
17.4.2025,3:51:25.774,28.904,51.838
17.4.2025,3:51:26.775,28.790,51.680
17.4.2025,3:51:27.774,28.840,49.964
17.4.2025,3:51:28.790,28.780,47.124
17.4.2025,3:51:29.791,29.073,46.998
17.4.2025,3:51:30.779,28.883,43.151
17.4.2025,3:51:31.779,28.873,38.595
17.4.2025,3:51:32.780,28.680,32.505
17.4.2025,3:51:33.779,28.922,47.365
17.4.2025,3:51:34.780,29.211,44.838
17.4.2025,3:51:35.780,28.652,42.168
17.4.2025,3:51:36.808,28.736,38.614
17.4.2025,3:51:37.796,28.865,32.681
17.4.2025,3:51:38.810,28.966,37.240
17.4.2025,3:51:39.811,29.138,45.245
17.4.2025,3:51:40.826,29.118,49.110
17.4.2025,3:51:41.822,29.036,50.872
17.4.2025,3:51:42.822,28.829,53.668
17.4.2025,3:51:43.840,28.698,48.695
17.4.2025,3:51:44.854,28.957,47.192
17.4.2025,3:51:45.867,28.752,46.873
17.4.2025,3:51:46.883,28.709,44.091
17.4.2025,3:51:47.897,28.866,37.892
17.4.2025,3:51:48.900,28.626,31.070
17.4.2025,3:51:49.916,28.981,34.306
17.4.2025,3:51:50.919,29.239,39.614
17.4.2025,3:51:51.919,28.919,43.528
17.4.2025,3:51:52.923,28.874,45.106
17.4.2025,3:51:53.924,28.548,52.695
17.4.2025,3:51:54.923,28.859,52.604
17.4.2025,3:51:55.938,28.899,37.684
17.4.2025,3:51:56.946,28.994,39.505
17.4.2025,3:51:57.945,28.908,44.500
17.4.2025,3:51:58.948,28.706,49.223
17.4.2025,3:51:59.936,28.900,53.921
17.4.2025,3:52:0.935,28.796,48.831
17.4.2025,3:52:1.951,28.851,47.405
17.4.2025,3:52:2.967,28.957,47.030
17.4.2025,3:52:3.966,28.833,42.657
17.4.2025,3:52:4.982,28.865,37.170
17.4.2025,3:52:5.985,28.891,32.298
17.4.2025,3:52:6.985,29.347,39.446
17.4.2025,3:52:7.985,28.808,43.799
17.4.2025,3:52:8.987,28.850,51.132
17.4.2025,3:52:9.990,28.758,54.051
17.4.2025,3:52:10.994,29.127,37.310
17.4.2025,3:52:11.993,28.654,41.531
17.4.2025,3:52:13.011,28.888,46.048
17.4.2025,3:52:14.012,29.073,53.564
17.4.2025,3:52:14.998,30.911,53.619
17.4.2025,3:52:16.017,28.907,50.425
17.4.2025,3:52:17.017,29.185,47.369
17.4.2025,3:52:18.016,29.082,47.329
17.4.2025,3:52:19.015,29.102,44.290
17.4.2025,3:52:20.017,29.124,38.240
17.4.2025,3:52:21.017,28.579,32.344
17.4.2025,3:52:22.020,28.902,34.699
17.4.2025,3:52:23.015,29.167,45.678
17.4.2025,3:52:24.016,28.566,41.129
17.4.2025,3:52:25.019,28.867,33.295
17.4.2025,3:52:26.020,28.771,32.353
17.4.2025,3:52:27.019,29.042,36.448
17.4.2025,3:52:28.034,28.763,42.353
17.4.2025,3:52:29.036,28.907,52.282
17.4.2025,3:52:30.037,28.813,52.950
17.4.2025,3:52:31.053,28.890,47.525
17.4.2025,3:52:32.054,28.786,46.861
17.4.2025,3:52:33.070,28.941,46.592
17.4.2025,3:52:34.065,28.776,40.102
17.4.2025,3:52:35.070,28.839,37.084
17.4.2025,3:52:36.067,28.748,31.183
17.4.2025,3:52:37.070,28.754,36.572
17.4.2025,3:52:38.073,28.724,40.981
17.4.2025,3:52:39.075,28.812,38.474
17.4.2025,3:52:40.075,28.800,32.633
17.4.2025,3:52:41.075,28.759,33.956
17.4.2025,3:52:42.076,29.076,40.943
17.4.2025,3:52:43.079,28.860,47.021
17.4.2025,3:52:44.082,28.841,47.955
17.4.2025,3:52:45.100,28.892,51.865
17.4.2025,3:52:46.090,28.876,53.685
17.4.2025,3:52:47.093,28.549,51.379
17.4.2025,3:52:48.119,28.824,47.747
17.4.2025,3:52:49.117,29.029,46.678
17.4.2025,3:52:50.112,29.168,46.951
17.4.2025,3:52:51.110,28.860,42.995
17.4.2025,3:52:52.112,28.930,40.256
17.4.2025,3:52:53.121,28.716,51.326
17.4.2025,3:52:54.110,28.805,47.767
17.4.2025,3:52:55.116,28.803,46.477
17.4.2025,3:52:56.108,28.993,47.427
17.4.2025,3:52:57.131,29.211,40.296
17.4.2025,3:52:58.129,28.689,36.610
17.4.2025,3:52:59.129,29.489,31.492
17.4.2025,3:53:0.134,28.928,37.026
17.4.2025,3:53:1.136,29.168,40.454
17.4.2025,3:53:2.139,29.022,49.504
17.4.2025,3:53:3.138,28.945,52.985
17.4.2025,3:53:4.154,28.907,54.134
17.4.2025,3:53:5.154,28.564,48.307
17.4.2025,3:53:6.154,29.007,47.405
17.4.2025,3:53:7.156,29.010,47.119
17.4.2025,3:53:8.171,29.102,39.488
17.4.2025,3:53:9.187,29.042,49.401
17.4.2025,3:53:10.189,28.816,47.489
17.4.2025,3:53:11.191,29.121,47.013
17.4.2025,3:53:12.191,28.908,45.190
17.4.2025,3:53:13.209,29.063,40.742
17.4.2025,3:53:14.226,29.001,36.743
17.4.2025,3:53:15.242,28.863,33.084
17.4.2025,3:53:16.243,29.016,33.930
17.4.2025,3:53:17.243,29.309,40.399
17.4.2025,3:53:18.256,28.674,46.091
17.4.2025,3:53:19.257,28.883,53.900
17.4.2025,3:53:20.271,28.890,50.665
17.4.2025,3:53:21.288,28.759,48.080
17.4.2025,3:53:22.290,29.038,41.823
17.4.2025,3:53:23.304,29.517,35.612
17.4.2025,3:53:24.318,29.532,37.978
17.4.2025,3:53:25.320,29.444,41.857
17.4.2025,3:53:26.320,28.711,47.681
17.4.2025,3:53:27.323,28.568,54.722
17.4.2025,3:53:28.324,29.005,38.151
17.4.2025,3:53:29.338,28.740,42.286
17.4.2025,3:53:30.334,29.025,47.585
17.4.2025,3:53:31.336,28.880,52.798
17.4.2025,3:53:32.335,28.655,51.546
17.4.2025,3:53:33.335,28.801,47.671
17.4.2025,3:53:34.339,28.758,46.957
17.4.2025,3:53:35.341,29.051,44.578
17.4.2025,3:53:36.325,29.022,42.686
17.4.2025,3:53:37.326,28.744,40.425
17.4.2025,3:53:38.342,28.721,37.456
17.4.2025,3:53:39.357,28.902,31.546
17.4.2025,3:53:40.373,28.916,34.585
17.4.2025,3:53:41.387,28.781,39.723
17.4.2025,3:53:42.390,28.995,47.095
17.4.2025,3:53:43.405,28.979,51.071
17.4.2025,3:53:44.421,28.897,52.228
17.4.2025,3:53:45.420,28.773,47.974
17.4.2025,3:53:46.437,28.896,47.577
17.4.2025,3:53:47.441,28.633,46.420
17.4.2025,3:53:48.454,28.884,39.718
17.4.2025,3:53:49.455,31.191,37.485
17.4.2025,3:53:50.456,28.906,31.801
17.4.2025,3:53:51.468,28.940,34.536
17.4.2025,3:53:52.482,29.034,40.062
17.4.2025,3:53:53.486,28.800,45.455
17.4.2025,3:53:54.486,28.593,35.134
17.4.2025,3:53:55.490,28.556,35.858
17.4.2025,3:53:56.488,29.183,38.402
17.4.2025,3:53:57.489,28.810,45.323
17.4.2025,3:53:58.490,28.834,50.785
17.4.2025,3:53:59.491,29.230,55.901
17.4.2025,3:54:0.490,28.723,48.662
17.4.2025,3:54:1.508,28.903,46.605
17.4.2025,3:54:2.523,28.816,47.548
17.4.2025,3:54:3.523,28.909,47.146
17.4.2025,3:54:4.522,28.963,41.181
17.4.2025,3:54:5.523,28.869,35.398
17.4.2025,3:54:6.522,29.250,31.446
17.4.2025,3:54:7.524,28.743,34.706
17.4.2025,3:54:8.528,28.803,37.249
17.4.2025,3:54:9.527,28.825,41.917
17.4.2025,3:54:10.512,28.853,38.825
17.4.2025,3:54:11.515,28.974,32.427
17.4.2025,3:54:12.530,28.833,34.964
17.4.2025,3:54:13.529,29.042,44.146
17.4.2025,3:54:14.530,29.158,49.331
17.4.2025,3:54:15.557,28.901,51.462
17.4.2025,3:54:16.560,29.070,54.169
17.4.2025,3:54:17.560,29.403,48.886
17.4.2025,3:54:18.559,28.862,47.374
17.4.2025,3:54:19.562,28.787,47.104
17.4.2025,3:54:20.565,28.944,45.542
17.4.2025,3:54:21.569,28.874,39.429
17.4.2025,3:54:22.586,28.750,35.488
17.4.2025,3:54:23.603,29.019,32.083
17.4.2025,3:54:24.621,28.900,38.798
17.4.2025,3:54:25.621,29.180,43.800
17.4.2025,3:54:26.619,29.018,37.643
17.4.2025,3:54:27.633,28.697,33.629
17.4.2025,3:54:28.647,28.736,54.992
17.4.2025,3:54:29.663,29.017,50.398
17.4.2025,3:54:30.665,28.659,47.566
17.4.2025,3:54:31.679,28.786,46.935
17.4.2025,3:54:32.697,28.774,53.258
17.4.2025,3:54:33.696,28.929,51.555
17.4.2025,3:54:34.697,28.874,47.819
17.4.2025,3:54:35.696,29.090,47.108
17.4.2025,3:54:36.708,29.122,42.179
17.4.2025,3:54:37.709,28.847,35.312
17.4.2025,3:54:38.711,28.945,32.503
17.4.2025,3:54:39.710,29.090,36.975
17.4.2025,3:54:40.711,28.826,41.855
17.4.2025,3:54:41.711,29.376,47.386
17.4.2025,3:54:42.726,28.694,52.238
17.4.2025,3:54:43.726,28.916,53.075
17.4.2025,3:54:44.724,28.872,49.039
17.4.2025,3:54:45.738,28.752,46.738
17.4.2025,3:54:46.740,29.074,46.990
17.4.2025,3:54:47.751,29.105,41.166
17.4.2025,3:54:48.752,29.042,34.450
17.4.2025,3:54:49.767,28.828,33.489
17.4.2025,3:54:50.771,28.805,38.837
17.4.2025,3:54:51.769,28.813,42.154
17.4.2025,3:54:52.770,28.844,46.097
17.4.2025,3:54:53.769,28.817,54.634
17.4.2025,3:54:54.769,28.897,52.055
17.4.2025,3:54:55.770,28.661,48.279
17.4.2025,3:54:56.772,28.838,46.507
17.4.2025,3:54:57.777,28.419,51.069
17.4.2025,3:54:58.777,29.063,55.871
17.4.2025,3:54:59.774,28.894,51.582
17.4.2025,3:55:0.773,28.815,46.825
17.4.2025,3:55:1.773,28.875,46.750
17.4.2025,3:55:2.786,28.650,43.700
17.4.2025,3:55:3.801,28.948,37.117
17.4.2025,3:55:4.813,28.825,33.098
17.4.2025,3:55:5.813,28.903,33.578
17.4.2025,3:55:6.812,29.029,37.359
17.4.2025,3:55:7.817,28.680,41.314
17.4.2025,3:55:8.814,28.859,45.308
17.4.2025,3:55:9.817,29.081,49.951
17.4.2025,3:55:10.813,28.927,53.772
17.4.2025,3:55:11.814,28.794,48.554
17.4.2025,3:55:12.815,28.818,46.360
17.4.2025,3:55:13.815,28.713,49.483
17.4.2025,3:55:14.828,28.977,54.995
17.4.2025,3:55:15.826,28.777,50.795
17.4.2025,3:55:16.824,28.842,32.014
17.4.2025,3:55:17.827,28.886,47.072
17.4.2025,3:55:18.826,28.814,43.223
17.4.2025,3:55:19.855,29.018,35.789
17.4.2025,3:55:20.869,28.732,30.808
17.4.2025,3:55:21.860,28.862,38.630
17.4.2025,3:55:22.858,30.292,45.019
17.4.2025,3:55:23.856,29.717,49.810
17.4.2025,3:55:24.871,28.707,53.916
17.4.2025,3:55:25.870,28.849,51.874
17.4.2025,3:55:26.884,28.751,48.425
17.4.2025,3:55:27.900,28.961,47.359
17.4.2025,3:55:28.899,28.954,47.079
17.4.2025,3:55:29.900,28.927,43.060
17.4.2025,3:55:30.899,28.925,38.914
17.4.2025,3:55:31.897,28.930,31.684
17.4.2025,3:55:32.914,28.765,35.421
17.4.2025,3:55:33.933,28.798,40.067
17.4.2025,3:55:34.948,28.874,45.739
17.4.2025,3:55:35.937,28.827,52.865
17.4.2025,3:55:36.952,29.052,35.856
17.4.2025,3:55:37.966,28.794,39.564
17.4.2025,3:55:38.983,28.859,45.266
17.4.2025,3:55:39.997,29.003,53.116
17.4.2025,3:55:41.027,28.776,50.377
17.4.2025,3:55:42.029,28.943,49.143
17.4.2025,3:55:43.013,28.930,47.018
17.4.2025,3:55:44.012,28.552,46.969
17.4.2025,3:55:45.032,28.661,46.770
17.4.2025,3:55:46.047,28.798,41.012
17.4.2025,3:55:47.059,28.890,36.829
17.4.2025,3:55:48.061,28.884,32.574
17.4.2025,3:55:49.064,28.899,37.893
17.4.2025,3:55:50.066,28.848,42.301
17.4.2025,3:55:51.082,29.120,45.319
17.4.2025,3:55:52.085,28.941,52.146
17.4.2025,3:55:53.101,28.975,31.775
17.4.2025,3:55:54.103,28.982,37.118
17.4.2025,3:55:55.117,28.834,40.624
17.4.2025,3:55:56.108,28.946,46.662
17.4.2025,3:55:57.136,28.815,56.154
17.4.2025,3:55:58.137,29.013,50.628
17.4.2025,3:55:59.157,29.056,48.159
17.4.2025,3:56:0.160,29.167,41.660
17.4.2025,3:56:1.163,29.307,39.452
17.4.2025,3:56:2.164,29.286,36.121
17.4.2025,3:56:3.163,29.159,42.727
17.4.2025,3:56:4.161,29.185,46.294
17.4.2025,3:56:5.163,28.949,51.386
17.4.2025,3:56:6.182,29.072,53.170
17.4.2025,3:56:7.197,28.970,47.862
17.4.2025,3:56:8.198,29.012,46.846
17.4.2025,3:56:9.198,28.821,46.714
17.4.2025,3:56:10.193,29.132,42.714
17.4.2025,3:56:11.209,28.520,39.715
17.4.2025,3:56:12.210,28.840,32.863
17.4.2025,3:56:13.212,28.657,35.747
17.4.2025,3:56:14.212,28.790,40.568
17.4.2025,3:56:15.215,29.075,40.320
17.4.2025,3:56:16.216,29.014,38.535
17.4.2025,3:56:17.232,28.839,31.224
17.4.2025,3:56:18.237,28.710,35.574
17.4.2025,3:56:19.235,29.156,41.250
17.4.2025,3:56:20.234,29.173,49.192
17.4.2025,3:56:21.235,28.756,54.809
17.4.2025,3:56:22.235,28.990,50.374
17.4.2025,3:56:23.249,28.889,47.496
17.4.2025,3:56:24.265,28.928,46.857
17.4.2025,3:56:25.267,28.861,46.433
17.4.2025,3:56:26.270,28.804,43.341
17.4.2025,3:56:27.273,28.723,38.072
17.4.2025,3:56:28.277,28.746,33.444
17.4.2025,3:56:29.278,29.020,37.085
17.4.2025,3:56:30.275,30.333,38.249
17.4.2025,3:56:31.276,31.485,38.143
17.4.2025,3:56:32.274,30.359,43.497
17.4.2025,3:56:33.274,28.775,48.616
17.4.2025,3:56:34.273,28.959,53.906
17.4.2025,3:56:35.275,28.875,49.517
17.4.2025,3:56:36.273,29.111,47.302
17.4.2025,3:56:37.274,28.836,46.939
17.4.2025,3:56:38.275,28.584,53.314
17.4.2025,3:56:39.288,29.071,50.935
17.4.2025,3:56:40.288,29.291,48.432
17.4.2025,3:56:41.302,28.998,46.950
17.4.2025,3:56:42.301,28.861,46.811
17.4.2025,3:56:43.305,28.836,43.732
17.4.2025,3:56:44.322,28.977,38.810
17.4.2025,3:56:45.325,28.773,33.136
17.4.2025,3:56:46.322,29.106,33.489
17.4.2025,3:56:47.310,29.085,37.710
17.4.2025,3:56:48.323,28.785,45.826
17.4.2025,3:56:49.322,28.731,47.842
17.4.2025,3:56:50.324,28.886,52.780
17.4.2025,3:56:51.310,29.583,50.661
17.4.2025,3:56:52.313,28.885,50.702
17.4.2025,3:56:53.311,28.987,47.898
17.4.2025,3:56:54.310,29.047,47.248
17.4.2025,3:56:55.325,28.778,47.078
17.4.2025,3:56:56.343,28.968,41.859
17.4.2025,3:56:57.358,31.006,39.575
17.4.2025,3:56:58.359,28.910,33.932
17.4.2025,3:56:59.362,28.989,47.146
17.4.2025,3:57:0.362,28.990,45.614
17.4.2025,3:57:1.381,28.650,41.569
17.4.2025,3:57:2.383,28.903,36.682
17.4.2025,3:57:3.383,29.086,31.206
17.4.2025,3:57:4.401,28.737,33.312
17.4.2025,3:57:5.399,28.759,40.683
17.4.2025,3:57:6.400,28.964,46.776
17.4.2025,3:57:7.402,28.999,51.278
17.4.2025,3:57:8.403,29.022,51.983
17.4.2025,3:57:9.417,28.982,47.579
17.4.2025,3:57:10.419,29.241,46.784
17.4.2025,3:57:11.436,28.848,42.739
17.4.2025,3:57:12.436,28.837,36.893
17.4.2025,3:57:13.436,28.711,31.312
17.4.2025,3:57:14.435,28.679,39.007
17.4.2025,3:57:15.451,28.871,44.895
17.4.2025,3:57:16.450,28.948,39.008
17.4.2025,3:57:17.454,28.951,33.130
17.4.2025,3:57:18.453,28.968,32.655
17.4.2025,3:57:19.469,29.349,38.007
17.4.2025,3:57:20.475,28.842,45.523
17.4.2025,3:57:21.493,28.924,50.330
17.4.2025,3:57:22.489,28.913,54.387
17.4.2025,3:57:23.491,28.970,52.509
17.4.2025,3:57:24.489,28.889,48.380
17.4.2025,3:57:25.486,28.810,46.952
17.4.2025,3:57:26.492,28.788,42.365
17.4.2025,3:57:27.494,28.841,36.682
17.4.2025,3:57:28.495,28.710,31.883
17.4.2025,3:57:29.508,29.173,35.121
17.4.2025,3:57:30.511,29.026,38.469
17.4.2025,3:57:31.513,28.970,44.603
17.4.2025,3:57:32.496,28.700,49.703
17.4.2025,3:57:33.514,28.878,33.699
17.4.2025,3:57:34.514,28.893,39.412
17.4.2025,3:57:35.517,28.840,44.990
17.4.2025,3:57:36.519,28.971,54.232
17.4.2025,3:57:37.520,28.875,53.649
17.4.2025,3:57:38.520,29.076,49.132
17.4.2025,3:57:39.519,29.115,47.351
17.4.2025,3:57:40.521,28.925,47.403
17.4.2025,3:57:41.538,28.940,41.103
17.4.2025,3:57:42.538,29.080,34.928
17.4.2025,3:57:43.551,28.805,32.845
17.4.2025,3:57:44.566,28.743,37.263
17.4.2025,3:57:45.567,28.994,43.435
17.4.2025,3:57:46.589,28.961,47.906
17.4.2025,3:57:47.604,28.815,54.369
17.4.2025,3:57:48.616,29.154,49.738
17.4.2025,3:57:49.636,28.908,47.803
17.4.2025,3:57:50.653,28.954,47.181
17.4.2025,3:57:51.668,29.144,44.257
17.4.2025,3:57:52.669,28.902,38.650
17.4.2025,3:57:53.669,28.877,48.076
17.4.2025,3:57:54.668,29.019,47.061
17.4.2025,3:57:55.669,28.977,45.214
17.4.2025,3:57:56.667,29.160,39.827
17.4.2025,3:57:57.681,28.672,34.910
17.4.2025,3:57:58.696,28.986,34.327
17.4.2025,3:57:59.697,29.051,38.557
17.4.2025,3:58:0.696,29.297,48.121
17.4.2025,3:58:1.700,28.923,52.378
17.4.2025,3:58:2.701,29.126,54.590
17.4.2025,3:58:3.715,28.823,48.855
17.4.2025,3:58:4.711,28.966,47.020
17.4.2025,3:58:5.714,28.787,47.153
17.4.2025,3:58:6.700,29.019,45.023
17.4.2025,3:58:7.701,28.666,41.183
17.4.2025,3:58:8.703,28.939,47.873
17.4.2025,3:58:9.706,29.031,47.259
17.4.2025,3:58:10.709,28.996,46.529
17.4.2025,3:58:11.710,28.852,40.629
17.4.2025,3:58:12.727,28.630,34.611
17.4.2025,3:58:13.728,28.761,34.615
17.4.2025,3:58:14.730,29.090,39.274
17.4.2025,3:58:15.717,28.877,44.204
17.4.2025,3:58:16.719,28.919,51.167
17.4.2025,3:58:17.739,28.998,56.578
17.4.2025,3:58:18.754,29.258,49.755
17.4.2025,3:58:19.754,29.133,46.562
17.4.2025,3:58:20.771,28.622,50.446
17.4.2025,3:58:21.785,28.966,52.325
17.4.2025,3:58:22.801,28.534,36.001
17.4.2025,3:58:23.801,28.853,47.625
17.4.2025,3:58:24.804,29.071,47.325
17.4.2025,3:58:25.806,28.720,46.217
17.4.2025,3:58:26.821,29.192,40.030
17.4.2025,3:58:27.822,28.797,31.686
17.4.2025,3:58:28.826,28.977,34.213
17.4.2025,3:58:29.854,29.123,39.605
17.4.2025,3:58:30.853,28.970,45.636
17.4.2025,3:58:31.853,31.161,47.577
17.4.2025,3:58:32.870,28.855,53.592
17.4.2025,3:58:33.885,29.142,54.710
17.4.2025,3:58:34.887,29.060,48.392
17.4.2025,3:58:35.890,28.591,46.559
17.4.2025,3:58:36.888,29.059,43.498
17.4.2025,3:58:37.903,29.438,35.619
17.4.2025,3:58:38.901,29.515,40.863
17.4.2025,3:58:39.902,29.317,44.146
17.4.2025,3:58:40.902,28.958,49.622
17.4.2025,3:58:41.900,28.691,54.574
17.4.2025,3:58:42.902,28.899,32.487
17.4.2025,3:58:43.890,29.202,36.797
17.4.2025,3:58:44.918,29.202,44.652
17.4.2025,3:58:45.933,28.809,49.356
17.4.2025,3:58:46.948,28.910,53.982
17.4.2025,3:58:47.948,29.133,39.317
17.4.2025,3:58:48.962,28.950,34.733
17.4.2025,3:58:49.960,28.866,32.996
17.4.2025,3:58:50.959,28.763,37.417
17.4.2025,3:58:51.962,28.971,43.413
17.4.2025,3:58:52.977,28.784,48.823
17.4.2025,3:58:53.977,28.784,53.539
17.4.2025,3:58:54.995,28.999,33.358
17.4.2025,3:58:56.011,29.209,48.240
17.4.2025,3:58:57.010,29.209,47.053
17.4.2025,3:58:58.022,29.237,46.736
17.4.2025,3:58:59.040,28.606,54.910
17.4.2025,3:59:0.040,28.941,49.952
17.4.2025,3:59:1.042,29.195,47.309
17.4.2025,3:59:2.042,29.195,47.161
17.4.2025,3:59:3.054,28.838,42.317
17.4.2025,3:59:4.069,28.811,37.321
17.4.2025,3:59:5.071,28.888,33.793
17.4.2025,3:59:6.070,28.714,32.354
17.4.2025,3:59:7.070,28.890,37.912
17.4.2025,3:59:8.084,28.919,42.262
17.4.2025,3:59:9.097,28.903,49.346
17.4.2025,3:59:10.096,29.036,55.630
17.4.2025,3:59:11.115,28.905,48.181
17.4.2025,3:59:12.113,29.042,47.068
17.4.2025,3:59:13.127,28.759,46.906
17.4.2025,3:59:14.126,28.632,43.277
17.4.2025,3:59:15.125,28.666,38.365
17.4.2025,3:59:16.123,28.653,33.277
17.4.2025,3:59:17.132,28.868,32.705
17.4.2025,3:59:18.129,28.927,40.693
17.4.2025,3:59:19.145,28.617,47.057
17.4.2025,3:59:20.144,28.824,50.837
17.4.2025,3:59:21.147,28.941,53.372
17.4.2025,3:59:22.148,28.999,51.282
17.4.2025,3:59:23.150,28.871,41.120
17.4.2025,3:59:24.153,29.217,49.749
17.4.2025,3:59:25.153,29.292,55.896
17.4.2025,3:59:26.167,28.980,48.623
17.4.2025,3:59:27.153,29.192,46.834
17.4.2025,3:59:28.167,28.872,47.435
17.4.2025,3:59:29.166,28.649,41.527
17.4.2025,3:59:30.172,29.119,36.175
17.4.2025,3:59:31.171,29.024,32.502
17.4.2025,3:59:32.191,28.998,37.345
17.4.2025,3:59:33.191,28.917,41.156
17.4.2025,3:59:34.192,29.025,47.184
17.4.2025,3:59:35.193,28.919,52.261
17.4.2025,3:59:36.194,28.756,33.845
17.4.2025,3:59:37.194,28.776,38.170
17.4.2025,3:59:38.200,29.125,45.881
17.4.2025,3:59:39.217,28.998,48.392
17.4.2025,3:59:40.234,28.576,53.800
17.4.2025,3:59:41.253,28.974,52.978
17.4.2025,3:59:42.252,28.808,48.458
17.4.2025,3:59:43.267,28.721,47.315
17.4.2025,3:59:44.269,28.760,47.135
17.4.2025,3:59:45.268,28.617,41.933
17.4.2025,3:59:46.271,28.756,35.527
17.4.2025,3:59:47.269,28.812,35.459
17.4.2025,3:59:48.269,29.062,39.493
17.4.2025,3:59:49.270,28.749,41.401
17.4.2025,3:59:50.285,29.038,36.234
17.4.2025,3:59:51.301,28.841,33.089
17.4.2025,3:59:52.317,28.997,37.255
17.4.2025,3:59:53.315,29.074,44.285
17.4.2025,3:59:54.320,28.834,51.292
17.4.2025,3:59:55.322,28.963,53.882
17.4.2025,3:59:56.321,28.919,49.414
17.4.2025,3:59:57.336,28.949,47.161
17.4.2025,3:59:58.354,28.873,44.069
17.4.2025,3:59:59.354,29.433,38.224
17.4.2025,4:0:0.357,28.944,36.282
17.4.2025,4:0:1.357,29.003,33.434
17.4.2025,4:0:2.357,28.599,33.434
17.4.2025,4:0:3.361,28.595,33.982
17.4.2025,4:0:4.362,28.787,42.170
17.4.2025,4:0:5.379,28.638,47.744
17.4.2025,4:0:6.379,31.090,52.073
17.4.2025,4:0:7.397,29.244,50.511
17.4.2025,4:0:8.397,28.861,47.719
17.4.2025,4:0:9.411,28.741,47.149
17.4.2025,4:0:10.429,28.691,45.554
17.4.2025,4:0:11.431,28.942,40.723
17.4.2025,4:0:12.432,28.874,50.631
17.4.2025,4:0:13.431,28.880,47.223
17.4.2025,4:0:14.433,28.853,47.156
17.4.2025,4:0:15.447,28.925,42.236
17.4.2025,4:0:16.450,28.992,36.627
17.4.2025,4:0:17.434,28.967,34.678
17.4.2025,4:0:18.437,29.175,34.678
17.4.2025,4:0:19.450,29.283,35.994
17.4.2025,4:0:20.456,29.120,41.925
17.4.2025,4:0:21.453,28.737,48.798
17.4.2025,4:0:22.451,28.686,55.137
17.4.2025,4:0:23.467,29.169,49.604
17.4.2025,4:0:24.486,28.896,46.903
17.4.2025,4:0:25.501,28.749,42.280
17.4.2025,4:0:26.518,28.688,36.979
17.4.2025,4:0:27.518,29.032,30.915
17.4.2025,4:0:28.518,28.956,30.915
17.4.2025,4:0:29.517,28.946,36.129
17.4.2025,4:0:30.519,28.800,46.785
17.4.2025,4:0:31.520,29.097,51.326
17.4.2025,4:0:32.522,29.046,53.839
17.4.2025,4:0:33.521,28.975,47.856
17.4.2025,4:0:34.519,28.548,46.486
17.4.2025,4:0:35.532,28.916,47.230
17.4.2025,4:0:36.545,28.730,46.324
17.4.2025,4:0:37.561,29.007,37.805
17.4.2025,4:0:38.561,28.624,32.575
17.4.2025,4:0:39.564,28.910,47.434
17.4.2025,4:0:40.579,29.028,46.229
17.4.2025,4:0:41.598,29.088,39.228
17.4.2025,4:0:42.614,28.575,32.216
17.4.2025,4:0:43.617,28.686,35.439
17.4.2025,4:0:44.616,30.473,36.807
17.4.2025,4:0:45.635,30.340,38.894
17.4.2025,4:0:46.652,28.828,44.165
17.4.2025,4:0:47.650,28.977,47.364
17.4.2025,4:0:48.651,28.937,49.735
17.4.2025,4:0:49.655,29.274,52.905
17.4.2025,4:0:50.654,28.986,48.492
17.4.2025,4:0:51.682,28.944,46.576
17.4.2025,4:0:52.670,28.877,46.792
17.4.2025,4:0:53.688,28.971,40.037
17.4.2025,4:0:54.688,29.081,48.333
17.4.2025,4:0:55.686,28.768,47.221
17.4.2025,4:0:56.689,28.564,47.135
17.4.2025,4:0:57.690,28.725,38.733
17.4.2025,4:0:58.690,28.939,33.512
17.4.2025,4:0:59.703,28.617,32.744
17.4.2025,4:1:0.705,28.657,36.976
17.4.2025,4:1:1.722,28.910,38.223
17.4.2025,4:1:2.741,28.514,43.886
17.4.2025,4:1:3.739,28.804,48.736
17.4.2025,4:1:4.741,28.520,54.534
17.4.2025,4:1:5.740,29.006,51.799
17.4.2025,4:1:6.754,28.884,48.379
17.4.2025,4:1:7.771,28.589,47.163
17.4.2025,4:1:8.770,28.598,47.272
17.4.2025,4:1:9.774,28.614,40.346
17.4.2025,4:1:10.774,29.047,34.301
17.4.2025,4:1:11.774,28.933,29.978
17.4.2025,4:1:12.778,28.896,35.845
17.4.2025,4:1:13.782,28.851,46.888
17.4.2025,4:1:14.781,28.628,43.987
17.4.2025,4:1:15.797,28.950,37.454
17.4.2025,4:1:16.798,29.090,40.317
17.4.2025,4:1:17.811,30.297,44.170
17.4.2025,4:1:18.816,29.076,54.412
17.4.2025,4:1:19.815,29.014,50.547
17.4.2025,4:1:20.833,29.035,47.252
17.4.2025,4:1:21.849,29.073,47.138
17.4.2025,4:1:22.849,28.923,40.702
17.4.2025,4:1:23.865,28.888,34.995
17.4.2025,4:1:24.870,28.808,33.028
17.4.2025,4:1:25.866,28.930,36.541
17.4.2025,4:1:26.865,28.784,48.091
17.4.2025,4:1:27.867,28.678,49.651
17.4.2025,4:1:28.868,28.827,54.939
17.4.2025,4:1:29.868,28.630,51.843
17.4.2025,4:1:30.882,29.055,47.292
17.4.2025,4:1:31.883,28.987,47.180
17.4.2025,4:1:32.885,28.886,46.651
17.4.2025,4:1:33.901,28.869,41.732
17.4.2025,4:1:34.900,28.592,34.707
17.4.2025,4:1:35.900,28.894,33.630
17.4.2025,4:1:36.915,28.683,36.314
17.4.2025,4:1:37.905,28.820,47.354
17.4.2025,4:1:38.906,29.001,52.792
17.4.2025,4:1:39.909,28.985,31.936
17.4.2025,4:1:40.908,31.668,33.742
17.4.2025,4:1:41.912,28.986,36.903
17.4.2025,4:1:42.913,28.673,41.170
17.4.2025,4:1:43.927,28.714,45.149
17.4.2025,4:1:44.932,28.873,49.630
17.4.2025,4:1:45.947,28.924,55.897
17.4.2025,4:1:46.942,29.043,49.749
17.4.2025,4:1:47.956,28.776,47.936
17.4.2025,4:1:48.960,28.871,47.373
17.4.2025,4:1:49.961,28.666,44.349
17.4.2025,4:1:50.975,28.749,37.440
17.4.2025,4:1:51.993,28.780,31.716
17.4.2025,4:1:52.995,28.939,35.528
17.4.2025,4:1:53.993,28.855,39.622
17.4.2025,4:1:54.987,28.628,44.153
17.4.2025,4:1:55.987,29.083,37.270
17.4.2025,4:1:56.993,28.879,30.297
17.4.2025,4:1:57.991,28.710,38.217
17.4.2025,4:1:59.010,28.881,44.813
17.4.2025,4:2:0.007,28.740,47.884
17.4.2025,4:2:1.009,29.100,54.094
17.4.2025,4:2:2.027,28.835,52.267
17.4.2025,4:2:3.013,28.834,48.647
17.4.2025,4:2:4.030,28.832,48.370
17.4.2025,4:2:5.043,28.821,47.083
17.4.2025,4:2:6.032,28.794,45.364
17.4.2025,4:2:7.030,29.223,40.438
17.4.2025,4:2:8.028,28.895,32.934
17.4.2025,4:2:9.029,28.868,35.162
17.4.2025,4:2:10.030,28.883,38.483
17.4.2025,4:2:11.058,29.090,45.568
17.4.2025,4:2:12.056,28.822,50.910
17.4.2025,4:2:13.057,28.910,53.770
17.4.2025,4:2:14.071,28.871,51.065
17.4.2025,4:2:15.073,29.282,47.452
17.4.2025,4:2:16.069,28.842,46.717
17.4.2025,4:2:17.070,28.746,46.034
17.4.2025,4:2:18.071,28.680,39.858
17.4.2025,4:2:19.072,28.584,48.445
17.4.2025,4:2:20.090,28.910,47.126
17.4.2025,4:2:21.081,29.084,47.081
17.4.2025,4:2:22.090,28.678,42.541
17.4.2025,4:2:23.084,28.927,37.173
17.4.2025,4:2:24.083,28.855,32.162
17.4.2025,4:2:25.084,28.674,38.058
17.4.2025,4:2:26.085,28.485,43.291
17.4.2025,4:2:27.097,28.882,47.702
17.4.2025,4:2:28.097,28.955,52.800
17.4.2025,4:2:29.098,29.871,54.322
17.4.2025,4:2:30.099,28.960,47.629
17.4.2025,4:2:31.097,29.200,46.930
17.4.2025,4:2:32.096,28.508,46.999
17.4.2025,4:2:33.113,29.177,39.107
17.4.2025,4:2:34.114,28.939,47.798
17.4.2025,4:2:35.126,28.849,46.769
17.4.2025,4:2:36.139,28.545,47.065
17.4.2025,4:2:37.157,28.729,41.078
17.4.2025,4:2:38.159,28.681,31.662
17.4.2025,4:2:39.175,29.046,37.128
17.4.2025,4:2:40.179,28.712,41.790
17.4.2025,4:2:41.180,29.151,46.917
17.4.2025,4:2:42.193,28.745,55.657
17.4.2025,4:2:43.189,28.960,48.118
17.4.2025,4:2:44.193,28.975,46.931
17.4.2025,4:2:45.192,28.987,47.152
17.4.2025,4:2:46.188,28.830,41.766
17.4.2025,4:2:47.185,28.874,35.052
17.4.2025,4:2:48.187,28.671,32.491
17.4.2025,4:2:49.186,28.835,34.345
17.4.2025,4:2:50.187,28.612,37.761
17.4.2025,4:2:51.189,29.181,42.906
17.4.2025,4:2:52.189,28.694,36.908
17.4.2025,4:2:53.190,28.891,30.695
17.4.2025,4:2:54.204,28.615,35.718
17.4.2025,4:2:55.220,28.892,39.860
17.4.2025,4:2:56.222,28.805,43.588
17.4.2025,4:2:57.221,28.886,50.918
17.4.2025,4:2:58.235,28.711,53.332
17.4.2025,4:2:59.249,28.766,49.210
17.4.2025,4:3:0.248,28.843,46.397
17.4.2025,4:3:1.250,28.916,47.473
17.4.2025,4:3:2.250,28.709,39.495
17.4.2025,4:3:3.253,28.751,33.686
17.4.2025,4:3:4.269,28.678,34.566
17.4.2025,4:3:5.271,28.759,47.226
17.4.2025,4:3:6.268,28.703,44.741
17.4.2025,4:3:7.275,29.276,39.584
17.4.2025,4:3:8.273,28.940,33.600
17.4.2025,4:3:9.273,28.915,35.606
17.4.2025,4:3:10.273,28.982,38.326
17.4.2025,4:3:11.287,28.639,45.088
17.4.2025,4:3:12.301,28.867,51.580
17.4.2025,4:3:13.299,28.691,54.438
17.4.2025,4:3:14.301,29.626,49.788
17.4.2025,4:3:15.302,30.882,49.146
17.4.2025,4:3:16.302,28.788,47.242
17.4.2025,4:3:17.317,29.045,45.688
17.4.2025,4:3:18.315,28.813,39.763
17.4.2025,4:3:19.316,29.027,33.729
17.4.2025,4:3:20.316,28.942,35.730
17.4.2025,4:3:21.317,28.795,38.832
17.4.2025,4:3:22.317,28.579,42.741
17.4.2025,4:3:23.316,28.645,47.691
17.4.2025,4:3:24.333,28.780,54.270
17.4.2025,4:3:25.337,28.816,34.149
17.4.2025,4:3:26.336,28.685,37.976
17.4.2025,4:3:27.352,28.766,43.600
17.4.2025,4:3:28.366,28.752,53.603
17.4.2025,4:3:29.364,28.652,55.413
17.4.2025,4:3:30.367,28.645,50.059
17.4.2025,4:3:31.364,28.865,47.059
17.4.2025,4:3:32.367,28.745,47.231
17.4.2025,4:3:33.365,28.793,40.394
17.4.2025,4:3:34.365,29.246,36.519
17.4.2025,4:3:35.363,29.125,33.723
17.4.2025,4:3:36.363,29.081,36.829
17.4.2025,4:3:37.364,28.761,47.601
17.4.2025,4:3:38.367,28.606,54.813
17.4.2025,4:3:39.369,28.904,51.040
17.4.2025,4:3:40.369,28.621,47.586
17.4.2025,4:3:41.372,28.828,46.921
17.4.2025,4:3:42.372,29.098,44.649
17.4.2025,4:3:43.373,29.181,51.413
17.4.2025,4:3:44.390,28.806,47.664
17.4.2025,4:3:45.393,29.091,46.783
17.4.2025,4:3:46.393,29.021,40.957
17.4.2025,4:3:47.397,28.854,35.157
17.4.2025,4:3:48.393,28.924,31.082
17.4.2025,4:3:49.396,28.845,35.071
17.4.2025,4:3:50.397,29.049,41.532
17.4.2025,4:3:51.399,28.912,45.986
17.4.2025,4:3:52.400,28.928,42.321
17.4.2025,4:3:53.397,29.543,42.134
17.4.2025,4:3:54.411,29.259,37.719
17.4.2025,4:3:55.410,28.899,38.526
17.4.2025,4:3:56.409,28.734,32.562
17.4.2025,4:3:57.426,28.815,46.623
17.4.2025,4:3:58.426,28.818,46.956
17.4.2025,4:3:59.427,28.745,43.768
17.4.2025,4:4:0.446,28.621,39.266
17.4.2025,4:4:1.449,28.949,34.555
17.4.2025,4:4:2.435,28.896,31.896
17.4.2025,4:4:3.438,29.026,37.499
17.4.2025,4:4:4.438,28.960,44.141
17.4.2025,4:4:5.454,28.649,47.662
17.4.2025,4:4:6.469,28.934,55.720
17.4.2025,4:4:7.481,28.978,52.779
17.4.2025,4:4:8.483,28.820,48.083
17.4.2025,4:4:9.481,28.709,47.762
17.4.2025,4:4:10.481,28.630,46.948
17.4.2025,4:4:11.484,28.527,43.591
17.4.2025,4:4:12.487,28.672,40.910
17.4.2025,4:4:13.486,28.796,48.452
17.4.2025,4:4:14.502,28.504,48.395
17.4.2025,4:4:15.502,28.840,47.061
17.4.2025,4:4:16.501,28.603,46.236
17.4.2025,4:4:17.527,28.972,40.474
17.4.2025,4:4:18.527,28.621,37.430
17.4.2025,4:4:19.527,28.842,34.025
17.4.2025,4:4:20.526,28.839,32.718
17.4.2025,4:4:21.527,28.748,38.162
17.4.2025,4:4:22.529,29.025,42.995
17.4.2025,4:4:23.530,28.923,48.985
17.4.2025,4:4:24.550,28.993,54.292
17.4.2025,4:4:25.563,28.723,50.009
17.4.2025,4:4:26.579,28.932,48.557
17.4.2025,4:4:27.580,28.644,47.337
17.4.2025,4:4:28.596,29.119,46.984
17.4.2025,4:4:29.613,28.507,41.776
17.4.2025,4:4:30.614,28.613,38.567
17.4.2025,4:4:31.611,29.008,36.424
17.4.2025,4:4:32.612,30.628,30.907
17.4.2025,4:4:33.611,29.154,37.241
17.4.2025,4:4:34.614,29.098,43.038
17.4.2025,4:4:35.612,29.023,47.983
17.4.2025,4:4:36.629,28.980,53.151
17.4.2025,4:4:37.623,28.852,51.838
17.4.2025,4:4:38.633,28.940,49.375
17.4.2025,4:4:39.636,28.528,45.032
17.4.2025,4:4:40.621,29.411,49.012
17.4.2025,4:4:41.638,28.845,51.926
17.4.2025,4:4:42.636,29.320,53.193
17.4.2025,4:4:43.621,28.736,49.216
17.4.2025,4:4:44.625,28.823,46.852
17.4.2025,4:4:45.641,28.825,46.781
17.4.2025,4:4:46.639,28.768,41.172
17.4.2025,4:4:47.643,28.668,36.552
17.4.2025,4:4:48.642,31.216,32.131
17.4.2025,4:4:49.644,29.375,32.788
17.4.2025,4:4:50.643,28.594,34.828
17.4.2025,4:4:51.642,28.809,38.903
17.4.2025,4:4:52.642,29.015,46.549
17.4.2025,4:4:53.656,28.872,51.160
17.4.2025,4:4:54.659,28.800,54.232
17.4.2025,4:4:55.659,28.745,50.901
17.4.2025,4:4:56.673,28.811,47.337
17.4.2025,4:4:57.672,29.081,47.450
17.4.2025,4:4:58.675,28.960,46.713
17.4.2025,4:4:59.678,28.862,52.581
17.4.2025,4:5:0.693,28.841,47.865
17.4.2025,4:5:1.699,28.796,47.645
17.4.2025,4:5:2.698,28.812,47.107
17.4.2025,4:5:3.696,29.331,42.468
17.4.2025,4:5:4.700,28.975,35.779
17.4.2025,4:5:5.703,28.942,32.929
17.4.2025,4:5:6.706,28.943,36.924
17.4.2025,4:5:7.721,28.711,40.886
17.4.2025,4:5:8.736,28.568,45.974
17.4.2025,4:5:9.737,28.841,53.811
17.4.2025,4:5:10.751,28.802,52.411
17.4.2025,4:5:11.751,28.824,48.132
17.4.2025,4:5:12.768,28.688,46.495
17.4.2025,4:5:13.771,29.023,51.323
17.4.2025,4:5:14.770,28.796,53.406
17.4.2025,4:5:15.770,28.958,36.589
17.4.2025,4:5:16.769,28.983,47.254
17.4.2025,4:5:17.769,29.207,47.519
17.4.2025,4:5:18.770,28.901,46.352
17.4.2025,4:5:19.770,28.790,41.764
17.4.2025,4:5:20.773,29.038,34.701
17.4.2025,4:5:21.773,28.637,32.937
17.4.2025,4:5:22.786,28.914,35.240
17.4.2025,4:5:23.787,28.772,35.618
17.4.2025,4:5:24.787,28.756,44.963
17.4.2025,4:5:25.787,28.900,49.615
17.4.2025,4:5:26.787,28.960,53.990
17.4.2025,4:5:27.788,28.889,50.156
17.4.2025,4:5:28.804,28.726,48.520
17.4.2025,4:5:29.806,28.550,46.463
17.4.2025,4:5:30.823,28.698,49.029
17.4.2025,4:5:31.817,29.118,54.377
17.4.2025,4:5:32.822,28.294,39.678
17.4.2025,4:5:33.816,29.074,49.533
17.4.2025,4:5:34.819,28.989,46.817
17.4.2025,4:5:35.811,28.989,47.100
17.4.2025,4:5:36.825,28.998,40.250
17.4.2025,4:5:37.827,29.020,33.500
17.4.2025,4:5:38.830,28.696,34.596
17.4.2025,4:5:39.846,28.749,40.383
17.4.2025,4:5:40.848,28.938,47.304
17.4.2025,4:5:41.849,29.037,53.036
17.4.2025,4:5:42.863,28.732,50.869
17.4.2025,4:5:43.858,28.870,48.914
17.4.2025,4:5:44.864,28.827,47.271
17.4.2025,4:5:45.858,28.700,47.060
17.4.2025,4:5:46.863,28.971,46.426
17.4.2025,4:5:47.864,28.725,55.325
17.4.2025,4:5:48.860,28.750,50.391
17.4.2025,4:5:49.860,28.856,48.159
17.4.2025,4:5:50.862,29.082,47.102
17.4.2025,4:5:51.864,29.292,47.277
17.4.2025,4:5:52.863,29.292,45.948
17.4.2025,4:5:53.879,28.533,40.245
17.4.2025,4:5:54.880,28.951,35.320
17.4.2025,4:5:55.894,29.076,32.934
17.4.2025,4:5:56.911,28.983,37.407
17.4.2025,4:5:57.909,28.983,41.926
17.4.2025,4:5:58.923,28.741,52.190
17.4.2025,4:5:59.927,28.890,52.637
17.4.2025,4:6:0.928,29.304,50.156
17.4.2025,4:6:1.921,29.137,47.172
17.4.2025,4:6:2.945,28.654,46.957
17.4.2025,4:6:3.946,28.775,41.480
17.4.2025,4:6:4.963,28.952,36.181
17.4.2025,4:6:5.977,28.806,32.553
17.4.2025,4:6:6.993,29.243,35.096
17.4.2025,4:6:7.994,28.937,40.199
17.4.2025,4:6:8.992,28.830,46.066
17.4.2025,4:6:9.999,28.908,50.960
17.4.2025,4:6:11.013,28.949,30.800
17.4.2025,4:6:12.033,28.949,35.381
17.4.2025,4:6:13.046,28.781,38.927
17.4.2025,4:6:14.066,28.550,45.642
17.4.2025,4:6:15.064,29.040,51.264
17.4.2025,4:6:16.078,29.105,55.808
17.4.2025,4:6:17.081,28.938,49.581
17.4.2025,4:6:18.095,28.518,46.684
17.4.2025,4:6:19.112,28.912,47.289
17.4.2025,4:6:20.108,28.618,40.010
17.4.2025,4:6:21.113,28.945,34.110
17.4.2025,4:6:22.110,28.850,36.261
17.4.2025,4:6:23.111,31.737,33.501
17.4.2025,4:6:24.115,28.764,47.458
17.4.2025,4:6:25.110,29.022,40.812
17.4.2025,4:6:26.110,28.749,34.703
17.4.2025,4:6:27.113,29.071,35.036
17.4.2025,4:6:28.112,28.757,38.912
17.4.2025,4:6:29.115,28.883,45.137
17.4.2025,4:6:30.109,29.415,39.691
17.4.2025,4:6:31.118,29.486,43.109
17.4.2025,4:6:32.113,29.386,43.922
17.4.2025,4:6:33.121,29.047,37.057
17.4.2025,4:6:34.110,29.047,31.117
17.4.2025,4:6:35.135,28.923,35.419
17.4.2025,4:6:36.136,28.923,39.439
17.4.2025,4:6:37.148,28.955,44.853
17.4.2025,4:6:38.148,28.988,49.222
17.4.2025,4:6:39.150,28.676,54.397
17.4.2025,4:6:40.149,28.888,54.557
17.4.2025,4:6:41.146,28.782,49.759
17.4.2025,4:6:42.147,29.068,47.993
17.4.2025,4:6:43.150,28.911,47.166
17.4.2025,4:6:44.151,28.774,44.868
17.4.2025,4:6:45.139,29.107,38.659
17.4.2025,4:6:46.152,29.048,31.157
17.4.2025,4:6:47.140,28.634,47.263
17.4.2025,4:6:48.153,28.888,45.003
17.4.2025,4:6:49.158,29.032,39.231
17.4.2025,4:6:50.161,28.741,35.329
17.4.2025,4:6:51.162,28.753,33.818
17.4.2025,4:6:52.165,29.811,36.367
17.4.2025,4:6:53.162,28.905,40.063
17.4.2025,4:6:54.180,28.911,47.183
17.4.2025,4:6:55.176,28.722,54.062
17.4.2025,4:6:56.180,28.854,50.841
17.4.2025,4:6:57.178,28.991,48.828
17.4.2025,4:6:58.178,28.797,47.165
17.4.2025,4:6:59.191,28.856,46.978
17.4.2025,4:7:0.193,29.179,41.931
17.4.2025,4:7:1.196,29.032,37.751
17.4.2025,4:7:2.192,28.646,33.798
17.4.2025,4:7:3.191,29.111,32.939
17.4.2025,4:7:4.195,28.617,34.420
17.4.2025,4:7:5.198,28.534,42.287
17.4.2025,4:7:6.186,28.797,38.333
17.4.2025,4:7:7.188,28.965,36.067
17.4.2025,4:7:8.191,28.899,32.872
17.4.2025,4:7:9.192,28.854,38.108
17.4.2025,4:7:10.192,28.645,38.108
17.4.2025,4:7:11.191,29.107,40.845
17.4.2025,4:7:12.193,28.889,47.320
17.4.2025,4:7:13.191,29.034,51.215
17.4.2025,4:7:14.186,28.920,53.724
17.4.2025,4:7:15.187,28.762,49.517
17.4.2025,4:7:16.191,28.965,47.789
17.4.2025,4:7:17.208,28.767,47.513
17.4.2025,4:7:18.207,29.040,45.825
17.4.2025,4:7:19.207,28.780,42.384
17.4.2025,4:7:20.214,29.242,37.896
17.4.2025,4:7:21.214,28.624,33.173
17.4.2025,4:7:22.228,28.791,35.302
17.4.2025,4:7:23.227,29.037,40.431
17.4.2025,4:7:24.229,29.030,48.166
17.4.2025,4:7:25.220,29.027,33.399
17.4.2025,4:7:26.223,28.869,35.219
17.4.2025,4:7:27.225,28.884,39.696
17.4.2025,4:7:28.243,28.750,45.951
17.4.2025,4:7:29.244,28.653,50.672
17.4.2025,4:7:30.241,29.056,54.223
17.4.2025,4:7:31.258,28.572,48.022
17.4.2025,4:7:32.251,29.157,46.114
17.4.2025,4:7:33.260,28.976,46.687
17.4.2025,4:7:34.255,28.784,45.379
17.4.2025,4:7:35.261,28.920,38.391
17.4.2025,4:7:36.253,28.961,33.296
17.4.2025,4:7:37.256,28.448,33.692
17.4.2025,4:7:38.255,28.983,47.125
17.4.2025,4:7:39.275,28.788,41.731
17.4.2025,4:7:40.276,29.200,36.424
17.4.2025,4:7:41.277,29.015,31.565
17.4.2025,4:7:42.266,29.116,36.562
17.4.2025,4:7:43.264,28.975,41.255
17.4.2025,4:7:44.264,28.903,47.888
17.4.2025,4:7:45.264,28.672,53.931
17.4.2025,4:7:46.264,28.801,51.356
17.4.2025,4:7:47.268,28.828,49.595
17.4.2025,4:7:48.270,28.837,47.441
17.4.2025,4:7:49.270,28.703,47.058
17.4.2025,4:7:50.270,28.888,43.473
17.4.2025,4:7:51.275,29.052,36.166
17.4.2025,4:7:52.269,31.068,30.651
17.4.2025,4:7:53.270,28.952,30.692
17.4.2025,4:7:54.271,28.913,33.702
17.4.2025,4:7:55.284,29.171,37.974
17.4.2025,4:7:56.285,28.765,43.615
17.4.2025,4:7:57.301,28.876,37.385
17.4.2025,4:7:58.301,31.531,36.622
17.4.2025,4:7:59.301,29.015,31.347
17.4.2025,4:8:0.315,28.939,30.889
17.4.2025,4:8:1.319,28.954,39.921
17.4.2025,4:8:2.321,29.112,42.853
17.4.2025,4:8:3.336,28.919,49.117
17.4.2025,4:8:4.335,29.033,54.898
17.4.2025,4:8:5.337,28.816,50.622
17.4.2025,4:8:6.338,28.817,47.745
17.4.2025,4:8:7.354,29.025,47.028
17.4.2025,4:8:8.356,29.037,52.475
17.4.2025,4:8:9.357,29.019,53.031
17.4.2025,4:8:10.357,28.666,47.516
17.4.2025,4:8:11.359,28.613,47.025
17.4.2025,4:8:12.361,29.272,46.307
17.4.2025,4:8:13.361,28.752,40.547
17.4.2025,4:8:14.364,29.067,36.909
17.4.2025,4:8:15.362,28.745,33.167
17.4.2025,4:8:16.363,28.817,41.620
17.4.2025,4:8:17.365,29.135,47.397
17.4.2025,4:8:18.362,28.734,51.365
17.4.2025,4:8:19.363,28.886,51.845
17.4.2025,4:8:20.364,28.884,48.108
17.4.2025,4:8:21.365,28.516,46.656
17.4.2025,4:8:22.375,29.231,46.796
17.4.2025,4:8:23.392,28.960,45.886
17.4.2025,4:8:24.407,28.863,41.702
17.4.2025,4:8:25.423,28.859,33.679
17.4.2025,4:8:26.439,28.899,36.985
17.4.2025,4:8:27.437,28.898,36.850
17.4.2025,4:8:28.441,28.641,42.442
17.4.2025,4:8:29.440,28.901,50.171
17.4.2025,4:8:30.447,28.865,33.052
17.4.2025,4:8:31.444,28.917,34.139
17.4.2025,4:8:32.461,28.804,40.201
17.4.2025,4:8:33.475,28.915,46.258
17.4.2025,4:8:34.492,29.059,52.288
17.4.2025,4:8:35.509,29.022,52.160
17.4.2025,4:8:36.509,28.685,47.715
17.4.2025,4:8:37.510,28.872,47.516
17.4.2025,4:8:38.505,28.825,47.305
17.4.2025,4:8:39.499,28.710,42.561
17.4.2025,4:8:40.513,29.089,34.598
17.4.2025,4:8:41.514,28.817,33.840
17.4.2025,4:8:42.532,28.681,39.393
17.4.2025,4:8:43.548,29.147,45.771
17.4.2025,4:8:44.562,28.719,34.752
17.4.2025,4:8:45.562,29.090,32.806
17.4.2025,4:8:46.564,29.012,39.128
17.4.2025,4:8:47.576,29.306,44.721
17.4.2025,4:8:48.592,29.153,52.537
17.4.2025,4:8:49.608,29.133,53.885
17.4.2025,4:8:50.621,29.042,48.639
17.4.2025,4:8:51.641,28.911,47.204
17.4.2025,4:8:52.640,29.101,46.873
17.4.2025,4:8:53.639,28.682,43.033
17.4.2025,4:8:54.641,28.995,39.558
17.4.2025,4:8:55.638,29.069,35.587
17.4.2025,4:8:56.640,29.077,32.459
17.4.2025,4:8:57.654,29.083,37.556
17.4.2025,4:8:58.674,28.873,39.757
17.4.2025,4:8:59.693,28.945,42.863
17.4.2025,4:9:0.712,29.091,36.478
17.4.2025,4:9:1.712,28.850,34.226
17.4.2025,4:9:2.712,28.780,35.988
17.4.2025,4:9:3.713,28.852,39.773
17.4.2025,4:9:4.713,28.755,46.181
17.4.2025,4:9:5.730,28.952,53.571
17.4.2025,4:9:6.728,28.955,54.594
17.4.2025,4:9:7.745,28.833,48.559
17.4.2025,4:9:8.744,29.375,42.144
17.4.2025,4:9:9.741,29.457,43.311
17.4.2025,4:9:10.742,29.252,34.628
17.4.2025,4:9:11.741,29.296,42.431
17.4.2025,4:9:12.743,29.390,47.911
17.4.2025,4:9:13.745,29.001,52.128
17.4.2025,4:9:14.760,28.891,55.669
17.4.2025,4:9:15.777,28.771,51.490
17.4.2025,4:9:16.791,28.902,47.454
17.4.2025,4:9:17.793,28.965,47.323
17.4.2025,4:9:18.790,29.156,51.722
17.4.2025,4:9:19.796,28.728,52.801
17.4.2025,4:9:20.799,28.908,50.895
17.4.2025,4:9:21.812,28.855,47.599
17.4.2025,4:9:22.812,29.090,46.788
17.4.2025,4:9:23.817,29.002,45.321
17.4.2025,4:9:24.817,28.889,38.603
17.4.2025,4:9:25.834,28.889,33.684
17.4.2025,4:9:26.848,29.018,33.971
17.4.2025,4:9:27.849,29.213,40.935
17.4.2025,4:9:28.863,29.037,41.503
17.4.2025,4:9:29.864,28.973,51.651
17.4.2025,4:9:30.867,28.946,55.633
17.4.2025,4:9:31.869,29.337,51.154
17.4.2025,4:9:32.873,30.825,48.326
17.4.2025,4:9:33.893,29.064,47.357
17.4.2025,4:9:34.911,28.651,51.145
17.4.2025,4:9:35.912,29.035,52.241
17.4.2025,4:9:36.911,29.009,47.911
17.4.2025,4:9:37.915,28.912,46.832
17.4.2025,4:9:38.929,28.992,44.532
17.4.2025,4:9:39.944,29.025,40.499
17.4.2025,4:9:40.945,28.937,34.553
17.4.2025,4:9:41.961,28.975,35.411
17.4.2025,4:9:42.961,29.192,39.687
17.4.2025,4:9:43.960,28.873,40.825
17.4.2025,4:9:44.977,28.843,45.273
17.4.2025,4:9:45.993,28.964,50.593
17.4.2025,4:9:46.994,28.944,53.423
17.4.2025,4:9:48.011,28.820,48.553
17.4.2025,4:9:48.998,28.931,47.923
17.4.2025,4:9:49.997,29.069,47.525
17.4.2025,4:9:51.014,29.062,44.854
17.4.2025,4:9:52.016,29.078,52.977
17.4.2025,4:9:53.017,28.730,48.661
17.4.2025,4:9:54.021,28.925,47.640
17.4.2025,4:9:55.023,28.756,46.328
17.4.2025,4:9:56.025,28.813,39.578
17.4.2025,4:9:57.040,28.925,33.820
17.4.2025,4:9:58.028,29.057,39.409
17.4.2025,4:9:59.029,28.952,43.695
17.4.2025,4:10:0.059,29.060,48.520
17.4.2025,4:10:1.061,29.119,53.901
17.4.2025,4:10:2.060,29.273,49.258
17.4.2025,4:10:3.064,29.012,48.135
17.4.2025,4:10:4.060,28.825,47.381
17.4.2025,4:10:5.087,28.944,44.983
17.4.2025,4:10:6.105,28.879,37.171
17.4.2025,4:10:7.104,28.838,46.957
17.4.2025,4:10:8.107,29.158,46.934
17.4.2025,4:10:9.109,28.774,41.258
17.4.2025,4:10:10.111,29.132,36.095
17.4.2025,4:10:11.111,29.358,34.331
17.4.2025,4:10:12.108,29.254,39.913
17.4.2025,4:10:13.113,28.988,46.368
17.4.2025,4:10:14.109,29.108,52.907
17.4.2025,4:10:15.113,29.283,52.793
17.4.2025,4:10:16.110,28.870,49.078
17.4.2025,4:10:17.111,28.896,47.027
17.4.2025,4:10:18.115,28.717,47.406
17.4.2025,4:10:19.115,29.225,42.086
17.4.2025,4:10:20.112,29.059,37.234
17.4.2025,4:10:21.120,29.114,30.146
17.4.2025,4:10:22.109,28.826,36.066
17.4.2025,4:10:23.131,28.954,39.425
17.4.2025,4:10:24.132,28.818,42.691
17.4.2025,4:10:25.149,29.081,51.496
17.4.2025,4:10:26.147,29.000,31.480
17.4.2025,4:10:27.147,28.726,34.121
17.4.2025,4:10:28.148,28.905,38.638
17.4.2025,4:10:29.164,28.658,45.168
17.4.2025,4:10:30.181,28.792,51.085
17.4.2025,4:10:31.200,28.885,52.989
17.4.2025,4:10:32.185,28.634,47.905
17.4.2025,4:10:33.187,29.094,46.914
17.4.2025,4:10:34.200,28.838,46.534
17.4.2025,4:10:35.231,28.928,42.985
17.4.2025,4:10:36.231,28.852,36.170
17.4.2025,4:10:37.230,28.817,33.825
17.4.2025,4:10:38.227,28.826,36.560
17.4.2025,4:10:39.241,28.864,43.701
17.4.2025,4:10:40.240,28.921,51.267
17.4.2025,4:10:41.254,28.885,52.693
17.4.2025,4:10:42.268,28.883,48.108
17.4.2025,4:10:43.270,28.607,47.520
17.4.2025,4:10:44.274,28.786,46.689
17.4.2025,4:10:45.288,28.949,39.533
17.4.2025,4:10:46.290,28.786,36.392
17.4.2025,4:10:47.285,28.836,35.019
17.4.2025,4:10:48.302,28.946,39.955
17.4.2025,4:10:49.317,28.946,45.903
17.4.2025,4:10:50.318,28.611,48.444
17.4.2025,4:10:51.333,29.144,56.174
17.4.2025,4:10:52.332,29.114,48.048
17.4.2025,4:10:53.347,29.322,47.546
17.4.2025,4:10:54.365,28.727,47.602
17.4.2025,4:10:55.362,28.623,47.185
17.4.2025,4:10:56.373,28.754,42.065
17.4.2025,4:10:57.374,29.145,36.511
17.4.2025,4:10:58.377,28.750,47.673
17.4.2025,4:10:59.381,28.587,47.450
17.4.2025,4:11:0.396,28.880,46.028
17.4.2025,4:11:1.395,29.063,39.434
17.4.2025,4:11:2.395,28.514,34.383
17.4.2025,4:11:3.396,28.705,31.964
17.4.2025,4:11:4.398,29.311,39.077
17.4.2025,4:11:5.402,29.185,44.676
17.4.2025,4:11:6.417,31.050,49.588
17.4.2025,4:11:7.416,29.476,54.568
17.4.2025,4:11:8.417,28.961,36.844
17.4.2025,4:11:9.419,29.056,44.304
17.4.2025,4:11:10.419,28.767,48.656
17.4.2025,4:11:11.435,28.788,54.082
17.4.2025,4:11:12.435,28.500,49.795
17.4.2025,4:11:13.435,29.057,47.509
17.4.2025,4:11:14.434,28.904,46.976
17.4.2025,4:11:15.448,28.736,47.068
17.4.2025,4:11:16.448,28.629,40.246
17.4.2025,4:11:17.447,28.880,34.616
17.4.2025,4:11:18.463,28.880,35.137
17.4.2025,4:11:19.478,29.095,41.852
17.4.2025,4:11:20.493,28.887,48.487
17.4.2025,4:11:21.495,28.863,52.625
17.4.2025,4:11:22.496,28.827,54.901
17.4.2025,4:11:23.494,28.923,50.436
17.4.2025,4:11:24.482,28.873,47.662
17.4.2025,4:11:25.485,28.981,47.239
17.4.2025,4:11:26.486,28.993,49.282
17.4.2025,4:11:27.483,28.924,55.335
17.4.2025,4:11:28.499,28.668,49.588
17.4.2025,4:11:29.501,29.052,46.870
17.4.2025,4:11:30.501,28.920,46.084
17.4.2025,4:11:31.519,28.732,38.910
17.4.2025,4:11:32.534,29.113,34.867
17.4.2025,4:11:33.533,31.188,32.174
17.4.2025,4:11:34.534,31.317,32.510
17.4.2025,4:11:35.532,29.379,37.619
17.4.2025,4:11:36.536,29.056,41.507
17.4.2025,4:11:37.550,28.788,47.006
17.4.2025,4:11:38.564,28.626,50.906
17.4.2025,4:11:39.569,28.931,54.269
17.4.2025,4:11:40.569,29.010,49.722
17.4.2025,4:11:41.585,28.981,47.130
17.4.2025,4:11:42.602,28.696,46.813
17.4.2025,4:11:43.617,28.918,43.998
17.4.2025,4:11:44.618,28.857,52.216
17.4.2025,4:11:45.634,29.680,39.171
17.4.2025,4:11:46.654,29.282,33.717
17.4.2025,4:11:47.655,29.501,42.746
17.4.2025,4:11:48.671,29.324,37.646
17.4.2025,4:11:49.687,28.822,44.105
17.4.2025,4:11:50.704,29.106,50.113
17.4.2025,4:11:51.707,29.785,53.940
17.4.2025,4:11:52.709,30.645,50.883
17.4.2025,4:11:53.725,29.319,53.273
17.4.2025,4:11:54.727,28.620,50.090
17.4.2025,4:11:55.746,28.802,47.725
17.4.2025,4:11:56.745,29.003,47.461
17.4.2025,4:11:57.732,28.819,53.386
17.4.2025,4:11:58.734,28.628,48.376
17.4.2025,4:11:59.736,28.953,47.157
17.4.2025,4:12:0.735,28.783,47.585
17.4.2025,4:12:1.732,28.925,45.483
17.4.2025,4:12:2.746,29.201,39.268
17.4.2025,4:12:3.731,28.733,33.982
17.4.2025,4:12:4.732,28.921,34.925
17.4.2025,4:12:5.735,28.920,40.749
17.4.2025,4:12:6.750,28.838,47.226
17.4.2025,4:12:7.767,29.189,54.732
17.4.2025,4:12:8.783,28.736,49.862
17.4.2025,4:12:9.796,28.859,48.753
17.4.2025,4:12:10.813,28.892,47.405
17.4.2025,4:12:11.815,28.878,47.352
17.4.2025,4:12:12.819,28.756,54.527
17.4.2025,4:12:13.823,28.775,52.892
17.4.2025,4:12:14.824,28.788,48.573
17.4.2025,4:12:15.810,28.748,46.324
17.4.2025,4:12:16.824,28.890,47.095
17.4.2025,4:12:17.829,29.078,42.918
17.4.2025,4:12:18.840,28.895,36.543
17.4.2025,4:12:19.856,29.186,36.537
17.4.2025,4:12:20.855,29.012,38.395
17.4.2025,4:12:21.857,28.926,44.291
17.4.2025,4:12:22.858,29.367,49.200
17.4.2025,4:12:23.860,28.909,53.760
17.4.2025,4:12:24.876,28.961,51.480
17.4.2025,4:12:25.891,28.656,49.888
17.4.2025,4:12:26.893,28.809,47.675
17.4.2025,4:12:27.891,28.750,47.152
17.4.2025,4:12:28.892,28.721,45.903
17.4.2025,4:12:29.891,28.675,43.395
17.4.2025,4:12:30.888,29.029,38.437
17.4.2025,4:12:31.888,28.907,31.794
17.4.2025,4:12:32.890,29.116,47.147
17.4.2025,4:12:33.891,29.167,43.271
17.4.2025,4:12:34.892,29.066,36.950
17.4.2025,4:12:35.894,29.020,31.783
17.4.2025,4:12:36.891,28.830,35.944
17.4.2025,4:12:37.908,28.768,40.683
17.4.2025,4:12:38.908,28.745,45.282
17.4.2025,4:12:39.907,29.127,52.428
17.4.2025,4:12:40.909,31.148,52.333
17.4.2025,4:12:41.920,28.991,54.640
17.4.2025,4:12:42.935,28.976,49.540
17.4.2025,4:12:43.936,28.828,47.372
17.4.2025,4:12:44.952,28.714,47.362
17.4.2025,4:12:45.968,29.481,45.534
17.4.2025,4:12:46.968,29.043,39.349
17.4.2025,4:12:47.971,29.012,34.100
17.4.2025,4:12:48.988,28.718,30.940
17.4.2025,4:12:49.986,28.981,38.412
17.4.2025,4:12:51.004,29.195,47.161
17.4.2025,4:12:52.023,28.784,49.966
17.4.2025,4:12:53.038,29.264,33.270
17.4.2025,4:12:54.038,28.799,34.656
17.4.2025,4:12:55.055,28.997,40.718
17.4.2025,4:12:56.054,28.670,44.165
17.4.2025,4:12:57.056,28.911,48.141
17.4.2025,4:12:58.055,29.152,55.658
17.4.2025,4:12:59.072,28.709,47.671
17.4.2025,4:13:0.075,28.886,48.285
17.4.2025,4:13:1.073,29.505,47.207
17.4.2025,4:13:2.061,29.203,46.188
17.4.2025,4:13:3.078,29.010,38.688
17.4.2025,4:13:4.076,29.014,48.049
17.4.2025,4:13:5.094,28.732,47.422
17.4.2025,4:13:6.108,28.966,44.694
17.4.2025,4:13:7.107,28.766,38.687
17.4.2025,4:13:8.111,28.746,33.287
17.4.2025,4:13:9.129,28.809,32.648
17.4.2025,4:13:10.130,28.938,37.401
17.4.2025,4:13:11.133,29.112,45.905
17.4.2025,4:13:12.128,28.972,50.612
17.4.2025,4:13:13.133,28.990,55.537
17.4.2025,4:13:14.136,28.801,53.530
17.4.2025,4:13:15.137,28.690,48.289
17.4.2025,4:13:16.149,28.934,47.451
17.4.2025,4:13:17.151,28.824,49.510
17.4.2025,4:13:18.151,29.061,54.621
17.4.2025,4:13:19.152,28.608,52.388
17.4.2025,4:13:20.152,28.875,48.944
17.4.2025,4:13:21.150,28.719,47.718
17.4.2025,4:13:22.152,28.691,47.300
17.4.2025,4:13:23.149,28.852,47.396
17.4.2025,4:13:24.154,28.804,42.786
17.4.2025,4:13:25.171,28.912,37.928
17.4.2025,4:13:26.170,28.599,33.380
17.4.2025,4:13:27.185,29.029,33.204
17.4.2025,4:13:28.187,28.687,39.027
17.4.2025,4:13:29.191,28.824,43.795
17.4.2025,4:13:30.195,28.902,48.332
17.4.2025,4:13:31.208,28.979,32.471
17.4.2025,4:13:32.206,28.811,34.936
17.4.2025,4:13:33.208,29.075,41.517
17.4.2025,4:13:34.208,28.827,48.547
17.4.2025,4:13:35.224,28.939,53.350
17.4.2025,4:13:36.242,29.048,53.155
17.4.2025,4:13:37.258,29.146,48.082
17.4.2025,4:13:38.259,28.812,47.230
17.4.2025,4:13:39.273,28.893,46.061
17.4.2025,4:13:40.269,28.984,39.431
17.4.2025,4:13:41.286,29.021,32.797
17.4.2025,4:13:42.285,28.906,33.481
17.4.2025,4:13:43.300,29.031,39.755
17.4.2025,4:13:44.300,28.995,45.372
17.4.2025,4:13:45.317,28.679,52.361
17.4.2025,4:13:46.320,28.708,54.848
17.4.2025,4:13:47.318,28.969,54.992
17.4.2025,4:13:48.323,28.756,51.850
17.4.2025,4:13:49.338,29.003,47.711
17.4.2025,4:13:50.355,28.893,43.419
17.4.2025,4:13:51.370,29.188,44.992
17.4.2025,4:13:52.383,28.493,53.854
17.4.2025,4:13:53.387,29.157,51.660
17.4.2025,4:13:54.374,28.700,48.026
17.4.2025,4:13:55.373,28.888,47.053
17.4.2025,4:13:56.388,28.775,46.357
17.4.2025,4:13:57.392,29.009,40.210
17.4.2025,4:13:58.392,28.561,36.326
17.4.2025,4:13:59.392,28.996,33.031
17.4.2025,4:14:0.406,28.832,36.544
17.4.2025,4:14:1.408,28.970,39.518
17.4.2025,4:14:2.408,28.765,42.991
17.4.2025,4:14:3.423,29.073,50.831
17.4.2025,4:14:4.426,29.012,55.700
17.4.2025,4:14:5.428,28.638,52.144
17.4.2025,4:14:6.430,28.754,48.174
17.4.2025,4:14:7.436,28.887,47.088
17.4.2025,4:14:8.449,29.206,46.254
17.4.2025,4:14:9.447,28.859,43.620
17.4.2025,4:14:10.445,28.979,38.345
17.4.2025,4:14:11.445,29.077,33.713
17.4.2025,4:14:12.445,28.833,34.337
17.4.2025,4:14:13.459,29.073,46.305
17.4.2025,4:14:14.461,28.933,46.596
17.4.2025,4:14:15.477,31.307,44.433
17.4.2025,4:14:16.492,29.059,39.778
17.4.2025,4:14:17.493,28.822,34.167
17.4.2025,4:14:18.490,29.167,31.933
17.4.2025,4:14:19.491,28.730,36.598
17.4.2025,4:14:20.492,28.862,42.240
17.4.2025,4:14:21.507,29.090,47.948
17.4.2025,4:14:22.509,28.736,51.695
17.4.2025,4:14:23.525,29.139,35.904
17.4.2025,4:14:24.527,29.426,38.288
17.4.2025,4:14:25.525,29.896,42.364
17.4.2025,4:14:26.526,28.966,32.757
17.4.2025,4:14:27.527,29.123,36.992
17.4.2025,4:14:28.527,28.800,45.366
17.4.2025,4:14:29.557,28.617,49.802
17.4.2025,4:14:30.557,28.906,54.094
17.4.2025,4:14:31.557,28.753,54.589
17.4.2025,4:14:32.559,28.839,49.895
17.4.2025,4:14:33.573,29.106,46.733
17.4.2025,4:14:34.559,28.839,49.031
17.4.2025,4:14:35.560,28.942,54.255
17.4.2025,4:14:36.576,29.125,49.731
17.4.2025,4:14:37.576,28.661,47.471
17.4.2025,4:14:38.590,28.831,47.145
17.4.2025,4:14:39.589,28.708,43.325
17.4.2025,4:14:40.589,28.930,36.729
17.4.2025,4:14:41.607,28.927,32.212
17.4.2025,4:14:42.609,28.779,36.480
17.4.2025,4:14:43.607,29.018,43.183
17.4.2025,4:14:44.637,29.064,47.868
17.4.2025,4:14:45.640,29.025,53.058
17.4.2025,4:14:46.641,28.868,50.659
17.4.2025,4:14:47.646,28.863,49.848
17.4.2025,4:14:48.650,28.836,47.401
17.4.2025,4:14:49.649,28.663,46.704
17.4.2025,4:14:50.652,29.207,45.752
17.4.2025,4:14:51.639,29.051,37.866
17.4.2025,4:14:52.655,28.822,48.291
17.4.2025,4:14:53.673,28.971,47.438
17.4.2025,4:14:54.689,28.735,46.320
17.4.2025,4:14:55.688,28.886,40.376
17.4.2025,4:14:56.689,29.070,33.415
17.4.2025,4:14:57.704,28.951,35.288
17.4.2025,4:14:58.703,29.278,37.258
17.4.2025,4:14:59.703,28.816,44.872
17.4.2025,4:15:0.731,28.927,49.758
17.4.2025,4:15:1.716,28.659,53.093
17.4.2025,4:15:2.718,28.621,52.181
17.4.2025,4:15:3.719,28.738,49.264
17.4.2025,4:15:4.738,29.096,47.627
17.4.2025,4:15:5.750,29.105,47.534
17.4.2025,4:15:6.769,28.958,45.802
17.4.2025,4:15:7.774,29.115,39.998
17.4.2025,4:15:8.774,28.836,32.145
17.4.2025,4:15:9.772,28.729,34.660
17.4.2025,4:15:10.788,29.038,40.424
17.4.2025,4:15:11.790,28.994,47.274
17.4.2025,4:15:12.789,28.882,35.929
17.4.2025,4:15:13.793,28.987,32.133
17.4.2025,4:15:14.807,28.455,36.196
17.4.2025,4:15:15.821,28.968,40.060
17.4.2025,4:15:16.824,28.858,45.844
17.4.2025,4:15:17.823,29.179,50.817
17.4.2025,4:15:18.824,28.827,56.139
17.4.2025,4:15:19.837,29.155,52.515
17.4.2025,4:15:20.836,28.941,47.739
17.4.2025,4:15:21.855,28.959,47.281
17.4.2025,4:15:22.854,28.929,47.000
17.4.2025,4:15:23.854,28.872,41.163
17.4.2025,4:15:24.869,28.987,36.066
17.4.2025,4:15:25.866,29.016,33.319
17.4.2025,4:15:26.866,29.065,36.293
17.4.2025,4:15:27.877,29.062,39.280
17.4.2025,4:15:28.892,28.835,44.707
17.4.2025,4:15:29.897,28.869,49.633
17.4.2025,4:15:30.901,28.888,54.343
17.4.2025,4:15:31.900,28.704,49.974
17.4.2025,4:15:32.899,28.990,46.763
17.4.2025,4:15:33.914,28.778,47.231
17.4.2025,4:15:34.933,28.892,53.915
17.4.2025,4:15:35.949,31.598,49.965
17.4.2025,4:15:36.952,28.947,48.361
17.4.2025,4:15:37.969,28.737,47.422
17.4.2025,4:15:38.986,28.852,47.198
17.4.2025,4:15:40.003,29.009,42.301
17.4.2025,4:15:41.021,28.940,36.881
17.4.2025,4:15:42.020,28.931,32.577
17.4.2025,4:15:43.022,28.824,37.844
17.4.2025,4:15:44.019,28.947,43.165
17.4.2025,4:15:45.018,31.781,40.435
17.4.2025,4:15:46.018,28.784,50.262
17.4.2025,4:15:47.019,28.936,55.084
17.4.2025,4:15:48.024,28.729,37.474
17.4.2025,4:15:49.020,30.232,42.358
17.4.2025,4:15:50.021,29.986,43.028
17.4.2025,4:15:51.019,28.768,49.874
17.4.2025,4:15:52.022,28.929,54.866
17.4.2025,4:15:53.024,29.492,50.803
17.4.2025,4:15:54.024,28.978,48.055
17.4.2025,4:15:55.027,28.869,46.712
17.4.2025,4:15:56.027,28.874,47.080
17.4.2025,4:15:57.027,28.951,40.594
17.4.2025,4:15:58.014,28.906,35.645
17.4.2025,4:15:59.012,28.980,33.656
17.4.2025,4:16:0.016,28.904,37.380
17.4.2025,4:16:1.014,28.915,42.466
17.4.2025,4:16:2.015,28.812,47.233
17.4.2025,4:16:3.027,28.848,51.969
17.4.2025,4:16:4.044,28.830,54.155
17.4.2025,4:16:5.059,28.711,38.295
17.4.2025,4:16:6.073,28.845,41.811
17.4.2025,4:16:7.074,28.737,45.904
17.4.2025,4:16:8.078,28.825,49.557
17.4.2025,4:16:9.095,29.193,54.563
17.4.2025,4:16:10.096,28.905,49.327
17.4.2025,4:16:11.110,28.640,46.918
17.4.2025,4:16:12.110,28.766,46.927
17.4.2025,4:16:13.113,29.086,44.788
17.4.2025,4:16:14.110,28.978,40.450
17.4.2025,4:16:15.112,29.271,34.906
17.4.2025,4:16:16.109,28.881,33.079
17.4.2025,4:16:17.120,28.756,35.291
17.4.2025,4:16:18.110,28.895,44.284
17.4.2025,4:16:19.121,28.997,50.878
17.4.2025,4:16:20.108,28.989,53.036
17.4.2025,4:16:21.121,28.809,47.942
17.4.2025,4:16:22.108,28.870,47.419
17.4.2025,4:16:23.110,29.362,46.735
17.4.2025,4:16:24.109,29.128,39.241
17.4.2025,4:16:25.126,29.018,32.447
17.4.2025,4:16:26.128,28.932,37.090
17.4.2025,4:16:27.131,28.820,43.227
17.4.2025,4:16:28.123,29.709,41.215
17.4.2025,4:16:29.145,29.026,34.524
17.4.2025,4:16:30.146,28.644,33.828
17.4.2025,4:16:31.158,28.799,39.496
17.4.2025,4:16:32.161,29.039,47.455
17.4.2025,4:16:33.179,28.870,55.255
17.4.2025,4:16:34.182,29.050,53.193
17.4.2025,4:16:35.196,28.765,49.018
17.4.2025,4:16:36.196,29.574,46.384
17.4.2025,4:16:37.192,29.096,47.191
17.4.2025,4:16:38.209,28.838,41.687
17.4.2025,4:16:39.211,28.686,51.971
17.4.2025,4:16:40.212,29.179,48.108
17.4.2025,4:16:41.230,29.144,47.123
17.4.2025,4:16:42.215,29.241,45.792
17.4.2025,4:16:43.232,29.026,41.791
17.4.2025,4:16:44.246,28.823,35.294
17.4.2025,4:16:45.232,28.825,32.789
17.4.2025,4:16:46.249,28.790,35.796
17.4.2025,4:16:47.264,28.886,43.316
17.4.2025,4:16:48.263,28.731,47.714
17.4.2025,4:16:49.262,28.960,53.886
17.4.2025,4:16:50.291,28.780,54.608
17.4.2025,4:16:51.306,28.917,49.732
17.4.2025,4:16:52.309,29.258,47.211
17.4.2025,4:16:53.310,28.884,47.124
17.4.2025,4:16:54.312,29.011,45.771
17.4.2025,4:16:55.311,28.796,37.882
17.4.2025,4:16:56.314,28.869,31.247
17.4.2025,4:16:57.314,28.960,35.938
17.4.2025,4:16:58.314,28.943,46.882
17.4.2025,4:16:59.315,29.020,43.717
17.4.2025,4:17:0.314,29.123,38.330
17.4.2025,4:17:1.317,29.125,35.706
17.4.2025,4:17:2.317,29.276,39.972
17.4.2025,4:17:3.316,29.565,47.053
17.4.2025,4:17:4.317,29.087,54.852
17.4.2025,4:17:5.322,28.582,50.389
17.4.2025,4:17:6.337,28.677,47.395
17.4.2025,4:17:7.353,28.680,47.143
17.4.2025,4:17:8.351,28.739,45.871
17.4.2025,4:17:9.366,28.727,41.232
17.4.2025,4:17:10.381,28.899,36.418
17.4.2025,4:17:11.381,29.004,32.930
17.4.2025,4:17:12.395,28.993,35.903
17.4.2025,4:17:13.393,28.905,37.172
17.4.2025,4:17:14.392,28.567,47.119
17.4.2025,4:17:15.392,28.653,51.500
17.4.2025,4:17:16.396,28.753,51.392
17.4.2025,4:17:17.398,28.761,47.888
17.4.2025,4:17:18.401,28.908,47.023
17.4.2025,4:17:19.396,28.650,45.080
17.4.2025,4:17:20.412,29.091,52.023
17.4.2025,4:17:21.422,28.841,47.507
17.4.2025,4:17:22.437,29.097,33.866
17.4.2025,4:17:23.442,31.446,47.170
17.4.2025,4:17:24.442,28.828,44.813
17.4.2025,4:17:25.459,28.701,41.638
17.4.2025,4:17:26.458,28.975,36.498
17.4.2025,4:17:27.455,28.951,31.544
17.4.2025,4:17:28.473,28.595,35.431
17.4.2025,4:17:29.492,28.471,37.636
17.4.2025,4:17:30.490,28.950,44.392
17.4.2025,4:17:31.490,28.981,45.906
17.4.2025,4:17:32.491,28.802,50.263
17.4.2025,4:17:33.489,29.221,52.644
17.4.2025,4:17:34.487,28.809,48.510
17.4.2025,4:17:35.487,28.963,46.520
17.4.2025,4:17:36.503,28.750,47.153
17.4.2025,4:17:37.520,28.753,40.258
17.4.2025,4:17:38.521,28.861,36.458
17.4.2025,4:17:39.520,28.894,32.144
17.4.2025,4:17:40.520,28.869,47.234
17.4.2025,4:17:41.518,28.862,44.841
17.4.2025,4:17:42.516,28.953,40.193
17.4.2025,4:17:43.518,29.004,34.308
17.4.2025,4:17:44.515,28.835,32.274
17.4.2025,4:17:45.516,28.978,39.521
17.4.2025,4:17:46.519,28.593,45.724
17.4.2025,4:17:47.521,28.693,52.076
17.4.2025,4:17:48.522,28.549,53.796
17.4.2025,4:17:49.536,28.945,48.201
17.4.2025,4:17:50.555,28.847,46.437
17.4.2025,4:17:51.570,28.950,47.173
17.4.2025,4:17:52.573,28.953,44.092
17.4.2025,4:17:53.586,28.922,38.746
17.4.2025,4:17:54.586,28.506,36.811
17.4.2025,4:17:55.583,29.029,31.252
17.4.2025,4:17:56.603,28.737,38.181
17.4.2025,4:17:57.620,28.853,41.696
17.4.2025,4:17:58.620,28.702,44.760
17.4.2025,4:17:59.620,28.868,35.189
17.4.2025,4:18:0.620,29.005,35.018
17.4.2025,4:18:1.607,28.532,37.804
17.4.2025,4:18:2.622,28.568,46.696
17.4.2025,4:18:3.625,29.171,53.524
17.4.2025,4:18:4.640,29.005,51.202
17.4.2025,4:18:5.643,28.626,50.454
17.4.2025,4:18:6.643,28.874,47.625
17.4.2025,4:18:7.647,28.879,47.417
17.4.2025,4:18:8.661,28.905,47.084
17.4.2025,4:18:9.660,28.886,40.796
17.4.2025,4:18:10.661,29.158,36.554
17.4.2025,4:18:11.659,28.649,34.321
17.4.2025,4:18:12.660,28.649,40.474
17.4.2025,4:18:13.673,29.057,41.669
17.4.2025,4:18:14.691,29.053,35.663
17.4.2025,4:18:15.708,28.649,30.558
17.4.2025,4:18:16.721,28.833,33.859
17.4.2025,4:18:17.739,28.709,40.080
17.4.2025,4:18:18.754,28.815,47.859
17.4.2025,4:18:19.755,28.620,50.739
17.4.2025,4:18:20.752,28.729,54.835
17.4.2025,4:18:21.770,28.762,50.211
17.4.2025,4:18:22.775,29.076,47.302
17.4.2025,4:18:23.771,28.775,47.214
17.4.2025,4:18:24.771,28.578,44.893
17.4.2025,4:18:25.789,28.850,40.898
17.4.2025,4:18:26.791,29.115,35.495
17.4.2025,4:18:27.808,28.956,36.317
17.4.2025,4:18:28.807,28.741,40.699
17.4.2025,4:18:29.807,28.975,46.525
17.4.2025,4:18:30.823,28.521,56.789
17.4.2025,4:18:31.822,29.106,52.511
17.4.2025,4:18:32.822,29.148,47.466
17.4.2025,4:18:33.825,29.679,47.189
17.4.2025,4:18:34.810,28.580,44.748
17.4.2025,4:18:35.825,28.793,52.539
17.4.2025,4:18:36.841,28.880,48.224
17.4.2025,4:18:37.842,28.859,47.646
17.4.2025,4:18:38.844,28.913,47.118
17.4.2025,4:18:39.860,28.715,40.253
17.4.2025,4:18:40.860,28.742,36.036
17.4.2025,4:18:41.857,28.895,33.121
17.4.2025,4:18:42.858,28.895,36.241
17.4.2025,4:18:43.858,28.767,39.911
17.4.2025,4:18:44.856,28.864,48.126
17.4.2025,4:18:45.862,28.724,55.673
17.4.2025,4:18:46.862,29.082,51.770
17.4.2025,4:18:47.883,28.896,48.575
17.4.2025,4:18:48.883,28.956,47.075
17.4.2025,4:18:49.884,28.798,53.455
17.4.2025,4:18:50.882,28.978,53.690
17.4.2025,4:18:51.882,28.915,48.925
17.4.2025,4:18:52.893,28.758,47.372
17.4.2025,4:18:53.894,28.936,47.023
17.4.2025,4:18:54.898,28.847,43.196
17.4.2025,4:18:55.900,28.787,36.249
17.4.2025,4:18:56.901,29.025,33.291
17.4.2025,4:18:57.901,29.006,32.001
17.4.2025,4:18:58.889,31.393,40.056
17.4.2025,4:18:59.891,28.703,44.814
17.4.2025,4:19:0.906,28.628,48.510
17.4.2025,4:19:1.906,28.789,54.121
17.4.2025,4:19:2.903,28.985,49.720
17.4.2025,4:19:3.920,28.941,47.129
17.4.2025,4:19:4.934,29.238,47.095
17.4.2025,4:19:5.950,28.478,47.347
17.4.2025,4:19:6.935,28.872,42.952
17.4.2025,4:19:7.939,28.872,35.215
17.4.2025,4:19:8.939,28.560,33.802
17.4.2025,4:19:9.939,28.987,34.601
17.4.2025,4:19:10.953,29.056,40.255
17.4.2025,4:19:11.958,28.965,40.958
17.4.2025,4:19:12.959,28.941,35.064
17.4.2025,4:19:13.953,29.012,32.621
17.4.2025,4:19:14.956,28.841,36.839
17.4.2025,4:19:15.960,28.653,43.111
17.4.2025,4:19:16.958,28.892,53.288
17.4.2025,4:19:17.975,29.162,55.092
17.4.2025,4:19:18.995,28.876,48.910
17.4.2025,4:19:19.993,28.804,47.659
17.4.2025,4:19:20.993,28.894,47.125
17.4.2025,4:19:21.992,28.934,45.383
17.4.2025,4:19:23.009,28.790,41.408
17.4.2025,4:19:24.011,28.924,37.042
17.4.2025,4:19:25.010,28.849,32.478
17.4.2025,4:19:26.010,28.854,33.764
17.4.2025,4:19:27.024,28.926,39.015
17.4.2025,4:19:28.027,28.946,40.825
17.4.2025,4:19:29.017,28.732,36.831
17.4.2025,4:19:30.033,29.003,33.214
17.4.2025,4:19:31.051,28.950,41.449
17.4.2025,4:19:32.068,29.170,45.959
17.4.2025,4:19:33.071,28.892,50.899
17.4.2025,4:19:34.083,29.073,53.547
17.4.2025,4:19:35.085,29.050,47.596
17.4.2025,4:19:36.090,28.782,46.953
17.4.2025,4:19:37.087,28.718,47.027
17.4.2025,4:19:38.089,28.762,37.730
17.4.2025,4:19:39.090,29.268,43.868
17.4.2025,4:19:40.090,29.526,33.536
17.4.2025,4:19:41.104,29.336,46.964
17.4.2025,4:19:42.120,29.101,53.809
17.4.2025,4:19:43.119,28.876,52.748
17.4.2025,4:19:44.118,28.903,47.757
17.4.2025,4:19:45.134,28.974,45.992
17.4.2025,4:19:46.137,28.825,51.133
17.4.2025,4:19:47.123,28.855,53.262
17.4.2025,4:19:48.139,28.848,49.999
17.4.2025,4:19:49.139,28.954,46.539
17.4.2025,4:19:50.152,28.826,47.235
17.4.2025,4:19:51.141,28.410,41.777
17.4.2025,4:19:52.141,28.835,36.960
17.4.2025,4:19:53.156,28.741,31.216
17.4.2025,4:19:54.168,28.801,36.030
17.4.2025,4:19:55.186,28.923,39.400
17.4.2025,4:19:56.202,28.894,44.442
17.4.2025,4:19:57.218,29.174,50.383
17.4.2025,4:19:58.222,28.935,55.078
17.4.2025,4:19:59.238,29.411,50.771
17.4.2025,4:20:0.237,28.865,46.888
17.4.2025,4:20:1.255,29.107,49.567
17.4.2025,4:20:2.270,28.856,53.952
17.4.2025,4:20:3.272,28.817,48.106
17.4.2025,4:20:4.266,28.946,46.471
17.4.2025,4:20:5.269,28.967,47.211
17.4.2025,4:20:6.266,29.097,46.163
17.4.2025,4:20:7.266,29.035,39.268
17.4.2025,4:20:8.279,28.856,37.054
17.4.2025,4:20:9.280,28.906,31.270
17.4.2025,4:20:10.296,28.747,34.470
17.4.2025,4:20:11.313,29.093,38.956
17.4.2025,4:20:12.314,29.008,45.046
17.4.2025,4:20:13.317,28.909,51.841
17.4.2025,4:20:14.318,28.769,54.743
17.4.2025,4:20:15.334,28.928,49.813
17.4.2025,4:20:16.349,28.823,47.782
17.4.2025,4:20:17.366,28.957,47.125
17.4.2025,4:20:18.356,28.693,46.284
17.4.2025,4:20:19.370,28.867,42.740
17.4.2025,4:20:20.358,28.620,50.885
17.4.2025,4:20:21.360,28.910,50.441
17.4.2025,4:20:22.358,28.691,47.365
17.4.2025,4:20:23.373,28.937,47.256
17.4.2025,4:20:24.391,29.169,46.008
17.4.2025,4:20:25.392,28.741,39.931
17.4.2025,4:20:26.390,28.840,33.946
17.4.2025,4:20:27.393,28.797,34.389
17.4.2025,4:20:28.391,29.250,36.883
17.4.2025,4:20:29.392,29.449,42.186
17.4.2025,4:20:30.406,29.014,46.988
17.4.2025,4:20:31.403,28.749,52.354
17.4.2025,4:20:32.405,30.197,54.963
17.4.2025,4:20:33.422,30.090,50.853
17.4.2025,4:20:34.435,28.892,47.751
17.4.2025,4:20:35.434,29.174,46.804
17.4.2025,4:20:36.436,29.638,46.626
17.4.2025,4:20:37.439,28.865,40.437
17.4.2025,4:20:38.456,28.813,51.091
17.4.2025,4:20:39.473,29.051,47.732
17.4.2025,4:20:40.475,29.028,47.067
17.4.2025,4:20:41.492,28.809,44.170
17.4.2025,4:20:42.491,28.498,39.988
17.4.2025,4:20:43.509,28.896,35.247
17.4.2025,4:20:44.506,28.834,32.103
17.4.2025,4:20:45.509,29.033,35.166
17.4.2025,4:20:46.525,28.751,41.269
17.4.2025,4:20:47.523,29.053,46.911
17.4.2025,4:20:48.523,28.922,50.864
17.4.2025,4:20:49.525,29.119,56.350
17.4.2025,4:20:50.527,28.458,52.353
17.4.2025,4:20:51.527,28.897,47.826
17.4.2025,4:20:52.514,28.819,47.113
17.4.2025,4:20:53.516,29.234,46.936
17.4.2025,4:20:54.528,28.650,47.281
17.4.2025,4:20:55.544,28.969,44.821
17.4.2025,4:20:56.547,28.812,42.597
17.4.2025,4:20:57.560,28.891,37.553
17.4.2025,4:20:58.559,28.971,33.268
17.4.2025,4:20:59.560,28.672,47.390
17.4.2025,4:21:0.574,28.800,47.318
17.4.2025,4:21:1.574,29.610,40.339
17.4.2025,4:21:2.574,28.733,36.556
17.4.2025,4:21:3.578,29.005,31.211
17.4.2025,4:21:4.578,29.121,36.061
17.4.2025,4:21:5.598,28.956,40.292
17.4.2025,4:21:6.596,28.966,46.420
17.4.2025,4:21:7.611,28.476,50.038
17.4.2025,4:21:8.631,28.803,53.442
17.4.2025,4:21:9.645,28.978,50.491
17.4.2025,4:21:10.647,28.633,48.707
17.4.2025,4:21:11.649,28.900,47.026
17.4.2025,4:21:12.647,28.909,47.006
17.4.2025,4:21:13.663,29.118,53.149
17.4.2025,4:21:14.663,29.003,50.448
17.4.2025,4:21:15.662,28.928,47.799
17.4.2025,4:21:16.677,28.855,47.544
17.4.2025,4:21:17.693,29.122,47.053
17.4.2025,4:21:18.708,29.007,44.495
17.4.2025,4:21:19.711,28.790,38.594
17.4.2025,4:21:20.712,28.503,37.811
17.4.2025,4:21:21.726,28.721,31.202
17.4.2025,4:21:22.742,28.661,38.434
17.4.2025,4:21:23.744,29.113,42.169
17.4.2025,4:21:24.744,28.997,48.748
17.4.2025,4:21:25.746,28.840,53.274
17.4.2025,4:21:26.761,28.881,54.795
17.4.2025,4:21:27.748,28.456,49.947
17.4.2025,4:21:28.749,28.953,47.453
17.4.2025,4:21:29.765,28.770,47.267
17.4.2025,4:21:30.766,28.963,46.705
17.4.2025,4:21:31.767,28.717,45.430
17.4.2025,4:21:32.771,28.916,40.484
17.4.2025,4:21:33.784,28.654,36.512
17.4.2025,4:21:34.800,28.870,48.789
17.4.2025,4:21:35.801,28.950,47.313
17.4.2025,4:21:36.816,28.844,47.093
17.4.2025,4:21:37.816,29.004,44.546
17.4.2025,4:21:38.817,28.828,40.988
17.4.2025,4:21:39.820,28.936,35.434
17.4.2025,4:21:40.821,28.631,32.147
17.4.2025,4:21:41.822,28.702,34.388
17.4.2025,4:21:42.820,29.089,37.278
17.4.2025,4:21:43.837,28.829,39.541
17.4.2025,4:21:44.840,29.023,42.237
17.4.2025,4:21:45.837,28.914,46.838
17.4.2025,4:21:46.853,28.692,51.171
17.4.2025,4:21:47.871,28.570,53.617
17.4.2025,4:21:48.871,28.873,50.839
17.4.2025,4:21:49.872,28.929,48.003
17.4.2025,4:21:50.900,28.717,44.186
17.4.2025,4:21:51.902,29.344,47.980
17.4.2025,4:21:52.891,29.308,51.668
17.4.2025,4:21:53.889,29.027,52.117
17.4.2025,4:21:54.888,29.061,48.555
17.4.2025,4:21:55.893,28.722,47.418
17.4.2025,4:21:56.898,28.919,46.663
17.4.2025,4:21:57.900,28.668,47.341
17.4.2025,4:21:58.889,28.914,44.979
17.4.2025,4:21:59.888,28.616,43.848
17.4.2025,4:22:0.903,28.827,38.030
17.4.2025,4:22:1.906,29.029,31.767
17.4.2025,4:22:2.910,28.814,31.188
17.4.2025,4:22:3.907,28.951,30.410
17.4.2025,4:22:4.906,28.543,36.752
17.4.2025,4:22:5.921,29.262,39.800
17.4.2025,4:22:6.936,31.023,39.489
17.4.2025,4:22:7.935,29.433,45.456
17.4.2025,4:22:8.935,28.997,49.777
17.4.2025,4:22:9.935,28.821,49.777
17.4.2025,4:22:10.936,28.796,53.712
17.4.2025,4:22:11.938,28.954,48.161
17.4.2025,4:22:12.936,29.113,47.114
17.4.2025,4:22:13.955,28.714,46.687
17.4.2025,4:22:14.957,28.867,51.854
17.4.2025,4:22:15.969,28.679,53.317
17.4.2025,4:22:16.985,29.098,38.028
17.4.2025,4:22:18.004,29.557,38.689
17.4.2025,4:22:19.008,29.425,41.773
17.4.2025,4:22:20.021,28.991,39.373
17.4.2025,4:22:21.025,28.740,46.567
17.4.2025,4:22:22.023,28.898,46.567
17.4.2025,4:22:23.021,28.738,52.482
17.4.2025,4:22:24.027,28.985,54.890
17.4.2025,4:22:25.026,29.218,50.638
17.4.2025,4:22:26.036,28.802,47.982
17.4.2025,4:22:27.041,28.956,47.066
17.4.2025,4:22:28.057,29.036,45.281
17.4.2025,4:22:29.061,29.062,40.872
17.4.2025,4:22:30.061,28.694,34.862
17.4.2025,4:22:31.059,29.041,32.996
17.4.2025,4:22:32.060,28.621,31.075
17.4.2025,4:22:33.061,28.921,35.997
17.4.2025,4:22:34.074,28.650,40.682
17.4.2025,4:22:35.077,28.807,47.784
17.4.2025,4:22:36.076,29.015,53.498
17.4.2025,4:22:37.089,29.033,50.854
17.4.2025,4:22:38.089,29.002,47.024
17.4.2025,4:22:39.091,28.911,47.294
17.4.2025,4:22:40.106,28.734,44.646
17.4.2025,4:22:41.105,28.596,39.308
17.4.2025,4:22:42.121,28.804,49.787
17.4.2025,4:22:43.120,28.888,47.509
17.4.2025,4:22:44.109,28.838,36.433
17.4.2025,4:22:45.114,28.892,46.271
17.4.2025,4:22:46.111,28.937,50.509
17.4.2025,4:22:47.117,29.020,32.220
17.4.2025,4:22:48.110,28.614,36.758
17.4.2025,4:22:49.125,28.835,41.659
17.4.2025,4:22:50.126,28.548,45.063
17.4.2025,4:22:51.127,28.967,51.825
17.4.2025,4:22:52.127,28.648,53.682
17.4.2025,4:22:53.140,28.611,52.439
17.4.2025,4:22:54.141,28.790,50.182
17.4.2025,4:22:55.139,28.826,48.873
17.4.2025,4:22:56.154,28.729,47.246
17.4.2025,4:22:57.152,28.902,47.067
17.4.2025,4:22:58.169,28.896,45.059
17.4.2025,4:22:59.170,28.684,40.173
17.4.2025,4:23:0.187,28.708,38.783
17.4.2025,4:23:1.188,29.179,33.745
17.4.2025,4:23:2.189,28.800,34.030
17.4.2025,4:23:3.189,28.846,38.308
17.4.2025,4:23:4.191,28.891,45.083
17.4.2025,4:23:5.193,28.952,51.012
17.4.2025,4:23:6.197,29.040,51.142
17.4.2025,4:23:7.197,29.186,52.088
17.4.2025,4:23:8.201,28.645,47.377
17.4.2025,4:23:9.218,28.784,47.577
17.4.2025,4:23:10.236,28.810,52.246
17.4.2025,4:23:11.238,28.683,53.392
17.4.2025,4:23:12.242,29.035,48.229
17.4.2025,4:23:13.257,28.757,47.732
17.4.2025,4:23:14.258,28.463,46.705
17.4.2025,4:23:15.258,29.110,43.932
17.4.2025,4:23:16.277,28.875,37.201
17.4.2025,4:23:17.263,28.995,32.526
17.4.2025,4:23:18.264,28.951,35.650
17.4.2025,4:23:19.264,28.508,39.511
17.4.2025,4:23:20.266,28.812,44.957
17.4.2025,4:23:21.268,28.978,37.862
17.4.2025,4:23:22.269,28.586,30.375
17.4.2025,4:23:23.285,28.780,33.285
17.4.2025,4:23:24.289,29.223,39.217
17.4.2025,4:23:25.290,29.044,45.574
17.4.2025,4:23:26.293,28.919,49.442
17.4.2025,4:23:27.278,28.918,54.795
17.4.2025,4:23:28.295,28.911,52.682
17.4.2025,4:23:29.311,28.865,48.792
17.4.2025,4:23:30.312,28.779,47.413
17.4.2025,4:23:31.310,28.823,47.157
17.4.2025,4:23:32.331,28.931,42.633
17.4.2025,4:23:33.332,28.815,51.703
17.4.2025,4:23:34.332,28.729,49.555
17.4.2025,4:23:35.333,29.099,46.835
17.4.2025,4:23:36.351,28.791,47.061
17.4.2025,4:23:37.365,29.110,45.420
17.4.2025,4:23:38.367,28.499,39.366
17.4.2025,4:23:39.368,28.873,35.859
17.4.2025,4:23:40.384,28.818,32.929
17.4.2025,4:23:41.397,31.370,32.598
17.4.2025,4:23:42.397,28.787,35.854
17.4.2025,4:23:43.399,28.839,39.678
17.4.2025,4:23:44.398,28.792,45.034
17.4.2025,4:23:45.400,28.989,51.444
17.4.2025,4:23:46.401,28.941,55.222
17.4.2025,4:23:47.402,28.744,50.844
17.4.2025,4:23:48.406,28.980,47.293
17.4.2025,4:23:49.403,29.040,47.091
17.4.2025,4:23:50.403,28.857,45.446
17.4.2025,4:23:51.403,29.047,40.488
17.4.2025,4:23:52.406,28.965,50.961
17.4.2025,4:23:53.405,29.059,47.516
17.4.2025,4:23:54.422,28.741,47.080
17.4.2025,4:23:55.425,28.889,47.223
17.4.2025,4:23:56.440,28.998,44.137
17.4.2025,4:23:57.439,29.046,38.565
17.4.2025,4:23:58.441,28.631,35.481
17.4.2025,4:23:59.441,28.842,31.685
17.4.2025,4:24:0.455,29.074,33.014
17.4.2025,4:24:1.456,28.897,37.997
17.4.2025,4:24:2.461,28.759,41.770
17.4.2025,4:24:3.478,28.975,46.983
17.4.2025,4:24:4.491,28.771,52.238
17.4.2025,4:24:5.492,28.673,53.594
17.4.2025,4:24:6.490,28.816,49.412
17.4.2025,4:24:7.491,28.909,47.588
17.4.2025,4:24:8.492,28.725,46.733
17.4.2025,4:24:9.493,29.060,50.949
17.4.2025,4:24:10.482,28.734,54.098
17.4.2025,4:24:11.483,28.797,52.210
17.4.2025,4:24:12.484,28.777,48.694
17.4.2025,4:24:13.499,28.574,46.916
17.4.2025,4:24:14.499,28.959,47.297
17.4.2025,4:24:15.514,28.954,46.948
17.4.2025,4:24:16.516,29.147,47.111
17.4.2025,4:24:17.517,29.118,42.248
17.4.2025,4:24:18.518,29.072,36.759
17.4.2025,4:24:19.516,28.912,32.264
17.4.2025,4:24:20.515,29.259,34.576
17.4.2025,4:24:21.529,29.029,39.439
17.4.2025,4:24:22.530,28.824,45.413
17.4.2025,4:24:23.531,29.315,50.424
17.4.2025,4:24:24.534,28.661,55.448
17.4.2025,4:24:25.551,28.970,36.069
17.4.2025,4:24:26.569,29.114,38.900
17.4.2025,4:24:27.571,28.968,44.838
17.4.2025,4:24:28.587,28.828,52.168
17.4.2025,4:24:29.588,28.965,54.468
17.4.2025,4:24:30.604,28.992,49.047
17.4.2025,4:24:31.592,28.888,47.630
17.4.2025,4:24:32.610,28.881,47.387
17.4.2025,4:24:33.611,28.891,46.155
17.4.2025,4:24:34.614,29.449,42.678
17.4.2025,4:24:35.614,28.942,39.337
17.4.2025,4:24:36.614,28.796,33.984
17.4.2025,4:24:37.614,29.311,32.632
17.4.2025,4:24:38.631,28.946,36.281
17.4.2025,4:24:39.635,28.978,47.001
17.4.2025,4:24:40.632,29.277,41.486
17.4.2025,4:24:41.634,28.869,49.244
17.4.2025,4:24:42.625,28.929,32.068
17.4.2025,4:24:43.639,28.810,36.339
17.4.2025,4:24:44.642,28.773,38.179
17.4.2025,4:24:45.638,29.344,46.701
17.4.2025,4:24:46.639,28.901,53.960
17.4.2025,4:24:47.639,29.036,53.903
17.4.2025,4:24:48.653,29.019,49.440
17.4.2025,4:24:49.668,29.219,47.169
17.4.2025,4:24:50.687,28.964,47.217
17.4.2025,4:24:51.700,28.769,43.273
17.4.2025,4:24:52.716,28.809,38.608
17.4.2025,4:24:53.731,28.545,34.234
17.4.2025,4:24:54.717,29.013,35.165
17.4.2025,4:24:55.737,29.554,43.801
17.4.2025,4:24:56.739,29.157,38.723
17.4.2025,4:24:57.736,29.171,35.496
17.4.2025,4:24:58.740,28.816,55.119
17.4.2025,4:24:59.743,28.723,33.807
17.4.2025,4:25:0.760,28.943,36.613
17.4.2025,4:25:1.750,28.960,39.147
17.4.2025,4:25:2.751,28.674,47.902
17.4.2025,4:25:3.769,28.858,52.630
17.4.2025,4:25:4.770,28.886,51.782
17.4.2025,4:25:5.770,28.950,47.934
17.4.2025,4:25:6.770,28.740,46.666
17.4.2025,4:25:7.771,29.133,46.893
17.4.2025,4:25:8.774,28.874,41.465
17.4.2025,4:25:9.765,28.769,33.051
17.4.2025,4:25:10.764,28.829,34.749
17.4.2025,4:25:11.763,28.764,46.872
17.4.2025,4:25:12.764,28.732,42.615
17.4.2025,4:25:13.778,28.834,40.216
17.4.2025,4:25:14.794,28.896,35.180
17.4.2025,4:25:15.797,31.352,32.879
17.4.2025,4:25:16.799,28.938,32.740
17.4.2025,4:25:17.818,29.228,35.840
17.4.2025,4:25:18.817,29.005,40.632
17.4.2025,4:25:19.832,28.784,45.994
17.4.2025,4:25:20.847,28.826,50.790
17.4.2025,4:25:21.850,28.927,54.957
17.4.2025,4:25:22.853,28.808,52.526
17.4.2025,4:25:23.853,28.995,48.329
17.4.2025,4:25:24.852,28.794,46.915
17.4.2025,4:25:25.855,28.798,45.912
17.4.2025,4:25:26.868,29.250,41.084
17.4.2025,4:25:27.882,28.917,36.039
17.4.2025,4:25:28.882,29.107,33.459
17.4.2025,4:25:29.895,28.651,34.633
17.4.2025,4:25:30.909,28.841,36.635
17.4.2025,4:25:31.909,29.407,40.490
17.4.2025,4:25:32.910,28.794,42.609
17.4.2025,4:25:33.908,28.889,36.597
17.4.2025,4:25:34.910,29.029,32.023
17.4.2025,4:25:35.912,29.107,35.175
17.4.2025,4:25:36.929,29.019,38.392
17.4.2025,4:25:37.927,29.014,45.532
17.4.2025,4:25:38.943,28.907,50.039
17.4.2025,4:25:39.943,28.681,53.585
17.4.2025,4:25:40.947,28.682,48.562
17.4.2025,4:25:41.943,28.708,47.432
17.4.2025,4:25:42.962,28.739,47.327
17.4.2025,4:25:43.960,29.250,42.478
17.4.2025,4:25:44.977,28.689,38.461
17.4.2025,4:25:45.978,28.985,32.390
17.4.2025,4:25:46.996,28.877,35.107
17.4.2025,4:25:48.010,29.062,43.404
17.4.2025,4:25:49.009,28.738,38.500
17.4.2025,4:25:50.011,28.808,31.193
17.4.2025,4:25:51.027,29.074,34.978
17.4.2025,4:25:52.013,28.733,40.111
17.4.2025,4:25:53.016,28.812,49.191
17.4.2025,4:25:54.019,29.090,51.968
17.4.2025,4:25:55.022,28.771,54.571
17.4.2025,4:25:56.022,28.747,50.833
17.4.2025,4:25:57.024,28.560,50.021
17.4.2025,4:25:58.024,28.430,47.098
17.4.2025,4:25:59.023,28.710,47.034
17.4.2025,4:26:0.025,28.780,45.805
17.4.2025,4:26:1.013,28.515,40.790
17.4.2025,4:26:2.016,28.913,36.874
17.4.2025,4:26:3.016,28.931,32.431
17.4.2025,4:26:4.019,28.694,37.608
17.4.2025,4:26:5.020,28.855,42.129
17.4.2025,4:26:6.018,29.019,50.642
17.4.2025,4:26:7.021,29.164,54.720
17.4.2025,4:26:8.020,28.911,37.739
17.4.2025,4:26:9.022,28.820,42.313
17.4.2025,4:26:10.027,28.822,47.544
17.4.2025,4:26:11.027,28.941,51.766
17.4.2025,4:26:12.029,29.073,55.938
17.4.2025,4:26:13.033,28.770,52.701
17.4.2025,4:26:14.034,28.976,48.491
17.4.2025,4:26:15.034,28.697,46.649
17.4.2025,4:26:16.032,28.761,46.902
17.4.2025,4:26:17.033,28.943,44.689
17.4.2025,4:26:18.036,28.772,41.317
17.4.2025,4:26:19.035,28.879,32.955
17.4.2025,4:26:20.036,28.777,35.359
17.4.2025,4:26:21.036,28.785,41.030
17.4.2025,4:26:22.051,28.864,46.701
17.4.2025,4:26:23.054,28.988,56.190
17.4.2025,4:26:24.070,28.635,52.538
17.4.2025,4:26:25.071,29.025,39.277
17.4.2025,4:26:26.075,28.952,44.390
17.4.2025,4:26:27.076,29.097,51.355
17.4.2025,4:26:28.080,28.932,55.475
17.4.2025,4:26:29.082,28.549,52.231
17.4.2025,4:26:30.099,28.932,48.268
17.4.2025,4:26:31.117,28.745,46.356
17.4.2025,4:26:32.118,28.533,47.007
17.4.2025,4:26:33.122,28.685,40.517
17.4.2025,4:26:34.108,29.039,48.128
17.4.2025,4:26:35.112,29.110,46.697
17.4.2025,4:26:36.112,30.951,46.892
17.4.2025,4:26:37.110,31.791,46.370
17.4.2025,4:26:38.111,29.354,46.545
17.4.2025,4:26:39.129,28.716,43.179
17.4.2025,4:26:40.129,28.929,36.797
17.4.2025,4:26:41.140,28.964,32.977
17.4.2025,4:26:42.145,28.565,38.357
17.4.2025,4:26:43.144,28.872,44.083
17.4.2025,4:26:44.146,28.950,50.137
17.4.2025,4:26:45.145,28.991,54.585
17.4.2025,4:26:46.147,29.730,55.295
17.4.2025,4:26:47.149,29.054,53.982
17.4.2025,4:26:48.150,28.768,48.177
17.4.2025,4:26:49.150,28.729,48.766
17.4.2025,4:26:50.155,31.715,47.115
17.4.2025,4:26:51.158,28.935,49.870
17.4.2025,4:26:52.158,29.054,54.486
17.4.2025,4:26:53.173,28.795,54.590
17.4.2025,4:26:54.191,28.874,51.937
17.4.2025,4:26:55.205,28.881,48.036
17.4.2025,4:26:56.207,28.920,47.345
17.4.2025,4:26:57.223,28.948,46.140
17.4.2025,4:26:58.224,28.501,43.659
17.4.2025,4:26:59.239,28.853,39.335
17.4.2025,4:27:0.258,29.154,34.143
17.4.2025,4:27:1.246,28.732,34.848
17.4.2025,4:27:2.264,28.976,47.428
17.4.2025,4:27:3.265,29.370,42.464
17.4.2025,4:27:4.271,28.778,36.802
17.4.2025,4:27:5.273,28.831,32.528
17.4.2025,4:27:6.277,28.499,37.915
17.4.2025,4:27:7.292,28.673,41.236
17.4.2025,4:27:8.290,28.632,48.094
17.4.2025,4:27:9.292,28.817,53.016
17.4.2025,4:27:10.308,28.587,53.303
17.4.2025,4:27:11.312,28.771,50.245
17.4.2025,4:27:12.312,28.863,46.975
17.4.2025,4:27:13.313,28.797,47.095
17.4.2025,4:27:14.316,28.972,44.977
17.4.2025,4:27:15.318,28.872,53.618
17.4.2025,4:27:16.322,28.737,49.428
17.4.2025,4:27:17.321,28.899,46.848
17.4.2025,4:27:18.333,28.765,47.245
17.4.2025,4:27:19.349,28.874,42.924
17.4.2025,4:27:20.348,28.660,37.401
17.4.2025,4:27:21.351,28.702,32.006
17.4.2025,4:27:22.348,28.728,36.670
17.4.2025,4:27:23.359,28.738,41.646
17.4.2025,4:27:24.362,29.001,47.784
17.4.2025,4:27:25.377,28.980,51.851
17.4.2025,4:27:26.380,29.232,52.106
17.4.2025,4:27:27.398,28.784,51.809
17.4.2025,4:27:28.397,29.106,46.874
17.4.2025,4:27:29.398,28.610,47.235
17.4.2025,4:27:30.388,28.775,46.804
17.4.2025,4:27:31.389,28.941,41.686
17.4.2025,4:27:32.392,29.006,38.937
17.4.2025,4:27:33.407,29.320,39.271
17.4.2025,4:27:34.411,29.428,42.670
17.4.2025,4:27:35.429,29.063,31.151
17.4.2025,4:27:36.445,28.969,39.979
17.4.2025,4:27:37.447,28.873,46.254
17.4.2025,4:27:38.435,28.606,50.834
17.4.2025,4:27:39.438,28.913,55.759
17.4.2025,4:27:40.439,28.816,52.166
17.4.2025,4:27:41.444,28.840,47.822
17.4.2025,4:27:42.446,28.633,47.561
17.4.2025,4:27:43.447,28.756,46.957
17.4.2025,4:27:44.460,29.039,52.605
17.4.2025,4:27:45.477,28.838,48.408
17.4.2025,4:27:46.477,28.968,47.097
17.4.2025,4:27:47.494,28.843,46.916
17.4.2025,4:27:48.513,29.053,42.492
17.4.2025,4:27:49.525,28.804,36.514
17.4.2025,4:27:50.522,28.666,33.316
17.4.2025,4:27:51.525,28.909,39.861
17.4.2025,4:27:52.527,28.753,47.607
17.4.2025,4:27:53.525,28.920,54.937
17.4.2025,4:27:54.524,29.134,53.224
17.4.2025,4:27:55.526,28.601,48.650
17.4.2025,4:27:56.514,28.718,47.323
17.4.2025,4:27:57.516,28.856,46.421
17.4.2025,4:27:58.530,28.858,53.845
17.4.2025,4:27:59.544,28.977,49.184
17.4.2025,4:28:0.546,28.970,46.664
17.4.2025,4:28:1.548,28.821,46.780
17.4.2025,4:28:2.564,28.765,42.828
17.4.2025,4:28:3.565,28.678,36.634
17.4.2025,4:28:4.567,28.703,32.922
17.4.2025,4:28:5.567,28.902,38.591
17.4.2025,4:28:6.569,28.824,43.716
17.4.2025,4:28:7.569,28.847,51.748
17.4.2025,4:28:8.571,28.885,51.944
17.4.2025,4:28:9.572,28.916,37.946
17.4.2025,4:28:10.571,28.813,43.418
17.4.2025,4:28:11.571,28.587,48.289
17.4.2025,4:28:12.589,28.723,53.316
17.4.2025,4:28:13.590,29.006,55.189
17.4.2025,4:28:14.589,28.778,50.303
17.4.2025,4:28:15.604,28.915,46.973
17.4.2025,4:28:16.618,28.822,47.001
17.4.2025,4:28:17.635,28.861,43.248
17.4.2025,4:28:18.650,29.290,37.549
17.4.2025,4:28:19.647,28.964,31.122
17.4.2025,4:28:20.649,28.845,36.378
17.4.2025,4:28:21.638,28.766,41.753
17.4.2025,4:28:22.640,29.085,48.120
17.4.2025,4:28:23.642,28.781,33.343
17.4.2025,4:28:24.659,31.645,33.043
17.4.2025,4:28:25.671,29.059,32.307
17.4.2025,4:28:26.675,28.733,35.979
17.4.2025,4:28:27.673,29.018,43.619
17.4.2025,4:28:28.678,28.710,47.268
17.4.2025,4:28:29.692,28.879,55.437
17.4.2025,4:28:30.693,28.682,53.291
17.4.2025,4:28:31.691,28.961,50.688
17.4.2025,4:28:32.695,28.905,47.639
17.4.2025,4:28:33.691,28.719,47.537
17.4.2025,4:28:34.692,28.800,47.017
17.4.2025,4:28:35.694,28.760,40.327
17.4.2025,4:28:36.695,28.616,35.071
17.4.2025,4:28:37.700,28.710,32.219
17.4.2025,4:28:38.715,28.776,47.233
17.4.2025,4:28:39.731,28.675,45.806
17.4.2025,4:28:40.733,28.804,43.767
17.4.2025,4:28:41.733,29.058,37.775
17.4.2025,4:28:42.733,28.601,33.787
17.4.2025,4:28:43.739,28.683,33.893
17.4.2025,4:28:44.755,28.506,36.762
17.4.2025,4:28:45.769,29.037,45.139
17.4.2025,4:28:46.770,28.941,48.128
17.4.2025,4:28:47.783,28.779,54.219
17.4.2025,4:28:48.798,28.834,48.711
17.4.2025,4:28:49.799,28.823,46.360
17.4.2025,4:28:50.799,29.132,46.808
17.4.2025,4:28:51.814,28.786,46.902
17.4.2025,4:28:52.832,28.753,42.944
17.4.2025,4:28:53.848,28.798,37.554
17.4.2025,4:28:54.852,28.957,48.135
17.4.2025,4:28:55.866,29.171,46.348
17.4.2025,4:28:56.870,28.731,47.376
17.4.2025,4:28:57.871,28.913,40.012
17.4.2025,4:28:58.869,29.082,31.548
17.4.2025,4:28:59.868,28.711,34.602
17.4.2025,4:29:0.872,28.640,45.656
17.4.2025,4:29:1.860,28.533,48.106
17.4.2025,4:29:2.861,28.809,55.541
17.4.2025,4:29:3.858,28.637,53.299
17.4.2025,4:29:4.862,28.652,47.841
17.4.2025,4:29:5.864,28.699,45.310
17.4.2025,4:29:6.862,28.822,46.952
17.4.2025,4:29:7.862,28.811,40.648
17.4.2025,4:29:8.879,28.792,49.454
17.4.2025,4:29:9.880,28.999,46.697
17.4.2025,4:29:10.884,28.936,47.281
17.4.2025,4:29:11.883,28.718,44.112
17.4.2025,4:29:12.901,28.779,38.070
17.4.2025,4:29:13.899,28.886,31.587
17.4.2025,4:29:14.901,29.308,38.967
17.4.2025,4:29:15.901,28.969,43.456
17.4.2025,4:29:16.915,29.011,48.349
17.4.2025,4:29:17.915,28.551,52.952
17.4.2025,4:29:18.930,28.831,50.431
17.4.2025,4:29:19.931,28.809,49.170
17.4.2025,4:29:20.945,28.637,47.226
17.4.2025,4:29:21.959,28.932,47.054
17.4.2025,4:29:22.956,28.965,46.379
17.4.2025,4:29:23.958,28.937,40.383
17.4.2025,4:29:24.975,29.142,33.428
17.4.2025,4:29:25.989,29.065,34.328
17.4.2025,4:29:26.992,28.649,36.684
17.4.2025,4:29:27.992,28.727,42.427
17.4.2025,4:29:28.997,28.982,47.806
17.4.2025,4:29:29.996,28.812,52.648
17.4.2025,4:29:30.999,29.169,36.786
17.4.2025,4:29:32.017,28.882,41.850
17.4.2025,4:29:33.015,28.881,47.189
17.4.2025,4:29:34.017,28.613,52.542
17.4.2025,4:29:35.015,28.657,52.798
17.4.2025,4:29:36.013,28.922,48.009
17.4.2025,4:29:37.028,28.929,47.027
17.4.2025,4:29:38.011,28.916,47.113
17.4.2025,4:29:39.014,28.854,46.359
17.4.2025,4:29:40.015,28.819,39.463
17.4.2025,4:29:41.014,28.651,35.061
17.4.2025,4:29:42.015,29.145,32.165
17.4.2025,4:29:43.013,28.746,36.424
17.4.2025,4:29:44.014,28.994,40.905
17.4.2025,4:29:45.028,28.738,46.030
17.4.2025,4:29:46.025,29.077,46.141
17.4.2025,4:29:47.027,28.865,51.689
17.4.2025,4:29:48.026,28.665,52.527
17.4.2025,4:29:49.029,28.674,48.295
17.4.2025,4:29:50.025,28.786,47.002
17.4.2025,4:29:51.027,28.764,47.272
17.4.2025,4:29:52.013,28.800,46.348
17.4.2025,4:29:53.017,28.805,53.011
17.4.2025,4:29:54.032,28.732,47.873
17.4.2025,4:29:55.046,28.978,47.507
17.4.2025,4:29:56.060,28.978,47.003
17.4.2025,4:29:57.088,28.946,39.811
17.4.2025,4:29:58.075,29.986,35.950
17.4.2025,4:29:59.080,29.989,33.098
17.4.2025,4:30:0.079,28.886,35.222
17.4.2025,4:30:1.097,28.830,42.880
17.4.2025,4:30:2.100,28.877,45.540
17.4.2025,4:30:3.116,28.993,51.602
17.4.2025,4:30:4.118,28.730,52.153
17.4.2025,4:30:5.119,28.601,47.937
17.4.2025,4:30:6.110,28.859,47.271
17.4.2025,4:30:7.118,28.643,42.767
17.4.2025,4:30:8.109,28.900,48.798
17.4.2025,4:30:9.118,28.878,46.769
17.4.2025,4:30:10.110,29.204,39.864
17.4.2025,4:30:11.135,29.389,42.908
17.4.2025,4:30:12.136,29.257,42.851
17.4.2025,4:30:13.150,28.826,49.957
17.4.2025,4:30:14.151,28.896,52.067
17.4.2025,4:30:15.136,28.815,48.642
17.4.2025,4:30:16.156,29.018,47.451
17.4.2025,4:30:17.159,29.171,47.323
17.4.2025,4:30:18.160,28.940,42.810
17.4.2025,4:30:19.173,28.649,40.457
17.4.2025,4:30:20.172,29.013,35.717
17.4.2025,4:30:21.189,28.856,32.841
17.4.2025,4:30:22.204,28.815,33.844
17.4.2025,4:30:23.220,28.856,37.856
17.4.2025,4:30:24.232,28.752,43.762
17.4.2025,4:30:25.247,28.670,48.221
17.4.2025,4:30:26.249,28.970,33.969
17.4.2025,4:30:27.249,28.745,50.897
17.4.2025,4:30:28.266,28.712,38.860
17.4.2025,4:30:29.269,28.556,46.612
17.4.2025,4:30:30.268,28.769,50.936
17.4.2025,4:30:31.269,28.863,55.461
17.4.2025,4:30:32.273,28.946,50.583
17.4.2025,4:30:33.271,28.879,47.250
17.4.2025,4:30:34.275,28.884,47.155
17.4.2025,4:30:35.273,28.572,44.876
17.4.2025,4:30:36.271,28.838,39.865
17.4.2025,4:30:37.286,28.776,35.366
17.4.2025,4:30:38.285,28.696,33.891
17.4.2025,4:30:39.299,28.732,37.598
17.4.2025,4:30:40.317,28.527,41.099
17.4.2025,4:30:41.334,28.712,44.686
17.4.2025,4:30:42.349,28.912,52.616
17.4.2025,4:30:43.353,28.923,33.851
17.4.2025,4:30:44.369,29.805,38.584
17.4.2025,4:30:45.370,30.820,41.890
17.4.2025,4:30:46.359,28.795,47.425
17.4.2025,4:30:47.378,29.171,51.725
17.4.2025,4:30:48.375,28.812,55.595
17.4.2025,4:30:49.390,28.757,48.924
17.4.2025,4:30:50.391,28.778,47.693
17.4.2025,4:30:51.392,29.190,47.527
17.4.2025,4:30:52.392,28.643,42.525
17.4.2025,4:30:53.391,28.764,37.056
17.4.2025,4:30:54.396,29.097,33.351
17.4.2025,4:30:55.410,28.716,35.124
17.4.2025,4:30:56.409,29.087,40.266
17.4.2025,4:30:57.409,28.980,45.808
17.4.2025,4:30:58.427,28.688,52.624
17.4.2025,4:30:59.427,28.761,53.021
17.4.2025,4:31:0.429,28.785,48.647
17.4.2025,4:31:1.432,28.770,46.577
17.4.2025,4:31:2.445,28.830,47.009
17.4.2025,4:31:3.446,28.854,42.233
17.4.2025,4:31:4.446,28.621,36.610
17.4.2025,4:31:5.462,28.935,35.586
17.4.2025,4:31:6.462,28.976,31.560
17.4.2025,4:31:7.479,28.990,47.143
17.4.2025,4:31:8.475,29.038,41.908
17.4.2025,4:31:9.490,28.669,35.757
17.4.2025,4:31:10.492,28.736,32.212
17.4.2025,4:31:11.507,28.996,40.734
17.4.2025,4:31:12.509,28.927,45.805
17.4.2025,4:31:13.525,28.675,45.315
17.4.2025,4:31:14.524,28.767,50.298
17.4.2025,4:31:15.525,28.973,54.404
17.4.2025,4:31:16.540,29.168,52.609
17.4.2025,4:31:17.537,29.096,48.318
17.4.2025,4:31:18.539,29.102,47.257
17.4.2025,4:31:19.552,29.114,46.988
17.4.2025,4:31:20.566,28.882,43.927
17.4.2025,4:31:21.565,28.882,39.018
17.4.2025,4:31:22.567,28.829,34.070
17.4.2025,4:31:23.567,28.829,35.430
17.4.2025,4:31:24.563,28.765,37.956
17.4.2025,4:31:25.565,28.736,43.942
17.4.2025,4:31:26.570,28.697,49.122
17.4.2025,4:31:27.569,28.865,53.941
17.4.2025,4:31:28.567,28.921,50.218
17.4.2025,4:31:29.566,28.868,47.387
17.4.2025,4:31:30.567,29.056,47.084
17.4.2025,4:31:31.566,28.824,44.495
17.4.2025,4:31:32.581,29.075,44.370
17.4.2025,4:31:33.595,31.249,40.681
17.4.2025,4:31:34.611,29.013,35.487
17.4.2025,4:31:35.627,28.697,48.072
17.4.2025,4:31:36.627,28.830,47.330
17.4.2025,4:31:37.629,28.931,47.351
17.4.2025,4:31:38.647,28.741,46.859
17.4.2025,4:31:39.648,28.526,40.232
17.4.2025,4:31:40.652,29.108,34.622
17.4.2025,4:31:41.639,29.087,32.372
17.4.2025,4:31:42.642,29.064,37.387
17.4.2025,4:31:43.642,28.711,42.462
17.4.2025,4:31:44.640,28.555,48.262
17.4.2025,4:31:45.639,28.895,52.476
17.4.2025,4:31:46.638,29.185,53.617
17.4.2025,4:31:47.640,28.796,50.543
17.4.2025,4:31:48.642,28.975,46.972
17.4.2025,4:31:49.645,28.967,47.007
17.4.2025,4:31:50.647,29.069,55.774
17.4.2025,4:31:51.645,28.789,49.220
17.4.2025,4:31:52.643,29.218,47.268
17.4.2025,4:31:53.645,28.719,46.747
17.4.2025,4:31:54.646,28.735,44.802
17.4.2025,4:31:55.645,29.012,38.327
17.4.2025,4:31:56.647,28.719,34.360
17.4.2025,4:31:57.646,28.654,32.921
17.4.2025,4:31:58.646,28.641,34.823
17.4.2025,4:31:59.658,28.669,41.288
17.4.2025,4:32:0.675,28.645,46.858
17.4.2025,4:32:1.674,28.834,53.073
17.4.2025,4:32:2.673,28.911,52.009
17.4.2025,4:32:3.688,28.639,47.436
17.4.2025,4:32:4.686,28.676,47.254
17.4.2025,4:32:5.704,28.541,46.979
17.4.2025,4:32:6.703,28.615,44.204
17.4.2025,4:32:7.701,28.886,39.633
17.4.2025,4:32:8.720,28.974,33.390
17.4.2025,4:32:9.735,28.924,33.157
17.4.2025,4:32:10.735,28.949,35.902
17.4.2025,4:32:11.749,28.802,43.102
17.4.2025,4:32:12.750,28.875,36.981
17.4.2025,4:32:13.767,28.991,32.966
17.4.2025,4:32:14.766,28.910,39.891
17.4.2025,4:32:15.768,28.825,45.623
17.4.2025,4:32:16.770,28.712,50.349
17.4.2025,4:32:17.775,29.035,53.364
17.4.2025,4:32:18.775,28.994,47.995
17.4.2025,4:32:19.789,28.759,47.845
17.4.2025,4:32:20.791,28.785,47.125
17.4.2025,4:32:21.804,28.943,45.352
17.4.2025,4:32:22.821,28.831,38.886
17.4.2025,4:32:23.839,29.094,32.812
17.4.2025,4:32:24.854,29.111,32.382
17.4.2025,4:32:25.855,28.886,39.094
17.4.2025,4:32:26.844,28.857,44.638
17.4.2025,4:32:27.859,29.010,49.751
17.4.2025,4:32:28.860,28.707,54.545
17.4.2025,4:32:29.861,28.988,51.104
17.4.2025,4:32:30.861,28.923,37.034
17.4.2025,4:32:31.876,28.548,44.239
17.4.2025,4:32:32.889,28.686,48.458
17.4.2025,4:32:33.892,28.989,54.331
17.4.2025,4:32:34.895,29.097,49.982
17.4.2025,4:32:35.894,28.757,47.252
17.4.2025,4:32:36.908,28.991,44.605
17.4.2025,4:32:37.911,28.692,39.649
17.4.2025,4:32:38.903,28.841,35.036
17.4.2025,4:32:39.905,28.842,34.541
17.4.2025,4:32:40.908,28.782,39.304
17.4.2025,4:32:41.907,28.627,47.989
17.4.2025,4:32:42.926,28.926,52.569
17.4.2025,4:32:43.930,28.804,53.388
17.4.2025,4:32:44.931,28.650,49.840
17.4.2025,4:32:45.949,28.887,47.195
17.4.2025,4:32:46.950,28.701,42.032
17.4.2025,4:32:47.950,29.057,37.703
17.4.2025,4:32:48.935,29.334,36.613
17.4.2025,4:32:49.938,29.475,40.641
17.4.2025,4:32:50.953,28.916,34.361
17.4.2025,4:32:51.971,29.046,35.256
17.4.2025,4:32:52.974,28.775,40.500
17.4.2025,4:32:53.991,28.808,46.844
17.4.2025,4:32:54.992,28.826,52.453
17.4.2025,4:32:55.990,29.015,52.365
17.4.2025,4:32:56.988,28.892,47.866
17.4.2025,4:32:57.987,28.741,46.825
17.4.2025,4:32:59.002,28.720,47.116
17.4.2025,4:33:0.021,29.042,45.623
17.4.2025,4:33:1.018,28.777,40.016
17.4.2025,4:33:2.020,28.576,35.994
17.4.2025,4:33:3.034,28.594,33.441
17.4.2025,4:33:4.038,29.278,37.221
17.4.2025,4:33:5.055,28.661,44.822
17.4.2025,4:33:6.054,28.765,38.675
17.4.2025,4:33:7.069,29.012,33.428
17.4.2025,4:33:8.070,31.490,30.537
17.4.2025,4:33:9.074,28.791,38.073
17.4.2025,4:33:10.062,28.654,45.854
17.4.2025,4:33:11.063,28.560,51.136
17.4.2025,4:33:12.080,28.713,53.136
17.4.2025,4:33:13.100,29.033,48.493
17.4.2025,4:33:14.101,28.860,46.751
17.4.2025,4:33:15.113,28.781,47.224
17.4.2025,4:33:16.111,28.833,47.380
17.4.2025,4:33:17.133,28.945,41.431
17.4.2025,4:33:18.136,28.989,36.884
17.4.2025,4:33:19.151,29.013,47.110
17.4.2025,4:33:20.152,28.559,46.800
17.4.2025,4:33:21.139,28.839,42.640
17.4.2025,4:33:22.155,28.772,36.724
17.4.2025,4:33:23.154,28.697,32.781
17.4.2025,4:33:24.158,29.023,35.316
17.4.2025,4:33:25.171,28.865,40.210
17.4.2025,4:33:26.176,28.629,45.003
17.4.2025,4:33:27.178,28.831,49.988
17.4.2025,4:33:28.195,28.994,53.654
17.4.2025,4:33:29.210,29.042,49.027
17.4.2025,4:33:30.211,28.403,48.145
17.4.2025,4:33:31.226,28.826,47.049
17.4.2025,4:33:32.227,28.881,47.236
17.4.2025,4:33:33.229,28.755,42.842
17.4.2025,4:33:34.230,28.878,52.225
17.4.2025,4:33:35.227,28.767,48.528
17.4.2025,4:33:36.227,28.701,47.326
17.4.2025,4:33:37.246,28.791,46.831
17.4.2025,4:33:38.245,28.834,43.324
17.4.2025,4:33:39.259,28.990,36.623
17.4.2025,4:33:40.257,28.583,33.203
17.4.2025,4:33:41.269,28.892,34.291
17.4.2025,4:33:42.272,28.822,37.363
17.4.2025,4:33:43.271,28.698,43.143
17.4.2025,4:33:44.286,28.766,48.686
17.4.2025,4:33:45.300,28.626,54.228
17.4.2025,4:33:46.302,28.822,50.456
17.4.2025,4:33:47.304,28.769,49.644
17.4.2025,4:33:48.305,28.675,47.377
17.4.2025,4:33:49.323,28.700,46.885
17.4.2025,4:33:50.321,28.793,40.719
17.4.2025,4:33:51.309,28.703,35.514
17.4.2025,4:33:52.329,28.400,32.341
17.4.2025,4:33:53.343,28.743,32.974
17.4.2025,4:33:54.358,28.702,46.819
17.4.2025,4:33:55.371,29.049,44.402
17.4.2025,4:33:56.385,28.935,38.067
17.4.2025,4:33:57.401,28.584,31.397
17.4.2025,4:33:58.414,28.992,35.580
17.4.2025,4:33:59.415,28.903,42.551
17.4.2025,4:34:0.416,28.872,46.562
17.4.2025,4:34:1.404,28.658,52.145
17.4.2025,4:34:2.419,29.023,53.477
17.4.2025,4:34:3.422,28.666,48.836
17.4.2025,4:34:4.438,29.010,47.237
17.4.2025,4:34:5.436,28.999,45.975
17.4.2025,4:34:6.456,29.089,39.199
17.4.2025,4:34:7.457,29.238,32.260
17.4.2025,4:34:8.457,28.780,34.372
17.4.2025,4:34:9.474,28.755,36.388
17.4.2025,4:34:10.486,28.649,41.472
17.4.2025,4:34:11.486,28.882,46.496
17.4.2025,4:34:12.485,28.924,51.299
17.4.2025,4:34:13.501,28.800,53.221
17.4.2025,4:34:14.501,28.980,49.941
17.4.2025,4:34:15.500,28.669,48.507
17.4.2025,4:34:16.501,28.917,44.129
17.4.2025,4:34:17.501,28.862,47.470
17.4.2025,4:34:18.501,28.530,46.457
17.4.2025,4:34:19.515,28.861,54.312
17.4.2025,4:34:20.519,28.680,53.391
17.4.2025,4:34:21.520,28.954,48.572
17.4.2025,4:34:22.525,28.660,47.596
17.4.2025,4:34:23.523,29.193,47.596
17.4.2025,4:34:24.523,28.721,46.715
17.4.2025,4:34:25.539,28.699,44.593
17.4.2025,4:34:26.540,28.778,38.584
17.4.2025,4:34:27.557,29.033,36.032
17.4.2025,4:34:28.561,28.835,31.759
17.4.2025,4:34:29.560,28.835,33.739
17.4.2025,4:34:30.575,28.788,41.921
17.4.2025,4:34:31.561,29.013,47.079
17.4.2025,4:34:32.563,28.755,53.757
17.4.2025,4:34:33.561,28.896,53.091
17.4.2025,4:34:34.562,28.781,48.306
17.4.2025,4:34:35.562,28.829,47.819
17.4.2025,4:34:36.565,28.595,47.444
17.4.2025,4:34:37.579,28.972,46.932
17.4.2025,4:34:38.578,28.653,43.289
17.4.2025,4:34:39.576,28.739,37.950
17.4.2025,4:34:40.577,28.737,33.980
17.4.2025,4:34:41.580,29.440,35.562
17.4.2025,4:34:42.580,31.166,34.612
17.4.2025,4:34:43.593,29.008,39.575
17.4.2025,4:34:44.607,28.676,44.589
17.4.2025,4:34:45.607,28.549,49.319
17.4.2025,4:34:46.622,28.800,54.221
17.4.2025,4:34:47.627,28.749,34.694
17.4.2025,4:34:48.626,28.868,39.812
17.4.2025,4:34:49.629,28.853,47.957
17.4.2025,4:34:50.632,28.864,53.490
17.4.2025,4:34:51.635,28.641,51.273
17.4.2025,4:34:52.634,28.685,47.742
17.4.2025,4:34:53.638,28.892,47.462
17.4.2025,4:34:54.622,28.793,46.976
17.4.2025,4:34:55.626,28.816,43.619
17.4.2025,4:34:56.626,29.024,38.447
17.4.2025,4:34:57.641,28.904,32.378
17.4.2025,4:34:58.642,28.713,36.801
17.4.2025,4:34:59.644,28.843,46.912
17.4.2025,4:35:0.645,29.141,41.137
17.4.2025,4:35:1.645,28.722,36.562
17.4.2025,4:35:2.644,28.654,31.677
17.4.2025,4:35:3.643,28.798,34.732
17.4.2025,4:35:4.646,28.720,37.502
17.4.2025,4:35:5.662,28.813,42.003
17.4.2025,4:35:6.660,28.655,47.575
17.4.2025,4:35:7.663,28.788,50.007
17.4.2025,4:35:8.680,28.655,52.452
17.4.2025,4:35:9.698,28.777,50.766
17.4.2025,4:35:10.697,28.951,47.850
17.4.2025,4:35:11.687,28.798,47.066
17.4.2025,4:35:12.686,28.826,42.552
17.4.2025,4:35:13.701,28.941,36.693
17.4.2025,4:35:14.716,28.895,33.637
17.4.2025,4:35:15.732,28.813,37.830
17.4.2025,4:35:16.733,28.781,40.508
17.4.2025,4:35:17.750,29.163,39.254
17.4.2025,4:35:18.762,28.804,51.646
17.4.2025,4:35:19.763,28.926,54.997
17.4.2025,4:35:20.777,28.496,33.972
17.4.2025,4:35:21.762,28.688,40.139
17.4.2025,4:35:22.762,28.769,47.245
17.4.2025,4:35:23.767,28.886,51.205
17.4.2025,4:35:24.766,28.707,55.458
17.4.2025,4:35:25.767,29.173,36.294
17.4.2025,4:35:26.771,29.255,34.481
17.4.2025,4:35:27.771,29.216,42.424
17.4.2025,4:35:28.773,28.513,31.033
17.4.2025,4:35:29.766,28.883,33.903
17.4.2025,4:35:30.771,28.630,39.944
17.4.2025,4:35:31.771,28.908,47.171
17.4.2025,4:35:32.772,28.781,56.007
17.4.2025,4:35:33.775,28.872,52.777
17.4.2025,4:35:34.777,28.780,39.955
17.4.2025,4:35:35.776,29.034,45.126
17.4.2025,4:35:36.763,28.557,50.685
17.4.2025,4:35:37.766,28.803,55.519
17.4.2025,4:35:38.769,28.716,52.891
17.4.2025,4:35:39.772,29.077,47.966
17.4.2025,4:35:40.769,28.744,47.036
17.4.2025,4:35:41.769,28.442,46.940
17.4.2025,4:35:42.771,28.952,39.792
17.4.2025,4:35:43.771,28.960,34.286
17.4.2025,4:35:44.771,29.096,47.041
17.4.2025,4:35:45.786,28.698,47.017
17.4.2025,4:35:46.802,28.547,41.976
17.4.2025,4:35:47.804,28.757,37.183
17.4.2025,4:35:48.804,28.716,31.756
17.4.2025,4:35:49.819,28.825,36.000
17.4.2025,4:35:50.831,28.737,37.853
17.4.2025,4:35:51.832,28.675,45.510
17.4.2025,4:35:52.833,28.851,47.736
17.4.2025,4:35:53.846,28.832,50.260
17.4.2025,4:35:54.864,28.517,54.137
17.4.2025,4:35:55.862,28.999,50.823
17.4.2025,4:35:56.864,28.889,49.450
17.4.2025,4:35:57.881,28.852,47.128
17.4.2025,4:35:58.895,28.858,48.553
17.4.2025,4:35:59.893,29.138,53.681
17.4.2025,4:36:0.893,28.647,39.879
17.4.2025,4:36:1.892,28.859,38.330
17.4.2025,4:36:2.896,28.705,48.158
17.4.2025,4:36:3.894,29.071,47.099
17.4.2025,4:36:4.899,28.904,46.874
17.4.2025,4:36:5.897,28.780,38.540
17.4.2025,4:36:6.898,28.779,35.018
17.4.2025,4:36:7.915,28.735,31.711
17.4.2025,4:36:8.911,28.871,36.906
17.4.2025,4:36:9.931,28.629,41.751
17.4.2025,4:36:10.933,28.788,48.593
17.4.2025,4:36:11.932,28.708,53.110
17.4.2025,4:36:12.945,28.760,50.793
17.4.2025,4:36:13.944,28.712,48.186
17.4.2025,4:36:14.946,29.065,47.140
17.4.2025,4:36:15.947,29.961,46.805
17.4.2025,4:36:16.948,29.919,47.087
17.4.2025,4:36:17.947,28.642,44.698
17.4.2025,4:36:18.947,28.768,37.764
17.4.2025,4:36:19.947,28.672,33.138
17.4.2025,4:36:20.962,28.931,46.690
17.4.2025,4:36:21.963,29.055,41.914
17.4.2025,4:36:22.951,28.905,39.396
17.4.2025,4:36:23.955,28.623,34.144
17.4.2025,4:36:24.968,28.796,33.825
17.4.2025,4:36:25.968,28.659,38.339
17.4.2025,4:36:26.982,28.667,42.290
17.4.2025,4:36:28.001,29.010,46.385
17.4.2025,4:36:29.016,28.666,51.098
17.4.2025,4:36:30.033,28.934,52.343
17.4.2025,4:36:31.033,28.823,47.585
17.4.2025,4:36:32.033,28.882,47.120
17.4.2025,4:36:33.032,28.923,46.948
17.4.2025,4:36:34.046,28.940,42.597
17.4.2025,4:36:35.044,28.884,35.207
17.4.2025,4:36:36.061,28.802,34.309
17.4.2025,4:36:37.058,29.097,40.579
17.4.2025,4:36:38.075,28.903,46.723
17.4.2025,4:36:39.093,28.994,50.673
17.4.2025,4:36:40.105,28.927,53.042
17.4.2025,4:36:41.104,29.423,40.621
17.4.2025,4:36:42.107,32.691,36.821
17.4.2025,4:36:43.104,30.795,40.613
17.4.2025,4:36:44.089,28.764,45.902
17.4.2025,4:36:45.107,29.116,49.009
17.4.2025,4:36:46.107,28.807,54.536
17.4.2025,4:36:47.112,28.849,52.898
17.4.2025,4:36:48.109,28.943,48.479
17.4.2025,4:36:49.114,28.802,47.521
17.4.2025,4:36:50.109,28.750,46.341
17.4.2025,4:36:51.121,28.731,38.953
17.4.2025,4:36:52.126,29.282,48.868
17.4.2025,4:36:53.143,28.965,47.003
17.4.2025,4:36:54.144,29.212,47.304
17.4.2025,4:36:55.159,28.691,40.334
17.4.2025,4:36:56.158,28.812,36.860
17.4.2025,4:36:57.162,28.755,32.655
17.4.2025,4:36:58.159,28.712,39.198
17.4.2025,4:36:59.163,28.734,44.412
17.4.2025,4:37:0.180,28.948,49.593
17.4.2025,4:37:1.198,29.030,54.234
17.4.2025,4:37:2.200,28.837,54.316
17.4.2025,4:37:3.228,28.696,49.543
17.4.2025,4:37:4.229,28.754,46.778
17.4.2025,4:37:5.229,29.048,48.980
17.4.2025,4:37:6.228,29.140,53.829
17.4.2025,4:37:7.246,28.816,50.066
17.4.2025,4:37:8.245,28.763,48.153
17.4.2025,4:37:9.244,28.654,47.138
17.4.2025,4:37:10.242,28.809,46.644
17.4.2025,4:37:11.244,28.937,40.733
17.4.2025,4:37:12.243,28.819,35.230
17.4.2025,4:37:13.243,28.664,33.629
17.4.2025,4:37:14.248,28.754,36.709
17.4.2025,4:37:15.249,29.032,42.979
17.4.2025,4:37:16.248,28.689,48.530
17.4.2025,4:37:17.250,28.972,53.195
17.4.2025,4:37:18.268,28.707,55.012
17.4.2025,4:37:19.270,28.501,49.443
17.4.2025,4:37:20.269,28.844,46.955
17.4.2025,4:37:21.270,28.734,47.076
17.4.2025,4:37:22.271,28.894,40.160
17.4.2025,4:37:23.272,28.957,49.267
17.4.2025,4:37:24.289,28.701,46.752
17.4.2025,4:37:25.304,28.845,47.164
17.4.2025,4:37:26.320,28.934,45.637
17.4.2025,4:37:27.335,28.933,38.043
17.4.2025,4:37:28.334,28.917,35.207
17.4.2025,4:37:29.339,29.175,34.562
17.4.2025,4:37:30.353,28.744,38.796
17.4.2025,4:37:31.353,28.530,47.326
17.4.2025,4:37:32.371,28.974,51.875
17.4.2025,4:37:33.369,29.349,51.951
17.4.2025,4:37:34.371,28.958,48.371
17.4.2025,4:37:35.372,28.948,46.928
17.4.2025,4:37:36.399,28.882,43.734
17.4.2025,4:37:37.400,28.819,39.039
17.4.2025,4:37:38.418,29.034,33.354
17.4.2025,4:37:39.417,28.626,32.451
17.4.2025,4:37:40.431,28.591,37.243
17.4.2025,4:37:41.430,29.055,40.952
17.4.2025,4:37:42.433,29.398,46.979
17.4.2025,4:37:43.448,28.868,34.453
17.4.2025,4:37:44.452,28.720,32.997
17.4.2025,4:37:45.451,28.787,40.541
17.4.2025,4:37:46.451,28.824,46.771
17.4.2025,4:37:47.467,28.921,50.998
17.4.2025,4:37:48.480,28.908,52.997
17.4.2025,4:37:49.481,28.909,48.682
17.4.2025,4:37:50.483,31.526,46.477
17.4.2025,4:37:51.485,28.786,47.622
17.4.2025,4:37:52.485,28.838,46.844
17.4.2025,4:37:53.487,28.960,40.689
17.4.2025,4:37:54.485,28.613,35.328
17.4.2025,4:37:55.486,28.570,30.620
17.4.2025,4:37:56.491,28.720,37.970
17.4.2025,4:37:57.489,28.947,43.246
17.4.2025,4:37:58.489,28.790,48.237
17.4.2025,4:37:59.489,28.655,53.067
17.4.2025,4:38:0.489,28.796,50.957
17.4.2025,4:38:1.502,28.586,47.994
17.4.2025,4:38:2.505,28.616,46.872
17.4.2025,4:38:3.507,29.287,43.604
17.4.2025,4:38:4.518,29.458,42.244
17.4.2025,4:38:5.518,29.069,39.799
17.4.2025,4:38:6.514,28.697,41.440
17.4.2025,4:38:7.520,28.718,33.500
17.4.2025,4:38:8.520,28.804,33.114
17.4.2025,4:38:9.519,28.699,38.148
17.4.2025,4:38:10.521,28.789,43.073
17.4.2025,4:38:11.536,28.665,49.682
17.4.2025,4:38:12.553,28.816,54.061
17.4.2025,4:38:13.572,28.837,49.714
17.4.2025,4:38:14.571,28.756,46.954
17.4.2025,4:38:15.589,28.515,46.981
17.4.2025,4:38:16.591,28.729,43.956
17.4.2025,4:38:17.588,28.947,39.398
17.4.2025,4:38:18.592,28.816,35.690
17.4.2025,4:38:19.607,28.926,46.985
17.4.2025,4:38:20.607,28.965,47.204
17.4.2025,4:38:21.621,29.126,45.440
17.4.2025,4:38:22.621,28.993,38.459
17.4.2025,4:38:23.622,28.708,31.566
17.4.2025,4:38:24.611,28.779,35.503
17.4.2025,4:38:25.613,28.851,43.021
17.4.2025,4:38:26.616,28.789,48.129
17.4.2025,4:38:27.619,29.127,53.087
17.4.2025,4:38:28.634,28.804,53.983
17.4.2025,4:38:29.634,28.832,49.893
17.4.2025,4:38:30.650,28.623,47.138
17.4.2025,4:38:31.652,28.721,47.198
17.4.2025,4:38:32.651,28.623,43.480
17.4.2025,4:38:33.650,28.826,38.078
17.4.2025,4:38:34.648,28.794,31.955
17.4.2025,4:38:35.647,28.919,35.695
17.4.2025,4:38:36.646,28.735,41.769
17.4.2025,4:38:37.649,28.882,46.992
17.4.2025,4:38:38.663,28.695,51.942
17.4.2025,4:38:39.665,28.680,31.700
17.4.2025,4:38:40.665,28.529,36.223
17.4.2025,4:38:41.663,28.523,41.398
17.4.2025,4:38:42.679,28.762,49.851
17.4.2025,4:38:43.682,28.747,55.752
17.4.2025,4:38:44.698,29.130,51.001
17.4.2025,4:38:45.700,28.944,48.314
17.4.2025,4:38:46.717,28.736,47.428
17.4.2025,4:38:47.746,29.298,46.947
17.4.2025,4:38:48.731,28.786,41.565
17.4.2025,4:38:49.761,28.463,35.730
17.4.2025,4:38:50.761,28.797,32.327
17.4.2025,4:38:51.761,28.487,37.247
17.4.2025,4:38:52.777,28.895,44.006
17.4.2025,4:38:53.777,29.001,51.024
17.4.2025,4:38:54.810,28.722,55.950
17.4.2025,4:38:55.838,28.720,48.421
17.4.2025,4:38:56.839,28.937,47.654
17.4.2025,4:38:57.839,28.619,45.238
17.4.2025,4:38:58.839,28.793,38.907
17.4.2025,4:38:59.855,29.103,34.580
17.4.2025,4:39:0.854,28.789,30.699
17.4.2025,4:39:1.853,28.791,37.051
17.4.2025,4:39:2.870,28.720,42.471
17.4.2025,4:39:3.869,28.745,37.668
17.4.2025,4:39:4.872,28.651,34.221
17.4.2025,4:39:5.873,29.087,33.245
17.4.2025,4:39:6.889,28.923,39.823
17.4.2025,4:39:7.889,29.022,44.921
17.4.2025,4:39:8.890,28.824,48.878
17.4.2025,4:39:9.887,28.675,54.642
17.4.2025,4:39:10.889,29.196,53.708
17.4.2025,4:39:11.888,28.524,48.793
17.4.2025,4:39:12.887,28.925,46.654
17.4.2025,4:39:13.893,28.868,46.891
17.4.2025,4:39:14.906,28.807,42.560
17.4.2025,4:39:15.921,28.739,53.544
17.4.2025,4:39:16.923,28.956,51.441
17.4.2025,4:39:17.921,28.814,48.175
17.4.2025,4:39:18.934,28.935,47.320
17.4.2025,4:39:19.937,29.027,46.399
17.4.2025,4:39:20.938,28.640,44.324
17.4.2025,4:39:21.950,28.797,37.767
17.4.2025,4:39:22.952,28.901,34.061
17.4.2025,4:39:23.963,28.595,34.724
17.4.2025,4:39:24.951,31.466,35.720
17.4.2025,4:39:25.953,28.876,43.239
17.4.2025,4:39:26.969,28.844,49.235
17.4.2025,4:39:27.987,28.780,54.978
17.4.2025,4:39:28.988,28.695,50.573
17.4.2025,4:39:29.992,28.782,47.214
17.4.2025,4:39:31.007,28.503,47.016
17.4.2025,4:39:32.024,28.967,44.704
17.4.2025,4:39:33.039,29.059,38.006
17.4.2025,4:39:34.053,28.913,33.823
17.4.2025,4:39:35.070,28.914,34.067
17.4.2025,4:39:36.072,28.776,36.913
17.4.2025,4:39:37.076,28.890,41.425
17.4.2025,4:39:38.100,28.719,47.513
17.4.2025,4:39:39.104,28.611,52.213
17.4.2025,4:39:40.105,28.620,51.143
17.4.2025,4:39:41.092,28.861,39.873
17.4.2025,4:39:42.092,28.763,48.030
17.4.2025,4:39:43.112,28.978,52.246
17.4.2025,4:39:44.109,28.845,51.757
17.4.2025,4:39:45.116,28.574,49.260
17.4.2025,4:39:46.110,29.068,47.267
17.4.2025,4:39:47.120,28.788,47.225
17.4.2025,4:39:48.120,29.051,42.873
17.4.2025,4:39:49.133,29.298,35.276
17.4.2025,4:39:50.129,28.497,34.008
17.4.2025,4:39:51.148,28.812,35.511
17.4.2025,4:39:52.147,28.771,41.970
17.4.2025,4:39:53.149,28.894,46.647
17.4.2025,4:39:54.147,28.688,52.141
17.4.2025,4:39:55.151,29.131,54.899
17.4.2025,4:39:56.152,28.678,52.618
17.4.2025,4:39:57.165,28.731,48.643
17.4.2025,4:39:58.165,29.179,47.087
17.4.2025,4:39:59.180,29.333,47.311
17.4.2025,4:40:0.180,29.097,39.624
17.4.2025,4:40:1.178,28.575,36.247
17.4.2025,4:40:2.178,28.855,31.254
17.4.2025,4:40:3.193,28.648,47.310
17.4.2025,4:40:4.192,28.716,45.694
17.4.2025,4:40:5.193,29.038,40.475
17.4.2025,4:40:6.193,28.679,36.059
17.4.2025,4:40:7.192,28.913,32.775
17.4.2025,4:40:8.191,28.940,38.455
17.4.2025,4:40:9.195,28.672,43.405
17.4.2025,4:40:10.193,28.616,47.663
17.4.2025,4:40:11.193,30.102,55.169
17.4.2025,4:40:12.208,31.895,53.965
17.4.2025,4:40:13.207,29.726,54.143
17.4.2025,4:40:14.207,28.904,48.901
17.4.2025,4:40:15.229,29.046,47.531
17.4.2025,4:40:16.243,28.738,47.026
17.4.2025,4:40:17.245,28.901,46.830
17.4.2025,4:40:18.246,28.523,53.728
17.4.2025,4:40:19.244,28.628,48.607
17.4.2025,4:40:20.244,28.688,47.094
17.4.2025,4:40:21.245,29.445,46.745
17.4.2025,4:40:22.246,29.005,47.263
17.4.2025,4:40:23.248,28.833,40.531
17.4.2025,4:40:24.248,28.660,35.306
17.4.2025,4:40:25.248,28.965,33.098
17.4.2025,4:40:26.267,28.731,35.488
17.4.2025,4:40:27.268,28.997,41.380
17.4.2025,4:40:28.267,29.017,48.010
17.4.2025,4:40:29.270,28.811,54.030
17.4.2025,4:40:30.273,28.591,49.525
17.4.2025,4:40:31.271,28.576,47.796
17.4.2025,4:40:32.275,28.739,48.130
17.4.2025,4:40:33.275,28.435,52.542
17.4.2025,4:40:34.277,28.808,54.667
17.4.2025,4:40:35.277,29.004,50.638
17.4.2025,4:40:36.292,29.102,47.339
17.4.2025,4:40:37.308,28.592,47.411
17.4.2025,4:40:38.325,28.746,44.718
17.4.2025,4:40:39.323,28.698,39.397
17.4.2025,4:40:40.323,28.830,35.727
17.4.2025,4:40:41.324,29.154,41.844
17.4.2025,4:40:42.322,29.234,35.314
17.4.2025,4:40:43.321,28.967,51.794
17.4.2025,4:40:44.325,28.999,52.841
17.4.2025,4:40:45.341,28.887,51.534
17.4.2025,4:40:46.356,28.934,47.791
17.4.2025,4:40:47.352,28.946,47.281
17.4.2025,4:40:48.365,28.830,47.115
17.4.2025,4:40:49.365,28.628,43.024
17.4.2025,4:40:50.376,28.902,39.341
17.4.2025,4:40:51.378,28.782,36.197
17.4.2025,4:40:52.380,28.833,31.999
17.4.2025,4:40:53.379,28.761,37.537
17.4.2025,4:40:54.376,28.846,41.933
17.4.2025,4:40:55.379,29.137,46.313
17.4.2025,4:40:56.376,28.865,49.635
17.4.2025,4:40:57.376,28.788,54.048
17.4.2025,4:40:58.379,29.678,52.350
17.4.2025,4:40:59.380,30.498,52.132
17.4.2025,4:41:0.383,29.246,40.631
17.4.2025,4:41:1.385,28.865,46.642
17.4.2025,4:41:2.401,28.724,51.182
17.4.2025,4:41:3.389,28.775,52.538
17.4.2025,4:41:4.390,28.815,47.787
17.4.2025,4:41:5.406,28.546,47.116
17.4.2025,4:41:6.407,28.653,47.200
17.4.2025,4:41:7.404,28.806,45.088
17.4.2025,4:41:8.407,29.157,40.027
17.4.2025,4:41:9.404,28.746,33.468
17.4.2025,4:41:10.407,28.835,32.901
17.4.2025,4:41:11.421,28.835,38.350
17.4.2025,4:41:12.437,28.714,43.410
17.4.2025,4:41:13.437,28.752,50.603
17.4.2025,4:41:14.436,28.987,53.282
17.4.2025,4:41:15.434,28.664,48.907
17.4.2025,4:41:16.434,28.664,46.795
17.4.2025,4:41:17.434,28.785,46.666
17.4.2025,4:41:18.435,29.164,42.819
17.4.2025,4:41:19.449,28.740,38.087
17.4.2025,4:41:20.435,29.027,33.035
17.4.2025,4:41:21.437,28.926,47.779
17.4.2025,4:41:22.442,29.045,46.450
17.4.2025,4:41:23.444,28.761,40.734
17.4.2025,4:41:24.455,28.706,35.093
17.4.2025,4:41:25.456,28.779,32.930
17.4.2025,4:41:26.474,29.106,36.609
17.4.2025,4:41:27.474,28.813,43.119
17.4.2025,4:41:28.475,29.032,47.958
17.4.2025,4:41:29.490,29.123,53.214
17.4.2025,4:41:30.495,28.932,48.881
17.4.2025,4:41:31.494,28.654,48.169
17.4.2025,4:41:32.494,28.821,47.156
17.4.2025,4:41:33.493,29.064,47.100
17.4.2025,4:41:34.507,29.612,41.965
17.4.2025,4:41:35.525,28.978,49.943
17.4.2025,4:41:36.525,28.774,46.898
17.4.2025,4:41:37.525,28.883,47.569
17.4.2025,4:41:38.523,29.602,31.963
17.4.2025,4:41:39.540,31.268,32.729
17.4.2025,4:41:40.550,31.153,37.411
17.4.2025,4:41:41.552,28.622,45.641
17.4.2025,4:41:42.570,28.620,40.298
17.4.2025,4:41:43.569,28.771,40.321
17.4.2025,4:41:44.568,29.458,36.104
17.4.2025,4:41:45.583,29.038,32.123
17.4.2025,4:41:46.582,28.770,34.273
17.4.2025,4:41:47.581,29.040,41.036
17.4.2025,4:41:48.598,28.898,47.218
17.4.2025,4:41:49.611,28.795,52.733
17.4.2025,4:41:50.615,28.692,52.897
17.4.2025,4:41:51.615,29.022,50.132
17.4.2025,4:41:52.616,29.386,47.252
17.4.2025,4:41:53.616,28.951,47.220
17.4.2025,4:41:54.631,28.648,45.348
17.4.2025,4:41:55.651,28.926,38.237
17.4.2025,4:41:56.651,28.894,32.380
17.4.2025,4:41:57.652,28.858,36.291
17.4.2025,4:41:58.654,28.788,41.173
17.4.2025,4:41:59.671,28.769,42.028
17.4.2025,4:42:0.673,28.680,46.316
17.4.2025,4:42:1.686,28.919,51.706
17.4.2025,4:42:2.686,28.522,52.400
17.4.2025,4:42:3.701,28.821,51.720
17.4.2025,4:42:4.702,28.805,48.119
17.4.2025,4:42:5.706,28.713,47.314
17.4.2025,4:42:6.707,28.685,54.791
17.4.2025,4:42:7.707,28.727,48.733
17.4.2025,4:42:8.707,28.752,47.959
17.4.2025,4:42:9.706,28.710,47.259
17.4.2025,4:42:10.710,28.876,45.688
17.4.2025,4:42:11.712,28.843,40.529
17.4.2025,4:42:12.702,29.000,35.945
17.4.2025,4:42:13.728,29.064,33.469
17.4.2025,4:42:14.745,28.812,37.397
17.4.2025,4:42:15.731,28.924,45.570
17.4.2025,4:42:16.734,28.922,51.124
17.4.2025,4:42:17.736,29.083,52.884
17.4.2025,4:42:18.755,28.870,49.626
17.4.2025,4:42:19.771,28.559,46.396
17.4.2025,4:42:20.769,28.798,46.875
17.4.2025,4:42:21.769,28.793,56.117
17.4.2025,4:42:22.788,28.611,50.409
17.4.2025,4:42:23.788,28.904,47.602
17.4.2025,4:42:24.788,28.940,47.009
17.4.2025,4:42:25.800,28.875,43.499
17.4.2025,4:42:26.816,28.969,40.018
17.4.2025,4:42:27.833,28.996,33.686
17.4.2025,4:42:28.848,28.914,34.407
17.4.2025,4:42:29.867,28.931,39.143
17.4.2025,4:42:30.884,28.878,45.513
17.4.2025,4:42:31.885,28.531,50.037
17.4.2025,4:42:32.903,28.661,54.687
17.4.2025,4:42:33.886,31.160,52.612
17.4.2025,4:42:34.892,28.832,47.459
17.4.2025,4:42:35.896,29.015,46.709
17.4.2025,4:42:36.893,28.556,44.681
17.4.2025,4:42:37.908,28.834,39.879
17.4.2025,4:42:38.911,28.647,34.621
17.4.2025,4:42:39.927,28.723,35.627
17.4.2025,4:42:40.944,28.804,38.499
17.4.2025,4:42:41.946,28.629,47.554
17.4.2025,4:42:42.948,29.012,35.422
17.4.2025,4:42:43.947,28.706,31.473
17.4.2025,4:42:44.959,28.730,35.055
17.4.2025,4:42:45.974,28.643,40.622
17.4.2025,4:42:46.976,28.837,42.593
17.4.2025,4:42:47.992,28.261,51.198
17.4.2025,4:42:49.010,28.919,54.499
17.4.2025,4:42:49.998,28.856,50.497
17.4.2025,4:42:51.026,28.651,49.301
17.4.2025,4:42:52.040,28.853,47.096
17.4.2025,4:42:53.043,28.649,47.372
17.4.2025,4:42:54.042,28.987,41.609
17.4.2025,4:42:55.057,28.751,35.725
17.4.2025,4:42:56.056,29.067,33.144
17.4.2025,4:42:57.060,28.584,30.878
17.4.2025,4:42:58.062,28.697,36.797
17.4.2025,4:42:59.063,29.182,47.696
17.4.2025,4:43:0.066,28.858,34.354
17.4.2025,4:43:1.079,28.713,32.901
17.4.2025,4:43:2.096,28.977,31.730
17.4.2025,4:43:3.110,28.477,37.797
17.4.2025,4:43:4.108,28.487,41.861
17.4.2025,4:43:5.115,28.878,46.501
17.4.2025,4:43:6.111,28.680,51.185
17.4.2025,4:43:7.111,28.720,52.236
17.4.2025,4:43:8.108,28.880,51.726
17.4.2025,4:43:9.114,28.757,47.691
17.4.2025,4:43:10.266,29.614,25.364
17.4.2025,4:43:11.119,33.929,31.397
17.4.2025,4:43:12.109,29.751,35.981
17.4.2025,4:43:13.122,28.933,41.278
17.4.2025,4:43:14.114,28.950,48.251
17.4.2025,4:43:15.119,28.608,55.142
17.4.2025,4:43:16.109,28.973,49.779
17.4.2025,4:43:17.132,28.763,48.094
17.4.2025,4:43:18.138,29.064,47.188
17.4.2025,4:43:19.138,29.144,42.005
17.4.2025,4:43:20.155,28.826,38.927
17.4.2025,4:43:21.169,29.254,35.880
17.4.2025,4:43:22.173,29.620,38.178
17.4.2025,4:43:23.176,29.245,39.734
17.4.2025,4:43:24.179,29.294,40.087
17.4.2025,4:43:25.181,29.403,21.570
