Date,Time,CPU All Power Consumption (W),GPU Power Consumption (W)
19.4.2025,3:23:2.079,4.658,6.200
19.4.2025,3:23:3.098,5.405,8.960
19.4.2025,3:23:4.102,17.307,47.418
19.4.2025,3:23:5.102,21.469,50.476
19.4.2025,3:23:6.103,21.334,36.900
19.4.2025,3:23:7.105,20.964,36.502
19.4.2025,3:23:8.104,19.710,46.328
19.4.2025,3:23:9.091,19.112,46.673
19.4.2025,3:23:10.094,20.071,48.095
19.4.2025,3:23:11.098,21.234,48.365
19.4.2025,3:23:12.114,21.277,49.006
19.4.2025,3:23:13.105,21.087,50.260
19.4.2025,3:23:14.115,21.397,53.651
19.4.2025,3:23:15.125,20.658,45.129
19.4.2025,3:23:16.142,19.898,33.088
19.4.2025,3:23:17.143,20.033,42.902
19.4.2025,3:23:18.143,19.728,46.140
19.4.2025,3:23:19.147,20.449,48.561
19.4.2025,3:23:20.151,22.190,47.840
19.4.2025,3:23:21.138,21.335,49.293
19.4.2025,3:23:22.156,21.746,49.820
19.4.2025,3:23:23.173,22.399,35.589
19.4.2025,3:23:24.179,19.983,40.359
19.4.2025,3:23:25.167,19.885,46.239
19.4.2025,3:23:26.172,19.902,47.898
19.4.2025,3:23:27.172,21.281,48.175
19.4.2025,3:23:28.190,21.680,49.126
19.4.2025,3:23:29.190,22.210,49.927
19.4.2025,3:23:30.191,21.263,51.702
19.4.2025,3:23:31.195,20.276,48.619
19.4.2025,3:23:32.197,20.620,33.227
19.4.2025,3:23:33.185,19.922,44.579
19.4.2025,3:23:34.202,20.144,46.762
19.4.2025,3:23:35.206,21.857,48.563
19.4.2025,3:23:36.222,21.795,49.390
19.4.2025,3:23:37.222,21.036,52.170
19.4.2025,3:23:38.225,20.825,47.431
19.4.2025,3:23:39.226,20.400,33.318
19.4.2025,3:23:40.229,19.917,44.282
19.4.2025,3:23:41.245,20.210,46.750
19.4.2025,3:23:42.232,21.086,48.049
19.4.2025,3:23:43.234,22.408,47.989
19.4.2025,3:23:44.236,21.747,48.780
19.4.2025,3:23:45.254,21.658,49.629
19.4.2025,3:23:46.273,20.779,55.146
19.4.2025,3:23:47.288,19.783,41.514
19.4.2025,3:23:48.289,19.273,35.630
19.4.2025,3:23:49.306,19.854,47.901
19.4.2025,3:23:50.322,21.188,48.546
19.4.2025,3:23:51.338,21.665,47.973
19.4.2025,3:23:52.326,21.714,50.418
19.4.2025,3:23:53.329,21.430,51.094
19.4.2025,3:23:54.346,20.210,36.571
19.4.2025,3:23:55.347,20.269,40.892
19.4.2025,3:23:56.347,19.726,46.497
19.4.2025,3:23:57.350,21.235,47.944
19.4.2025,3:23:58.353,21.430,48.671
19.4.2025,3:23:59.340,21.827,48.783
19.4.2025,3:24:0.345,21.988,49.496
19.4.2025,3:24:1.344,19.837,55.919
19.4.2025,3:24:2.362,20.218,35.469
19.4.2025,3:24:3.381,19.957,40.506
19.4.2025,3:24:4.396,20.864,46.476
19.4.2025,3:24:5.414,22.665,47.881
19.4.2025,3:24:6.431,21.304,48.047
19.4.2025,3:24:7.431,21.622,48.794
19.4.2025,3:24:8.432,20.129,45.295
19.4.2025,3:24:9.419,19.859,34.137
19.4.2025,3:24:10.420,19.689,46.343
19.4.2025,3:24:11.437,19.882,46.739
19.4.2025,3:24:12.454,22.004,47.790
19.4.2025,3:24:13.473,22.074,48.748
19.4.2025,3:24:14.473,21.337,49.670
19.4.2025,3:24:15.478,20.059,51.561
19.4.2025,3:24:16.493,19.682,45.401
19.4.2025,3:24:17.509,19.719,34.243
19.4.2025,3:24:18.512,20.239,45.796
19.4.2025,3:24:19.512,21.131,47.425
19.4.2025,3:24:20.541,21.635,47.804
19.4.2025,3:24:21.541,21.580,48.555
19.4.2025,3:24:22.543,21.091,49.872
19.4.2025,3:24:23.562,19.631,52.443
19.4.2025,3:24:24.565,19.788,41.786
19.4.2025,3:24:25.569,19.998,46.311
19.4.2025,3:24:26.568,21.165,47.819
19.4.2025,3:24:27.569,21.337,47.667
19.4.2025,3:24:28.568,21.303,48.227
19.4.2025,3:24:29.569,21.725,49.262
19.4.2025,3:24:30.583,19.822,55.641
19.4.2025,3:24:31.598,20.023,38.016
19.4.2025,3:24:32.600,20.001,37.090
19.4.2025,3:24:33.602,22.659,46.174
19.4.2025,3:24:34.614,21.792,48.688
19.4.2025,3:24:35.613,21.112,47.736
19.4.2025,3:24:36.617,20.892,48.629
19.4.2025,3:24:37.633,21.455,49.320
19.4.2025,3:24:38.649,20.156,54.680
19.4.2025,3:24:39.637,19.831,37.029
19.4.2025,3:24:40.640,19.618,40.507
19.4.2025,3:24:41.644,21.315,47.593
19.4.2025,3:24:42.646,21.315,49.671
19.4.2025,3:24:43.647,21.749,49.584
19.4.2025,3:24:44.665,21.277,52.080
19.4.2025,3:24:45.655,19.583,42.760
19.4.2025,3:24:46.658,19.863,36.509
19.4.2025,3:24:47.669,19.572,46.376
19.4.2025,3:24:48.671,21.129,48.000
19.4.2025,3:24:49.672,21.844,48.215
19.4.2025,3:24:50.674,20.815,48.450
19.4.2025,3:24:51.679,21.076,49.678
19.4.2025,3:24:52.667,20.698,52.011
19.4.2025,3:24:53.669,19.803,42.259
19.4.2025,3:24:54.670,19.543,35.385
19.4.2025,3:24:55.672,20.161,46.157
19.4.2025,3:24:56.672,21.325,47.272
19.4.2025,3:24:57.674,21.701,47.836
19.4.2025,3:24:58.675,20.943,48.903
19.4.2025,3:24:59.679,20.687,52.931
19.4.2025,3:25:0.683,19.371,36.195
19.4.2025,3:25:1.668,19.941,41.536
19.4.2025,3:25:2.672,19.340,45.936
19.4.2025,3:25:3.672,21.742,47.768
19.4.2025,3:25:4.672,21.109,48.429
19.4.2025,3:25:5.673,21.275,49.179
19.4.2025,3:25:6.672,21.020,50.200
19.4.2025,3:25:7.674,19.730,51.841
19.4.2025,3:25:8.677,19.466,33.795
19.4.2025,3:25:9.680,19.785,44.360
19.4.2025,3:25:10.696,21.404,46.403
19.4.2025,3:25:11.685,21.547,47.812
19.4.2025,3:25:12.685,21.271,48.694
19.4.2025,3:25:13.702,21.229,49.846
19.4.2025,3:25:14.717,19.714,53.956
19.4.2025,3:25:15.719,19.860,40.512
19.4.2025,3:25:16.722,20.009,38.558
19.4.2025,3:25:17.728,21.740,47.825
19.4.2025,3:25:18.744,20.933,48.870
19.4.2025,3:25:19.749,21.023,49.350
19.4.2025,3:25:20.767,20.535,50.625
19.4.2025,3:25:21.781,19.543,48.053
19.4.2025,3:25:22.794,20.222,32.744
19.4.2025,3:25:23.813,20.107,46.141
19.4.2025,3:25:24.815,21.809,46.602
19.4.2025,3:25:25.834,21.686,47.868
19.4.2025,3:25:26.835,21.868,48.844
19.4.2025,3:25:27.837,19.936,49.890
19.4.2025,3:25:28.855,20.408,33.775
19.4.2025,3:25:29.844,19.483,43.974
19.4.2025,3:25:30.845,20.000,46.298
19.4.2025,3:25:31.846,21.253,47.964
19.4.2025,3:25:32.848,20.781,48.320
19.4.2025,3:25:33.846,21.355,49.649
19.4.2025,3:25:34.848,20.135,51.683
19.4.2025,3:25:35.852,19.616,44.663
19.4.2025,3:25:36.853,19.141,34.218
19.4.2025,3:25:37.868,20.516,45.444
19.4.2025,3:25:38.866,20.984,46.842
19.4.2025,3:25:39.870,21.402,47.883
19.4.2025,3:25:40.858,21.187,48.649
19.4.2025,3:25:41.861,21.330,49.762
19.4.2025,3:25:42.877,20.264,38.119
19.4.2025,3:25:43.896,19.614,40.401
19.4.2025,3:25:44.899,19.395,46.587
19.4.2025,3:25:45.900,21.580,47.999
19.4.2025,3:25:46.889,21.760,48.797
19.4.2025,3:25:47.908,21.150,49.149
19.4.2025,3:25:48.923,21.111,51.326
19.4.2025,3:25:49.924,19.940,47.481
19.4.2025,3:25:50.924,19.515,33.524
19.4.2025,3:25:51.940,19.903,45.584
19.4.2025,3:25:52.940,20.964,46.518
19.4.2025,3:25:53.943,20.988,48.286
19.4.2025,3:25:54.956,21.392,48.906
19.4.2025,3:25:55.973,20.808,49.436
19.4.2025,3:25:56.975,19.812,52.026
19.4.2025,3:25:57.992,19.965,42.138
19.4.2025,3:25:58.993,19.946,35.106
19.4.2025,3:25:59.981,20.566,46.095
19.4.2025,3:26:0.987,21.104,47.334
19.4.2025,3:26:1.990,21.460,48.770
19.4.2025,3:26:3.006,21.475,50.475
19.4.2025,3:26:4.022,19.697,53.374
19.4.2025,3:26:5.025,20.083,36.088
19.4.2025,3:26:6.041,18.990,43.094
19.4.2025,3:26:7.044,20.345,46.497
19.4.2025,3:26:8.047,24.939,47.851
19.4.2025,3:26:9.051,21.415,48.644
19.4.2025,3:26:10.052,21.025,49.166
19.4.2025,3:26:11.054,20.196,50.105
19.4.2025,3:26:12.055,19.943,47.436
19.4.2025,3:26:13.060,19.002,45.927
19.4.2025,3:26:14.073,21.305,48.207
19.4.2025,3:26:15.058,21.261,47.762
19.4.2025,3:26:16.080,20.873,49.178
19.4.2025,3:26:17.094,20.443,50.558
19.4.2025,3:26:18.092,19.647,49.811
19.4.2025,3:26:19.090,19.140,54.006
19.4.2025,3:26:20.092,19.305,45.864
19.4.2025,3:26:21.114,21.054,47.256
19.4.2025,3:26:22.114,21.249,47.887
19.4.2025,3:26:23.121,21.891,48.481
19.4.2025,3:26:24.105,20.750,49.995
19.4.2025,3:26:25.106,19.550,53.862
19.4.2025,3:26:26.109,19.691,39.514
19.4.2025,3:26:27.109,19.344,37.691
19.4.2025,3:26:28.114,20.999,46.261
19.4.2025,3:26:29.108,21.380,47.656
19.4.2025,3:26:30.127,20.925,47.503
19.4.2025,3:26:31.130,20.890,48.758
19.4.2025,3:26:32.133,19.291,45.427
19.4.2025,3:26:33.137,19.436,32.265
19.4.2025,3:26:34.137,19.710,45.753
19.4.2025,3:26:35.136,21.390,46.408
19.4.2025,3:26:36.151,21.474,47.631
19.4.2025,3:26:37.138,20.914,48.571
19.4.2025,3:26:38.156,21.200,49.900
19.4.2025,3:26:39.157,20.089,56.287
19.4.2025,3:26:40.171,19.597,35.595
19.4.2025,3:26:41.177,20.503,43.008
19.4.2025,3:26:42.176,21.329,46.651
19.4.2025,3:26:43.182,21.168,47.759
19.4.2025,3:26:44.168,20.977,48.553
19.4.2025,3:26:45.182,20.436,49.494
19.4.2025,3:26:46.184,19.628,51.217
19.4.2025,3:26:47.186,18.859,44.715
19.4.2025,3:26:48.202,20.748,34.323
19.4.2025,3:26:49.219,21.184,47.809
19.4.2025,3:26:50.221,21.253,48.425
19.4.2025,3:26:51.224,21.291,49.153
19.4.2025,3:26:52.237,19.316,50.478
19.4.2025,3:26:53.255,19.803,48.736
19.4.2025,3:26:54.262,19.516,33.726
19.4.2025,3:26:55.278,20.446,45.998
19.4.2025,3:26:56.293,21.424,47.333
19.4.2025,3:26:57.310,21.690,47.685
19.4.2025,3:26:58.309,20.923,48.487
19.4.2025,3:26:59.312,19.585,49.054
19.4.2025,3:27:0.313,19.876,54.257
19.4.2025,3:27:1.329,19.345,36.236
19.4.2025,3:27:2.346,21.290,44.284
19.4.2025,3:27:3.361,21.611,46.410
19.4.2025,3:27:4.358,20.752,47.899
19.4.2025,3:27:5.376,20.191,48.461
19.4.2025,3:27:6.394,19.756,49.682
19.4.2025,3:27:7.393,19.718,52.436
19.4.2025,3:27:8.395,19.534,41.734
19.4.2025,3:27:9.436,20.789,31.412
19.4.2025,3:27:10.454,32.021,46.136
19.4.2025,3:27:11.471,28.311,47.818
19.4.2025,3:27:12.486,19.646,48.760
19.4.2025,3:27:13.492,19.999,55.539
19.4.2025,3:27:14.496,19.272,36.562
19.4.2025,3:27:15.499,20.817,43.279
19.4.2025,3:27:16.501,21.512,46.447
19.4.2025,3:27:17.505,21.283,47.783
19.4.2025,3:27:18.506,20.517,48.535
19.4.2025,3:27:19.510,19.438,49.648
19.4.2025,3:27:20.497,20.246,52.375
19.4.2025,3:27:21.498,19.398,34.409
19.4.2025,3:27:22.515,21.276,43.265
19.4.2025,3:27:23.531,20.915,46.617
19.4.2025,3:27:24.548,21.369,48.919
19.4.2025,3:27:25.548,20.396,50.312
19.4.2025,3:27:26.550,19.720,49.539
19.4.2025,3:27:27.551,20.641,35.740
19.4.2025,3:27:28.555,24.912,46.433
19.4.2025,3:27:29.571,21.641,48.462
19.4.2025,3:27:30.560,20.889,48.042
19.4.2025,3:27:31.560,20.834,48.687
19.4.2025,3:27:32.559,20.058,49.778
19.4.2025,3:27:33.563,19.652,50.163
19.4.2025,3:27:34.562,20.346,31.973
19.4.2025,3:27:35.562,21.419,45.889
19.4.2025,3:27:36.578,21.429,47.472
19.4.2025,3:27:37.578,21.625,47.728
19.4.2025,3:27:38.591,19.936,48.814
19.4.2025,3:27:39.594,19.437,50.656
19.4.2025,3:27:40.594,18.401,43.217
19.4.2025,3:27:41.596,21.343,35.815
19.4.2025,3:27:42.616,21.583,45.935
19.4.2025,3:27:43.634,24.602,48.091
19.4.2025,3:27:44.639,20.326,48.297
19.4.2025,3:27:45.644,19.241,53.916
19.4.2025,3:27:46.647,20.134,38.740
19.4.2025,3:27:47.646,20.176,38.699
19.4.2025,3:27:48.645,20.755,45.756
19.4.2025,3:27:49.651,21.432,47.628
19.4.2025,3:27:50.652,21.034,48.470
19.4.2025,3:27:51.655,19.531,49.487
19.4.2025,3:27:52.674,19.535,51.452
19.4.2025,3:27:53.677,19.589,41.154
19.4.2025,3:27:54.678,21.030,36.898
19.4.2025,3:27:55.679,21.492,46.255
19.4.2025,3:27:56.668,21.182,47.857
19.4.2025,3:27:57.673,20.466,48.287
19.4.2025,3:27:58.677,19.908,49.328
19.4.2025,3:27:59.681,18.940,37.714
19.4.2025,3:28:0.671,20.157,42.684
19.4.2025,3:28:1.673,21.325,46.523
19.4.2025,3:28:2.687,21.524,47.652
19.4.2025,3:28:3.688,20.994,48.463
19.4.2025,3:28:4.705,19.363,49.794
19.4.2025,3:28:5.708,19.319,54.805
19.4.2025,3:28:6.710,19.313,37.708
19.4.2025,3:28:7.725,20.933,42.212
19.4.2025,3:28:8.723,21.567,46.456
19.4.2025,3:28:9.725,21.115,47.695
19.4.2025,3:28:10.744,19.877,48.169
19.4.2025,3:28:11.731,19.690,49.678
19.4.2025,3:28:12.733,19.334,55.793
19.4.2025,3:28:13.735,20.361,36.647
19.4.2025,3:28:14.739,21.453,47.312
19.4.2025,3:28:15.738,21.299,47.474
19.4.2025,3:28:16.739,20.757,48.734
19.4.2025,3:28:17.739,19.528,50.171
19.4.2025,3:28:18.740,19.241,47.820
19.4.2025,3:28:19.744,19.941,33.719
19.4.2025,3:28:20.744,21.286,45.505
19.4.2025,3:28:21.731,20.727,46.618
19.4.2025,3:28:22.731,21.092,47.939
19.4.2025,3:28:23.731,19.725,48.757
19.4.2025,3:28:24.751,19.131,50.007
19.4.2025,3:28:25.764,19.330,47.258
19.4.2025,3:28:26.765,20.989,34.762
19.4.2025,3:28:27.764,21.420,46.582
19.4.2025,3:28:28.781,21.307,48.059
19.4.2025,3:28:29.798,20.906,49.620
19.4.2025,3:28:30.812,19.123,52.099
19.4.2025,3:28:31.814,19.612,45.438
19.4.2025,3:28:32.812,19.368,34.960
19.4.2025,3:28:33.811,20.737,46.222
19.4.2025,3:28:34.811,21.020,47.801
19.4.2025,3:28:35.812,21.357,47.823
19.4.2025,3:28:36.816,21.189,48.888
19.4.2025,3:28:37.819,19.332,49.310
19.4.2025,3:28:38.823,19.709,51.469
19.4.2025,3:28:39.822,19.688,32.632
19.4.2025,3:28:40.823,21.567,45.078
19.4.2025,3:28:41.826,21.546,46.471
19.4.2025,3:28:42.829,21.725,51.305
19.4.2025,3:28:43.847,25.258,49.950
19.4.2025,3:28:44.846,29.791,38.167
19.4.2025,3:28:45.846,29.526,38.003
19.4.2025,3:28:46.849,29.767,37.978
19.4.2025,3:28:47.851,29.865,48.447
19.4.2025,3:28:48.867,24.667,49.342
19.4.2025,3:28:49.867,19.222,55.591
19.4.2025,3:28:50.866,18.648,35.271
19.4.2025,3:28:51.882,20.897,43.269
19.4.2025,3:28:52.886,21.592,46.486
19.4.2025,3:28:53.887,21.827,47.617
19.4.2025,3:28:54.890,20.760,48.545
19.4.2025,3:28:55.889,19.296,49.644
19.4.2025,3:28:56.890,18.905,55.332
19.4.2025,3:28:57.891,20.259,36.270
19.4.2025,3:28:58.896,21.254,42.478
19.4.2025,3:28:59.900,21.292,47.874
19.4.2025,3:29:0.916,21.127,48.493
19.4.2025,3:29:1.917,18.926,49.906
19.4.2025,3:29:2.906,19.576,55.249
19.4.2025,3:29:3.909,19.525,38.359
19.4.2025,3:29:4.927,20.864,41.205
19.4.2025,3:29:5.932,21.107,46.616
19.4.2025,3:29:6.920,21.385,47.522
19.4.2025,3:29:7.920,20.188,48.653
19.4.2025,3:29:8.925,19.580,49.802
19.4.2025,3:29:9.925,19.687,55.209
19.4.2025,3:29:10.940,20.944,36.750
19.4.2025,3:29:11.943,21.341,40.384
19.4.2025,3:29:12.947,21.289,46.681
19.4.2025,3:29:13.935,20.751,47.509
19.4.2025,3:29:14.936,19.643,49.229
19.4.2025,3:29:15.938,19.639,51.882
19.4.2025,3:29:16.942,19.738,32.283
19.4.2025,3:29:17.947,24.185,45.676
19.4.2025,3:29:18.949,21.097,47.123
19.4.2025,3:29:19.968,21.206,48.012
19.4.2025,3:29:20.966,19.675,48.664
19.4.2025,3:29:21.971,19.519,49.704
19.4.2025,3:29:22.973,19.113,49.905
19.4.2025,3:29:23.989,21.130,32.991
19.4.2025,3:29:25.002,21.763,45.435
19.4.2025,3:29:26.004,20.956,47.548
19.4.2025,3:29:27.021,20.728,49.097
19.4.2025,3:29:28.023,19.351,50.718
19.4.2025,3:29:29.033,19.167,47.921
19.4.2025,3:29:30.052,19.742,33.889
19.4.2025,3:29:31.057,21.182,45.716
19.4.2025,3:29:32.056,21.299,47.298
19.4.2025,3:29:33.048,21.229,47.968
19.4.2025,3:29:34.051,20.587,48.587
19.4.2025,3:29:35.051,19.144,49.662
19.4.2025,3:29:36.066,19.459,56.034
19.4.2025,3:29:37.065,19.768,36.186
19.4.2025,3:29:38.081,20.985,42.832
19.4.2025,3:29:39.097,21.155,46.382
19.4.2025,3:29:40.099,21.024,47.941
19.4.2025,3:29:41.098,20.291,48.050
19.4.2025,3:29:42.105,19.505,49.358
19.4.2025,3:29:43.120,19.188,50.302
19.4.2025,3:29:44.115,20.005,43.831
19.4.2025,3:29:45.123,21.237,46.764
19.4.2025,3:29:46.140,21.535,46.189
19.4.2025,3:29:47.140,21.256,48.370
19.4.2025,3:29:48.159,19.731,49.283
19.4.2025,3:29:49.179,19.133,50.429
19.4.2025,3:29:50.182,19.832,45.961
19.4.2025,3:29:51.170,20.577,33.196
19.4.2025,3:29:52.171,21.898,45.580
19.4.2025,3:29:53.179,21.013,47.188
19.4.2025,3:29:54.182,20.584,48.059
19.4.2025,3:29:55.181,19.147,48.129
19.4.2025,3:29:56.185,19.548,49.015
19.4.2025,3:29:57.185,19.027,50.630
19.4.2025,3:29:58.201,21.274,32.356
19.4.2025,3:29:59.202,21.016,45.429
19.4.2025,3:30:0.221,21.916,46.593
19.4.2025,3:30:1.234,20.484,47.664
19.4.2025,3:30:2.250,18.916,48.338
19.4.2025,3:30:3.254,19.647,49.370
19.4.2025,3:30:4.257,19.689,33.995
19.4.2025,3:30:5.276,21.648,45.770
19.4.2025,3:30:6.263,21.166,46.849
19.4.2025,3:30:7.266,21.359,47.938
19.4.2025,3:30:8.284,20.025,48.868
19.4.2025,3:30:9.287,19.107,49.248
19.4.2025,3:30:10.292,19.093,55.314
19.4.2025,3:30:11.306,20.627,38.223
19.4.2025,3:30:12.313,21.248,41.320
19.4.2025,3:30:13.330,21.159,46.422
19.4.2025,3:30:14.346,20.611,47.741
19.4.2025,3:30:15.364,19.444,48.726
19.4.2025,3:30:16.367,19.680,55.348
19.4.2025,3:30:17.369,19.762,39.182
19.4.2025,3:30:18.368,20.910,38.912
19.4.2025,3:30:19.384,21.336,46.068
19.4.2025,3:30:20.386,21.003,47.874
19.4.2025,3:30:21.399,20.907,48.164
19.4.2025,3:30:22.387,20.032,49.685
19.4.2025,3:30:23.389,19.737,51.148
19.4.2025,3:30:24.395,19.034,42.802
19.4.2025,3:30:25.410,21.121,36.892
19.4.2025,3:30:26.426,20.829,46.207
19.4.2025,3:30:27.430,21.117,48.450
19.4.2025,3:30:28.429,21.430,48.075
19.4.2025,3:30:29.429,19.471,52.356
19.4.2025,3:30:30.429,19.063,41.853
19.4.2025,3:30:31.431,19.656,37.212
19.4.2025,3:30:32.431,20.934,46.538
19.4.2025,3:30:33.432,21.309,47.999
19.4.2025,3:30:34.430,21.430,48.044
19.4.2025,3:30:35.434,20.138,48.888
19.4.2025,3:30:36.435,19.179,49.585
19.4.2025,3:30:37.450,19.662,52.802
19.4.2025,3:30:38.455,19.969,35.474
19.4.2025,3:30:39.471,21.326,43.531
19.4.2025,3:30:40.486,21.045,46.525
19.4.2025,3:30:41.501,20.816,47.788
19.4.2025,3:30:42.507,19.741,48.369
19.4.2025,3:30:43.525,19.402,49.890
19.4.2025,3:30:44.531,19.696,56.892
19.4.2025,3:30:45.552,20.698,45.452
19.4.2025,3:30:46.553,21.365,46.595
19.4.2025,3:30:47.543,21.100,47.567
19.4.2025,3:30:48.545,20.880,48.631
19.4.2025,3:30:49.545,19.518,49.087
19.4.2025,3:30:50.546,19.300,57.090
19.4.2025,3:30:51.547,19.911,36.014
19.4.2025,3:30:52.555,23.828,43.561
19.4.2025,3:30:53.555,20.604,46.531
19.4.2025,3:30:54.554,21.022,47.749
19.4.2025,3:30:55.544,20.887,48.775
19.4.2025,3:30:56.544,19.774,49.362
19.4.2025,3:30:57.546,19.209,52.292
19.4.2025,3:30:58.550,19.423,42.382
19.4.2025,3:30:59.554,21.417,37.331
19.4.2025,3:31:0.553,21.231,47.834
19.4.2025,3:31:1.558,21.067,48.495
19.4.2025,3:31:2.574,19.980,49.020
19.4.2025,3:31:3.571,18.776,50.794
19.4.2025,3:31:4.572,19.220,46.015
19.4.2025,3:31:5.587,20.349,33.500
19.4.2025,3:31:6.603,21.367,46.029
19.4.2025,3:31:7.591,20.877,47.582
19.4.2025,3:31:8.602,20.948,47.916
19.4.2025,3:31:9.592,19.286,48.258
19.4.2025,3:31:10.596,20.052,49.601
19.4.2025,3:31:11.599,19.666,54.157
19.4.2025,3:31:12.601,20.822,33.807
19.4.2025,3:31:13.619,21.541,44.127
19.4.2025,3:31:14.635,21.309,46.491
19.4.2025,3:31:15.652,20.939,47.997
19.4.2025,3:31:16.638,19.355,49.380
19.4.2025,3:31:17.642,19.687,55.613
19.4.2025,3:31:18.648,19.127,34.380
19.4.2025,3:31:19.647,20.994,45.723
19.4.2025,3:31:20.647,21.289,46.901
19.4.2025,3:31:21.649,21.105,47.903
19.4.2025,3:31:22.665,19.982,48.923
19.4.2025,3:31:23.654,20.353,49.715
19.4.2025,3:31:24.669,18.801,48.998
19.4.2025,3:31:25.683,20.210,33.227
19.4.2025,3:31:26.670,21.045,45.626
19.4.2025,3:31:27.672,20.815,46.622
19.4.2025,3:31:28.675,21.337,49.240
19.4.2025,3:31:29.676,19.455,50.084
19.4.2025,3:31:30.691,19.306,46.693
19.4.2025,3:31:31.695,19.221,33.985
19.4.2025,3:31:32.710,20.610,46.222
19.4.2025,3:31:33.728,21.132,47.856
19.4.2025,3:31:34.716,21.171,48.150
19.4.2025,3:31:35.715,20.238,48.361
19.4.2025,3:31:36.733,19.955,49.920
19.4.2025,3:31:37.734,19.842,49.090
19.4.2025,3:31:38.734,20.357,32.752
19.4.2025,3:31:39.735,20.464,45.948
19.4.2025,3:31:40.750,21.493,47.547
19.4.2025,3:31:41.766,20.576,47.529
19.4.2025,3:31:42.769,20.218,48.517
19.4.2025,3:31:43.769,19.249,47.680
19.4.2025,3:31:44.770,19.409,53.143
19.4.2025,3:31:45.774,20.010,46.154
19.4.2025,3:31:46.762,21.395,47.388
19.4.2025,3:31:47.781,20.953,47.573
19.4.2025,3:31:48.803,20.439,48.695
19.4.2025,3:31:49.802,19.242,49.357
19.4.2025,3:31:50.806,19.113,52.393
19.4.2025,3:31:51.796,20.036,34.851
19.4.2025,3:31:52.814,21.257,45.445
19.4.2025,3:31:53.830,21.198,46.325
19.4.2025,3:31:54.831,21.377,47.965
19.4.2025,3:31:55.832,20.162,48.519
19.4.2025,3:31:56.848,18.781,49.582
19.4.2025,3:31:57.866,19.458,53.354
19.4.2025,3:31:58.866,19.988,40.398
19.4.2025,3:31:59.867,20.921,46.690
19.4.2025,3:32:0.885,21.093,47.931
19.4.2025,3:32:1.873,21.643,48.422
19.4.2025,3:32:2.887,20.046,49.496
19.4.2025,3:32:3.889,19.425,52.997
19.4.2025,3:32:4.891,18.840,40.482
19.4.2025,3:32:5.896,19.887,37.929
19.4.2025,3:32:6.911,20.816,46.297
19.4.2025,3:32:7.913,20.573,47.935
19.4.2025,3:32:8.934,20.782,47.788
19.4.2025,3:32:9.940,20.132,48.832
19.4.2025,3:32:10.942,19.733,49.836
19.4.2025,3:32:11.945,19.069,37.202
19.4.2025,3:32:12.945,20.128,46.195
19.4.2025,3:32:13.945,21.428,47.957
19.4.2025,3:32:14.962,21.401,48.657
19.4.2025,3:32:15.978,20.527,48.891
19.4.2025,3:32:16.977,19.711,50.314
19.4.2025,3:32:17.978,19.933,49.239
19.4.2025,3:32:18.981,19.258,32.380
19.4.2025,3:32:19.984,20.309,45.780
19.4.2025,3:32:20.986,21.675,47.464
19.4.2025,3:32:22.003,21.298,47.803
19.4.2025,3:32:23.005,20.514,48.806
19.4.2025,3:32:24.020,19.538,44.666
19.4.2025,3:32:25.019,19.613,35.824
19.4.2025,3:32:26.022,20.216,46.040
19.4.2025,3:32:27.024,24.125,48.086
19.4.2025,3:32:28.039,21.264,48.136
19.4.2025,3:32:29.056,20.676,49.075
19.4.2025,3:32:30.072,19.382,50.733
19.4.2025,3:32:31.071,19.451,45.475
19.4.2025,3:32:32.073,19.089,34.637
19.4.2025,3:32:33.059,20.304,46.449
19.4.2025,3:32:34.060,21.260,47.787
19.4.2025,3:32:35.061,21.167,47.625
19.4.2025,3:32:36.063,20.258,48.704
19.4.2025,3:32:37.063,19.599,50.354
19.4.2025,3:32:38.082,19.014,46.008
19.4.2025,3:32:39.102,20.381,35.143
19.4.2025,3:32:40.104,21.042,46.706
19.4.2025,3:32:41.090,21.022,48.024
19.4.2025,3:32:42.095,21.120,49.121
19.4.2025,3:32:43.097,19.809,50.381
19.4.2025,3:32:44.095,19.000,46.188
19.4.2025,3:32:45.116,23.261,36.215
19.4.2025,3:32:46.114,26.741,46.138
19.4.2025,3:32:47.107,22.514,47.596
19.4.2025,3:32:48.126,25.416,48.302
19.4.2025,3:32:49.130,20.295,49.565
19.4.2025,3:32:50.131,21.718,55.664
19.4.2025,3:32:51.147,19.309,34.815
19.4.2025,3:32:52.147,21.065,43.033
19.4.2025,3:32:53.145,21.215,46.452
19.4.2025,3:32:54.158,21.402,47.779
19.4.2025,3:32:55.161,20.648,48.609
19.4.2025,3:32:56.176,23.445,49.912
19.4.2025,3:32:57.196,18.847,53.530
19.4.2025,3:32:58.197,19.784,37.696
19.4.2025,3:32:59.211,21.588,40.102
19.4.2025,3:33:0.211,20.920,46.329
19.4.2025,3:33:1.225,21.395,48.049
19.4.2025,3:33:2.244,19.389,49.556
19.4.2025,3:33:3.231,19.508,52.210
19.4.2025,3:33:4.230,19.029,32.520
19.4.2025,3:33:5.252,20.421,45.487
19.4.2025,3:33:6.269,21.238,47.589
19.4.2025,3:33:7.271,21.527,47.939
19.4.2025,3:33:8.275,20.547,48.226
19.4.2025,3:33:9.278,19.765,49.478
19.4.2025,3:33:10.296,19.352,52.761
19.4.2025,3:33:11.294,19.386,35.357
19.4.2025,3:33:12.297,21.095,44.479
19.4.2025,3:33:13.296,21.295,46.953
19.4.2025,3:33:14.296,20.776,47.801
19.4.2025,3:33:15.304,19.497,50.123
19.4.2025,3:33:16.304,19.503,50.370
19.4.2025,3:33:17.307,19.373,31.640
19.4.2025,3:33:18.306,20.106,45.878
19.4.2025,3:33:19.309,21.024,46.778
19.4.2025,3:33:20.313,21.453,47.527
19.4.2025,3:33:21.313,21.626,48.722
19.4.2025,3:33:22.313,19.516,48.747
19.4.2025,3:33:23.317,19.362,56.429
19.4.2025,3:33:24.337,19.060,35.540
19.4.2025,3:33:25.354,20.952,43.880
19.4.2025,3:33:26.342,21.519,46.332
19.4.2025,3:33:27.344,21.100,49.051
19.4.2025,3:33:28.344,19.037,49.622
19.4.2025,3:33:29.344,19.772,50.567
19.4.2025,3:33:30.348,18.871,32.325
19.4.2025,3:33:31.351,20.191,46.008
19.4.2025,3:33:32.363,21.550,46.975
19.4.2025,3:33:33.370,21.049,47.919
19.4.2025,3:33:34.385,21.360,48.523
19.4.2025,3:33:35.385,19.568,49.679
19.4.2025,3:33:36.401,18.925,54.690
19.4.2025,3:33:37.389,19.633,33.984
19.4.2025,3:33:38.404,20.470,44.014
19.4.2025,3:33:39.404,21.176,46.430
19.4.2025,3:33:40.407,21.587,47.717
19.4.2025,3:33:41.424,20.245,48.453
19.4.2025,3:33:42.426,19.029,49.626
19.4.2025,3:33:43.427,20.678,54.525
19.4.2025,3:33:44.431,19.205,34.096
19.4.2025,3:33:45.430,21.146,47.491
19.4.2025,3:33:46.446,21.330,47.544
19.4.2025,3:33:47.461,21.368,48.568
19.4.2025,3:33:48.463,20.057,49.333
19.4.2025,3:33:49.453,19.116,53.956
19.4.2025,3:33:50.456,19.279,34.604
19.4.2025,3:33:51.469,20.220,45.548
19.4.2025,3:33:52.471,21.007,46.344
19.4.2025,3:33:53.473,23.262,47.717
19.4.2025,3:33:54.487,24.787,48.593
19.4.2025,3:33:55.504,20.124,49.627
19.4.2025,3:33:56.505,20.318,47.780
19.4.2025,3:33:57.509,21.923,32.447
19.4.2025,3:33:58.524,22.535,45.745
19.4.2025,3:33:59.526,21.987,48.045
19.4.2025,3:34:0.526,22.226,48.087
19.4.2025,3:34:1.528,23.049,52.627
19.4.2025,3:34:2.543,19.424,40.849
19.4.2025,3:34:3.544,19.096,38.060
19.4.2025,3:34:4.546,19.904,46.826
19.4.2025,3:34:5.542,20.809,48.101
19.4.2025,3:34:6.545,20.979,48.259
19.4.2025,3:34:7.561,21.165,48.941
19.4.2025,3:34:8.562,19.685,50.111
19.4.2025,3:34:9.577,19.206,47.115
19.4.2025,3:34:10.581,19.316,34.559
19.4.2025,3:34:11.602,21.350,46.306
19.4.2025,3:34:12.593,21.039,48.321
19.4.2025,3:34:13.597,21.629,47.857
19.4.2025,3:34:14.609,20.139,48.727
19.4.2025,3:34:15.614,19.563,46.163
19.4.2025,3:34:16.620,19.149,34.703
19.4.2025,3:34:17.622,19.760,46.179
19.4.2025,3:34:18.623,21.022,47.903
19.4.2025,3:34:19.637,21.309,47.868
19.4.2025,3:34:20.639,20.290,48.973
19.4.2025,3:34:21.643,19.825,50.069
19.4.2025,3:34:22.647,19.320,50.111
19.4.2025,3:34:23.647,19.823,32.595
19.4.2025,3:34:24.651,19.536,45.895
19.4.2025,3:34:25.666,21.363,47.383
19.4.2025,3:34:26.680,21.066,47.910
19.4.2025,3:34:27.682,20.623,39.689
19.4.2025,3:34:28.684,24.773,45.250
19.4.2025,3:34:29.695,29.619,50.003
19.4.2025,3:34:30.696,29.397,50.333
19.4.2025,3:34:31.698,29.577,55.268
19.4.2025,3:34:32.695,29.573,47.925
19.4.2025,3:34:33.713,24.748,48.164
19.4.2025,3:34:34.714,18.875,50.359
19.4.2025,3:34:35.716,19.411,32.506
19.4.2025,3:34:36.716,19.914,45.905
19.4.2025,3:34:37.718,20.805,46.902
19.4.2025,3:34:38.715,21.041,47.522
19.4.2025,3:34:39.715,20.579,48.373
19.4.2025,3:34:40.733,20.245,49.240
19.4.2025,3:34:41.738,19.041,55.165
19.4.2025,3:34:42.754,19.000,39.406
19.4.2025,3:34:43.765,19.155,40.163
19.4.2025,3:34:44.767,20.816,46.195
19.4.2025,3:34:45.767,21.190,48.115
19.4.2025,3:34:46.782,21.404,48.483
19.4.2025,3:34:47.788,19.908,49.620
19.4.2025,3:34:48.803,19.901,51.182
19.4.2025,3:34:49.803,19.636,48.342
19.4.2025,3:34:50.806,19.149,32.902
19.4.2025,3:34:51.808,21.264,45.570
19.4.2025,3:34:52.793,20.300,47.866
19.4.2025,3:34:53.798,21.181,47.670
19.4.2025,3:34:54.799,20.315,51.721
19.4.2025,3:34:55.803,18.740,42.859
19.4.2025,3:34:56.804,19.375,35.241
19.4.2025,3:34:57.807,19.267,45.765
19.4.2025,3:34:58.795,20.948,47.138
19.4.2025,3:34:59.795,21.189,47.716
19.4.2025,3:35:0.795,20.877,48.371
19.4.2025,3:35:1.797,19.901,49.727
19.4.2025,3:35:2.798,19.429,56.196
19.4.2025,3:35:3.801,19.285,36.985
19.4.2025,3:35:4.799,18.691,40.877
19.4.2025,3:35:5.805,21.348,47.668
19.4.2025,3:35:6.805,20.626,48.623
19.4.2025,3:35:7.821,20.650,49.630
19.4.2025,3:35:8.812,19.622,55.421
19.4.2025,3:35:9.814,19.537,36.491
19.4.2025,3:35:10.817,18.720,40.703
19.4.2025,3:35:11.818,19.762,46.512
19.4.2025,3:35:12.819,22.293,47.949
19.4.2025,3:35:13.820,22.929,48.657
19.4.2025,3:35:14.809,20.861,49.880
19.4.2025,3:35:15.812,19.849,53.229
19.4.2025,3:35:16.812,18.593,39.826
19.4.2025,3:35:17.833,19.011,39.845
19.4.2025,3:35:18.847,20.534,46.084
19.4.2025,3:35:19.852,21.489,47.939
19.4.2025,3:35:20.853,20.913,49.697
19.4.2025,3:35:21.842,20.438,52.998
19.4.2025,3:35:22.840,18.901,40.306
19.4.2025,3:35:23.855,19.353,39.941
19.4.2025,3:35:24.872,19.088,45.873
19.4.2025,3:35:25.888,21.718,47.810
19.4.2025,3:35:26.886,20.636,48.406
19.4.2025,3:35:27.889,21.075,49.309
19.4.2025,3:35:28.907,19.712,50.363
19.4.2025,3:35:29.910,19.414,46.016
19.4.2025,3:35:30.917,18.400,34.248
19.4.2025,3:35:31.932,19.830,46.259
19.4.2025,3:35:32.932,20.793,47.622
19.4.2025,3:35:33.932,21.188,47.584
19.4.2025,3:35:34.918,22.021,48.883
19.4.2025,3:35:35.921,21.489,49.583
19.4.2025,3:35:36.924,19.241,33.699
19.4.2025,3:35:37.926,19.543,46.207
19.4.2025,3:35:38.931,20.166,47.662
19.4.2025,3:35:39.933,21.078,47.744
19.4.2025,3:35:40.936,21.028,48.041
19.4.2025,3:35:41.938,20.646,49.260
19.4.2025,3:35:42.955,19.801,55.618
19.4.2025,3:35:43.958,19.798,36.095
19.4.2025,3:35:44.960,18.882,43.918
19.4.2025,3:35:45.959,21.064,46.497
19.4.2025,3:35:46.976,20.562,48.034
19.4.2025,3:35:47.977,20.558,48.317
19.4.2025,3:35:48.980,21.344,55.169
19.4.2025,3:35:49.966,19.457,37.386
19.4.2025,3:35:50.983,18.975,41.631
19.4.2025,3:35:51.987,19.042,46.445
19.4.2025,3:35:53.003,21.063,47.860
19.4.2025,3:35:54.018,20.843,48.605
19.4.2025,3:35:55.020,21.280,49.534
19.4.2025,3:35:56.039,20.248,51.548
19.4.2025,3:35:57.052,19.534,43.411
19.4.2025,3:35:58.054,18.787,36.330
19.4.2025,3:35:59.068,19.520,46.487
19.4.2025,3:36:0.072,20.768,47.977
19.4.2025,3:36:1.088,20.865,48.494
19.4.2025,3:36:2.104,20.657,49.280
19.4.2025,3:36:3.103,19.120,50.293
19.4.2025,3:36:4.090,19.809,40.285
19.4.2025,3:36:5.095,19.900,46.545
19.4.2025,3:36:6.096,19.950,47.941
19.4.2025,3:36:7.100,20.816,48.314
19.4.2025,3:36:8.104,20.847,49.586
19.4.2025,3:36:9.105,20.442,52.139
19.4.2025,3:36:10.115,19.710,41.902
19.4.2025,3:36:11.121,18.895,38.299
19.4.2025,3:36:12.137,19.079,46.370
19.4.2025,3:36:13.137,21.033,47.905
19.4.2025,3:36:14.156,21.314,48.179
19.4.2025,3:36:15.158,21.088,48.915
19.4.2025,3:36:16.177,20.298,50.336
19.4.2025,3:36:17.176,19.478,47.265
19.4.2025,3:36:18.179,19.321,34.234
19.4.2025,3:36:19.181,19.860,46.453
19.4.2025,3:36:20.167,21.069,48.019
19.4.2025,3:36:21.171,21.189,49.452
19.4.2025,3:36:22.186,20.695,52.117
19.4.2025,3:36:23.186,19.155,44.706
19.4.2025,3:36:24.202,19.216,35.869
19.4.2025,3:36:25.208,19.383,46.582
19.4.2025,3:36:26.221,20.865,47.630
19.4.2025,3:36:27.225,21.396,47.990
19.4.2025,3:36:28.227,21.338,49.095
19.4.2025,3:36:29.227,20.224,50.652
19.4.2025,3:36:30.215,19.004,48.749
19.4.2025,3:36:31.216,19.433,33.359
19.4.2025,3:36:32.223,19.667,45.437
19.4.2025,3:36:33.227,20.718,47.049
19.4.2025,3:36:34.228,21.255,47.780
19.4.2025,3:36:35.218,20.997,48.300
19.4.2025,3:36:36.237,19.013,49.296
19.4.2025,3:36:37.253,19.038,53.129
19.4.2025,3:36:38.268,18.904,37.234
19.4.2025,3:36:39.272,20.368,42.905
19.4.2025,3:36:40.274,21.219,47.991
19.4.2025,3:36:41.276,21.190,48.481
19.4.2025,3:36:42.294,20.320,49.246
19.4.2025,3:36:43.298,19.025,53.940
19.4.2025,3:36:44.301,19.546,35.704
19.4.2025,3:36:45.303,19.310,43.854
19.4.2025,3:36:46.304,20.786,46.527
19.4.2025,3:36:47.304,21.071,47.974
19.4.2025,3:36:48.320,21.259,48.393
19.4.2025,3:36:49.338,20.539,49.348
19.4.2025,3:36:50.324,19.704,51.318
19.4.2025,3:36:51.325,21.567,43.313
19.4.2025,3:36:52.329,20.974,35.557
19.4.2025,3:36:53.332,21.029,47.708
19.4.2025,3:36:54.351,21.070,48.831
19.4.2025,3:36:55.354,21.516,49.890
19.4.2025,3:36:56.354,19.444,51.295
19.4.2025,3:36:57.356,19.741,42.634
19.4.2025,3:36:58.360,18.486,37.241
19.4.2025,3:36:59.381,20.782,46.402
19.4.2025,3:37:0.399,21.495,47.981
19.4.2025,3:37:1.400,21.480,48.101
19.4.2025,3:37:2.388,20.572,48.699
19.4.2025,3:37:3.390,18.749,49.970
19.4.2025,3:37:4.391,19.196,48.908
19.4.2025,3:37:5.392,19.365,46.612
19.4.2025,3:37:6.392,20.942,48.496
19.4.2025,3:37:7.395,21.406,47.912
19.4.2025,3:37:8.397,20.863,48.552
19.4.2025,3:37:9.398,20.213,50.199
19.4.2025,3:37:10.400,22.051,48.045
19.4.2025,3:37:11.401,19.039,33.053
19.4.2025,3:37:12.413,20.034,45.933
19.4.2025,3:37:13.432,20.974,47.029
19.4.2025,3:37:14.448,21.554,47.639
19.4.2025,3:37:15.448,20.748,48.280
19.4.2025,3:37:16.463,20.183,49.225
19.4.2025,3:37:17.450,19.411,53.417
19.4.2025,3:37:18.472,18.725,34.585
19.4.2025,3:37:19.472,20.398,44.496
19.4.2025,3:37:20.472,20.913,47.109
19.4.2025,3:37:21.475,21.015,48.587
19.4.2025,3:37:22.494,20.209,50.351
19.4.2025,3:37:23.482,20.107,50.545
19.4.2025,3:37:24.482,19.064,32.186
19.4.2025,3:37:25.497,19.375,46.061
19.4.2025,3:37:26.514,20.820,47.248
19.4.2025,3:37:27.527,21.060,47.972
19.4.2025,3:37:28.527,21.062,48.424
19.4.2025,3:37:29.546,20.036,49.250
19.4.2025,3:37:30.547,19.772,52.424
19.4.2025,3:37:31.548,18.944,33.087
19.4.2025,3:37:32.554,20.469,45.623
19.4.2025,3:37:33.555,21.342,46.505
19.4.2025,3:37:34.557,21.179,47.654
19.4.2025,3:37:35.558,20.357,48.790
19.4.2025,3:37:36.554,20.151,49.598
19.4.2025,3:37:37.554,20.108,52.785
19.4.2025,3:37:38.555,18.753,38.752
19.4.2025,3:37:39.545,21.572,40.475
19.4.2025,3:37:40.549,20.964,46.182
19.4.2025,3:37:41.552,21.272,47.680
19.4.2025,3:37:42.554,20.036,48.068
19.4.2025,3:37:43.558,19.649,53.272
19.4.2025,3:37:44.546,19.531,39.305
19.4.2025,3:37:45.547,19.895,38.234
19.4.2025,3:37:46.550,21.443,46.064
19.4.2025,3:37:47.565,21.493,47.960
19.4.2025,3:37:48.581,21.026,48.144
19.4.2025,3:37:49.581,19.794,49.251
19.4.2025,3:37:50.584,19.223,50.633
19.4.2025,3:37:51.575,19.438,45.896
19.4.2025,3:37:52.594,20.983,34.757
19.4.2025,3:37:53.596,20.860,45.644
19.4.2025,3:37:54.615,21.206,48.328
19.4.2025,3:37:55.618,20.115,49.107
19.4.2025,3:37:56.619,19.147,50.961
19.4.2025,3:37:57.605,19.438,45.112
19.4.2025,3:37:58.607,19.231,34.542
19.4.2025,3:37:59.613,21.248,46.176
19.4.2025,3:38:0.618,21.302,47.862
19.4.2025,3:38:1.619,21.269,48.028
19.4.2025,3:38:2.635,20.373,48.523
19.4.2025,3:38:3.633,19.082,49.064
19.4.2025,3:38:4.638,19.365,55.446
19.4.2025,3:38:5.638,20.229,39.630
19.4.2025,3:38:6.639,21.236,40.820
19.4.2025,3:38:7.651,20.787,46.219
19.4.2025,3:38:8.667,20.549,48.241
19.4.2025,3:38:9.684,20.353,48.198
19.4.2025,3:38:10.702,18.897,54.309
19.4.2025,3:38:11.721,18.838,39.178
19.4.2025,3:38:12.722,19.560,40.405
19.4.2025,3:38:13.743,20.774,46.017
19.4.2025,3:38:14.744,21.209,48.303
19.4.2025,3:38:15.759,20.837,48.032
19.4.2025,3:38:16.759,19.237,49.078
19.4.2025,3:38:17.760,19.390,50.298
19.4.2025,3:38:18.759,19.153,48.602
19.4.2025,3:38:19.773,20.322,33.219
19.4.2025,3:38:20.772,20.921,45.857
19.4.2025,3:38:21.774,20.996,47.172
19.4.2025,3:38:22.778,21.181,49.416
19.4.2025,3:38:23.795,19.953,51.871
19.4.2025,3:38:24.797,20.078,42.392
19.4.2025,3:38:25.799,19.512,35.691
19.4.2025,3:38:26.799,20.418,45.886
19.4.2025,3:38:27.804,21.378,47.399
19.4.2025,3:38:28.810,20.788,48.026
19.4.2025,3:38:29.810,20.541,48.583
19.4.2025,3:38:30.810,19.774,49.521
19.4.2025,3:38:31.817,19.668,55.475
19.4.2025,3:38:32.827,19.820,37.599
19.4.2025,3:38:33.847,19.891,40.554
19.4.2025,3:38:34.848,20.940,47.949
19.4.2025,3:38:35.848,21.810,48.476
19.4.2025,3:38:36.847,20.648,50.088
19.4.2025,3:38:37.849,19.921,53.371
19.4.2025,3:38:38.851,19.037,40.959
19.4.2025,3:38:39.855,19.195,37.578
19.4.2025,3:38:40.872,20.019,46.438
19.4.2025,3:38:41.874,20.825,48.609
19.4.2025,3:38:42.893,20.729,48.074
19.4.2025,3:38:43.896,21.462,49.095
19.4.2025,3:38:44.899,21.682,50.654
19.4.2025,3:38:45.886,19.412,46.264
19.4.2025,3:38:46.888,19.815,33.161
19.4.2025,3:38:47.896,21.619,45.420
19.4.2025,3:38:48.909,21.104,47.487
19.4.2025,3:38:49.910,20.772,47.998
19.4.2025,3:38:50.910,20.098,48.692
19.4.2025,3:38:51.913,20.243,51.553
19.4.2025,3:38:52.932,19.123,33.206
19.4.2025,3:38:53.934,19.527,45.874
19.4.2025,3:38:54.949,21.270,46.598
19.4.2025,3:38:55.951,20.930,47.596
19.4.2025,3:38:56.971,20.946,48.608
19.4.2025,3:38:57.973,20.291,49.850
19.4.2025,3:38:58.976,20.201,52.473
19.4.2025,3:38:59.966,18.779,44.294
19.4.2025,3:39:0.967,20.163,36.027
19.4.2025,3:39:1.966,20.975,46.394
19.4.2025,3:39:2.966,20.630,48.289
19.4.2025,3:39:3.971,20.737,47.922
19.4.2025,3:39:4.968,19.531,48.441
19.4.2025,3:39:5.973,19.075,49.119
19.4.2025,3:39:6.964,19.473,33.211
19.4.2025,3:39:7.968,20.323,45.394
19.4.2025,3:39:8.972,20.576,46.912
19.4.2025,3:39:9.977,20.611,47.992
19.4.2025,3:39:10.964,21.096,48.342
19.4.2025,3:39:11.981,19.713,49.482
19.4.2025,3:39:12.980,19.170,55.381
19.4.2025,3:39:13.995,19.254,38.162
19.4.2025,3:39:15.011,20.876,41.802
19.4.2025,3:39:16.028,21.251,46.360
19.4.2025,3:39:17.044,21.384,47.633
19.4.2025,3:39:18.044,20.668,48.343
19.4.2025,3:39:19.044,19.553,49.329
19.4.2025,3:39:20.048,19.437,51.651
19.4.2025,3:39:21.053,19.247,43.823
19.4.2025,3:39:22.054,20.789,35.505
19.4.2025,3:39:23.051,21.032,46.362
19.4.2025,3:39:24.056,20.765,47.618
19.4.2025,3:39:25.053,20.332,47.504
19.4.2025,3:39:26.056,19.906,48.436
19.4.2025,3:39:27.043,20.082,49.220
19.4.2025,3:39:28.062,19.513,33.014
19.4.2025,3:39:29.065,21.284,45.807
19.4.2025,3:39:30.068,20.656,47.393
19.4.2025,3:39:31.068,20.947,47.617
19.4.2025,3:39:32.088,20.248,48.162
19.4.2025,3:39:33.076,19.408,49.439
19.4.2025,3:39:34.090,18.900,54.167
19.4.2025,3:39:35.093,20.014,35.479
19.4.2025,3:39:36.095,20.823,44.516
19.4.2025,3:39:37.095,21.467,46.467
19.4.2025,3:39:38.097,21.068,48.046
19.4.2025,3:39:39.101,20.245,48.631
19.4.2025,3:39:40.106,20.399,56.283
19.4.2025,3:39:41.135,19.076,37.645
19.4.2025,3:39:42.135,19.981,44.926
19.4.2025,3:39:43.137,20.761,46.442
19.4.2025,3:39:44.139,20.792,47.955
19.4.2025,3:39:45.137,20.821,48.609
19.4.2025,3:39:46.157,19.374,48.997
19.4.2025,3:39:47.170,19.677,50.616
19.4.2025,3:39:48.190,18.993,46.449
19.4.2025,3:39:49.210,20.491,32.315
19.4.2025,3:39:50.213,20.908,46.282
19.4.2025,3:39:51.205,21.437,47.514
19.4.2025,3:39:52.222,20.237,47.749
19.4.2025,3:39:53.224,19.926,48.427
19.4.2025,3:39:54.224,18.537,49.586
19.4.2025,3:39:55.241,19.548,53.472
19.4.2025,3:39:56.260,21.398,36.451
19.4.2025,3:39:57.262,21.249,42.259
19.4.2025,3:39:58.263,21.481,46.437
19.4.2025,3:39:59.262,19.871,47.737
19.4.2025,3:40:0.262,19.745,49.592
19.4.2025,3:40:1.263,19.534,53.883
19.4.2025,3:40:2.281,20.119,38.225
19.4.2025,3:40:3.297,20.711,39.947
19.4.2025,3:40:4.312,21.446,46.127
19.4.2025,3:40:5.318,20.513,47.769
19.4.2025,3:40:6.320,19.937,48.037
19.4.2025,3:40:7.319,19.986,48.907
19.4.2025,3:40:8.321,19.036,49.713
19.4.2025,3:40:9.319,19.561,49.797
19.4.2025,3:40:10.321,21.184,34.102
19.4.2025,3:40:11.310,21.083,44.363
19.4.2025,3:40:12.310,20.925,44.077
19.4.2025,3:40:13.328,29.742,43.732
19.4.2025,3:40:14.347,29.519,47.887
19.4.2025,3:40:15.348,29.280,49.710
19.4.2025,3:40:16.346,29.515,55.115
19.4.2025,3:40:17.363,28.990,47.711
19.4.2025,3:40:18.380,20.347,48.194
19.4.2025,3:40:19.395,21.366,48.966
19.4.2025,3:40:20.395,19.395,50.308
19.4.2025,3:40:21.409,19.571,48.424
19.4.2025,3:40:22.425,21.075,31.906
19.4.2025,3:40:23.426,20.589,45.586
19.4.2025,3:40:24.445,20.978,47.103
19.4.2025,3:40:25.447,19.797,47.614
19.4.2025,3:40:26.436,19.482,48.199
19.4.2025,3:40:27.453,20.702,48.770
19.4.2025,3:40:28.453,19.875,54.541
19.4.2025,3:40:29.468,21.061,45.478
19.4.2025,3:40:30.471,20.666,47.268
19.4.2025,3:40:31.487,21.443,47.270
19.4.2025,3:40:32.507,19.875,48.195
19.4.2025,3:40:33.508,19.226,49.176
19.4.2025,3:40:34.525,19.406,53.914
19.4.2025,3:40:35.511,20.271,36.107
19.4.2025,3:40:36.517,21.383,43.911
19.4.2025,3:40:37.517,21.207,46.538
19.4.2025,3:40:38.520,20.067,47.859
19.4.2025,3:40:39.520,19.818,48.651
19.4.2025,3:40:40.523,19.362,49.303
19.4.2025,3:40:41.525,19.095,52.442
19.4.2025,3:40:42.511,20.725,44.177
19.4.2025,3:40:43.516,20.798,46.582
19.4.2025,3:40:44.518,20.861,47.861
19.4.2025,3:40:45.522,19.787,48.388
19.4.2025,3:40:46.523,19.407,49.871
19.4.2025,3:40:47.522,19.021,51.001
19.4.2025,3:40:48.539,19.396,45.331
19.4.2025,3:40:49.557,21.204,34.960
19.4.2025,3:40:50.559,21.273,46.256
19.4.2025,3:40:51.578,21.549,48.554
19.4.2025,3:40:52.598,19.857,47.477
19.4.2025,3:40:53.597,19.764,48.467
19.4.2025,3:40:54.599,19.368,49.706
19.4.2025,3:40:55.599,20.214,51.872
19.4.2025,3:40:56.605,20.938,32.708
19.4.2025,3:40:57.591,21.296,48.262
19.4.2025,3:40:58.591,19.978,47.491
19.4.2025,3:40:59.594,19.693,48.535
19.4.2025,3:41:0.595,19.049,49.799
19.4.2025,3:41:1.595,19.826,51.517
19.4.2025,3:41:2.594,20.671,35.100
19.4.2025,3:41:3.608,21.073,43.604
19.4.2025,3:41:4.610,21.108,46.335
19.4.2025,3:41:5.610,21.195,47.830
19.4.2025,3:41:6.611,19.262,48.947
19.4.2025,3:41:7.611,19.297,49.199
19.4.2025,3:41:8.615,19.367,50.829
19.4.2025,3:41:9.617,19.980,45.463
19.4.2025,3:41:10.635,20.871,32.168
19.4.2025,3:41:11.623,20.737,45.659
19.4.2025,3:41:12.626,21.011,48.403
19.4.2025,3:41:13.647,19.495,49.129
19.4.2025,3:41:14.648,19.379,51.239
19.4.2025,3:41:15.650,19.679,45.326
19.4.2025,3:41:16.651,20.690,33.281
19.4.2025,3:41:17.650,21.289,46.140
19.4.2025,3:41:18.640,20.861,46.910
19.4.2025,3:41:19.655,20.511,47.906
19.4.2025,3:41:20.658,19.590,48.559
19.4.2025,3:41:21.662,19.377,49.612
19.4.2025,3:41:22.663,19.302,54.439
19.4.2025,3:41:23.680,20.723,38.293
19.4.2025,3:41:24.670,21.505,40.563
19.4.2025,3:41:25.686,20.635,46.309
19.4.2025,3:41:26.704,19.773,48.635
19.4.2025,3:41:27.718,19.554,49.232
19.4.2025,3:41:28.721,19.446,54.721
19.4.2025,3:41:29.719,19.258,38.408
19.4.2025,3:41:30.723,20.104,38.546
19.4.2025,3:41:31.724,20.806,46.291
19.4.2025,3:41:32.716,20.941,48.099
19.4.2025,3:41:33.717,20.182,47.781
19.4.2025,3:41:34.717,20.027,48.957
19.4.2025,3:41:35.723,19.414,49.921
19.4.2025,3:41:36.725,19.028,48.508
19.4.2025,3:41:37.743,21.725,34.005
19.4.2025,3:41:38.743,20.831,44.764
19.4.2025,3:41:39.746,20.908,46.396
19.4.2025,3:41:40.731,19.419,47.735
19.4.2025,3:41:41.747,19.696,48.693
19.4.2025,3:41:42.762,19.230,49.557
19.4.2025,3:41:43.779,19.167,37.825
19.4.2025,3:41:44.793,20.823,42.270
19.4.2025,3:41:45.796,21.003,46.371
19.4.2025,3:41:46.794,20.812,47.676
19.4.2025,3:41:47.799,20.473,48.547
19.4.2025,3:41:48.799,19.369,49.557
19.4.2025,3:41:49.812,19.438,51.734
19.4.2025,3:41:50.829,18.643,41.943
19.4.2025,3:41:51.847,20.776,35.298
19.4.2025,3:41:52.866,22.825,46.502
19.4.2025,3:41:53.881,22.822,48.372
19.4.2025,3:41:54.881,20.140,47.739
19.4.2025,3:41:55.871,19.138,48.810
19.4.2025,3:41:56.887,19.153,44.482
19.4.2025,3:41:57.891,20.305,35.516
19.4.2025,3:41:58.890,20.493,46.148
19.4.2025,3:41:59.888,21.120,47.961
19.4.2025,3:42:0.889,20.743,48.031
19.4.2025,3:42:1.891,19.827,49.044
19.4.2025,3:42:2.893,19.187,50.575
19.4.2025,3:42:3.909,19.243,49.768
19.4.2025,3:42:4.910,20.701,33.539
19.4.2025,3:42:5.924,20.773,45.617
19.4.2025,3:42:6.932,20.251,46.521
19.4.2025,3:42:7.920,20.607,47.683
19.4.2025,3:42:8.923,19.492,48.594
19.4.2025,3:42:9.926,19.462,49.781
19.4.2025,3:42:10.927,18.698,51.663
19.4.2025,3:42:11.929,20.128,40.888
19.4.2025,3:42:12.929,21.074,38.398
19.4.2025,3:42:13.943,21.109,46.121
19.4.2025,3:42:14.958,21.086,47.999
19.4.2025,3:42:15.976,19.355,48.556
19.4.2025,3:42:16.978,19.748,49.284
19.4.2025,3:42:17.993,19.364,50.568
19.4.2025,3:42:18.993,21.233,45.667
19.4.2025,3:42:20.010,20.820,32.642
19.4.2025,3:42:21.024,20.788,45.522
19.4.2025,3:42:22.023,20.191,47.739
19.4.2025,3:42:23.024,19.051,47.604
19.4.2025,3:42:24.025,19.137,48.929
19.4.2025,3:42:25.012,20.074,39.570
19.4.2025,3:42:26.013,21.636,37.285
19.4.2025,3:42:27.014,20.826,46.449
19.4.2025,3:42:28.018,20.724,48.166
19.4.2025,3:42:29.032,19.648,47.642
19.4.2025,3:42:30.031,19.361,48.309
19.4.2025,3:42:31.036,19.025,49.568
19.4.2025,3:42:32.050,20.505,54.942
19.4.2025,3:42:33.055,20.781,34.506
19.4.2025,3:42:34.057,21.035,43.824
19.4.2025,3:42:35.056,20.926,46.542
19.4.2025,3:42:36.044,19.995,47.746
19.4.2025,3:42:37.043,19.437,48.781
19.4.2025,3:42:38.048,18.652,49.395
19.4.2025,3:42:39.053,20.451,51.459
19.4.2025,3:42:40.054,21.103,43.451
19.4.2025,3:42:41.056,21.521,35.946
19.4.2025,3:42:42.044,20.718,35.946
19.4.2025,3:42:43.052,19.187,46.277
19.4.2025,3:42:44.055,19.537,47.844
19.4.2025,3:42:45.057,19.269,48.086
19.4.2025,3:42:46.043,20.860,52.263
19.4.2025,3:42:47.043,20.936,43.169
19.4.2025,3:42:48.045,20.977,34.778
19.4.2025,3:42:49.045,19.693,46.141
19.4.2025,3:42:50.043,18.887,47.800
19.4.2025,3:42:51.047,19.441,47.809
19.4.2025,3:42:52.050,19.747,48.545
19.4.2025,3:42:53.066,20.534,49.074
19.4.2025,3:42:54.066,20.748,55.518
19.4.2025,3:42:55.066,20.955,37.146
19.4.2025,3:42:56.079,19.954,40.363
19.4.2025,3:42:57.081,19.449,46.468
19.4.2025,3:42:58.097,19.801,47.737
19.4.2025,3:42:59.095,19.716,48.200
19.4.2025,3:43:0.099,21.019,49.644
19.4.2025,3:43:1.101,20.896,52.050
19.4.2025,3:43:2.115,20.539,44.226
19.4.2025,3:43:3.132,20.171,35.729
19.4.2025,3:43:4.137,19.187,45.982
19.4.2025,3:43:5.141,18.705,47.959
19.4.2025,3:43:6.155,19.666,49.308
19.4.2025,3:43:7.159,20.850,50.202
19.4.2025,3:43:8.174,20.515,46.950
19.4.2025,3:43:9.175,20.756,33.038
19.4.2025,3:43:10.177,19.495,46.144
19.4.2025,3:43:11.181,20.061,47.547
19.4.2025,3:43:12.182,19.099,47.745
19.4.2025,3:43:13.169,20.749,48.713
19.4.2025,3:43:14.167,20.805,49.432
19.4.2025,3:43:15.170,20.802,55.449
19.4.2025,3:43:16.189,21.387,37.496
19.4.2025,3:43:17.204,19.585,41.372
19.4.2025,3:43:18.220,19.149,46.359
19.4.2025,3:43:19.219,19.462,48.021
19.4.2025,3:43:20.234,20.129,48.348
19.4.2025,3:43:21.251,20.810,49.129
19.4.2025,3:43:22.266,21.292,50.566
19.4.2025,3:43:23.282,20.943,45.781
19.4.2025,3:43:24.302,19.580,46.432
19.4.2025,3:43:25.305,19.463,47.699
19.4.2025,3:43:26.306,19.979,48.893
19.4.2025,3:43:27.306,22.917,48.988
19.4.2025,3:43:28.296,21.950,51.142
19.4.2025,3:43:29.297,20.652,44.961
19.4.2025,3:43:30.294,20.606,33.384
19.4.2025,3:43:31.294,18.953,46.139
19.4.2025,3:43:32.293,19.838,47.742
19.4.2025,3:43:33.294,19.476,47.873
19.4.2025,3:43:34.311,20.403,48.430
19.4.2025,3:43:35.314,21.246,49.662
19.4.2025,3:43:36.318,20.410,54.867
19.4.2025,3:43:37.320,20.376,38.419
19.4.2025,3:43:38.323,19.370,38.462
19.4.2025,3:43:39.310,19.530,46.063
19.4.2025,3:43:40.312,18.674,48.740
19.4.2025,3:43:41.313,20.675,49.640
19.4.2025,3:43:42.316,20.987,51.415
19.4.2025,3:43:43.332,21.453,44.757
19.4.2025,3:43:44.348,20.686,35.488
19.4.2025,3:43:45.349,19.353,46.378
19.4.2025,3:43:46.350,18.529,47.651
19.4.2025,3:43:47.366,18.849,47.628
19.4.2025,3:43:48.384,20.504,49.002
19.4.2025,3:43:49.386,21.184,49.894
19.4.2025,3:43:50.389,21.264,53.378
19.4.2025,3:43:51.391,20.768,33.557
19.4.2025,3:43:52.394,18.808,45.035
19.4.2025,3:43:53.395,19.412,47.566
19.4.2025,3:43:54.397,19.058,48.076
19.4.2025,3:43:55.399,21.213,49.655
19.4.2025,3:43:56.401,21.444,54.571
19.4.2025,3:43:57.387,20.830,36.163
19.4.2025,3:43:58.391,20.543,39.334
19.4.2025,3:43:59.392,19.003,45.997
19.4.2025,3:44:0.395,19.429,48.242
19.4.2025,3:44:1.398,20.057,47.837
19.4.2025,3:44:2.402,20.921,49.076
19.4.2025,3:44:3.419,20.988,49.176
19.4.2025,3:44:4.422,21.101,34.263
19.4.2025,3:44:5.423,19.957,46.334
19.4.2025,3:44:6.419,19.177,48.519
19.4.2025,3:44:7.419,19.196,47.904
19.4.2025,3:44:8.420,19.856,48.516
19.4.2025,3:44:9.424,21.049,49.429
19.4.2025,3:44:10.427,21.317,52.881
19.4.2025,3:44:11.430,21.008,35.657
19.4.2025,3:44:12.430,19.566,43.924
19.4.2025,3:44:13.445,19.423,46.443
19.4.2025,3:44:14.460,20.290,47.552
19.4.2025,3:44:15.462,19.550,48.617
19.4.2025,3:44:16.477,21.048,49.577
19.4.2025,3:44:17.491,20.766,52.393
19.4.2025,3:44:18.506,20.990,40.823
19.4.2025,3:44:19.508,20.578,36.904
19.4.2025,3:44:20.507,19.777,45.819
19.4.2025,3:44:21.522,19.493,48.025
19.4.2025,3:44:22.539,19.440,48.020
19.4.2025,3:44:23.542,20.200,48.748
19.4.2025,3:44:24.538,20.194,49.437
19.4.2025,3:44:25.542,20.904,54.007
19.4.2025,3:44:26.529,20.940,33.362
19.4.2025,3:44:27.542,19.747,47.792
19.4.2025,3:44:28.549,19.204,47.647
19.4.2025,3:44:29.566,19.305,48.766
19.4.2025,3:44:30.572,20.006,49.464
19.4.2025,3:44:31.574,20.854,55.244
19.4.2025,3:44:32.560,21.291,38.252
19.4.2025,3:44:33.563,20.431,40.644
19.4.2025,3:44:34.567,19.568,46.004
19.4.2025,3:44:35.569,19.160,48.315
19.4.2025,3:44:36.570,18.808,47.562
19.4.2025,3:44:37.561,20.367,48.707
19.4.2025,3:44:38.577,21.299,49.950
19.4.2025,3:44:39.581,21.163,35.047
19.4.2025,3:44:40.581,21.056,46.398
19.4.2025,3:44:41.596,19.628,47.338
19.4.2025,3:44:42.599,19.351,47.817
19.4.2025,3:44:43.600,19.223,48.601
19.4.2025,3:44:44.591,20.938,49.466
19.4.2025,3:44:45.594,21.460,55.583
19.4.2025,3:44:46.597,20.843,38.455
19.4.2025,3:44:47.615,21.305,40.231
19.4.2025,3:44:48.632,18.978,45.829
19.4.2025,3:44:49.636,19.291,47.792
19.4.2025,3:44:50.639,19.001,48.270
19.4.2025,3:44:51.655,21.025,54.231
19.4.2025,3:44:52.675,21.098,39.615
19.4.2025,3:44:53.678,21.319,38.840
19.4.2025,3:44:54.682,19.922,45.993
19.4.2025,3:44:55.685,19.583,47.837
19.4.2025,3:44:56.705,19.028,48.294
19.4.2025,3:44:57.708,19.758,48.961
19.4.2025,3:44:58.721,20.775,50.269
19.4.2025,3:44:59.725,21.460,49.032
19.4.2025,3:45:0.726,20.493,33.939
19.4.2025,3:45:1.742,23.372,45.657
19.4.2025,3:45:2.758,20.156,47.013
19.4.2025,3:45:3.759,18.335,47.464
19.4.2025,3:45:4.775,20.728,50.128
19.4.2025,3:45:5.763,21.152,48.286
19.4.2025,3:45:6.780,20.688,32.929
19.4.2025,3:45:7.779,20.590,45.841
19.4.2025,3:45:8.779,19.492,47.103
19.4.2025,3:45:9.782,19.626,47.744
19.4.2025,3:45:10.782,18.978,48.310
19.4.2025,3:45:11.804,20.970,49.704
19.4.2025,3:45:12.807,21.291,55.462
19.4.2025,3:45:13.805,21.403,37.500
19.4.2025,3:45:14.809,20.339,43.218
19.4.2025,3:45:15.810,19.202,46.412
19.4.2025,3:45:16.825,19.150,47.957
19.4.2025,3:45:17.828,19.292,48.383
19.4.2025,3:45:18.845,20.790,49.057
19.4.2025,3:45:19.845,20.927,50.303
19.4.2025,3:45:20.850,20.977,47.466
19.4.2025,3:45:21.866,20.165,34.220
19.4.2025,3:45:22.865,19.788,45.761
19.4.2025,3:45:23.881,19.654,46.974
19.4.2025,3:45:24.894,19.319,48.991
19.4.2025,3:45:25.896,21.220,50.511
19.4.2025,3:45:26.896,21.091,51.007
19.4.2025,3:45:27.898,21.159,32.161
19.4.2025,3:45:28.898,19.980,46.127
19.4.2025,3:45:29.901,19.562,47.232
19.4.2025,3:45:30.904,19.853,47.876
19.4.2025,3:45:31.906,19.551,48.852
19.4.2025,3:45:32.920,21.763,49.737
19.4.2025,3:45:33.927,21.036,53.961
19.4.2025,3:45:34.925,20.803,40.209
19.4.2025,3:45:35.925,20.389,38.440
19.4.2025,3:45:36.930,19.302,46.071
19.4.2025,3:45:37.932,19.564,47.695
19.4.2025,3:45:38.932,20.395,48.156
19.4.2025,3:45:39.920,21.438,48.798
19.4.2025,3:45:40.923,21.544,50.364
19.4.2025,3:45:41.925,20.825,39.370
19.4.2025,3:45:42.925,19.684,46.188
19.4.2025,3:45:43.927,19.634,47.873
19.4.2025,3:45:44.929,19.139,48.211
19.4.2025,3:45:45.930,20.731,48.971
19.4.2025,3:45:46.932,21.590,50.945
19.4.2025,3:45:47.932,21.004,44.942
19.4.2025,3:45:48.918,20.254,35.032
19.4.2025,3:45:49.923,19.218,46.569
19.4.2025,3:45:50.926,18.852,47.729
19.4.2025,3:45:51.930,19.817,47.633
19.4.2025,3:45:52.932,21.881,48.291
19.4.2025,3:45:53.947,20.577,50.536
19.4.2025,3:45:54.950,20.540,31.311
19.4.2025,3:45:55.952,19.927,45.845
19.4.2025,3:45:56.965,29.510,46.972
19.4.2025,3:45:57.965,29.843,42.244
19.4.2025,3:45:58.969,29.364,39.236
19.4.2025,3:45:59.988,29.540,33.793
19.4.2025,3:46:0.992,30.029,31.129
19.4.2025,3:46:1.995,19.625,45.457
19.4.2025,3:46:2.982,18.834,46.371
19.4.2025,3:46:3.983,19.490,47.589
19.4.2025,3:46:4.985,20.761,48.327
19.4.2025,3:46:5.988,20.852,49.774
19.4.2025,3:46:7.003,21.131,52.209
19.4.2025,3:46:8.003,20.446,39.419
19.4.2025,3:46:9.019,19.779,39.121
19.4.2025,3:46:10.038,19.262,47.827
19.4.2025,3:46:11.041,20.292,48.218
19.4.2025,3:46:12.029,20.981,49.458
19.4.2025,3:46:13.044,20.849,52.188
19.4.2025,3:46:14.046,20.690,42.529
19.4.2025,3:46:15.048,20.162,36.079
19.4.2025,3:46:16.051,19.759,46.183
19.4.2025,3:46:17.047,19.206,47.686
19.4.2025,3:46:18.048,20.155,47.691
19.4.2025,3:46:19.050,21.325,48.692
19.4.2025,3:46:20.067,20.853,50.312
19.4.2025,3:46:21.081,20.684,36.860
19.4.2025,3:46:22.083,19.235,46.249
19.4.2025,3:46:23.085,19.545,48.490
19.4.2025,3:46:24.102,18.860,47.717
19.4.2025,3:46:25.101,21.053,48.729
19.4.2025,3:46:26.105,20.976,49.365
19.4.2025,3:46:27.108,20.941,50.905
19.4.2025,3:46:28.115,20.535,31.131
19.4.2025,3:46:29.111,18.757,46.239
19.4.2025,3:46:30.128,19.394,47.153
19.4.2025,3:46:31.131,19.102,47.963
19.4.2025,3:46:32.147,21.332,48.566
19.4.2025,3:46:33.161,21.473,49.668
19.4.2025,3:46:34.176,20.891,53.315
19.4.2025,3:46:35.173,21.299,40.830
19.4.2025,3:46:36.191,22.544,38.143
19.4.2025,3:46:37.192,19.408,46.341
19.4.2025,3:46:38.196,19.608,48.183
19.4.2025,3:46:39.213,21.161,50.060
19.4.2025,3:46:40.218,20.578,53.469
19.4.2025,3:46:41.220,20.915,38.463
19.4.2025,3:46:42.226,20.399,40.416
19.4.2025,3:46:43.217,19.979,46.480
19.4.2025,3:46:44.216,18.855,47.815
19.4.2025,3:46:45.217,20.039,48.248
19.4.2025,3:46:46.235,21.184,48.916
19.4.2025,3:46:47.250,21.168,50.817
19.4.2025,3:46:48.265,20.989,45.903
19.4.2025,3:46:49.268,19.881,33.375
19.4.2025,3:46:50.284,19.647,45.690
19.4.2025,3:46:51.284,19.184,47.269
19.4.2025,3:46:52.301,19.286,48.852
19.4.2025,3:46:53.304,21.217,49.966
19.4.2025,3:46:54.319,21.075,50.735
19.4.2025,3:46:55.320,20.887,32.552
19.4.2025,3:46:56.322,19.826,45.493
19.4.2025,3:46:57.323,18.894,46.583
19.4.2025,3:46:58.326,19.075,47.683
19.4.2025,3:46:59.342,20.769,48.555
19.4.2025,3:47:0.342,20.835,49.983
19.4.2025,3:47:1.346,22.069,54.842
19.4.2025,3:47:2.363,20.223,38.539
19.4.2025,3:47:3.380,19.449,46.330
19.4.2025,3:47:4.395,19.373,47.507
19.4.2025,3:47:5.398,19.868,49.485
19.4.2025,3:47:6.401,21.329,54.888
19.4.2025,3:47:7.401,21.207,38.237
19.4.2025,3:47:8.388,20.813,38.237
19.4.2025,3:47:9.393,19.534,40.077
19.4.2025,3:47:10.396,19.149,46.016
19.4.2025,3:47:11.399,18.581,47.854
19.4.2025,3:47:12.416,19.664,48.825
19.4.2025,3:47:13.417,20.963,49.991
19.4.2025,3:47:14.424,20.726,51.990
19.4.2025,3:47:15.440,20.844,34.671
19.4.2025,3:47:16.443,19.293,47.898
19.4.2025,3:47:17.443,19.623,47.711
19.4.2025,3:47:18.444,19.813,48.812
19.4.2025,3:47:19.448,20.275,49.707
19.4.2025,3:47:20.445,21.398,54.096
19.4.2025,3:47:21.445,21.031,36.853
19.4.2025,3:47:22.449,20.457,41.519
19.4.2025,3:47:23.437,19.307,41.519
19.4.2025,3:47:24.439,19.160,46.270
19.4.2025,3:47:25.442,19.377,47.487
19.4.2025,3:47:26.447,21.526,47.988
19.4.2025,3:47:27.463,21.273,52.311
19.4.2025,3:47:28.453,20.850,52.311
19.4.2025,3:47:29.455,20.168,41.942
19.4.2025,3:47:30.471,19.220,47.836
19.4.2025,3:47:31.474,19.504,47.836
19.4.2025,3:47:32.476,19.302,48.614
19.4.2025,3:47:33.475,21.426,49.319
19.4.2025,3:47:34.494,20.783,47.632
19.4.2025,3:47:35.483,20.819,47.632
19.4.2025,3:47:36.502,20.055,45.823
19.4.2025,3:47:37.517,19.079,46.932
19.4.2025,3:47:38.531,19.208,47.940
19.4.2025,3:47:39.547,20.310,48.284
19.4.2025,3:47:40.549,21.303,49.856
19.4.2025,3:47:41.552,20.496,53.900
19.4.2025,3:47:42.555,20.660,38.898
19.4.2025,3:47:43.558,19.566,46.591
19.4.2025,3:47:44.544,19.480,47.817
19.4.2025,3:47:45.545,20.135,48.471
19.4.2025,3:47:46.549,20.005,49.690
19.4.2025,3:47:47.550,21.306,53.751
19.4.2025,3:47:48.556,20.811,40.289
19.4.2025,3:47:49.544,20.709,40.289
19.4.2025,3:47:50.546,19.693,38.723
19.4.2025,3:47:51.548,19.662,46.230
19.4.2025,3:47:52.564,19.287,47.984
19.4.2025,3:47:53.567,20.966,47.813
19.4.2025,3:47:54.569,21.134,48.885
19.4.2025,3:47:55.572,21.263,49.845
19.4.2025,3:47:56.572,19.915,50.805
19.4.2025,3:47:57.573,19.206,32.915
19.4.2025,3:47:58.561,19.509,47.838
19.4.2025,3:47:59.575,19.231,47.786
19.4.2025,3:48:0.592,20.300,48.038
19.4.2025,3:48:1.597,21.460,49.430
19.4.2025,3:48:2.600,21.059,52.160
19.4.2025,3:48:3.602,19.721,34.710
19.4.2025,3:48:4.591,19.577,43.883
19.4.2025,3:48:5.606,20.278,46.718
19.4.2025,3:48:6.621,20.151,47.618
19.4.2025,3:48:7.639,21.290,48.322
19.4.2025,3:48:8.638,21.039,49.343
19.4.2025,3:48:9.640,20.732,51.207
19.4.2025,3:48:10.644,22.696,42.985
19.4.2025,3:48:11.645,19.778,35.497
19.4.2025,3:48:12.645,20.318,47.533
19.4.2025,3:48:13.647,19.287,48.389
19.4.2025,3:48:14.650,20.942,49.185
19.4.2025,3:48:15.651,20.886,50.824
19.4.2025,3:48:16.648,20.850,49.079
19.4.2025,3:48:17.654,20.303,32.641
19.4.2025,3:48:18.672,19.695,45.972
19.4.2025,3:48:19.673,19.254,47.243
19.4.2025,3:48:20.675,19.224,47.814
19.4.2025,3:48:21.674,20.627,48.509
19.4.2025,3:48:22.674,20.808,49.872
19.4.2025,3:48:23.674,20.940,55.403
19.4.2025,3:48:24.676,19.927,38.004
19.4.2025,3:48:25.697,20.082,46.766
19.4.2025,3:48:26.698,19.801,47.505
19.4.2025,3:48:27.697,19.405,48.813
19.4.2025,3:48:28.697,21.206,49.631
19.4.2025,3:48:29.710,21.061,51.801
19.4.2025,3:48:30.715,20.711,41.807
19.4.2025,3:48:31.701,20.115,36.794
19.4.2025,3:48:32.705,19.453,46.588
19.4.2025,3:48:33.725,19.243,48.160
19.4.2025,3:48:34.727,19.741,48.244
19.4.2025,3:48:35.725,21.111,48.696
19.4.2025,3:48:36.728,20.866,49.053
19.4.2025,3:48:37.718,21.539,52.908
19.4.2025,3:48:38.716,20.508,36.187
19.4.2025,3:48:39.733,19.464,47.347
19.4.2025,3:48:40.748,20.104,47.711
19.4.2025,3:48:41.766,19.110,48.100
19.4.2025,3:48:42.768,20.784,49.355
19.4.2025,3:48:43.768,22.576,55.664
19.4.2025,3:48:44.772,21.488,35.688
19.4.2025,3:48:45.771,20.656,42.451
19.4.2025,3:48:46.771,19.464,46.415
19.4.2025,3:48:47.772,19.920,47.983
19.4.2025,3:48:48.789,19.131,48.855
19.4.2025,3:48:49.791,21.358,49.725
19.4.2025,3:48:50.779,21.339,34.957
19.4.2025,3:48:51.782,20.924,42.439
19.4.2025,3:48:52.781,19.337,46.280
19.4.2025,3:48:53.781,19.357,47.910
19.4.2025,3:48:54.798,19.696,48.091
19.4.2025,3:48:55.796,22.766,49.627
19.4.2025,3:48:56.813,24.910,52.209
19.4.2025,3:48:57.816,21.545,40.983
19.4.2025,3:48:58.830,20.948,37.561
19.4.2025,3:48:59.849,19.139,46.563
19.4.2025,3:49:0.848,19.061,48.264
19.4.2025,3:49:1.849,19.230,47.544
19.4.2025,3:49:2.852,20.198,48.965
19.4.2025,3:49:3.843,21.261,49.431
19.4.2025,3:49:4.844,21.435,34.519
19.4.2025,3:49:5.846,20.699,46.256
19.4.2025,3:49:6.847,19.747,48.041
19.4.2025,3:49:7.848,19.486,47.612
19.4.2025,3:49:8.846,19.022,48.670
19.4.2025,3:49:9.846,21.084,49.423
19.4.2025,3:49:10.863,21.018,50.372
19.4.2025,3:49:11.866,20.994,36.716
19.4.2025,3:49:12.880,19.944,42.450
19.4.2025,3:49:13.880,19.794,46.400
19.4.2025,3:49:14.883,19.218,47.831
19.4.2025,3:49:15.900,19.803,48.758
19.4.2025,3:49:16.916,20.512,49.026
19.4.2025,3:49:17.912,20.657,51.437
19.4.2025,3:49:18.933,20.670,45.590
19.4.2025,3:49:19.933,19.783,32.708
19.4.2025,3:49:20.947,20.320,46.156
19.4.2025,3:49:21.948,19.202,47.893
19.4.2025,3:49:22.936,19.323,47.500
19.4.2025,3:49:23.952,21.174,50.297
19.4.2025,3:49:24.953,20.960,47.433
19.4.2025,3:49:25.968,20.945,33.057
19.4.2025,3:49:26.971,20.278,45.965
19.4.2025,3:49:27.973,18.916,47.187
19.4.2025,3:49:28.977,19.406,48.265
19.4.2025,3:49:29.980,20.187,48.652
19.4.2025,3:49:30.998,21.584,49.166
19.4.2025,3:49:32.018,20.965,54.375
19.4.2025,3:49:33.021,20.452,37.311
19.4.2025,3:49:34.026,19.658,43.083
19.4.2025,3:49:35.012,19.592,46.671
19.4.2025,3:49:36.016,19.136,48.694
19.4.2025,3:49:37.019,20.689,49.227
19.4.2025,3:49:38.024,20.959,53.669
19.4.2025,3:49:39.026,21.456,37.579
19.4.2025,3:49:40.029,20.235,43.625
19.4.2025,3:49:41.037,19.210,46.644
19.4.2025,3:49:42.054,19.347,47.779
19.4.2025,3:49:43.056,19.634,48.855
19.4.2025,3:49:44.044,21.078,49.397
19.4.2025,3:49:45.045,22.912,53.972
19.4.2025,3:49:46.058,21.735,39.063
19.4.2025,3:49:47.060,19.235,39.480
19.4.2025,3:49:48.061,19.289,46.399
19.4.2025,3:49:49.064,18.998,48.605
19.4.2025,3:49:50.078,20.893,49.491
19.4.2025,3:49:51.094,20.997,56.325
19.4.2025,3:49:52.093,20.495,38.694
19.4.2025,3:49:53.095,20.593,39.939
19.4.2025,3:49:54.099,19.502,46.098
19.4.2025,3:49:55.116,19.100,48.065
19.4.2025,3:49:56.115,19.121,47.888
19.4.2025,3:49:57.119,20.744,49.092
19.4.2025,3:49:58.114,20.674,50.955
19.4.2025,3:49:59.125,21.046,46.664
19.4.2025,3:50:0.145,19.736,34.180
19.4.2025,3:50:1.143,20.066,46.336
19.4.2025,3:50:2.160,19.535,47.620
19.4.2025,3:50:3.175,19.848,47.640
19.4.2025,3:50:4.191,20.753,46.127
19.4.2025,3:50:5.195,20.475,34.821
19.4.2025,3:50:6.198,21.117,46.226
19.4.2025,3:50:7.196,19.179,47.473
19.4.2025,3:50:8.196,19.599,47.787
19.4.2025,3:50:9.185,19.237,47.787
19.4.2025,3:50:10.198,19.423,48.250
19.4.2025,3:50:11.199,21.001,49.997
19.4.2025,3:50:12.218,20.930,39.998
19.4.2025,3:50:13.220,20.921,38.077
19.4.2025,3:50:14.225,19.693,46.471
19.4.2025,3:50:15.239,19.638,48.133
19.4.2025,3:50:16.245,19.962,47.680
19.4.2025,3:50:17.233,19.619,47.680
19.4.2025,3:50:18.249,20.764,44.915
19.4.2025,3:50:19.267,20.992,32.397
19.4.2025,3:50:20.264,21.190,45.115
19.4.2025,3:50:21.265,20.211,46.786
19.4.2025,3:50:22.281,19.394,47.676
19.4.2025,3:50:23.302,19.201,48.831
19.4.2025,3:50:24.303,19.130,49.726
19.4.2025,3:50:25.303,20.922,54.408
19.4.2025,3:50:26.322,20.949,41.255
19.4.2025,3:50:27.308,21.331,38.649
19.4.2025,3:50:28.329,19.701,47.697
19.4.2025,3:50:29.330,19.318,48.106
19.4.2025,3:50:30.346,18.857,49.532
19.4.2025,3:50:31.347,24.176,53.049
19.4.2025,3:50:32.362,26.008,30.894
19.4.2025,3:50:33.375,25.650,30.100
19.4.2025,3:50:34.394,24.645,46.123
19.4.2025,3:50:35.393,23.234,48.409
19.4.2025,3:50:36.397,23.230,49.683
19.4.2025,3:50:37.399,24.267,51.877
19.4.2025,3:50:38.389,24.098,40.286
19.4.2025,3:50:39.389,24.832,40.006
19.4.2025,3:50:40.391,24.579,46.601
19.4.2025,3:50:41.393,22.876,47.685
19.4.2025,3:50:42.397,22.960,48.734
19.4.2025,3:50:43.401,23.564,49.709
19.4.2025,3:50:44.414,24.883,53.747
19.4.2025,3:50:45.405,24.993,53.747
19.4.2025,3:50:46.404,24.253,32.888
19.4.2025,3:50:47.424,22.931,45.645
19.4.2025,3:50:48.438,23.176,48.126
19.4.2025,3:50:49.456,23.300,48.268
19.4.2025,3:50:50.473,24.452,47.369
19.4.2025,3:50:51.491,25.067,32.366
19.4.2025,3:50:52.494,24.501,46.297
19.4.2025,3:50:53.497,22.771,48.651
19.4.2025,3:50:54.499,22.934,48.467
19.4.2025,3:50:55.501,22.842,49.726
19.4.2025,3:50:56.503,25.372,52.973
19.4.2025,3:50:57.523,24.619,36.045
19.4.2025,3:50:58.523,23.927,41.894
19.4.2025,3:50:59.524,22.802,46.620
19.4.2025,3:51:0.522,22.703,47.499
19.4.2025,3:51:1.524,22.965,48.093
19.4.2025,3:51:2.512,24.981,49.708
19.4.2025,3:51:3.516,25.904,47.316
19.4.2025,3:51:4.518,24.571,46.143
19.4.2025,3:51:5.519,24.410,47.559
19.4.2025,3:51:6.538,23.535,48.280
19.4.2025,3:51:7.538,23.224,49.646
19.4.2025,3:51:8.543,24.955,53.728
19.4.2025,3:51:9.545,25.531,34.390
19.4.2025,3:51:10.544,25.131,45.264
19.4.2025,3:51:11.559,23.433,47.481
19.4.2025,3:51:12.577,22.251,47.702
19.4.2025,3:51:13.581,23.766,48.938
19.4.2025,3:51:14.585,24.883,50.624
19.4.2025,3:51:15.584,25.632,46.568
19.4.2025,3:51:16.589,24.902,35.569
19.4.2025,3:51:17.589,23.217,46.243
19.4.2025,3:51:18.591,23.604,48.485
19.4.2025,3:51:19.591,25.851,49.483
19.4.2025,3:51:20.592,24.217,51.495
19.4.2025,3:51:21.611,25.756,31.050
19.4.2025,3:51:22.630,23.365,45.919
19.4.2025,3:51:23.631,22.311,48.112
19.4.2025,3:51:24.634,23.106,48.302
19.4.2025,3:51:25.636,23.838,49.528
19.4.2025,3:51:26.644,25.384,53.227
19.4.2025,3:51:27.647,24.634,38.367
19.4.2025,3:51:28.665,24.548,40.706
19.4.2025,3:51:29.655,22.721,46.584
19.4.2025,3:51:30.657,23.116,47.745
19.4.2025,3:51:31.659,24.056,48.570
19.4.2025,3:51:32.660,25.707,49.333
19.4.2025,3:51:33.662,25.441,32.678
19.4.2025,3:51:34.667,23.303,45.085
19.4.2025,3:51:35.656,19.699,47.532
19.4.2025,3:51:36.656,19.531,47.845
19.4.2025,3:51:37.675,19.778,48.409
19.4.2025,3:51:38.675,21.105,49.688
19.4.2025,3:51:39.680,20.863,54.694
19.4.2025,3:51:40.682,21.289,54.429
19.4.2025,3:51:41.669,29.312,51.633
19.4.2025,3:51:42.673,29.602,46.548
19.4.2025,3:51:43.689,29.613,41.186
19.4.2025,3:51:44.687,29.501,48.900
19.4.2025,3:51:45.688,27.314,33.818
19.4.2025,3:51:46.691,20.711,45.642
19.4.2025,3:51:47.696,20.516,47.120
19.4.2025,3:51:48.714,19.016,47.640
19.4.2025,3:51:49.716,19.449,48.517
19.4.2025,3:51:50.717,19.917,49.290
19.4.2025,3:51:51.720,21.018,53.978
19.4.2025,3:51:52.726,21.181,36.192
19.4.2025,3:51:53.741,20.727,43.624
19.4.2025,3:51:54.755,19.543,46.339
19.4.2025,3:51:55.775,19.192,47.824
19.4.2025,3:51:56.788,20.163,48.724
19.4.2025,3:51:57.803,19.841,49.127
19.4.2025,3:51:58.804,20.747,52.152
19.4.2025,3:51:59.804,21.600,41.644
19.4.2025,3:52:0.809,20.379,36.587
19.4.2025,3:52:1.828,19.792,46.519
19.4.2025,3:52:2.843,19.004,48.667
19.4.2025,3:52:3.863,19.763,48.978
19.4.2025,3:52:4.877,20.398,50.527
19.4.2025,3:52:5.878,21.350,45.603
19.4.2025,3:52:6.898,21.299,34.459
19.4.2025,3:52:7.914,20.269,46.186
19.4.2025,3:52:8.907,19.347,47.885
19.4.2025,3:52:9.920,20.085,47.741
19.4.2025,3:52:10.922,19.594,48.671
19.4.2025,3:52:11.928,21.277,49.400
19.4.2025,3:52:12.929,20.990,55.005
19.4.2025,3:52:13.932,21.040,35.314
19.4.2025,3:52:14.920,20.986,42.978
19.4.2025,3:52:15.924,19.563,46.283
19.4.2025,3:52:16.924,19.174,48.576
19.4.2025,3:52:17.925,19.207,49.466
19.4.2025,3:52:18.932,21.182,53.921
19.4.2025,3:52:19.930,21.167,38.947
19.4.2025,3:52:20.930,20.592,40.205
19.4.2025,3:52:21.932,20.380,46.307
19.4.2025,3:52:22.933,18.808,47.841
19.4.2025,3:52:23.935,19.626,48.287
19.4.2025,3:52:24.934,20.297,49.222
19.4.2025,3:52:25.935,21.306,50.770
19.4.2025,3:52:26.939,20.623,49.704
19.4.2025,3:52:27.941,21.282,32.405
19.4.2025,3:52:28.944,20.207,45.621
19.4.2025,3:52:29.945,19.582,47.415
19.4.2025,3:52:30.949,18.694,48.863
19.4.2025,3:52:31.952,19.956,49.954
19.4.2025,3:52:32.954,21.275,50.349
19.4.2025,3:52:33.972,21.172,32.960
19.4.2025,3:52:34.988,21.137,45.828
19.4.2025,3:52:36.003,19.584,47.039
19.4.2025,3:52:37.003,19.881,47.582
19.4.2025,3:52:38.019,19.183,48.615
19.4.2025,3:52:39.037,19.796,49.647
19.4.2025,3:52:40.038,21.121,54.662
19.4.2025,3:52:41.054,20.977,38.732
19.4.2025,3:52:42.055,20.939,46.620
19.4.2025,3:52:43.055,19.480,47.872
19.4.2025,3:52:44.056,19.215,48.737
19.4.2025,3:52:45.057,19.165,50.133
19.4.2025,3:52:46.043,20.711,52.736
19.4.2025,3:52:47.062,21.089,38.284
19.4.2025,3:52:48.083,21.086,39.243
19.4.2025,3:52:49.084,20.102,46.052
19.4.2025,3:52:50.103,19.387,48.106
19.4.2025,3:52:51.106,20.090,47.726
19.4.2025,3:52:52.114,19.230,48.879
19.4.2025,3:52:53.125,21.422,50.426
19.4.2025,3:52:54.142,21.546,47.616
19.4.2025,3:52:55.147,18.756,34.325
19.4.2025,3:52:56.139,18.756,47.971
19.4.2025,3:52:57.144,19.198,48.538
19.4.2025,3:52:58.144,19.267,48.804
19.4.2025,3:52:59.143,19.867,50.189
19.4.2025,3:53:0.159,20.924,49.479
19.4.2025,3:53:1.163,21.244,33.053
19.4.2025,3:53:2.164,20.974,45.678
19.4.2025,3:53:3.166,18.980,46.986
19.4.2025,3:53:4.170,19.793,47.638
19.4.2025,3:53:5.171,19.091,48.500
19.4.2025,3:53:6.175,20.451,49.300
19.4.2025,3:53:7.176,21.467,53.374
19.4.2025,3:53:8.196,20.536,39.478
19.4.2025,3:53:9.202,19.585,46.465
19.4.2025,3:53:10.205,19.868,47.711
19.4.2025,3:53:11.211,18.859,48.733
19.4.2025,3:53:12.214,21.125,49.850
19.4.2025,3:53:13.200,21.125,51.821
19.4.2025,3:53:14.220,21.018,45.608
19.4.2025,3:53:15.221,20.087,33.927
19.4.2025,3:53:16.223,18.943,46.216
19.4.2025,3:53:17.227,18.943,47.247
19.4.2025,3:53:18.225,19.363,47.549
19.4.2025,3:53:19.242,19.335,48.476
19.4.2025,3:53:20.260,20.923,49.448
19.4.2025,3:53:21.261,20.579,53.964
19.4.2025,3:53:22.276,19.927,36.331
19.4.2025,3:53:23.276,19.927,42.680
19.4.2025,3:53:24.278,19.300,47.915
19.4.2025,3:53:25.298,19.599,48.357
19.4.2025,3:53:26.300,20.426,49.204
19.4.2025,3:53:27.302,20.998,54.438
19.4.2025,3:53:28.305,21.067,40.199
19.4.2025,3:53:29.322,20.488,38.970
19.4.2025,3:53:30.337,19.780,45.960
19.4.2025,3:53:31.339,19.087,47.882
19.4.2025,3:53:32.341,18.943,48.418
19.4.2025,3:53:33.343,20.779,49.063
19.4.2025,3:53:34.344,21.438,49.945
19.4.2025,3:53:35.346,20.827,50.197
19.4.2025,3:53:36.349,20.412,46.155
19.4.2025,3:53:37.366,19.756,47.933
19.4.2025,3:53:38.367,19.890,47.606
19.4.2025,3:53:39.381,19.510,48.357
19.4.2025,3:53:40.396,20.447,49.508
19.4.2025,3:53:41.412,21.138,50.238
19.4.2025,3:53:42.412,21.138,32.995
19.4.2025,3:53:43.416,20.651,45.829
19.4.2025,3:53:44.418,19.270,47.110
19.4.2025,3:53:45.405,18.879,47.443
19.4.2025,3:53:46.409,20.700,48.567
19.4.2025,3:53:47.408,20.802,49.068
19.4.2025,3:53:48.411,21.301,54.188
19.4.2025,3:53:49.415,21.326,38.927
19.4.2025,3:53:50.417,19.445,39.847
19.4.2025,3:53:51.419,19.168,48.000
19.4.2025,3:53:52.422,19.457,48.678
19.4.2025,3:53:53.424,20.405,49.759
19.4.2025,3:53:54.428,20.795,51.557
19.4.2025,3:53:55.432,21.088,39.273
19.4.2025,3:53:56.433,20.239,38.425
19.4.2025,3:53:57.436,19.448,46.524
19.4.2025,3:53:58.440,19.448,48.099
19.4.2025,3:53:59.456,18.810,47.592
19.4.2025,3:54:0.470,20.856,48.426
19.4.2025,3:54:1.470,21.381,50.122
19.4.2025,3:54:2.471,21.036,52.157
19.4.2025,3:54:3.489,20.548,34.994
19.4.2025,3:54:4.505,19.862,44.162
19.4.2025,3:54:5.520,19.226,46.487
19.4.2025,3:54:6.533,18.712,47.562
19.4.2025,3:54:7.538,21.013,48.612
19.4.2025,3:54:8.553,21.284,53.373
19.4.2025,3:54:9.553,21.635,37.689
19.4.2025,3:54:10.567,20.986,42.046
19.4.2025,3:54:11.565,19.744,46.436
19.4.2025,3:54:12.584,19.417,47.661
19.4.2025,3:54:13.587,19.350,48.833
19.4.2025,3:54:14.587,20.973,49.217
19.4.2025,3:54:15.601,21.276,51.416
19.4.2025,3:54:16.602,21.433,45.304
19.4.2025,3:54:17.603,20.077,34.690
19.4.2025,3:54:18.605,19.625,46.140
19.4.2025,3:54:19.620,19.119,47.583
19.4.2025,3:54:20.651,19.314,47.521
19.4.2025,3:54:21.636,20.883,48.060
19.4.2025,3:54:22.638,20.924,49.250
19.4.2025,3:54:23.640,20.967,52.251
19.4.2025,3:54:24.639,20.005,36.076
19.4.2025,3:54:25.641,19.256,43.668
19.4.2025,3:54:26.642,19.097,47.957
19.4.2025,3:54:27.644,23.115,48.703
19.4.2025,3:54:28.647,20.767,49.727
19.4.2025,3:54:29.647,21.106,51.753
19.4.2025,3:54:30.646,20.800,35.601
19.4.2025,3:54:31.661,19.328,44.146
19.4.2025,3:54:32.676,19.300,46.740
19.4.2025,3:54:33.691,19.797,47.633
19.4.2025,3:54:34.707,20.917,48.511
19.4.2025,3:54:35.708,21.230,49.175
19.4.2025,3:54:36.712,20.975,56.536
19.4.2025,3:54:37.727,20.047,39.023
19.4.2025,3:54:38.729,19.686,40.165
19.4.2025,3:54:39.728,18.826,46.258
19.4.2025,3:54:40.731,19.189,48.072
19.4.2025,3:54:41.730,21.596,48.435
19.4.2025,3:54:42.746,21.101,49.067
19.4.2025,3:54:43.764,20.823,49.561
19.4.2025,3:54:44.762,20.474,50.604
19.4.2025,3:54:45.763,18.919,34.625
19.4.2025,3:54:46.763,19.786,44.945
19.4.2025,3:54:47.762,19.127,46.855
19.4.2025,3:54:48.778,20.580,47.889
19.4.2025,3:54:49.797,20.989,48.680
19.4.2025,3:54:50.812,21.629,49.299
19.4.2025,3:54:51.815,20.777,54.085
19.4.2025,3:54:52.830,19.471,43.013
19.4.2025,3:54:53.835,19.501,46.580
19.4.2025,3:54:54.853,18.881,47.743
19.4.2025,3:54:55.856,20.868,48.714
19.4.2025,3:54:56.841,21.075,49.066
19.4.2025,3:54:57.840,20.692,51.227
19.4.2025,3:54:58.840,21.094,47.137
19.4.2025,3:54:59.841,19.147,33.320
19.4.2025,3:55:0.858,19.334,46.248
19.4.2025,3:55:1.873,19.259,47.513
19.4.2025,3:55:2.889,20.303,48.084
19.4.2025,3:55:3.887,20.737,48.462
19.4.2025,3:55:4.889,21.255,50.047
19.4.2025,3:55:5.905,20.539,51.971
19.4.2025,3:55:6.906,19.461,34.207
19.4.2025,3:55:7.922,19.897,45.146
19.4.2025,3:55:8.924,19.709,46.670
19.4.2025,3:55:9.929,21.326,47.514
19.4.2025,3:55:10.932,21.011,49.543
19.4.2025,3:55:11.931,20.807,53.846
19.4.2025,3:55:12.930,20.137,33.163
19.4.2025,3:55:13.930,19.386,36.483
19.4.2025,3:55:14.931,18.816,42.611
19.4.2025,3:55:15.931,20.297,47.600
19.4.2025,3:55:16.920,21.442,48.809
19.4.2025,3:55:17.935,21.350,49.467
19.4.2025,3:55:18.948,20.999,53.282
19.4.2025,3:55:19.951,19.352,35.469
19.4.2025,3:55:20.953,19.753,43.863
19.4.2025,3:55:21.954,19.056,46.772
19.4.2025,3:55:22.969,20.559,48.013
19.4.2025,3:55:23.974,21.338,48.591
19.4.2025,3:55:24.978,21.077,49.687
19.4.2025,3:55:25.979,20.557,53.389
19.4.2025,3:55:26.964,19.087,39.503
19.4.2025,3:55:27.967,18.655,38.188
19.4.2025,3:55:28.965,19.664,46.252
19.4.2025,3:55:29.981,20.875,47.926
19.4.2025,3:55:30.982,21.136,48.324
19.4.2025,3:55:31.999,21.271,48.865
19.4.2025,3:55:33.000,20.325,39.367
19.4.2025,3:55:34.005,19.023,40.381
19.4.2025,3:55:35.021,19.480,46.240
19.4.2025,3:55:36.024,20.206,48.005
19.4.2025,3:55:37.012,21.530,48.213
19.4.2025,3:55:38.015,21.197,49.067
19.4.2025,3:55:39.018,21.016,50.681
19.4.2025,3:55:40.019,19.422,46.154
19.4.2025,3:55:41.023,19.537,32.858
19.4.2025,3:55:42.011,18.890,45.788
19.4.2025,3:55:43.031,20.700,46.513
19.4.2025,3:55:44.030,21.344,48.932
19.4.2025,3:55:45.034,21.598,50.571
19.4.2025,3:55:46.035,20.509,50.979
19.4.2025,3:55:47.037,19.692,36.902
19.4.2025,3:55:48.055,19.280,43.669
19.4.2025,3:55:49.044,19.489,46.123
19.4.2025,3:55:50.063,21.164,47.641
19.4.2025,3:55:51.067,21.477,48.529
19.4.2025,3:55:52.067,21.426,49.584
19.4.2025,3:55:53.060,20.328,50.733
19.4.2025,3:55:54.076,18.983,43.514
19.4.2025,3:55:55.091,18.966,46.399
19.4.2025,3:55:56.090,19.504,47.697
19.4.2025,3:55:57.107,21.016,48.369
19.4.2025,3:55:58.115,20.572,49.508
19.4.2025,3:55:59.121,20.926,51.095
19.4.2025,3:56:0.136,20.258,40.183
19.4.2025,3:56:1.151,19.270,39.339
19.4.2025,3:56:2.152,21.786,46.064
19.4.2025,3:56:3.137,19.779,47.709
19.4.2025,3:56:4.153,21.326,48.206
19.4.2025,3:56:5.156,21.058,49.054
19.4.2025,3:56:6.175,20.867,51.336
19.4.2025,3:56:7.181,19.609,44.796
19.4.2025,3:56:8.182,19.598,32.835
19.4.2025,3:56:9.183,19.946,46.019
19.4.2025,3:56:10.200,20.306,47.047
19.4.2025,3:56:11.196,20.672,47.904
19.4.2025,3:56:12.199,21.389,50.428
19.4.2025,3:56:13.200,21.391,48.705
19.4.2025,3:56:14.216,19.873,32.754
19.4.2025,3:56:15.221,19.673,45.504
19.4.2025,3:56:16.218,19.006,47.050
19.4.2025,3:56:17.222,19.969,47.739
19.4.2025,3:56:18.223,20.888,48.867
19.4.2025,3:56:19.224,21.112,49.283
19.4.2025,3:56:20.227,21.482,52.600
19.4.2025,3:56:21.228,19.847,41.062
19.4.2025,3:56:22.246,19.736,39.303
19.4.2025,3:56:23.250,18.889,46.245
19.4.2025,3:56:24.256,20.454,48.176
19.4.2025,3:56:25.261,20.676,49.656
19.4.2025,3:56:26.274,21.066,53.696
19.4.2025,3:56:27.275,20.726,40.663
19.4.2025,3:56:28.273,19.715,37.250
19.4.2025,3:56:29.290,19.307,46.278
19.4.2025,3:56:30.306,19.149,47.597
19.4.2025,3:56:31.306,19.872,47.761
19.4.2025,3:56:32.306,20.697,48.773
19.4.2025,3:56:33.293,21.373,50.673
19.4.2025,3:56:34.312,20.493,49.078
19.4.2025,3:56:35.320,19.298,33.033
19.4.2025,3:56:36.318,19.493,45.342
19.4.2025,3:56:37.320,19.587,46.548
19.4.2025,3:56:38.318,20.431,47.681
19.4.2025,3:56:39.334,21.261,48.489
19.4.2025,3:56:40.335,21.451,50.002
19.4.2025,3:56:41.351,20.647,53.507
19.4.2025,3:56:42.351,19.805,40.278
19.4.2025,3:56:43.353,19.611,37.066
19.4.2025,3:56:44.341,19.611,48.065
19.4.2025,3:56:45.343,19.335,48.679
19.4.2025,3:56:46.359,19.585,49.672
19.4.2025,3:56:47.361,21.197,50.720
19.4.2025,3:56:48.366,21.285,45.136
19.4.2025,3:56:49.379,21.046,34.732
19.4.2025,3:56:50.398,18.856,45.926
19.4.2025,3:56:51.397,18.856,47.419
19.4.2025,3:56:52.402,19.666,47.899
19.4.2025,3:56:53.402,19.388,48.294
19.4.2025,3:56:54.404,20.879,49.221
19.4.2025,3:56:55.419,21.090,56.607
19.4.2025,3:56:56.432,21.387,37.137
19.4.2025,3:56:57.419,19.775,41.935
19.4.2025,3:56:58.439,19.398,46.467
19.4.2025,3:56:59.454,19.842,48.054
19.4.2025,3:57:0.454,21.511,48.431
19.4.2025,3:57:1.457,21.969,49.873
19.4.2025,3:57:2.461,20.697,33.676
19.4.2025,3:57:3.478,19.022,45.512
19.4.2025,3:57:4.466,19.022,46.488
19.4.2025,3:57:5.468,19.570,47.991
19.4.2025,3:57:6.466,19.570,48.720
19.4.2025,3:57:7.470,20.677,49.674
19.4.2025,3:57:8.472,21.091,55.118
19.4.2025,3:57:9.474,20.975,38.598
19.4.2025,3:57:10.478,20.391,39.897
19.4.2025,3:57:11.467,19.241,46.175
19.4.2025,3:57:12.484,19.048,48.313
19.4.2025,3:57:13.484,19.426,47.473
19.4.2025,3:57:14.503,21.338,50.830
19.4.2025,3:57:15.521,20.696,44.315
19.4.2025,3:57:16.524,19.000,38.303
19.4.2025,3:57:17.512,19.000,46.331
19.4.2025,3:57:18.515,19.087,48.089
19.4.2025,3:57:19.515,20.988,47.827
19.4.2025,3:57:20.528,21.291,48.749
19.4.2025,3:57:21.533,20.748,50.193
19.4.2025,3:57:22.534,20.896,52.098
19.4.2025,3:57:23.550,19.200,33.050
19.4.2025,3:57:24.549,29.712,36.118
19.4.2025,3:57:25.550,29.464,36.873
19.4.2025,3:57:26.551,29.594,44.164
19.4.2025,3:57:27.554,29.524,47.100
19.4.2025,3:57:28.557,29.813,35.788
19.4.2025,3:57:29.544,29.813,46.301
19.4.2025,3:57:30.561,19.448,47.764
19.4.2025,3:57:31.576,19.939,47.588
19.4.2025,3:57:32.590,20.828,48.289
19.4.2025,3:57:33.593,21.382,49.230
19.4.2025,3:57:34.596,21.210,54.388
19.4.2025,3:57:35.597,19.574,37.314
19.4.2025,3:57:36.601,22.628,43.256
19.4.2025,3:57:37.603,18.500,46.472
19.4.2025,3:57:38.589,20.497,47.485
19.4.2025,3:57:39.603,21.198,48.770
19.4.2025,3:57:40.604,21.198,49.638
19.4.2025,3:57:41.624,20.029,35.030
19.4.2025,3:57:42.644,19.074,43.847
19.4.2025,3:57:43.644,19.136,46.845
19.4.2025,3:57:44.643,19.378,47.730
19.4.2025,3:57:45.648,21.119,48.552
19.4.2025,3:57:46.662,21.317,49.645
19.4.2025,3:57:47.681,21.167,53.670
19.4.2025,3:57:48.681,20.483,40.226
19.4.2025,3:57:49.682,19.501,38.584
19.4.2025,3:57:50.712,19.165,46.159
19.4.2025,3:57:51.730,19.532,48.059
19.4.2025,3:57:52.743,20.787,48.228
19.4.2025,3:57:53.742,20.773,48.994
19.4.2025,3:57:54.756,20.637,50.311
19.4.2025,3:57:55.771,20.634,50.793
19.4.2025,3:57:56.772,19.671,33.582
19.4.2025,3:57:57.787,19.158,45.485
19.4.2025,3:57:58.802,18.876,47.319
19.4.2025,3:57:59.807,20.988,47.860
19.4.2025,3:58:0.807,21.240,48.144
19.4.2025,3:58:1.794,21.020,49.312
19.4.2025,3:58:2.809,19.904,56.008
19.4.2025,3:58:3.824,19.381,35.986
19.4.2025,3:58:4.842,19.514,42.375
19.4.2025,3:58:5.845,20.315,46.884
19.4.2025,3:58:6.846,20.686,48.581
19.4.2025,3:58:7.847,20.998,48.664
19.4.2025,3:58:8.850,21.188,56.031
19.4.2025,3:58:9.853,20.109,38.459
19.4.2025,3:58:10.841,20.350,41.950
19.4.2025,3:58:11.843,18.726,46.158
19.4.2025,3:58:12.857,20.438,47.893
19.4.2025,3:58:13.872,20.765,48.263
19.4.2025,3:58:14.873,21.138,49.318
19.4.2025,3:58:15.887,20.723,51.108
19.4.2025,3:58:16.890,19.222,40.179
19.4.2025,3:58:17.895,19.717,40.112
19.4.2025,3:58:18.901,19.483,46.327
19.4.2025,3:58:19.902,20.634,48.405
19.4.2025,3:58:20.924,21.351,49.555
19.4.2025,3:58:21.924,20.915,55.300
19.4.2025,3:58:22.927,19.756,37.665
19.4.2025,3:58:23.931,18.887,41.320
19.4.2025,3:58:24.933,19.455,46.285
19.4.2025,3:58:25.937,20.090,47.761
19.4.2025,3:58:26.940,20.962,48.465
19.4.2025,3:58:27.940,21.211,49.324
19.4.2025,3:58:28.952,21.039,51.567
19.4.2025,3:58:29.968,19.492,43.336
19.4.2025,3:58:30.982,19.305,35.962
19.4.2025,3:58:31.986,18.825,47.377
19.4.2025,3:58:32.983,19.693,48.806
19.4.2025,3:58:33.984,21.066,49.553
19.4.2025,3:58:34.986,21.344,53.852
19.4.2025,3:58:36.006,20.682,39.119
19.4.2025,3:58:37.011,19.458,39.098
19.4.2025,3:58:38.015,19.423,46.247
19.4.2025,3:58:39.016,19.035,48.042
19.4.2025,3:58:40.018,20.916,48.645
19.4.2025,3:58:41.035,21.039,49.310
19.4.2025,3:58:42.050,20.964,50.447
19.4.2025,3:58:43.050,21.211,47.073
19.4.2025,3:58:44.049,19.640,33.369
19.4.2025,3:58:45.053,19.008,45.892
19.4.2025,3:58:46.067,19.401,47.554
19.4.2025,3:58:47.073,20.484,47.407
19.4.2025,3:58:48.060,20.736,50.641
19.4.2025,3:58:49.064,21.715,47.983
19.4.2025,3:58:50.066,20.379,34.986
19.4.2025,3:58:51.071,19.975,45.577
19.4.2025,3:58:52.072,19.577,47.309
19.4.2025,3:58:53.074,19.494,47.739
19.4.2025,3:58:54.088,21.292,48.756
19.4.2025,3:58:55.091,21.132,49.444
19.4.2025,3:58:56.111,21.190,55.226
19.4.2025,3:58:57.128,19.627,37.866
19.4.2025,3:58:58.135,19.380,40.509
19.4.2025,3:58:59.151,19.281,46.225
19.4.2025,3:59:0.151,20.073,48.248
19.4.2025,3:59:1.169,20.654,48.026
19.4.2025,3:59:2.186,21.283,49.187
19.4.2025,3:59:3.189,21.176,50.613
19.4.2025,3:59:4.203,20.204,46.055
19.4.2025,3:59:5.222,18.892,33.512
19.4.2025,3:59:6.224,19.130,46.029
19.4.2025,3:59:7.226,20.896,48.335
19.4.2025,3:59:8.243,20.965,48.987
19.4.2025,3:59:9.244,20.805,49.870
19.4.2025,3:59:10.244,21.234,50.602
19.4.2025,3:59:11.232,22.585,34.034
19.4.2025,3:59:12.247,19.778,46.078
19.4.2025,3:59:13.262,18.801,48.053
19.4.2025,3:59:14.281,20.853,47.893
19.4.2025,3:59:15.285,21.303,48.448
19.4.2025,3:59:16.287,21.400,49.464
19.4.2025,3:59:17.285,20.803,54.036
19.4.2025,3:59:18.285,19.495,38.215
19.4.2025,3:59:19.283,19.477,40.783
19.4.2025,3:59:20.288,19.006,46.028
19.4.2025,3:59:21.304,20.752,48.404
19.4.2025,3:59:22.304,21.061,47.353
19.4.2025,3:59:23.307,21.290,48.779
19.4.2025,3:59:24.298,20.819,49.980
19.4.2025,3:59:25.312,18.857,37.192
19.4.2025,3:59:26.313,19.429,33.580
19.4.2025,3:59:27.313,19.294,45.820
19.4.2025,3:59:28.310,20.286,47.494
19.4.2025,3:59:29.310,20.577,47.977
19.4.2025,3:59:30.309,21.624,50.371
19.4.2025,3:59:31.310,20.829,49.830
19.4.2025,3:59:32.311,19.745,33.483
19.4.2025,3:59:33.323,18.909,45.668
19.4.2025,3:59:34.322,19.359,46.376
19.4.2025,3:59:35.343,19.220,48.303
19.4.2025,3:59:36.355,20.741,48.545
19.4.2025,3:59:37.371,21.102,49.875
19.4.2025,3:59:38.376,21.069,54.764
19.4.2025,3:59:39.391,19.970,37.093
19.4.2025,3:59:40.404,19.359,40.084
19.4.2025,3:59:41.408,19.085,45.987
19.4.2025,3:59:42.412,19.378,47.812
19.4.2025,3:59:43.414,21.295,48.518
19.4.2025,3:59:44.432,20.907,49.065
19.4.2025,3:59:45.419,21.149,50.371
19.4.2025,3:59:46.423,19.367,45.628
19.4.2025,3:59:47.427,19.415,34.550
19.4.2025,3:59:48.428,18.944,46.497
19.4.2025,3:59:49.432,20.106,48.415
19.4.2025,3:59:50.418,21.375,49.030
19.4.2025,3:59:51.419,21.258,50.512
19.4.2025,3:59:52.419,20.287,48.142
19.4.2025,3:59:53.419,19.627,33.522
19.4.2025,3:59:54.433,19.627,45.696
19.4.2025,3:59:55.453,19.004,47.575
19.4.2025,3:59:56.457,20.811,47.985
19.4.2025,3:59:57.473,21.141,48.739
19.4.2025,3:59:58.476,21.025,49.899
19.4.2025,3:59:59.466,20.423,54.365
19.4.2025,4:0:0.466,20.177,36.281
19.4.2025,4:0:1.484,18.612,44.011
19.4.2025,4:0:2.497,19.754,46.791
19.4.2025,4:0:3.501,21.540,47.793
19.4.2025,4:0:4.518,21.123,48.196
19.4.2025,4:0:5.522,21.154,53.480
19.4.2025,4:0:6.522,19.817,37.015
19.4.2025,4:0:7.539,19.060,43.771
19.4.2025,4:0:8.543,19.104,46.661
19.4.2025,4:0:9.544,19.425,47.715
19.4.2025,4:0:10.558,20.960,48.430
19.4.2025,4:0:11.559,21.234,49.365
19.4.2025,4:0:12.560,20.943,52.886
19.4.2025,4:0:13.564,20.221,40.960
19.4.2025,4:0:14.566,19.173,36.382
19.4.2025,4:0:15.569,18.913,46.427
19.4.2025,4:0:16.572,19.592,48.004
19.4.2025,4:0:17.559,21.087,48.153
19.4.2025,4:0:18.564,21.197,48.771
19.4.2025,4:0:19.567,21.592,42.889
19.4.2025,4:0:20.565,20.241,35.624
19.4.2025,4:0:21.586,19.829,46.031
19.4.2025,4:0:22.604,19.511,47.626
19.4.2025,4:0:23.602,20.557,47.896
19.4.2025,4:0:24.590,21.411,48.503
19.4.2025,4:0:25.594,21.447,49.730
19.4.2025,4:0:26.592,21.447,54.775
19.4.2025,4:0:27.593,20.942,39.161
19.4.2025,4:0:28.597,19.889,41.148
19.4.2025,4:0:29.599,19.564,46.453
19.4.2025,4:0:30.616,20.005,47.930
19.4.2025,4:0:31.616,20.005,48.382
19.4.2025,4:0:32.607,20.952,49.046
19.4.2025,4:0:33.612,21.165,49.702
19.4.2025,4:0:34.628,21.545,49.906
19.4.2025,4:0:35.644,20.443,46.243
19.4.2025,4:0:36.640,19.342,47.904
19.4.2025,4:0:37.644,19.362,47.502
19.4.2025,4:0:38.661,21.040,49.047
19.4.2025,4:0:39.677,21.068,49.832
19.4.2025,4:0:40.679,21.435,50.461
19.4.2025,4:0:41.680,19.649,35.289
19.4.2025,4:0:42.681,19.008,44.878
19.4.2025,4:0:43.682,19.049,46.800
19.4.2025,4:0:44.671,20.593,47.778
19.4.2025,4:0:45.673,25.324,48.496
19.4.2025,4:0:46.676,21.158,48.965
19.4.2025,4:0:47.692,20.334,53.313
19.4.2025,4:0:48.693,18.992,46.308
19.4.2025,4:0:49.711,19.205,47.783
19.4.2025,4:0:50.726,20.149,47.840
19.4.2025,4:0:51.727,21.532,48.559
19.4.2025,4:0:52.716,20.594,49.299
19.4.2025,4:0:53.735,20.654,54.544
19.4.2025,4:0:54.736,19.422,37.300
19.4.2025,4:0:55.749,19.732,42.489
19.4.2025,4:0:56.750,19.381,46.099
19.4.2025,4:0:57.766,20.020,47.830
19.4.2025,4:0:58.782,21.476,48.311
19.4.2025,4:0:59.795,21.725,49.381
19.4.2025,4:1:0.793,21.136,50.733
19.4.2025,4:1:1.810,19.426,47.176
19.4.2025,4:1:2.829,19.276,32.693
19.4.2025,4:1:3.851,18.945,45.913
19.4.2025,4:1:4.852,20.316,46.929
19.4.2025,4:1:5.855,21.160,47.730
19.4.2025,4:1:6.884,21.310,48.415
19.4.2025,4:1:7.897,21.003,49.586
19.4.2025,4:1:8.899,19.184,54.918
19.4.2025,4:1:9.901,19.437,39.129
19.4.2025,4:1:10.903,19.355,46.551
19.4.2025,4:1:11.919,19.944,47.815
19.4.2025,4:1:12.920,20.838,48.652
19.4.2025,4:1:13.919,20.743,49.136
19.4.2025,4:1:14.920,21.337,53.856
19.4.2025,4:1:15.919,19.372,38.131
19.4.2025,4:1:16.918,19.875,42.094
19.4.2025,4:1:17.920,19.116,46.277
19.4.2025,4:1:18.921,20.414,47.854
19.4.2025,4:1:19.920,21.220,48.140
19.4.2025,4:1:20.937,20.940,49.308
19.4.2025,4:1:21.940,20.421,50.514
19.4.2025,4:1:22.956,18.968,45.844
19.4.2025,4:1:23.975,18.981,32.877
19.4.2025,4:1:24.975,18.931,45.751
19.4.2025,4:1:25.977,21.492,46.537
19.4.2025,4:1:26.993,21.064,47.684
19.4.2025,4:1:27.980,21.033,48.522
19.4.2025,4:1:28.996,20.557,49.334
19.4.2025,4:1:30.011,20.005,53.880
19.4.2025,4:1:31.025,19.434,38.596
19.4.2025,4:1:32.025,19.476,38.622
19.4.2025,4:1:33.026,20.974,46.235
19.4.2025,4:1:34.028,20.756,48.263
19.4.2025,4:1:35.027,20.880,47.692
19.4.2025,4:1:36.043,20.408,48.931
19.4.2025,4:1:37.055,19.768,49.769
19.4.2025,4:1:38.044,19.091,50.283
19.4.2025,4:1:39.047,19.560,46.387
19.4.2025,4:1:40.064,21.081,48.015
19.4.2025,4:1:41.068,21.238,48.458
19.4.2025,4:1:42.074,21.192,48.866
19.4.2025,4:1:43.060,20.019,49.658
19.4.2025,4:1:44.077,19.575,55.303
19.4.2025,4:1:45.094,19.566,38.704
19.4.2025,4:1:46.094,19.043,41.977
19.4.2025,4:1:47.114,20.872,46.488
19.4.2025,4:1:48.113,20.996,47.751
19.4.2025,4:1:49.122,21.176,48.453
19.4.2025,4:1:50.139,20.532,49.461
19.4.2025,4:1:51.152,19.615,51.564
19.4.2025,4:1:52.169,19.170,46.282
19.4.2025,4:1:53.171,19.807,45.974
19.4.2025,4:1:54.174,20.954,47.902
19.4.2025,4:1:55.173,21.576,47.645
19.4.2025,4:1:56.191,21.759,49.005
19.4.2025,4:1:57.192,19.741,49.941
19.4.2025,4:1:58.209,19.863,47.913
19.4.2025,4:1:59.225,19.217,31.456
19.4.2025,4:2:0.228,20.122,45.853
19.4.2025,4:2:1.215,21.383,47.458
19.4.2025,4:2:2.233,21.300,47.544
19.4.2025,4:2:3.238,20.885,48.605
19.4.2025,4:2:4.241,19.333,49.657
19.4.2025,4:2:5.243,19.221,54.069
19.4.2025,4:2:6.243,19.158,45.605
19.4.2025,4:2:7.246,20.345,46.567
19.4.2025,4:2:8.267,21.170,47.379
19.4.2025,4:2:9.271,20.742,48.630
19.4.2025,4:2:10.274,21.207,49.482
19.4.2025,4:2:11.290,19.446,53.053
19.4.2025,4:2:12.294,19.421,39.861
19.4.2025,4:2:13.296,19.003,39.427
19.4.2025,4:2:14.299,21.142,46.152
19.4.2025,4:2:15.304,21.107,47.989
19.4.2025,4:2:16.320,21.457,48.110
19.4.2025,4:2:17.318,20.688,48.852
19.4.2025,4:2:18.334,19.713,45.370
19.4.2025,4:2:19.335,19.339,49.826
19.4.2025,4:2:20.349,23.575,34.269
19.4.2025,4:2:21.364,20.369,48.047
19.4.2025,4:2:22.379,20.944,48.161
19.4.2025,4:2:23.397,21.216,48.900
19.4.2025,4:2:24.401,21.319,50.416
19.4.2025,4:2:25.390,19.505,45.989
19.4.2025,4:2:26.390,18.810,34.658
19.4.2025,4:2:27.388,19.205,46.372
19.4.2025,4:2:28.390,21.197,47.799
19.4.2025,4:2:29.393,22.845,47.673
19.4.2025,4:2:30.398,21.318,48.734
19.4.2025,4:2:31.403,20.117,49.506
19.4.2025,4:2:32.422,19.684,50.889
19.4.2025,4:2:33.422,19.156,34.165
19.4.2025,4:2:34.427,19.152,45.714
19.4.2025,4:2:35.431,21.028,46.986
19.4.2025,4:2:36.447,21.212,48.614
19.4.2025,4:2:37.447,21.291,50.487
19.4.2025,4:2:38.446,19.747,48.138
19.4.2025,4:2:39.459,19.891,32.580
19.4.2025,4:2:40.461,19.692,45.872
19.4.2025,4:2:41.475,19.673,42.610
19.4.2025,4:2:42.490,20.839,47.544
19.4.2025,4:2:43.491,21.183,48.370
19.4.2025,4:2:44.493,22.978,49.186
19.4.2025,4:2:45.506,20.510,54.799
19.4.2025,4:2:46.510,19.661,38.189
19.4.2025,4:2:47.496,19.335,41.935
19.4.2025,4:2:48.510,19.663,46.551
19.4.2025,4:2:49.502,20.717,48.291
19.4.2025,4:2:50.516,21.066,48.467
19.4.2025,4:2:51.522,20.913,49.196
19.4.2025,4:2:52.524,19.656,50.351
19.4.2025,4:2:53.525,19.351,38.501
19.4.2025,4:2:54.513,19.609,46.160
19.4.2025,4:2:55.516,20.613,47.961
19.4.2025,4:2:56.517,21.201,48.253
19.4.2025,4:2:57.523,21.366,49.447
19.4.2025,4:2:58.523,20.638,52.211
19.4.2025,4:2:59.527,19.520,45.841
19.4.2025,4:3:0.546,19.835,32.283
19.4.2025,4:3:1.562,19.652,45.516
19.4.2025,4:3:2.578,20.985,46.926
19.4.2025,4:3:3.599,21.511,48.039
19.4.2025,4:3:4.602,21.319,48.250
19.4.2025,4:3:5.605,20.634,49.039
19.4.2025,4:3:6.609,19.684,33.413
19.4.2025,4:3:7.612,18.964,45.925
19.4.2025,4:3:8.627,29.835,48.465
19.4.2025,4:3:9.645,29.511,43.809
19.4.2025,4:3:10.649,29.716,41.097
19.4.2025,4:3:11.650,29.867,40.582
19.4.2025,4:3:12.637,29.344,36.604
19.4.2025,4:3:13.640,19.787,46.180
19.4.2025,4:3:14.639,21.104,47.752
19.4.2025,4:3:15.658,21.319,47.773
19.4.2025,4:3:16.671,21.141,48.389
19.4.2025,4:3:17.670,20.626,48.989
19.4.2025,4:3:18.672,19.229,52.645
19.4.2025,4:3:19.673,18.840,34.889
19.4.2025,4:3:20.677,19.730,45.408
19.4.2025,4:3:21.678,21.506,48.050
19.4.2025,4:3:22.683,21.021,48.805
19.4.2025,4:3:23.679,20.679,48.959
19.4.2025,4:3:24.678,19.807,52.122
19.4.2025,4:3:25.681,19.654,36.459
19.4.2025,4:3:26.696,19.418,43.080
19.4.2025,4:3:27.696,20.069,46.280
19.4.2025,4:3:28.710,21.231,47.569
19.4.2025,4:3:29.710,21.042,48.797
19.4.2025,4:3:30.725,21.269,49.458
19.4.2025,4:3:31.725,20.668,50.978
19.4.2025,4:3:32.724,19.652,46.303
19.4.2025,4:3:33.726,19.340,34.615
19.4.2025,4:3:34.729,18.977,46.447
19.4.2025,4:3:35.728,20.898,47.910
19.4.2025,4:3:36.729,21.276,47.693
19.4.2025,4:3:37.717,21.261,48.323
19.4.2025,4:3:38.718,21.245,49.405
19.4.2025,4:3:39.734,19.838,53.876
19.4.2025,4:3:40.733,19.429,36.245
19.4.2025,4:3:41.749,19.236,43.332
19.4.2025,4:3:42.751,20.880,46.534
19.4.2025,4:3:43.754,21.424,47.625
19.4.2025,4:3:44.774,21.058,48.564
19.4.2025,4:3:45.786,21.659,49.818
19.4.2025,4:3:46.784,19.714,53.072
19.4.2025,4:3:47.787,19.721,41.870
19.4.2025,4:3:48.792,19.539,46.443
19.4.2025,4:3:49.794,21.050,47.584
19.4.2025,4:3:50.794,21.389,48.406
19.4.2025,4:3:51.794,20.851,49.924
19.4.2025,4:3:52.808,20.974,54.869
19.4.2025,4:3:53.795,20.116,39.428
19.4.2025,4:3:54.795,22.458,37.364
19.4.2025,4:3:55.797,19.293,46.279
19.4.2025,4:3:56.798,22.246,47.774
19.4.2025,4:3:57.810,24.045,48.412
19.4.2025,4:3:58.815,23.549,49.480
19.4.2025,4:3:59.818,20.159,51.378
19.4.2025,4:4:0.824,19.310,44.801
19.4.2025,4:4:1.823,19.169,35.291
19.4.2025,4:4:2.826,19.974,45.948
19.4.2025,4:4:3.831,21.376,47.763
19.4.2025,4:4:4.833,20.780,49.288
19.4.2025,4:4:5.855,20.908,51.796
19.4.2025,4:4:6.839,19.634,47.282
19.4.2025,4:4:7.844,19.914,34.057
19.4.2025,4:4:8.844,18.813,45.840
19.4.2025,4:4:9.844,20.249,47.867
19.4.2025,4:4:10.847,21.323,47.854
19.4.2025,4:4:11.849,21.524,48.567
19.4.2025,4:4:12.850,20.144,49.662
19.4.2025,4:4:13.850,19.199,55.957
19.4.2025,4:4:14.851,19.376,37.001
19.4.2025,4:4:15.867,19.001,40.763
19.4.2025,4:4:16.883,20.877,46.257
19.4.2025,4:4:17.883,21.621,47.892
19.4.2025,4:4:18.884,21.410,49.812
19.4.2025,4:4:19.900,20.955,48.904
19.4.2025,4:4:20.888,19.164,41.476
19.4.2025,4:4:21.906,19.164,37.286
19.4.2025,4:4:22.909,19.652,46.366
19.4.2025,4:4:23.911,20.207,48.022
19.4.2025,4:4:24.916,21.178,48.050
19.4.2025,4:4:25.918,20.726,48.847
19.4.2025,4:4:26.922,20.051,49.932
19.4.2025,4:4:27.922,19.383,52.527
19.4.2025,4:4:28.937,19.383,28.734
19.4.2025,4:4:29.954,20.222,46.143
19.4.2025,4:4:30.967,21.527,47.789
19.4.2025,4:4:31.983,21.437,47.523
19.4.2025,4:4:32.985,21.686,48.536
19.4.2025,4:4:34.002,19.337,49.335
19.4.2025,4:4:35.021,19.685,53.590
19.4.2025,4:4:36.025,18.540,34.022
19.4.2025,4:4:37.013,20.245,45.305
19.4.2025,4:4:38.015,21.394,46.922
19.4.2025,4:4:39.017,21.721,49.266
19.4.2025,4:4:40.022,20.043,50.191
19.4.2025,4:4:41.024,19.571,51.522
19.4.2025,4:4:42.023,19.836,34.074
19.4.2025,4:4:43.025,19.212,43.700
19.4.2025,4:4:44.038,20.869,46.486
19.4.2025,4:4:45.057,21.350,47.929
19.4.2025,4:4:46.044,21.099,48.176
19.4.2025,4:4:47.047,20.304,49.656
19.4.2025,4:4:48.048,19.493,50.990
19.4.2025,4:4:49.050,19.158,45.676
19.4.2025,4:4:50.055,19.499,46.120
19.4.2025,4:4:51.058,21.050,48.047
19.4.2025,4:4:52.043,20.902,48.381
19.4.2025,4:4:53.046,21.254,48.997
19.4.2025,4:4:54.051,19.717,50.044
19.4.2025,4:4:55.053,19.386,50.059
19.4.2025,4:4:56.056,19.272,32.446
19.4.2025,4:4:57.069,19.500,46.075
19.4.2025,4:4:58.084,20.989,47.724
19.4.2025,4:4:59.086,21.088,47.821
19.4.2025,4:5:0.104,21.035,48.285
19.4.2025,4:5:1.103,20.321,49.572
19.4.2025,4:5:2.105,19.419,55.533
19.4.2025,4:5:3.103,19.117,38.002
19.4.2025,4:5:4.091,20.267,46.699
19.4.2025,4:5:5.096,21.191,47.738
19.4.2025,4:5:6.116,21.008,48.462
19.4.2025,4:5:7.121,21.509,49.650
19.4.2025,4:5:8.140,19.836,53.750
19.4.2025,4:5:9.141,19.520,38.297
19.4.2025,4:5:10.158,19.079,41.029
19.4.2025,4:5:11.161,20.890,46.519
19.4.2025,4:5:12.175,21.107,48.195
19.4.2025,4:5:13.181,21.445,48.700
19.4.2025,4:5:14.170,21.165,49.394
19.4.2025,4:5:15.172,19.237,51.371
19.4.2025,4:5:16.187,19.402,43.010
19.4.2025,4:5:17.188,19.497,46.547
19.4.2025,4:5:18.207,21.067,47.760
19.4.2025,4:5:19.209,21.132,48.492
19.4.2025,4:5:20.223,21.610,49.133
19.4.2025,4:5:21.221,20.645,50.732
19.4.2025,4:5:22.239,18.966,43.777
19.4.2025,4:5:23.256,19.553,36.140
19.4.2025,4:5:24.262,19.071,46.225
19.4.2025,4:5:25.264,20.996,47.553
19.4.2025,4:5:26.263,21.131,47.976
19.4.2025,4:5:27.263,20.767,48.483
19.4.2025,4:5:28.289,20.702,49.532
19.4.2025,4:5:29.291,22.193,52.970
19.4.2025,4:5:30.293,19.360,35.692
19.4.2025,4:5:31.294,19.756,42.348
19.4.2025,4:5:32.313,21.561,46.527
19.4.2025,4:5:33.313,21.177,47.727
19.4.2025,4:5:34.329,21.398,48.543
19.4.2025,4:5:35.328,19.543,49.611
19.4.2025,4:5:36.328,19.563,53.193
19.4.2025,4:5:37.327,19.612,40.449
19.4.2025,4:5:38.342,20.869,46.473
19.4.2025,4:5:39.345,21.241,47.949
19.4.2025,4:5:40.342,21.158,48.749
19.4.2025,4:5:41.346,21.317,49.909
19.4.2025,4:5:42.361,19.462,51.808
19.4.2025,4:5:43.362,19.400,41.776
19.4.2025,4:5:44.382,18.501,37.748
19.4.2025,4:5:45.372,20.555,46.368
19.4.2025,4:5:46.374,20.600,48.104
19.4.2025,4:5:47.377,20.908,47.804
19.4.2025,4:5:48.380,20.476,48.584
19.4.2025,4:5:49.383,19.065,49.117
19.4.2025,4:5:50.385,19.660,51.030
19.4.2025,4:5:51.388,19.513,35.316
19.4.2025,4:5:52.406,21.500,47.741
19.4.2025,4:5:53.423,20.532,47.929
19.4.2025,4:5:54.428,20.997,48.583
19.4.2025,4:5:55.428,20.096,49.496
19.4.2025,4:5:56.428,19.323,54.277
19.4.2025,4:5:57.429,18.852,36.969
19.4.2025,4:5:58.433,20.337,41.718
19.4.2025,4:5:59.421,20.878,46.433
19.4.2025,4:6:0.420,21.322,48.107
19.4.2025,4:6:1.422,21.335,48.363
19.4.2025,4:6:2.436,19.207,49.397
19.4.2025,4:6:3.438,19.457,50.946
19.4.2025,4:6:4.439,18.955,44.632
19.4.2025,4:6:5.458,20.697,33.202
19.4.2025,4:6:6.474,20.520,48.284
19.4.2025,4:6:7.476,21.023,47.490
19.4.2025,4:6:8.479,20.696,48.861
19.4.2025,4:6:9.480,19.184,49.384
19.4.2025,4:6:10.509,19.520,50.929
19.4.2025,4:6:11.512,19.214,34.894
19.4.2025,4:6:12.513,20.715,43.450
19.4.2025,4:6:13.517,21.298,46.268
19.4.2025,4:6:14.519,20.606,47.639
19.4.2025,4:6:15.533,20.527,48.514
19.4.2025,4:6:16.534,19.780,49.535
19.4.2025,4:6:17.536,19.196,50.058
19.4.2025,4:6:18.538,18.784,47.542
19.4.2025,4:6:19.539,20.611,33.586
19.4.2025,4:6:20.543,21.016,45.627
19.4.2025,4:6:21.531,21.353,47.246
19.4.2025,4:6:22.532,20.809,48.965
19.4.2025,4:6:23.534,19.741,50.044
19.4.2025,4:6:24.548,19.242,48.030
19.4.2025,4:6:25.551,19.469,30.953
19.4.2025,4:6:26.559,21.097,46.203
19.4.2025,4:6:27.561,20.812,47.254
19.4.2025,4:6:28.567,21.268,47.958
19.4.2025,4:6:29.571,19.840,48.538
19.4.2025,4:6:30.574,22.692,49.716
19.4.2025,4:6:31.593,23.222,56.421
19.4.2025,4:6:32.595,28.416,33.706
19.4.2025,4:6:33.602,27.283,45.847
19.4.2025,4:6:34.601,30.314,48.488
19.4.2025,4:6:35.603,26.370,49.258
19.4.2025,4:6:36.603,27.547,44.385
19.4.2025,4:6:37.611,26.407,37.183
19.4.2025,4:6:38.624,26.075,46.404
19.4.2025,4:6:39.640,20.963,48.137
19.4.2025,4:6:40.643,20.978,48.449
19.4.2025,4:6:41.643,19.465,49.569
19.4.2025,4:6:42.644,19.546,50.197
19.4.2025,4:6:43.651,19.297,47.581
19.4.2025,4:6:44.666,20.153,34.907
19.4.2025,4:6:45.681,20.743,47.696
19.4.2025,4:6:46.669,20.892,48.585
19.4.2025,4:6:47.673,20.461,49.422
19.4.2025,4:6:48.679,20.286,50.707
19.4.2025,4:6:49.696,19.223,50.558
19.4.2025,4:6:50.697,18.959,32.435
19.4.2025,4:6:51.712,20.241,45.390
19.4.2025,4:6:52.702,20.693,46.904
19.4.2025,4:6:53.703,20.954,47.572
19.4.2025,4:6:54.705,20.455,48.468
19.4.2025,4:6:55.705,19.537,50.048
19.4.2025,4:6:56.708,19.818,54.214
19.4.2025,4:6:57.703,19.661,39.746
19.4.2025,4:6:58.727,20.441,38.657
19.4.2025,4:6:59.741,21.256,47.934
19.4.2025,4:7:0.741,21.433,48.817
19.4.2025,4:7:1.760,20.430,50.063
19.4.2025,4:7:2.762,19.460,53.955
19.4.2025,4:7:3.763,22.378,40.186
19.4.2025,4:7:4.761,19.346,40.792
19.4.2025,4:7:5.765,21.600,46.195
19.4.2025,4:7:6.767,21.426,47.645
19.4.2025,4:7:7.785,21.441,48.629
19.4.2025,4:7:8.787,19.947,49.533
19.4.2025,4:7:9.788,19.369,51.004
19.4.2025,4:7:10.804,19.219,42.198
19.4.2025,4:7:11.805,21.110,46.355
19.4.2025,4:7:12.807,20.842,48.059
19.4.2025,4:7:13.793,21.374,48.397
19.4.2025,4:7:14.794,22.720,49.412
19.4.2025,4:7:15.809,19.564,51.011
19.4.2025,4:7:16.813,19.632,42.434
19.4.2025,4:7:17.815,19.717,35.925
19.4.2025,4:7:18.821,21.325,46.310
19.4.2025,4:7:19.824,21.127,48.039
19.4.2025,4:7:20.810,20.861,47.896
19.4.2025,4:7:21.812,19.604,51.282
19.4.2025,4:7:22.814,19.848,44.508
19.4.2025,4:7:23.813,19.525,34.874
19.4.2025,4:7:24.817,20.686,46.124
19.4.2025,4:7:25.817,21.485,47.818
19.4.2025,4:7:26.819,21.331,47.619
19.4.2025,4:7:27.823,21.125,48.684
19.4.2025,4:7:28.824,18.857,49.482
19.4.2025,4:7:29.827,19.246,54.278
19.4.2025,4:7:30.831,19.321,34.816
19.4.2025,4:7:31.846,21.544,45.214
19.4.2025,4:7:32.863,21.204,46.245
19.4.2025,4:7:33.879,21.561,47.816
19.4.2025,4:7:34.892,20.020,48.440
19.4.2025,4:7:35.894,19.662,49.721
19.4.2025,4:7:36.895,19.290,52.101
19.4.2025,4:7:37.899,20.522,44.035
19.4.2025,4:7:38.888,21.282,46.332
19.4.2025,4:7:39.903,20.836,47.814
19.4.2025,4:7:40.909,22.319,48.390
19.4.2025,4:7:41.913,19.314,49.010
19.4.2025,4:7:42.917,18.985,53.302
19.4.2025,4:7:43.903,19.206,37.739
19.4.2025,4:7:44.906,20.172,40.733
19.4.2025,4:7:45.924,20.793,46.313
19.4.2025,4:7:46.924,20.880,47.868
19.4.2025,4:7:47.926,20.539,48.706
19.4.2025,4:7:48.926,19.897,49.325
19.4.2025,4:7:49.927,19.501,50.009
19.4.2025,4:7:50.931,19.041,40.419
19.4.2025,4:7:51.931,20.787,46.308
19.4.2025,4:7:52.919,21.289,47.745
19.4.2025,4:7:53.937,20.792,48.202
19.4.2025,4:7:54.938,20.203,49.785
19.4.2025,4:7:55.937,19.183,51.646
19.4.2025,4:7:56.956,19.303,43.174
19.4.2025,4:7:57.971,19.776,36.293
19.4.2025,4:7:58.988,20.841,46.267
19.4.2025,4:7:59.988,20.850,47.794
19.4.2025,4:8:1.006,21.217,47.755
19.4.2025,4:8:2.020,19.455,48.322
19.4.2025,4:8:3.024,20.088,49.476
19.4.2025,4:8:4.025,19.054,32.945
19.4.2025,4:8:5.025,20.444,46.049
19.4.2025,4:8:6.024,20.746,46.581
19.4.2025,4:8:7.013,20.980,47.916
19.4.2025,4:8:8.027,21.121,48.644
19.4.2025,4:8:9.032,19.417,49.212
19.4.2025,4:8:10.034,20.088,54.152
19.4.2025,4:8:11.051,19.569,37.119
19.4.2025,4:8:12.057,21.389,40.377
19.4.2025,4:8:13.053,21.276,46.033
19.4.2025,4:8:14.058,21.162,48.092
19.4.2025,4:8:15.046,20.415,48.333
19.4.2025,4:8:16.044,18.922,49.457
19.4.2025,4:8:17.048,19.239,39.165
19.4.2025,4:8:18.052,19.507,40.801
19.4.2025,4:8:19.053,21.232,46.286
19.4.2025,4:8:20.057,20.912,48.060
19.4.2025,4:8:21.057,21.029,48.399
19.4.2025,4:8:22.059,20.977,49.129
19.4.2025,4:8:23.060,19.104,50.677
19.4.2025,4:8:24.061,19.141,49.875
19.4.2025,4:8:25.061,19.849,33.521
19.4.2025,4:8:26.063,21.188,45.959
19.4.2025,4:8:27.066,21.536,46.525
19.4.2025,4:8:28.079,20.557,47.564
19.4.2025,4:8:29.096,19.717,48.505
19.4.2025,4:8:30.111,19.402,49.316
19.4.2025,4:8:31.110,19.718,51.481
19.4.2025,4:8:32.113,19.264,42.397
19.4.2025,4:8:33.112,21.371,37.691
19.4.2025,4:8:34.116,20.788,47.452
19.4.2025,4:8:35.132,20.793,48.650
19.4.2025,4:8:36.131,19.576,49.508
19.4.2025,4:8:37.131,20.742,52.560
19.4.2025,4:8:38.146,22.360,36.863
19.4.2025,4:8:39.151,19.991,39.933
19.4.2025,4:8:40.152,20.779,46.521
19.4.2025,4:8:41.155,21.237,47.932
19.4.2025,4:8:42.173,21.154,47.762
19.4.2025,4:8:43.172,19.754,49.373
19.4.2025,4:8:44.179,18.619,50.652
19.4.2025,4:8:45.177,19.396,47.051
19.4.2025,4:8:46.178,20.140,32.992
19.4.2025,4:8:47.181,20.975,46.111
19.4.2025,4:8:48.196,21.081,47.249
19.4.2025,4:8:49.185,21.091,47.753
19.4.2025,4:8:50.188,19.438,50.665
19.4.2025,4:8:51.191,19.188,48.184
19.4.2025,4:8:52.194,25.431,46.660
19.4.2025,4:8:53.194,29.474,38.144
19.4.2025,4:8:54.195,29.886,34.563
19.4.2025,4:8:55.192,29.474,32.930
19.4.2025,4:8:56.196,29.478,32.481
19.4.2025,4:8:57.210,24.549,48.047
19.4.2025,4:8:58.210,19.933,31.655
19.4.2025,4:8:59.213,21.319,46.155
19.4.2025,4:9:0.214,21.524,47.087
19.4.2025,4:9:1.221,21.136,47.676
19.4.2025,4:9:2.222,19.354,48.510
19.4.2025,4:9:3.221,19.216,49.465
19.4.2025,4:9:4.237,19.823,55.834
19.4.2025,4:9:5.237,20.082,37.436
19.4.2025,4:9:6.255,21.583,42.016
19.4.2025,4:9:7.274,21.329,46.550
19.4.2025,4:9:8.275,21.277,48.297
19.4.2025,4:9:9.262,19.459,49.762
19.4.2025,4:9:10.280,18.845,51.333
19.4.2025,4:9:11.284,19.267,30.676
19.4.2025,4:9:12.288,21.317,46.121
19.4.2025,4:9:13.293,21.223,46.857
19.4.2025,4:9:14.293,21.101,47.845
19.4.2025,4:9:15.308,19.956,48.525
19.4.2025,4:9:16.313,18.937,49.338
19.4.2025,4:9:17.315,18.859,56.089
19.4.2025,4:9:18.314,19.694,37.732
19.4.2025,4:9:19.316,20.892,41.915
19.4.2025,4:9:20.315,20.875,46.192
19.4.2025,4:9:21.315,21.090,47.809
19.4.2025,4:9:22.331,20.025,48.335
19.4.2025,4:9:23.330,18.835,49.188
19.4.2025,4:9:24.347,19.009,51.004
19.4.2025,4:9:25.348,20.144,45.311
19.4.2025,4:9:26.353,20.907,45.986
19.4.2025,4:9:27.341,20.683,48.007
19.4.2025,4:9:28.340,20.997,48.209
19.4.2025,4:9:29.356,19.669,48.931
19.4.2025,4:9:30.355,18.969,50.780
19.4.2025,4:9:31.357,19.578,48.268
19.4.2025,4:9:32.370,20.607,32.366
19.4.2025,4:9:33.356,21.927,32.366
19.4.2025,4:9:34.359,21.350,45.711
19.4.2025,4:9:35.363,20.687,47.504
19.4.2025,4:9:36.366,19.308,47.757
19.4.2025,4:9:37.385,19.352,49.344
19.4.2025,4:9:38.384,19.626,55.039
19.4.2025,4:9:39.387,20.619,46.198
19.4.2025,4:9:40.390,21.509,47.360
19.4.2025,4:9:41.394,21.130,47.337
19.4.2025,4:9:42.396,20.782,48.483
19.4.2025,4:9:43.398,19.626,49.297
19.4.2025,4:9:44.404,19.083,54.013
19.4.2025,4:9:45.408,20.376,35.937
19.4.2025,4:9:46.408,21.228,43.834
19.4.2025,4:9:47.411,20.951,46.368
19.4.2025,4:9:48.412,20.792,47.536
19.4.2025,4:9:49.418,19.896,48.860
19.4.2025,4:9:50.423,19.560,53.862
19.4.2025,4:9:51.437,19.105,52.139
19.4.2025,4:9:52.439,21.157,45.464
19.4.2025,4:9:53.457,21.075,46.444
19.4.2025,4:9:54.475,20.689,47.687
19.4.2025,4:9:55.494,20.748,48.183
19.4.2025,4:9:56.494,19.512,49.687
19.4.2025,4:9:57.510,19.640,52.417
19.4.2025,4:9:58.513,18.875,41.178
19.4.2025,4:9:59.531,21.148,36.850
19.4.2025,4:10:0.532,20.892,46.268
19.4.2025,4:10:1.548,21.510,47.911
19.4.2025,4:10:2.551,20.139,48.165
19.4.2025,4:10:3.567,19.758,49.134
19.4.2025,4:10:4.566,19.363,49.949
19.4.2025,4:10:5.568,19.945,46.975
19.4.2025,4:10:6.573,20.870,46.425
19.4.2025,4:10:7.576,21.627,48.000
19.4.2025,4:10:8.579,21.150,48.217
19.4.2025,4:10:9.585,19.762,48.839
19.4.2025,4:10:10.584,19.619,50.142
19.4.2025,4:10:11.589,19.512,47.203
19.4.2025,4:10:12.590,24.505,33.652
19.4.2025,4:10:13.609,21.984,46.224
19.4.2025,4:10:14.611,20.602,47.675
19.4.2025,4:10:15.628,20.328,47.773
19.4.2025,4:10:16.643,19.946,48.440
19.4.2025,4:10:17.663,19.626,49.041
19.4.2025,4:10:18.665,18.919,56.398
19.4.2025,4:10:19.664,20.652,37.316
19.4.2025,4:10:20.666,21.120,41.254
19.4.2025,4:10:21.672,20.782,47.688
19.4.2025,4:10:22.670,20.569,48.777
19.4.2025,4:10:23.675,19.598,49.855
19.4.2025,4:10:24.690,19.047,53.263
19.4.2025,4:10:25.705,19.604,41.790
19.4.2025,4:10:26.723,21.009,37.110
19.4.2025,4:10:27.738,21.333,46.369
19.4.2025,4:10:28.757,21.119,48.120
19.4.2025,4:10:29.773,20.475,47.628
19.4.2025,4:10:30.764,19.748,48.803
19.4.2025,4:10:31.766,20.866,49.931
19.4.2025,4:10:32.770,19.245,49.943
19.4.2025,4:10:33.768,20.985,32.319
19.4.2025,4:10:34.770,21.484,45.974
19.4.2025,4:10:35.771,20.800,47.001
19.4.2025,4:10:36.788,20.628,48.034
19.4.2025,4:10:37.805,19.539,48.571
19.4.2025,4:10:38.804,18.637,49.747
19.4.2025,4:10:39.806,18.917,53.785
19.4.2025,4:10:40.820,21.338,37.164
19.4.2025,4:10:41.819,21.145,41.164
19.4.2025,4:10:42.834,21.224,47.903
19.4.2025,4:10:43.836,20.638,48.107
19.4.2025,4:10:44.825,19.411,49.983
19.4.2025,4:10:45.844,18.594,53.094
19.4.2025,4:10:46.846,19.130,39.466
19.4.2025,4:10:47.846,20.760,38.666
19.4.2025,4:10:48.850,21.302,46.167
19.4.2025,4:10:49.840,21.383,47.938
19.4.2025,4:10:50.858,20.507,48.231
19.4.2025,4:10:51.859,18.792,48.961
19.4.2025,4:10:52.875,20.084,51.673
19.4.2025,4:10:53.892,19.454,45.603
19.4.2025,4:10:54.894,21.317,32.616
19.4.2025,4:10:55.894,21.368,48.087
19.4.2025,4:10:56.897,21.307,48.266
19.4.2025,4:10:57.912,20.494,49.163
19.4.2025,4:10:58.928,18.683,51.619
19.4.2025,4:10:59.932,19.463,42.113
19.4.2025,4:11:0.920,20.069,35.358
19.4.2025,4:11:1.923,21.137,45.817
19.4.2025,4:11:2.925,21.279,47.171
19.4.2025,4:11:3.942,20.620,47.718
19.4.2025,4:11:4.960,20.472,48.447
19.4.2025,4:11:5.958,19.410,49.881
19.4.2025,4:11:6.972,20.252,55.652
19.4.2025,4:11:7.989,19.410,39.608
19.4.2025,4:11:9.007,21.165,38.860
19.4.2025,4:11:10.010,20.993,46.245
19.4.2025,4:11:11.014,20.967,48.380
19.4.2025,4:11:12.014,20.671,48.474
19.4.2025,4:11:13.016,19.639,52.414
19.4.2025,4:11:14.019,18.426,38.325
19.4.2025,4:11:15.019,19.717,39.587
19.4.2025,4:11:16.019,21.203,46.150
19.4.2025,4:11:17.018,21.232,48.449
19.4.2025,4:11:18.036,21.078,47.604
19.4.2025,4:11:19.053,20.450,48.914
19.4.2025,4:11:20.051,19.653,49.896
19.4.2025,4:11:21.069,19.201,51.757
19.4.2025,4:11:22.073,20.139,32.262
19.4.2025,4:11:23.059,21.823,45.655
19.4.2025,4:11:24.063,21.266,46.495
19.4.2025,4:11:25.066,21.085,47.699
19.4.2025,4:11:26.069,19.991,48.690
19.4.2025,4:11:27.082,19.818,49.941
19.4.2025,4:11:28.085,19.427,35.171
19.4.2025,4:11:29.101,20.143,44.091
19.4.2025,4:11:30.115,21.021,46.495
19.4.2025,4:11:31.114,21.158,47.813
19.4.2025,4:11:32.116,20.611,48.805
19.4.2025,4:11:33.119,19.316,49.271
19.4.2025,4:11:34.113,19.438,50.841
19.4.2025,4:11:35.122,19.516,45.158
19.4.2025,4:11:36.137,19.975,33.291
19.4.2025,4:11:37.140,21.453,45.687
19.4.2025,4:11:38.157,21.382,46.593
19.4.2025,4:11:39.174,20.970,47.875
19.4.2025,4:11:40.177,19.152,48.473
19.4.2025,4:11:41.176,18.893,49.554
19.4.2025,4:11:42.174,19.457,54.142
19.4.2025,4:11:43.174,20.910,38.427
19.4.2025,4:11:44.189,21.176,40.226
19.4.2025,4:11:45.206,21.443,46.054
19.4.2025,4:11:46.210,21.638,48.415
19.4.2025,4:11:47.211,22.468,49.788
19.4.2025,4:11:48.217,19.416,55.044
19.4.2025,4:11:49.229,18.648,38.426
19.4.2025,4:11:50.220,20.193,38.267
19.4.2025,4:11:51.224,21.220,46.167
19.4.2025,4:11:52.238,20.896,48.448
19.4.2025,4:11:53.256,20.588,47.769
19.4.2025,4:11:54.257,18.815,49.182
19.4.2025,4:11:55.275,19.215,49.863
19.4.2025,4:11:56.274,19.024,51.055
19.4.2025,4:11:57.272,21.428,34.595
19.4.2025,4:11:58.277,21.005,45.265
19.4.2025,4:11:59.295,21.097,46.658
19.4.2025,4:12:0.294,20.095,48.057
19.4.2025,4:12:1.297,20.157,49.581
19.4.2025,4:12:2.296,19.236,54.300
19.4.2025,4:12:3.300,19.469,33.415
19.4.2025,4:12:4.305,20.856,44.353
19.4.2025,4:12:5.300,20.927,46.483
19.4.2025,4:12:6.301,20.711,47.994
19.4.2025,4:12:7.300,20.983,49.097
19.4.2025,4:12:8.300,19.595,49.672
19.4.2025,4:12:9.304,19.105,52.636
19.4.2025,4:12:10.304,19.366,42.044
19.4.2025,4:12:11.323,21.247,37.184
19.4.2025,4:12:12.321,21.384,46.410
19.4.2025,4:12:13.338,20.605,48.507
19.4.2025,4:12:14.348,20.491,47.667
19.4.2025,4:12:15.356,19.512,48.552
19.4.2025,4:12:16.384,19.724,49.750
19.4.2025,4:12:17.386,19.451,52.415
19.4.2025,4:12:18.372,20.666,37.447
19.4.2025,4:12:19.388,20.798,42.088
19.4.2025,4:12:20.407,21.524,46.065
19.4.2025,4:12:21.423,20.927,47.661
19.4.2025,4:12:22.425,19.969,49.299
19.4.2025,4:12:23.424,19.529,56.731
19.4.2025,4:12:24.427,19.804,35.492
19.4.2025,4:12:25.425,22.413,41.611
19.4.2025,4:12:26.433,21.420,46.646
19.4.2025,4:12:27.430,20.838,47.742
19.4.2025,4:12:28.421,21.675,47.994
19.4.2025,4:12:29.422,19.345,49.333
19.4.2025,4:12:30.425,19.367,50.649
19.4.2025,4:12:31.429,18.985,45.982
19.4.2025,4:12:32.419,20.778,33.277
19.4.2025,4:12:33.419,20.802,45.430
19.4.2025,4:12:34.422,23.033,47.027
19.4.2025,4:12:35.438,23.063,48.303
19.4.2025,4:12:36.453,19.678,53.250
19.4.2025,4:12:37.467,19.532,39.536
19.4.2025,4:12:38.472,20.362,38.577
19.4.2025,4:12:39.472,21.240,46.350
19.4.2025,4:12:40.475,21.580,48.334
19.4.2025,4:12:41.493,20.821,47.648
19.4.2025,4:12:42.483,19.817,48.706
19.4.2025,4:12:43.497,19.338,49.878
19.4.2025,4:12:44.515,19.123,50.076
19.4.2025,4:12:45.514,20.190,34.263
19.4.2025,4:12:46.518,21.000,45.557
19.4.2025,4:12:47.522,20.799,46.332
19.4.2025,4:12:48.515,20.733,47.646
19.4.2025,4:12:49.514,19.815,49.445
19.4.2025,4:12:50.516,19.077,56.116
19.4.2025,4:12:51.517,19.428,37.492
19.4.2025,4:12:52.516,21.016,43.488
19.4.2025,4:12:53.534,20.701,46.568
19.4.2025,4:12:54.552,21.499,47.641
19.4.2025,4:12:55.554,20.619,48.441
19.4.2025,4:12:56.558,19.802,49.371
19.4.2025,4:12:57.558,19.758,50.918
19.4.2025,4:12:58.545,19.726,43.036
19.4.2025,4:12:59.545,21.343,37.130
19.4.2025,4:13:0.564,20.900,47.472
19.4.2025,4:13:1.567,21.165,48.613
19.4.2025,4:13:2.570,18.847,49.225
19.4.2025,4:13:3.583,19.781,50.606
19.4.2025,4:13:4.583,18.923,48.451
19.4.2025,4:13:5.598,19.310,32.486
19.4.2025,4:13:6.601,21.150,45.489
19.4.2025,4:13:7.591,20.646,47.140
19.4.2025,4:13:8.592,21.505,47.701
19.4.2025,4:13:9.590,19.344,48.779
19.4.2025,4:13:10.595,19.635,49.335
19.4.2025,4:13:11.597,19.717,54.485
19.4.2025,4:13:12.599,20.574,38.445
19.4.2025,4:13:13.599,20.918,41.152
19.4.2025,4:13:14.598,21.508,46.122
19.4.2025,4:13:15.612,21.026,47.982
19.4.2025,4:13:16.612,19.637,48.513
19.4.2025,4:13:17.611,19.484,49.181
19.4.2025,4:13:18.627,19.319,50.781
19.4.2025,4:13:19.642,20.007,46.529
19.4.2025,4:13:20.645,22.777,46.086
19.4.2025,4:13:21.647,22.752,47.559
19.4.2025,4:13:22.646,20.996,48.770
19.4.2025,4:13:23.666,20.263,49.487
19.4.2025,4:13:24.665,19.446,52.381
19.4.2025,4:13:25.678,19.804,44.711
19.4.2025,4:13:26.678,19.625,35.583
19.4.2025,4:13:27.682,21.216,46.002
19.4.2025,4:13:28.697,21.190,48.062
19.4.2025,4:13:29.698,20.757,47.956
19.4.2025,4:13:30.686,19.433,48.697
19.4.2025,4:13:31.701,19.295,49.766
19.4.2025,4:13:32.721,19.591,51.938
19.4.2025,4:13:33.721,20.342,33.750
19.4.2025,4:13:34.722,21.270,45.679
19.4.2025,4:13:35.725,20.985,46.558
19.4.2025,4:13:36.727,20.990,47.379
19.4.2025,4:13:37.730,19.921,48.512
19.4.2025,4:13:38.731,18.845,51.475
19.4.2025,4:13:39.747,19.174,34.697
19.4.2025,4:13:40.762,20.816,43.734
19.4.2025,4:13:41.778,21.055,46.697
19.4.2025,4:13:42.781,21.372,48.002
19.4.2025,4:13:43.797,20.277,48.077
19.4.2025,4:13:44.797,19.524,49.404
19.4.2025,4:13:45.801,19.827,51.758
19.4.2025,4:13:46.800,19.855,42.664
19.4.2025,4:13:47.803,20.378,36.886
19.4.2025,4:13:48.804,21.134,46.222
19.4.2025,4:13:49.809,21.387,47.681
19.4.2025,4:13:50.808,19.886,47.571
19.4.2025,4:13:51.826,19.892,48.486
19.4.2025,4:13:52.832,19.357,45.399
19.4.2025,4:13:53.834,19.611,35.163
19.4.2025,4:13:54.851,20.917,46.260
19.4.2025,4:13:55.850,21.054,47.560
19.4.2025,4:13:56.851,21.503,47.807
19.4.2025,4:13:57.851,20.139,48.344
19.4.2025,4:13:58.866,19.719,49.415
19.4.2025,4:13:59.867,18.980,54.771
19.4.2025,4:14:0.882,19.263,35.939
19.4.2025,4:14:1.896,21.039,45.048
19.4.2025,4:14:2.897,20.605,46.576
19.4.2025,4:14:3.914,20.846,47.991
19.4.2025,4:14:4.904,20.106,48.486
19.4.2025,4:14:5.922,19.778,52.026
19.4.2025,4:14:6.925,19.283,35.725
19.4.2025,4:14:7.926,19.204,43.399
19.4.2025,4:14:8.926,21.416,46.499
19.4.2025,4:14:9.924,20.700,47.523
19.4.2025,4:14:10.929,20.903,48.784
19.4.2025,4:14:11.930,20.332,49.570
19.4.2025,4:14:12.931,20.001,51.510
19.4.2025,4:14:13.933,19.061,41.564
19.4.2025,4:14:14.920,20.207,38.251
19.4.2025,4:14:15.921,20.482,46.493
19.4.2025,4:14:16.939,20.945,48.279
19.4.2025,4:14:17.939,21.107,47.880
19.4.2025,4:14:18.940,19.732,48.768
19.4.2025,4:14:19.945,19.537,49.585
19.4.2025,4:14:20.946,18.926,34.023
19.4.2025,4:14:21.959,20.533,46.146
19.4.2025,4:14:22.960,21.169,45.582
19.4.2025,4:14:23.977,20.878,47.689
19.4.2025,4:14:24.975,21.394,48.431
19.4.2025,4:14:25.979,19.643,49.338
19.4.2025,4:14:26.983,19.946,55.166
19.4.2025,4:14:28.000,19.008,36.555
19.4.2025,4:14:29.002,20.426,40.362
19.4.2025,4:14:30.019,21.274,46.113
19.4.2025,4:14:31.038,21.154,47.888
19.4.2025,4:14:32.042,21.286,47.512
19.4.2025,4:14:33.041,19.286,48.650
19.4.2025,4:14:34.028,19.143,50.422
19.4.2025,4:14:35.030,19.450,49.655
19.4.2025,4:14:36.032,24.855,44.501
19.4.2025,4:14:37.045,29.672,40.319
19.4.2025,4:14:38.048,29.533,37.800
19.4.2025,4:14:39.046,29.799,55.099
19.4.2025,4:14:40.046,29.564,52.872
19.4.2025,4:14:41.064,24.300,35.276
19.4.2025,4:14:42.074,20.620,46.338
19.4.2025,4:14:43.074,21.147,47.691
19.4.2025,4:14:44.074,21.165,47.927
19.4.2025,4:14:45.076,20.507,48.335
19.4.2025,4:14:46.091,19.670,49.446
19.4.2025,4:14:47.093,18.747,56.619
19.4.2025,4:14:48.095,18.652,36.265
19.4.2025,4:14:49.096,20.976,42.949
19.4.2025,4:14:50.099,21.511,46.534
19.4.2025,4:14:51.099,21.733,47.968
19.4.2025,4:14:52.105,20.419,48.403
19.4.2025,4:14:53.106,19.730,49.381
19.4.2025,4:14:54.114,18.982,38.114
19.4.2025,4:14:55.123,22.743,40.974
19.4.2025,4:14:56.137,21.129,46.222
19.4.2025,4:14:57.143,21.390,47.734
19.4.2025,4:14:58.161,20.988,48.662
19.4.2025,4:14:59.175,19.549,49.386
19.4.2025,4:15:0.190,19.581,54.826
19.4.2025,4:15:1.205,20.487,38.072
19.4.2025,4:15:2.221,20.302,41.894
19.4.2025,4:15:3.235,21.283,46.314
19.4.2025,4:15:4.252,21.433,47.978
19.4.2025,4:15:5.269,20.741,48.392
19.4.2025,4:15:6.268,19.318,48.983
19.4.2025,4:15:7.271,19.423,50.179
19.4.2025,4:15:8.273,18.630,50.034
19.4.2025,4:15:9.277,20.379,34.366
19.4.2025,4:15:10.263,21.472,48.222
19.4.2025,4:15:11.267,21.300,47.911
19.4.2025,4:15:12.287,21.214,48.725
19.4.2025,4:15:13.285,19.479,49.630
19.4.2025,4:15:14.287,19.378,49.656
19.4.2025,4:15:15.293,20.165,31.456
19.4.2025,4:15:16.280,20.670,45.699
19.4.2025,4:15:17.281,20.994,46.577
19.4.2025,4:15:18.299,21.355,47.602
19.4.2025,4:15:19.304,20.564,48.573
19.4.2025,4:15:20.307,19.814,49.529
19.4.2025,4:15:21.294,18.923,32.260
19.4.2025,4:15:22.311,20.140,45.388
19.4.2025,4:15:23.312,20.945,46.375
19.4.2025,4:15:24.316,21.054,47.582
19.4.2025,4:15:25.318,21.919,48.491
19.4.2025,4:15:26.322,19.505,49.552
19.4.2025,4:15:27.319,19.602,52.387
19.4.2025,4:15:28.320,19.279,42.164
19.4.2025,4:15:29.319,19.891,35.560
19.4.2025,4:15:30.322,21.218,46.289
19.4.2025,4:15:31.328,21.539,47.842
19.4.2025,4:15:32.328,21.598,47.849
19.4.2025,4:15:33.342,19.893,48.674
19.4.2025,4:15:34.356,19.889,49.589
19.4.2025,4:15:35.356,19.251,55.243
19.4.2025,4:15:36.376,19.291,36.568
19.4.2025,4:15:37.396,21.070,46.408
19.4.2025,4:15:38.399,21.227,47.973
19.4.2025,4:15:39.388,21.083,48.606
19.4.2025,4:15:40.390,20.890,49.568
19.4.2025,4:15:41.394,19.052,52.370
19.4.2025,4:15:42.412,19.757,40.910
19.4.2025,4:15:43.415,19.859,37.467
19.4.2025,4:15:44.416,21.083,46.116
19.4.2025,4:15:45.404,20.976,47.935
19.4.2025,4:15:46.405,21.859,47.713
19.4.2025,4:15:47.408,19.935,48.575
19.4.2025,4:15:48.412,19.120,49.508
19.4.2025,4:15:49.412,19.530,56.730
19.4.2025,4:15:50.429,20.072,36.932
19.4.2025,4:15:51.427,21.047,42.546
19.4.2025,4:15:52.433,21.463,47.810
19.4.2025,4:15:53.421,21.317,48.816
19.4.2025,4:15:54.420,20.091,49.485
19.4.2025,4:15:55.423,20.014,53.519
19.4.2025,4:15:56.425,19.411,38.717
19.4.2025,4:15:57.424,19.638,40.283
19.4.2025,4:15:58.426,21.108,46.299
19.4.2025,4:15:59.422,21.043,48.060
19.4.2025,4:16:0.424,21.614,47.650
19.4.2025,4:16:1.425,20.120,48.736
19.4.2025,4:16:2.424,18.553,49.578
19.4.2025,4:16:3.424,19.980,51.203
19.4.2025,4:16:4.425,19.322,32.519
19.4.2025,4:16:5.438,21.259,45.627
19.4.2025,4:16:6.438,20.381,46.601
19.4.2025,4:16:7.454,20.753,47.831
19.4.2025,4:16:8.472,20.591,48.896
19.4.2025,4:16:9.474,19.240,49.352
19.4.2025,4:16:10.474,19.174,37.508
19.4.2025,4:16:11.466,19.496,41.437
19.4.2025,4:16:12.467,21.289,46.513
19.4.2025,4:16:13.473,21.337,47.711
19.4.2025,4:16:14.476,20.948,48.341
19.4.2025,4:16:15.491,19.776,48.857
19.4.2025,4:16:16.490,19.836,50.992
19.4.2025,4:16:17.508,19.348,47.103
19.4.2025,4:16:18.525,20.025,34.034
19.4.2025,4:16:19.539,21.314,45.480
19.4.2025,4:16:20.543,20.526,47.017
19.4.2025,4:16:21.548,20.991,47.977
19.4.2025,4:16:22.550,19.602,48.694
19.4.2025,4:16:23.554,19.192,49.116
19.4.2025,4:16:24.554,19.032,54.680
19.4.2025,4:16:25.557,20.802,45.676
19.4.2025,4:16:26.559,21.333,47.710
19.4.2025,4:16:27.560,21.047,48.136
19.4.2025,4:16:28.559,20.955,48.609
19.4.2025,4:16:29.574,22.046,49.053
19.4.2025,4:16:30.593,19.338,54.168
19.4.2025,4:16:31.605,19.138,35.179
19.4.2025,4:16:32.622,21.022,43.927
19.4.2025,4:16:33.636,21.090,46.496
19.4.2025,4:16:34.667,20.732,47.808
19.4.2025,4:16:35.668,21.218,48.448
19.4.2025,4:16:36.669,19.563,49.131
19.4.2025,4:16:37.668,19.276,52.571
19.4.2025,4:16:38.670,19.117,41.969
19.4.2025,4:16:39.669,21.124,35.522
19.4.2025,4:16:40.669,21.200,46.308
19.4.2025,4:16:41.671,20.503,48.040
19.4.2025,4:16:42.673,20.614,47.822
19.4.2025,4:16:43.677,19.523,48.550
19.4.2025,4:16:44.678,19.181,45.678
19.4.2025,4:16:45.678,19.370,33.569
19.4.2025,4:16:46.682,20.609,45.525
19.4.2025,4:16:47.669,20.540,47.325
19.4.2025,4:16:48.669,21.336,47.492
19.4.2025,4:16:49.673,20.364,48.586
19.4.2025,4:16:50.676,19.443,49.397
19.4.2025,4:16:51.676,19.543,54.537
19.4.2025,4:16:52.674,19.445,39.336
19.4.2025,4:16:53.676,21.006,38.210
19.4.2025,4:16:54.679,21.081,46.183
19.4.2025,4:16:55.682,21.541,48.199
19.4.2025,4:16:56.671,20.413,48.199
19.4.2025,4:16:57.673,19.598,48.209
19.4.2025,4:16:58.674,18.979,48.930
19.4.2025,4:16:59.677,19.604,49.916
19.4.2025,4:17:0.694,21.092,46.036
19.4.2025,4:17:1.692,21.458,47.649
19.4.2025,4:17:2.693,21.770,47.649
19.4.2025,4:17:3.696,19.641,47.784
19.4.2025,4:17:4.682,19.681,48.800
19.4.2025,4:17:5.684,19.536,49.781
19.4.2025,4:17:6.687,19.478,50.855
19.4.2025,4:17:7.691,20.907,34.168
19.4.2025,4:17:8.705,21.086,44.717
19.4.2025,4:17:9.706,20.808,46.630
19.4.2025,4:17:10.724,20.231,47.546
19.4.2025,4:17:11.736,19.372,48.442
19.4.2025,4:17:12.737,18.890,50.055
19.4.2025,4:17:13.738,19.767,54.439
19.4.2025,4:17:14.756,21.392,46.166
19.4.2025,4:17:15.758,20.939,47.879
19.4.2025,4:17:16.775,21.412,49.020
19.4.2025,4:17:17.775,19.481,49.246
19.4.2025,4:17:18.763,19.114,49.246
19.4.2025,4:17:19.764,19.493,50.859
19.4.2025,4:17:20.767,20.100,44.747
19.4.2025,4:17:21.771,21.553,35.114
19.4.2025,4:17:22.773,21.411,45.799
19.4.2025,4:17:23.776,21.726,47.166
19.4.2025,4:17:24.790,20.381,50.983
19.4.2025,4:17:25.791,18.855,48.243
19.4.2025,4:17:26.791,19.323,48.243
19.4.2025,4:17:27.805,20.605,45.867
19.4.2025,4:17:28.809,20.912,46.822
19.4.2025,4:17:29.809,20.808,47.635
19.4.2025,4:17:30.810,21.044,48.684
19.4.2025,4:17:31.814,19.616,49.760
19.4.2025,4:17:32.832,19.342,53.896
19.4.2025,4:17:33.848,19.327,40.920
19.4.2025,4:17:34.851,21.310,38.396
19.4.2025,4:17:35.839,20.418,47.515
19.4.2025,4:17:36.853,21.771,48.699
19.4.2025,4:17:37.856,21.147,49.707
19.4.2025,4:17:38.858,19.320,52.469
19.4.2025,4:17:39.861,18.799,42.510
19.4.2025,4:17:40.878,19.343,34.979
19.4.2025,4:17:41.880,20.154,45.894
19.4.2025,4:17:42.896,21.471,47.255
19.4.2025,4:17:43.912,20.983,47.583
19.4.2025,4:17:44.927,23.039,48.614
19.4.2025,4:17:45.930,20.256,50.510
19.4.2025,4:17:46.944,19.352,47.631
19.4.2025,4:17:47.947,19.483,33.081
19.4.2025,4:17:48.939,20.913,45.819
19.4.2025,4:17:49.956,20.905,46.845
19.4.2025,4:17:50.960,20.866,47.719
19.4.2025,4:17:51.979,19.915,49.192
19.4.2025,4:17:52.978,19.592,49.677
19.4.2025,4:17:53.965,18.970,34.122
19.4.2025,4:17:54.965,20.233,44.626
19.4.2025,4:17:55.978,20.672,46.629
19.4.2025,4:17:56.979,21.055,47.915
19.4.2025,4:17:57.977,21.205,48.167
19.4.2025,4:17:58.978,20.132,49.816
19.4.2025,4:17:59.994,19.622,50.636
19.4.2025,4:18:0.981,19.672,47.078
19.4.2025,4:18:1.981,19.861,47.078
19.4.2025,4:18:2.981,20.880,33.530
19.4.2025,4:18:3.982,24.411,45.804
19.4.2025,4:18:4.984,20.974,47.744
19.4.2025,4:18:5.987,19.873,47.581
19.4.2025,4:18:6.991,19.310,48.255
19.4.2025,4:18:7.994,19.242,49.311
19.4.2025,4:18:9.008,20.011,38.645
19.4.2025,4:18:10.010,21.402,46.871
19.4.2025,4:18:11.025,20.763,47.719
19.4.2025,4:18:12.025,21.281,47.719
19.4.2025,4:18:13.013,19.540,48.247
19.4.2025,4:18:14.016,18.901,49.729
19.4.2025,4:18:15.017,18.674,53.241
19.4.2025,4:18:16.021,20.657,39.887
19.4.2025,4:18:17.037,20.856,38.707
19.4.2025,4:18:18.050,21.102,46.119
19.4.2025,4:18:19.052,20.897,48.348
19.4.2025,4:18:20.054,19.966,47.259
19.4.2025,4:18:21.053,19.501,48.870
19.4.2025,4:18:22.055,19.274,49.573
19.4.2025,4:18:23.055,20.256,51.001
19.4.2025,4:18:24.044,20.989,33.496
19.4.2025,4:18:25.048,21.362,44.404
19.4.2025,4:18:26.063,21.240,46.451
19.4.2025,4:18:27.080,19.985,48.271
19.4.2025,4:18:28.102,19.699,49.442
19.4.2025,4:18:29.104,19.650,55.468
19.4.2025,4:18:30.108,20.186,37.483
19.4.2025,4:18:31.122,20.863,41.104
19.4.2025,4:18:32.140,21.536,48.168
19.4.2025,4:18:33.142,20.920,48.382
19.4.2025,4:18:34.156,19.709,49.400
19.4.2025,4:18:35.157,19.551,51.531
19.4.2025,4:18:36.160,19.140,44.114
19.4.2025,4:18:37.162,21.395,35.758
19.4.2025,4:18:38.163,21.049,35.758
19.4.2025,4:18:39.161,21.434,46.342
19.4.2025,4:18:40.162,21.235,48.375
19.4.2025,4:18:41.160,20.197,48.104
19.4.2025,4:18:42.161,19.417,48.529
19.4.2025,4:18:43.160,20.435,49.575
19.4.2025,4:18:44.176,20.374,53.866
19.4.2025,4:18:45.178,21.247,33.488
19.4.2025,4:18:46.182,21.331,47.686
19.4.2025,4:18:47.182,21.105,47.688
19.4.2025,4:18:48.188,19.379,48.448
19.4.2025,4:18:49.187,19.797,49.703
19.4.2025,4:18:50.200,19.477,53.139
19.4.2025,4:18:51.214,20.480,35.844
19.4.2025,4:18:52.219,20.877,43.925
19.4.2025,4:18:53.222,21.448,46.550
19.4.2025,4:18:54.236,20.916,47.625
19.4.2025,4:18:55.236,20.383,48.465
19.4.2025,4:18:56.252,19.690,49.474
19.4.2025,4:18:57.253,19.026,51.342
19.4.2025,4:18:58.267,20.287,46.239
19.4.2025,4:18:59.266,23.313,35.182
19.4.2025,4:19:0.270,24.893,46.734
19.4.2025,4:19:1.288,21.428,48.271
19.4.2025,4:19:2.289,19.599,47.921
19.4.2025,4:19:3.307,19.909,49.201
19.4.2025,4:19:4.307,19.273,37.655
19.4.2025,4:19:5.310,20.951,46.443
19.4.2025,4:19:6.309,21.006,46.203
19.4.2025,4:19:7.329,21.043,47.808
19.4.2025,4:19:8.346,21.018,48.243
19.4.2025,4:19:9.350,18.951,48.863
19.4.2025,4:19:10.352,19.067,49.903
19.4.2025,4:19:11.341,20.032,49.070
19.4.2025,4:19:12.344,21.323,31.293
19.4.2025,4:19:13.340,21.763,46.142
19.4.2025,4:19:14.343,21.003,46.923
19.4.2025,4:19:15.344,20.044,48.084
19.4.2025,4:19:16.358,18.684,48.476
19.4.2025,4:19:17.363,19.731,49.542
19.4.2025,4:19:18.365,20.622,33.514
19.4.2025,4:19:19.384,20.910,46.124
19.4.2025,4:19:20.371,21.775,46.794
19.4.2025,4:19:21.401,21.065,47.824
19.4.2025,4:19:22.400,20.164,48.139
19.4.2025,4:19:23.401,18.568,49.961
19.4.2025,4:19:24.404,19.010,54.361
19.4.2025,4:19:25.419,20.970,39.807
19.4.2025,4:19:26.434,21.228,39.308
19.4.2025,4:19:27.436,21.194,46.215
19.4.2025,4:19:28.433,20.967,47.919
19.4.2025,4:19:29.438,19.474,48.068
19.4.2025,4:19:30.451,19.673,48.800
19.4.2025,4:19:31.469,19.649,50.352
19.4.2025,4:19:32.467,20.040,49.179
19.4.2025,4:19:33.470,20.931,31.511
19.4.2025,4:19:34.473,21.224,45.642
19.4.2025,4:19:35.479,21.570,48.196
19.4.2025,4:19:36.483,19.297,49.096
19.4.2025,4:19:37.502,18.939,49.831
19.4.2025,4:19:38.503,21.491,50.201
19.4.2025,4:19:39.507,20.926,33.086
19.4.2025,4:19:40.510,21.201,46.045
19.4.2025,4:19:41.497,21.034,47.614
19.4.2025,4:19:42.515,20.077,48.146
19.4.2025,4:19:43.517,18.874,48.518
19.4.2025,4:19:44.520,19.213,49.743
19.4.2025,4:19:45.521,21.123,53.985
19.4.2025,4:19:46.523,21.516,45.837
19.4.2025,4:19:47.527,21.145,47.645
19.4.2025,4:19:48.549,20.880,47.982
19.4.2025,4:19:49.551,19.459,48.400
19.4.2025,4:19:50.569,19.419,54.763
19.4.2025,4:19:51.570,19.515,54.763
19.4.2025,4:19:52.575,21.059,34.642
19.4.2025,4:19:53.588,20.947,44.226
19.4.2025,4:19:54.589,20.956,46.424
19.4.2025,4:19:55.604,21.641,47.889
19.4.2025,4:19:56.605,19.248,48.099
19.4.2025,4:19:57.608,19.578,49.713
19.4.2025,4:19:58.611,19.613,52.183
19.4.2025,4:19:59.625,20.979,40.731
19.4.2025,4:20:0.641,21.190,46.203
19.4.2025,4:20:1.644,21.257,48.189
19.4.2025,4:20:2.646,20.496,49.690
19.4.2025,4:20:3.648,19.694,52.553
19.4.2025,4:20:4.640,19.456,52.553
19.4.2025,4:20:5.641,19.971,41.975
19.4.2025,4:20:6.642,21.643,36.710
19.4.2025,4:20:7.643,20.900,46.349
19.4.2025,4:20:8.646,21.294,47.954
19.4.2025,4:20:9.646,19.977,47.350
19.4.2025,4:20:10.646,19.222,48.504
19.4.2025,4:20:11.647,19.694,49.290
19.4.2025,4:20:12.649,20.217,52.487
19.4.2025,4:20:13.666,21.322,33.149
19.4.2025,4:20:14.682,21.416,47.664
19.4.2025,4:20:15.683,20.938,47.664
19.4.2025,4:20:16.668,19.753,48.181
19.4.2025,4:20:17.670,19.527,49.419
19.4.2025,4:20:18.671,18.870,54.969
19.4.2025,4:20:19.672,24.819,37.691
19.4.2025,4:20:20.676,29.358,55.708
19.4.2025,4:20:21.693,29.525,52.847
19.4.2025,4:20:22.706,29.681,50.119
19.4.2025,4:20:23.721,29.680,44.384
19.4.2025,4:20:24.722,24.568,40.680
19.4.2025,4:20:25.725,20.413,39.887
19.4.2025,4:20:26.722,21.998,38.187
19.4.2025,4:20:27.722,21.764,46.239
19.4.2025,4:20:28.728,20.854,48.087
19.4.2025,4:20:29.717,19.541,47.767
19.4.2025,4:20:30.721,19.845,48.728
19.4.2025,4:20:31.726,19.591,49.149
19.4.2025,4:20:32.729,20.718,52.767
19.4.2025,4:20:33.727,20.944,45.988
19.4.2025,4:20:34.730,20.697,47.675
19.4.2025,4:20:35.735,20.501,47.892
19.4.2025,4:20:36.739,20.265,48.350
19.4.2025,4:20:37.757,18.900,49.356
19.4.2025,4:20:38.773,19.622,53.942
19.4.2025,4:20:39.774,20.908,38.591
19.4.2025,4:20:40.775,21.043,41.429
19.4.2025,4:20:41.792,21.309,46.085
19.4.2025,4:20:42.805,20.309,47.884
19.4.2025,4:20:43.808,19.851,48.824
19.4.2025,4:20:44.824,18.791,49.615
19.4.2025,4:20:45.828,20.160,51.644
19.4.2025,4:20:46.830,21.315,42.261
19.4.2025,4:20:47.835,21.090,46.655
19.4.2025,4:20:48.851,21.079,47.774
19.4.2025,4:20:49.848,20.352,48.200
19.4.2025,4:20:50.865,19.714,49.045
19.4.2025,4:20:51.880,18.890,44.566
19.4.2025,4:20:52.898,20.737,34.365
19.4.2025,4:20:53.899,20.738,46.044
19.4.2025,4:20:54.902,20.836,47.885
19.4.2025,4:20:55.903,21.076,47.997
19.4.2025,4:20:56.907,19.424,48.404
19.4.2025,4:20:57.924,19.158,49.396
19.4.2025,4:20:58.927,18.944,33.649
19.4.2025,4:20:59.930,20.546,46.314
19.4.2025,4:21:0.934,21.428,47.697
19.4.2025,4:21:1.951,20.638,48.231
19.4.2025,4:21:2.969,20.601,48.525
19.4.2025,4:21:3.971,20.210,49.274
19.4.2025,4:21:4.975,19.426,53.737
19.4.2025,4:21:5.978,18.948,36.718
19.4.2025,4:21:6.966,21.396,42.838
19.4.2025,4:21:7.965,21.175,46.464
19.4.2025,4:21:8.979,21.388,47.836
19.4.2025,4:21:9.980,21.093,48.129
19.4.2025,4:21:10.982,19.469,49.453
19.4.2025,4:21:11.996,19.215,52.580
19.4.2025,4:21:13.012,22.807,41.469
19.4.2025,4:21:14.014,21.131,35.725
19.4.2025,4:21:15.028,21.181,45.990
19.4.2025,4:21:16.044,21.127,48.001
19.4.2025,4:21:17.047,20.171,49.461
19.4.2025,4:21:18.048,19.577,50.747
19.4.2025,4:21:19.053,20.064,45.215
19.4.2025,4:21:20.056,20.465,34.664
19.4.2025,4:21:21.055,21.153,45.435
19.4.2025,4:21:22.045,21.221,47.425
19.4.2025,4:21:23.047,21.365,47.642
19.4.2025,4:21:24.062,19.981,48.843
19.4.2025,4:21:25.065,19.735,49.544
19.4.2025,4:21:26.079,18.558,51.601
19.4.2025,4:21:27.081,20.228,33.516
19.4.2025,4:21:28.098,21.033,45.600
19.4.2025,4:21:29.112,21.201,46.453
19.4.2025,4:21:30.113,20.818,47.752
19.4.2025,4:21:31.111,19.814,48.667
19.4.2025,4:21:32.115,19.644,49.865
19.4.2025,4:21:33.130,19.743,51.412
19.4.2025,4:21:34.136,19.856,42.922
19.4.2025,4:21:35.138,21.190,46.452
19.4.2025,4:21:36.157,21.646,47.688
19.4.2025,4:21:37.174,21.874,48.482
19.4.2025,4:21:38.189,19.989,48.961
19.4.2025,4:21:39.204,19.503,50.632
19.4.2025,4:21:40.223,19.432,45.978
19.4.2025,4:21:41.225,20.299,33.515
19.4.2025,4:21:42.230,21.363,46.441
19.4.2025,4:21:43.247,21.405,47.360
19.4.2025,4:21:44.259,20.537,47.887
19.4.2025,4:21:45.260,19.484,48.366
19.4.2025,4:21:46.260,19.008,49.198
19.4.2025,4:21:47.261,19.308,52.784
19.4.2025,4:21:48.278,20.383,35.230
19.4.2025,4:21:49.281,21.354,47.842
19.4.2025,4:21:50.283,20.981,47.492
19.4.2025,4:21:51.287,20.356,48.886
19.4.2025,4:21:52.290,18.956,49.774
19.4.2025,4:21:53.279,19.330,54.620
19.4.2025,4:21:54.281,18.957,37.528
19.4.2025,4:21:55.300,20.880,40.842
19.4.2025,4:21:56.303,21.229,45.863
19.4.2025,4:21:57.304,21.387,48.130
19.4.2025,4:21:58.322,20.381,48.209
19.4.2025,4:21:59.336,19.434,49.282
19.4.2025,4:22:0.352,19.973,50.438
19.4.2025,4:22:1.342,19.170,38.946
19.4.2025,4:22:2.343,21.093,46.248
19.4.2025,4:22:3.345,21.167,48.063
19.4.2025,4:22:4.348,21.476,48.092
19.4.2025,4:22:5.349,20.301,48.987
19.4.2025,4:22:6.350,20.502,50.147
19.4.2025,4:22:7.353,19.403,51.278
19.4.2025,4:22:8.356,19.567,35.279
19.4.2025,4:22:9.385,21.359,45.615
19.4.2025,4:22:10.385,20.948,46.457
19.4.2025,4:22:11.387,20.783,47.900
19.4.2025,4:22:12.391,19.942,48.368
19.4.2025,4:22:13.389,20.064,49.122
19.4.2025,4:22:14.390,19.347,54.692
19.4.2025,4:22:15.392,20.045,40.163
19.4.2025,4:22:16.397,21.315,40.110
19.4.2025,4:22:17.402,21.045,46.072
19.4.2025,4:22:18.388,21.071,47.895
19.4.2025,4:22:19.391,19.413,49.454
19.4.2025,4:22:20.391,19.465,56.368
19.4.2025,4:22:21.391,19.272,37.279
19.4.2025,4:22:22.393,20.473,39.875
19.4.2025,4:22:23.395,21.169,46.176
19.4.2025,4:22:24.396,20.697,47.800
19.4.2025,4:22:25.399,21.050,48.068
19.4.2025,4:22:26.417,19.850,49.216
19.4.2025,4:22:27.419,19.263,50.148
19.4.2025,4:22:28.422,18.902,46.879
19.4.2025,4:22:29.422,20.752,33.935
19.4.2025,4:22:30.423,20.993,48.119
19.4.2025,4:22:31.423,21.105,46.523
19.4.2025,4:22:32.425,20.684,47.730
19.4.2025,4:22:33.428,19.913,49.583
19.4.2025,4:22:34.447,19.564,51.484
19.4.2025,4:22:35.447,19.077,33.176
19.4.2025,4:22:36.433,20.022,45.698
19.4.2025,4:22:37.450,21.462,47.356
19.4.2025,4:22:38.465,20.824,47.417
19.4.2025,4:22:39.481,20.333,48.251
19.4.2025,4:22:40.500,19.063,48.743
19.4.2025,4:22:41.504,19.423,54.656
19.4.2025,4:22:42.523,18.847,37.576
19.4.2025,4:22:43.526,20.920,41.674
19.4.2025,4:22:44.528,21.259,46.534
19.4.2025,4:22:45.531,20.968,48.528
19.4.2025,4:22:46.533,20.399,49.775
19.4.2025,4:22:47.551,22.055,54.383
19.4.2025,4:22:48.556,19.049,38.828
19.4.2025,4:22:49.547,19.540,40.137
19.4.2025,4:22:50.550,21.196,46.279
19.4.2025,4:22:51.549,21.500,47.954
19.4.2025,4:22:52.555,21.345,48.401
19.4.2025,4:22:53.543,19.666,49.379
19.4.2025,4:22:54.547,20.045,50.823
19.4.2025,4:22:55.561,19.080,45.016
19.4.2025,4:22:56.560,20.137,34.112
19.4.2025,4:22:57.562,21.402,45.804
19.4.2025,4:22:58.565,21.533,48.483
19.4.2025,4:22:59.566,20.613,48.984
19.4.2025,4:23:0.569,20.168,49.520
19.4.2025,4:23:1.572,19.146,49.540
19.4.2025,4:23:2.573,18.674,32.074
19.4.2025,4:23:3.576,20.296,45.411
19.4.2025,4:23:4.594,20.986,46.634
19.4.2025,4:23:5.593,20.890,47.649
19.4.2025,4:23:6.594,21.122,48.710
19.4.2025,4:23:7.596,19.969,49.778
19.4.2025,4:23:8.595,19.034,53.777
19.4.2025,4:23:9.596,18.962,37.642
19.4.2025,4:23:10.598,20.829,38.915
19.4.2025,4:23:11.599,21.369,46.188
19.4.2025,4:23:12.600,21.706,48.635
19.4.2025,4:23:13.604,20.964,49.654
19.4.2025,4:23:14.623,19.484,51.671
19.4.2025,4:23:15.639,19.129,43.031
19.4.2025,4:23:16.658,19.219,36.615
19.4.2025,4:23:17.674,20.869,46.217
19.4.2025,4:23:18.678,20.812,47.710
19.4.2025,4:23:19.681,21.143,47.664
19.4.2025,4:23:20.681,19.995,48.443
19.4.2025,4:23:21.681,19.122,49.317
19.4.2025,4:23:22.669,19.997,54.211
19.4.2025,4:23:23.668,19.190,37.148
19.4.2025,4:23:24.672,21.305,47.316
19.4.2025,4:23:25.672,21.142,47.586
19.4.2025,4:23:26.676,21.506,48.548
19.4.2025,4:23:27.675,19.864,49.083
19.4.2025,4:23:28.691,18.797,53.155
19.4.2025,4:23:29.691,19.536,38.421
19.4.2025,4:23:30.691,19.584,41.477
19.4.2025,4:23:31.707,20.955,46.303
19.4.2025,4:23:32.710,20.693,48.017
19.4.2025,4:23:33.712,21.620,48.012
19.4.2025,4:23:34.700,20.789,49.381
19.4.2025,4:23:35.718,18.981,50.442
19.4.2025,4:23:36.719,19.446,46.967
19.4.2025,4:23:37.724,19.853,33.129
19.4.2025,4:23:38.725,21.089,45.905
19.4.2025,4:23:39.727,21.089,48.472
19.4.2025,4:23:40.730,20.601,49.219
19.4.2025,4:23:41.733,19.323,50.919
19.4.2025,4:23:42.735,20.042,46.338
19.4.2025,4:23:43.736,19.479,31.390
19.4.2025,4:23:44.757,20.711,45.909
19.4.2025,4:23:45.773,20.849,46.717
19.4.2025,4:23:46.775,21.040,47.817
19.4.2025,4:23:47.774,21.157,48.616
19.4.2025,4:23:48.789,19.599,49.532
19.4.2025,4:23:49.776,19.441,54.588
19.4.2025,4:23:50.797,18.872,39.483
19.4.2025,4:23:51.799,20.850,38.155
19.4.2025,4:23:52.802,20.617,47.799
19.4.2025,4:23:53.803,21.162,48.620
19.4.2025,4:23:54.806,21.009,49.444
19.4.2025,4:23:55.807,19.863,50.575
19.4.2025,4:23:56.811,19.096,45.185
19.4.2025,4:23:57.815,19.646,35.100
19.4.2025,4:23:58.815,21.144,45.953
19.4.2025,4:23:59.820,21.016,47.633
19.4.2025,4:24:0.833,20.965,47.712
19.4.2025,4:24:1.849,20.563,48.372
19.4.2025,4:24:2.840,19.812,49.115
19.4.2025,4:24:3.844,18.496,55.407
19.4.2025,4:24:4.845,19.462,35.651
19.4.2025,4:24:5.858,20.931,47.294
19.4.2025,4:24:6.861,21.344,47.980
19.4.2025,4:24:7.861,21.662,48.844
19.4.2025,4:24:8.875,20.970,49.711
19.4.2025,4:24:9.895,19.225,54.828
19.4.2025,4:24:10.900,19.378,38.241
19.4.2025,4:24:11.891,19.241,39.811
19.4.2025,4:24:12.893,20.612,46.038
19.4.2025,4:24:13.893,21.459,47.921
19.4.2025,4:24:14.894,21.068,47.500
19.4.2025,4:24:15.892,20.168,48.818
19.4.2025,4:24:16.895,19.508,49.714
19.4.2025,4:24:17.898,19.519,50.671
19.4.2025,4:24:18.916,18.930,34.265
19.4.2025,4:24:19.902,20.089,44.090
19.4.2025,4:24:20.906,21.490,46.419
19.4.2025,4:24:21.910,24.224,47.780
19.4.2025,4:24:22.912,19.831,50.060
19.4.2025,4:24:23.915,19.419,54.043
19.4.2025,4:24:24.917,19.145,34.833
19.4.2025,4:24:25.905,19.626,44.316
19.4.2025,4:24:26.903,20.919,46.464
19.4.2025,4:24:27.920,20.953,48.117
19.4.2025,4:24:28.920,20.620,48.610
19.4.2025,4:24:29.924,19.731,49.603
19.4.2025,4:24:30.939,19.474,51.300
19.4.2025,4:24:31.943,19.082,45.723
19.4.2025,4:24:32.946,19.613,35.457
19.4.2025,4:24:33.962,21.048,46.287
19.4.2025,4:24:34.966,21.242,48.646
19.4.2025,4:24:35.969,20.922,49.883
19.4.2025,4:24:36.970,21.183,52.175
19.4.2025,4:24:37.969,19.701,44.309
19.4.2025,4:24:38.971,19.337,35.925
19.4.2025,4:24:39.973,20.362,46.159
19.4.2025,4:24:40.975,21.317,47.941
19.4.2025,4:24:41.979,21.116,47.577
19.4.2025,4:24:42.980,21.072,48.915
19.4.2025,4:24:43.996,18.893,50.196
19.4.2025,4:24:45.016,19.443,37.394
19.4.2025,4:24:46.020,18.532,46.162
19.4.2025,4:24:47.023,20.721,47.879
19.4.2025,4:24:48.041,21.258,47.791
19.4.2025,4:24:49.028,21.229,48.754
19.4.2025,4:24:50.045,20.826,49.704
19.4.2025,4:24:51.046,19.399,51.588
19.4.2025,4:24:52.050,18.773,33.245
19.4.2025,4:24:53.050,19.718,45.475
19.4.2025,4:24:54.067,21.164,46.999
19.4.2025,4:24:55.067,21.322,47.999
19.4.2025,4:24:56.071,21.498,48.880
19.4.2025,4:24:57.072,20.293,50.789
19.4.2025,4:24:58.073,19.252,31.986
19.4.2025,4:24:59.079,19.038,45.439
19.4.2025,4:25:0.081,20.631,47.406
19.4.2025,4:25:1.083,21.141,47.879
19.4.2025,4:25:2.103,21.229,48.301
19.4.2025,4:25:3.103,20.979,49.469
19.4.2025,4:25:4.091,19.723,53.365
19.4.2025,4:25:5.091,20.094,39.497
19.4.2025,4:25:6.092,19.192,39.031
19.4.2025,4:25:7.096,20.536,47.715
19.4.2025,4:25:8.101,21.150,48.724
19.4.2025,4:25:9.116,21.153,49.733
19.4.2025,4:25:10.115,20.286,52.748
19.4.2025,4:25:11.122,20.051,39.097
19.4.2025,4:25:12.139,18.896,37.902
19.4.2025,4:25:13.141,19.730,46.492
19.4.2025,4:25:14.157,21.330,48.098
19.4.2025,4:25:15.163,21.299,48.126
19.4.2025,4:25:16.165,20.531,48.918
19.4.2025,4:25:17.152,20.396,43.032
19.4.2025,4:25:18.170,19.154,36.907
19.4.2025,4:25:19.188,18.431,46.255
19.4.2025,4:25:20.208,20.448,48.157
19.4.2025,4:25:21.223,21.587,47.549
19.4.2025,4:25:22.226,21.171,49.001
19.4.2025,4:25:23.228,21.142,49.892
19.4.2025,4:25:24.228,18.949,50.454
19.4.2025,4:25:25.227,22.579,30.039
19.4.2025,4:25:26.227,19.244,46.373
19.4.2025,4:25:27.244,20.705,47.563
19.4.2025,4:25:28.231,21.233,48.006
19.4.2025,4:25:29.236,21.120,51.911
19.4.2025,4:25:30.254,20.477,45.688
19.4.2025,4:25:31.254,19.618,53.910
19.4.2025,4:25:32.256,20.034,45.816
19.4.2025,4:25:33.273,19.562,47.126
19.4.2025,4:25:34.272,20.962,47.793
19.4.2025,4:25:35.288,21.311,48.458
19.4.2025,4:25:36.288,21.469,49.404
19.4.2025,4:25:37.289,20.653,56.080
19.4.2025,4:25:38.306,19.810,37.333
19.4.2025,4:25:39.293,19.239,39.943
19.4.2025,4:25:40.297,20.128,46.271
19.4.2025,4:25:41.302,21.575,47.728
19.4.2025,4:25:42.322,21.019,48.602
19.4.2025,4:25:43.310,21.532,48.942
19.4.2025,4:25:44.313,19.941,50.781
19.4.2025,4:25:45.313,19.220,47.084
19.4.2025,4:25:46.316,18.966,31.980
19.4.2025,4:25:47.321,20.107,48.031
19.4.2025,4:25:48.325,21.489,48.462
19.4.2025,4:25:49.328,20.837,49.204
19.4.2025,4:25:50.343,21.415,49.774
19.4.2025,4:25:51.342,19.562,52.285
19.4.2025,4:25:52.344,19.536,36.529
19.4.2025,4:25:53.345,18.579,43.359
19.4.2025,4:25:54.362,20.151,46.518
19.4.2025,4:25:55.366,20.943,47.443
19.4.2025,4:25:56.367,24.397,48.177
19.4.2025,4:25:57.355,20.766,49.741
19.4.2025,4:25:58.374,19.221,52.286
19.4.2025,4:25:59.376,19.448,43.948
19.4.2025,4:26:0.391,19.730,46.696
19.4.2025,4:26:1.391,21.057,47.623
19.4.2025,4:26:2.410,21.070,48.612
19.4.2025,4:26:3.429,21.886,32.596
19.4.2025,4:26:4.429,29.948,35.537
19.4.2025,4:26:5.427,29.581,36.848
19.4.2025,4:26:6.445,29.787,39.300
19.4.2025,4:26:7.446,29.480,45.741
19.4.2025,4:26:8.445,27.727,48.727
19.4.2025,4:26:9.447,20.837,49.070
19.4.2025,4:26:10.462,20.201,50.510
19.4.2025,4:26:11.465,19.497,44.337
19.4.2025,4:26:12.467,18.896,36.789
19.4.2025,4:26:13.467,19.976,46.334
19.4.2025,4:26:14.472,21.507,47.837
19.4.2025,4:26:15.485,21.123,48.143
19.4.2025,4:26:16.485,20.804,48.635
19.4.2025,4:26:17.488,19.219,49.814
19.4.2025,4:26:18.488,19.399,50.625
19.4.2025,4:26:19.509,19.275,46.355
19.4.2025,4:26:20.512,20.584,48.020
19.4.2025,4:26:21.516,21.309,47.676
19.4.2025,4:26:22.516,21.385,48.593
19.4.2025,4:26:23.515,20.903,49.576
19.4.2025,4:26:24.522,19.893,52.171
19.4.2025,4:26:25.540,19.111,34.537
19.4.2025,4:26:26.556,19.629,43.297
19.4.2025,4:26:27.556,20.368,46.372
19.4.2025,4:26:28.556,21.343,47.800
19.4.2025,4:26:29.547,21.037,48.680
19.4.2025,4:26:30.547,20.442,49.747
19.4.2025,4:26:31.547,19.562,51.428
19.4.2025,4:26:32.552,19.523,44.536
19.4.2025,4:26:33.565,19.380,46.069
19.4.2025,4:26:34.568,19.546,47.899
19.4.2025,4:26:35.575,21.218,47.844
19.4.2025,4:26:36.577,21.275,48.949
19.4.2025,4:26:37.580,20.967,50.130
19.4.2025,4:26:38.582,19.721,51.084
19.4.2025,4:26:39.596,19.216,33.108
19.4.2025,4:26:40.601,19.140,45.462
19.4.2025,4:26:41.601,20.422,47.137
19.4.2025,4:26:42.605,21.225,47.558
19.4.2025,4:26:43.603,21.593,48.900
19.4.2025,4:26:44.589,20.697,49.121
19.4.2025,4:26:45.592,19.406,32.515
19.4.2025,4:26:46.609,19.371,45.762
19.4.2025,4:26:47.625,19.940,47.486
19.4.2025,4:26:48.645,21.534,47.864
19.4.2025,4:26:49.663,21.123,48.413
19.4.2025,4:26:50.677,20.527,49.297
19.4.2025,4:26:51.679,20.144,55.249
19.4.2025,4:26:52.680,19.241,40.008
19.4.2025,4:26:53.682,18.924,38.742
19.4.2025,4:26:54.671,19.727,45.999
19.4.2025,4:26:55.688,21.137,48.255
19.4.2025,4:26:56.690,21.196,49.665
19.4.2025,4:26:57.695,20.890,53.463
19.4.2025,4:26:58.697,20.263,41.631
19.4.2025,4:26:59.686,19.606,36.254
19.4.2025,4:27:0.687,19.746,46.209
19.4.2025,4:27:1.690,20.201,48.435
19.4.2025,4:27:2.706,21.609,48.120
19.4.2025,4:27:3.720,21.290,48.922
19.4.2025,4:27:4.722,21.306,50.193
19.4.2025,4:27:5.739,19.691,46.508
19.4.2025,4:27:6.742,19.008,32.796
19.4.2025,4:27:7.744,19.028,45.526
19.4.2025,4:27:8.759,21.538,47.873
19.4.2025,4:27:9.775,21.322,47.710
19.4.2025,4:27:10.793,21.043,48.608
19.4.2025,4:27:11.778,20.606,49.827
19.4.2025,4:27:12.778,19.203,49.343
19.4.2025,4:27:13.783,19.398,34.137
19.4.2025,4:27:14.785,19.795,47.859
19.4.2025,4:27:15.789,21.621,47.787
19.4.2025,4:27:16.792,21.032,48.669
19.4.2025,4:27:17.794,21.209,48.975
19.4.2025,4:27:18.796,20.793,51.447
19.4.2025,4:27:19.794,19.530,36.208
19.4.2025,4:27:20.795,20.218,44.549
19.4.2025,4:27:21.797,19.906,46.494
19.4.2025,4:27:22.801,21.299,47.792
19.4.2025,4:27:23.804,21.027,48.510
19.4.2025,4:27:24.804,21.092,49.771
19.4.2025,4:27:25.807,20.157,51.172
19.4.2025,4:27:26.795,19.351,45.300
19.4.2025,4:27:27.793,19.487,46.298
19.4.2025,4:27:28.810,19.568,47.893
19.4.2025,4:27:29.811,20.591,48.151
19.4.2025,4:27:30.817,24.676,49.436
19.4.2025,4:27:31.823,20.970,51.471
19.4.2025,4:27:32.826,19.778,44.655
19.4.2025,4:27:33.831,19.470,34.876
19.4.2025,4:27:34.834,19.027,45.900
19.4.2025,4:27:35.854,19.979,47.586
19.4.2025,4:27:36.868,21.102,47.805
19.4.2025,4:27:37.858,20.828,48.454
19.4.2025,4:27:38.864,21.607,49.688
19.4.2025,4:27:39.883,20.057,54.890
19.4.2025,4:27:40.897,19.628,37.388
19.4.2025,4:27:41.898,18.966,40.764
19.4.2025,4:27:42.916,19.796,46.084
19.4.2025,4:27:43.930,21.453,47.796
19.4.2025,4:27:44.931,21.186,48.525
19.4.2025,4:27:45.932,21.261,49.662
19.4.2025,4:27:46.920,20.361,51.058
19.4.2025,4:27:47.936,19.451,40.501
19.4.2025,4:27:48.935,19.338,46.083
19.4.2025,4:27:49.935,19.276,47.861
19.4.2025,4:27:50.952,21.249,48.572
19.4.2025,4:27:51.970,20.813,49.599
19.4.2025,4:27:52.969,20.892,52.255
19.4.2025,4:27:53.968,20.310,42.583
19.4.2025,4:27:54.969,19.783,36.880
19.4.2025,4:27:55.986,19.716,46.614
19.4.2025,4:27:57.005,19.320,47.517
19.4.2025,4:27:58.022,20.921,47.645
19.4.2025,4:27:59.022,21.249,48.786
19.4.2025,4:28:0.040,21.379,48.790
19.4.2025,4:28:1.041,20.369,54.696
19.4.2025,4:28:2.057,19.641,37.477
19.4.2025,4:28:3.045,19.365,42.818
19.4.2025,4:28:4.044,20.397,47.742
19.4.2025,4:28:5.045,21.534,48.212
19.4.2025,4:28:6.062,21.361,49.482
19.4.2025,4:28:7.077,20.619,55.228
19.4.2025,4:28:8.078,20.608,40.335
19.4.2025,4:28:9.079,19.864,38.423
19.4.2025,4:28:10.082,19.653,46.004
19.4.2025,4:28:11.083,19.350,47.960
19.4.2025,4:28:12.103,21.023,47.928
19.4.2025,4:28:13.091,21.211,48.717
19.4.2025,4:28:14.093,20.615,49.859
19.4.2025,4:28:15.095,19.726,51.867
19.4.2025,4:28:16.111,19.500,32.629
19.4.2025,4:28:17.113,19.294,48.268
19.4.2025,4:28:18.127,20.173,46.376
19.4.2025,4:28:19.147,21.032,48.562
19.4.2025,4:28:20.146,21.354,49.795
19.4.2025,4:28:21.148,20.232,53.028
19.4.2025,4:28:22.147,19.789,35.599
19.4.2025,4:28:23.147,19.537,44.532
19.4.2025,4:28:24.148,19.516,46.638
19.4.2025,4:28:25.150,20.801,47.689
19.4.2025,4:28:26.153,21.468,48.297
19.4.2025,4:28:27.153,20.934,48.953
19.4.2025,4:28:28.169,20.850,55.802
19.4.2025,4:28:29.183,19.296,38.191
19.4.2025,4:28:30.200,19.701,42.145
19.4.2025,4:28:31.216,18.955,46.452
19.4.2025,4:28:32.230,20.254,47.869
19.4.2025,4:28:33.247,24.437,48.874
19.4.2025,4:28:34.267,21.055,49.432
19.4.2025,4:28:35.267,20.948,52.608
19.4.2025,4:28:36.272,19.153,43.790
19.4.2025,4:28:37.262,18.880,46.426
19.4.2025,4:28:38.280,19.036,47.741
19.4.2025,4:28:39.284,21.268,48.620
19.4.2025,4:28:40.289,21.641,49.795
19.4.2025,4:28:41.308,21.076,55.222
19.4.2025,4:28:42.294,20.623,38.618
19.4.2025,4:28:43.297,19.719,39.674
19.4.2025,4:28:44.297,19.485,46.024
19.4.2025,4:28:45.300,19.944,47.654
19.4.2025,4:28:46.301,20.734,48.267
19.4.2025,4:28:47.300,20.737,48.908
19.4.2025,4:28:48.298,21.148,37.508
19.4.2025,4:28:49.299,19.806,40.557
19.4.2025,4:28:50.304,19.048,46.425
19.4.2025,4:28:51.308,19.048,48.064
19.4.2025,4:28:52.295,20.344,48.447
19.4.2025,4:28:53.299,21.225,49.248
19.4.2025,4:28:54.302,21.270,50.272
19.4.2025,4:28:55.294,20.989,45.909
19.4.2025,4:28:56.295,19.783,33.775
19.4.2025,4:28:57.295,19.245,46.209
19.4.2025,4:28:58.300,18.967,47.270
19.4.2025,4:28:59.303,20.835,47.689
19.4.2025,4:29:0.316,21.562,48.550
19.4.2025,4:29:1.320,20.680,47.152
19.4.2025,4:29:2.334,20.226,32.695
19.4.2025,4:29:3.336,19.983,45.940
19.4.2025,4:29:4.352,19.659,46.244
19.4.2025,4:29:5.355,21.640,47.654
19.4.2025,4:29:6.386,20.934,48.471
19.4.2025,4:29:7.387,21.167,49.069
19.4.2025,4:29:8.389,21.381,52.881
19.4.2025,4:29:9.409,20.629,36.603
19.4.2025,4:29:10.411,19.371,43.681
19.4.2025,4:29:11.425,19.419,46.272
19.4.2025,4:29:12.424,19.485,47.639
19.4.2025,4:29:13.424,20.720,48.386
19.4.2025,4:29:14.426,21.795,49.433
19.4.2025,4:29:15.445,20.929,32.822
19.4.2025,4:29:16.445,20.037,37.180
19.4.2025,4:29:17.460,19.519,46.665
19.4.2025,4:29:18.461,19.307,47.857
19.4.2025,4:29:19.480,19.753,48.562
19.4.2025,4:29:20.493,21.007,49.445
19.4.2025,4:29:21.495,20.655,53.618
19.4.2025,4:29:22.498,21.031,38.491
19.4.2025,4:29:23.499,20.175,38.946
19.4.2025,4:29:24.520,19.442,46.292
19.4.2025,4:29:25.523,19.505,47.894
19.4.2025,4:29:26.526,20.663,48.059
19.4.2025,4:29:27.513,20.298,49.064
19.4.2025,4:29:28.514,21.013,50.991
19.4.2025,4:29:29.528,20.648,45.551
19.4.2025,4:29:30.530,19.708,32.521
19.4.2025,4:29:31.532,19.254,46.226
19.4.2025,4:29:32.546,19.781,47.012
19.4.2025,4:29:33.549,21.298,49.175
19.4.2025,4:29:34.553,21.445,50.912
19.4.2025,4:29:35.554,21.375,41.389
19.4.2025,4:29:36.554,20.428,36.676
19.4.2025,4:29:37.557,20.787,45.928
19.4.2025,4:29:38.542,19.413,48.183
19.4.2025,4:29:39.547,20.110,48.427
19.4.2025,4:29:40.549,21.096,49.517
19.4.2025,4:29:41.552,20.558,51.178
19.4.2025,4:29:42.556,21.001,44.664
19.4.2025,4:29:43.558,19.569,34.328
19.4.2025,4:29:44.543,19.074,45.944
19.4.2025,4:29:45.546,19.257,47.439
19.4.2025,4:29:46.545,20.675,47.641
19.4.2025,4:29:47.548,21.496,48.804
19.4.2025,4:29:48.546,21.203,49.698
19.4.2025,4:29:49.546,20.261,51.813
19.4.2025,4:29:50.550,19.359,46.494
19.4.2025,4:29:51.552,19.693,47.838
19.4.2025,4:29:52.557,19.585,47.985
19.4.2025,4:29:53.571,21.353,48.318
19.4.2025,4:29:54.559,21.290,49.469
19.4.2025,4:29:55.562,21.349,49.582
19.4.2025,4:29:56.565,19.543,32.841
19.4.2025,4:29:57.581,19.107,45.309
19.4.2025,4:29:58.582,18.781,46.660
19.4.2025,4:29:59.584,19.812,48.003
19.4.2025,4:30:0.602,21.705,48.395
19.4.2025,4:30:1.604,21.404,49.690
19.4.2025,4:30:2.603,20.791,32.537
19.4.2025,4:30:3.617,19.345,45.528
19.4.2025,4:30:4.619,19.746,47.260
19.4.2025,4:30:5.604,19.035,47.799
19.4.2025,4:30:6.636,21.059,48.408
19.4.2025,4:30:7.650,20.646,49.196
19.4.2025,4:30:8.639,21.724,53.525
19.4.2025,4:30:9.639,20.343,35.956
19.4.2025,4:30:10.641,19.533,42.853
19.4.2025,4:30:11.641,19.275,46.654
19.4.2025,4:30:12.662,19.548,47.784
19.4.2025,4:30:13.667,21.457,48.399
19.4.2025,4:30:14.654,21.468,49.590
19.4.2025,4:30:15.668,20.815,53.068
19.4.2025,4:30:16.670,19.820,40.025
19.4.2025,4:30:17.669,19.414,46.472
19.4.2025,4:30:18.669,19.048,47.535
19.4.2025,4:30:19.675,21.162,48.608
19.4.2025,4:30:20.678,20.848,49.667
19.4.2025,4:30:21.668,20.566,50.928
19.4.2025,4:30:22.668,21.252,46.332
19.4.2025,4:30:23.684,19.385,34.110
19.4.2025,4:30:24.684,18.854,46.364
19.4.2025,4:30:25.703,19.197,47.603
19.4.2025,4:30:26.703,20.505,47.577
19.4.2025,4:30:27.722,21.829,48.739
19.4.2025,4:30:28.741,21.375,49.687
19.4.2025,4:30:29.745,20.271,51.562
19.4.2025,4:30:30.732,19.498,33.809
19.4.2025,4:30:31.748,19.354,47.858
19.4.2025,4:30:32.766,19.797,47.819
19.4.2025,4:30:33.773,21.082,48.141
19.4.2025,4:30:34.774,21.458,49.311
19.4.2025,4:30:35.773,21.508,55.335
19.4.2025,4:30:36.772,20.273,34.952
19.4.2025,4:30:37.762,19.704,43.223
19.4.2025,4:30:38.761,19.283,46.377
19.4.2025,4:30:39.764,23.792,47.986
19.4.2025,4:30:40.769,21.574,48.544
19.4.2025,4:30:41.771,20.871,49.569
19.4.2025,4:30:42.784,21.059,56.977
19.4.2025,4:30:43.798,19.865,37.354
19.4.2025,4:30:44.799,19.479,40.534
19.4.2025,4:30:45.815,19.358,47.638
19.4.2025,4:30:46.820,20.969,48.512
19.4.2025,4:30:47.820,20.975,49.540
19.4.2025,4:30:48.823,20.989,54.875
19.4.2025,4:30:49.845,20.138,32.360
19.4.2025,4:30:50.863,19.316,45.402
19.4.2025,4:30:51.881,18.991,47.312
19.4.2025,4:30:52.899,20.716,47.751
19.4.2025,4:30:53.887,21.040,49.038
19.4.2025,4:30:54.891,21.349,50.668
19.4.2025,4:30:55.894,20.435,47.718
19.4.2025,4:30:56.893,19.734,46.018
19.4.2025,4:30:57.894,18.975,48.004
19.4.2025,4:30:58.897,19.493,47.676
19.4.2025,4:30:59.900,21.327,49.013
19.4.2025,4:31:0.902,21.211,49.858
19.4.2025,4:31:1.908,21.177,48.685
19.4.2025,4:31:2.909,20.152,33.065
19.4.2025,4:31:3.908,19.818,45.601
19.4.2025,4:31:4.910,19.711,46.757
19.4.2025,4:31:5.910,20.063,47.836
19.4.2025,4:31:6.910,21.133,48.020
19.4.2025,4:31:7.910,20.819,49.019
19.4.2025,4:31:8.926,21.166,54.437
19.4.2025,4:31:9.922,19.635,35.068
19.4.2025,4:31:10.925,19.135,44.271
19.4.2025,4:31:11.927,19.271,46.506
19.4.2025,4:31:12.944,21.580,47.725
19.4.2025,4:31:13.946,21.040,48.582
19.4.2025,4:31:14.948,20.934,49.601
19.4.2025,4:31:15.935,20.496,52.484
19.4.2025,4:31:16.942,19.595,44.291
19.4.2025,4:31:17.944,19.066,46.577
19.4.2025,4:31:18.948,19.579,47.403
19.4.2025,4:31:19.950,21.294,48.537
19.4.2025,4:31:20.953,20.845,49.690
19.4.2025,4:31:21.971,20.872,53.007
19.4.2025,4:31:22.973,19.386,36.687
19.4.2025,4:31:23.976,19.698,40.704
19.4.2025,4:31:24.981,19.145,46.523
19.4.2025,4:31:25.982,20.983,47.716
19.4.2025,4:31:26.983,20.606,48.612
19.4.2025,4:31:27.986,21.363,55.488
19.4.2025,4:31:28.999,20.451,37.841
19.4.2025,4:31:30.001,19.647,40.284
19.4.2025,4:31:31.004,19.168,46.147
19.4.2025,4:31:32.022,19.605,47.872
19.4.2025,4:31:33.025,21.750,48.094
19.4.2025,4:31:34.013,20.990,48.881
19.4.2025,4:31:35.016,21.163,50.268
19.4.2025,4:31:36.019,20.513,46.081
19.4.2025,4:31:37.031,19.977,33.522
19.4.2025,4:31:38.047,19.321,46.400
19.4.2025,4:31:39.047,19.994,47.772
19.4.2025,4:31:40.051,20.698,47.532
19.4.2025,4:31:41.049,21.401,48.984
19.4.2025,4:31:42.069,20.844,50.663
19.4.2025,4:31:43.066,19.586,49.546
19.4.2025,4:31:44.069,19.635,33.405
19.4.2025,4:31:45.071,19.495,45.633
19.4.2025,4:31:46.073,20.343,46.641
19.4.2025,4:31:47.094,20.623,47.900
19.4.2025,4:31:48.093,28.020,32.768
19.4.2025,4:31:49.095,29.647,53.797
19.4.2025,4:31:50.109,29.635,37.765
19.4.2025,4:31:51.109,29.471,37.616
19.4.2025,4:31:52.116,29.622,45.285
19.4.2025,4:31:53.126,21.465,49.020
19.4.2025,4:31:54.144,21.456,49.621
19.4.2025,4:31:55.159,21.348,50.208
19.4.2025,4:31:56.175,19.597,33.062
19.4.2025,4:31:57.181,19.725,45.517
19.4.2025,4:31:58.186,19.175,46.646
19.4.2025,4:31:59.199,21.344,47.555
19.4.2025,4:32:0.214,20.921,48.398
19.4.2025,4:32:1.216,21.327,49.812
19.4.2025,4:32:2.218,20.458,54.867
19.4.2025,4:32:3.216,19.341,39.173
19.4.2025,4:32:4.234,19.682,46.461
19.4.2025,4:32:5.250,19.802,47.948
19.4.2025,4:32:6.265,21.245,48.559
19.4.2025,4:32:7.268,21.440,49.717
19.4.2025,4:32:8.285,21.077,51.499
19.4.2025,4:32:9.291,19.929,41.376
19.4.2025,4:32:10.292,19.798,37.369
19.4.2025,4:32:11.295,19.208,45.998
19.4.2025,4:32:12.312,19.420,48.243
19.4.2025,4:32:13.318,21.042,47.589
19.4.2025,4:32:14.322,24.281,48.543
19.4.2025,4:32:15.324,21.645,49.620
19.4.2025,4:32:16.342,20.100,34.736
19.4.2025,4:32:17.344,19.155,45.963
19.4.2025,4:32:18.356,19.351,47.120
19.4.2025,4:32:19.372,19.507,47.985
19.4.2025,4:32:20.373,21.890,48.546
19.4.2025,4:32:21.389,21.388,48.901
19.4.2025,4:32:22.406,21.166,53.599
19.4.2025,4:32:23.402,20.085,31.932
19.4.2025,4:32:24.404,19.644,38.074
19.4.2025,4:32:25.408,19.036,46.605
19.4.2025,4:32:26.414,20.231,47.900
19.4.2025,4:32:27.431,20.886,48.400
19.4.2025,4:32:28.430,21.822,49.719
19.4.2025,4:32:29.433,20.914,52.911
19.4.2025,4:32:30.434,20.150,40.384
19.4.2025,4:32:31.450,19.692,37.923
19.4.2025,4:32:32.454,19.136,46.178
19.4.2025,4:32:33.472,20.585,48.056
19.4.2025,4:32:34.474,21.718,47.940
19.4.2025,4:32:35.475,20.970,53.086
19.4.2025,4:32:36.465,21.015,41.129
19.4.2025,4:32:37.470,20.071,36.657
19.4.2025,4:32:38.486,19.129,46.364
19.4.2025,4:32:39.504,19.701,48.022
19.4.2025,4:32:40.509,21.321,48.054
19.4.2025,4:32:41.511,21.350,49.192
19.4.2025,4:32:42.514,20.759,50.516
19.4.2025,4:32:43.514,19.964,49.075
19.4.2025,4:32:44.517,21.904,31.576
19.4.2025,4:32:45.519,19.600,46.023
19.4.2025,4:32:46.524,20.785,47.723
19.4.2025,4:32:47.523,26.476,49.396
19.4.2025,4:32:48.512,21.902,51.028
19.4.2025,4:32:49.514,22.194,39.922
19.4.2025,4:32:50.532,19.502,38.653
19.4.2025,4:32:51.545,19.146,46.249
19.4.2025,4:32:52.561,19.631,48.301
19.4.2025,4:32:53.565,20.818,47.260
19.4.2025,4:32:54.569,21.076,48.935
19.4.2025,4:32:55.586,21.312,50.698
19.4.2025,4:32:56.598,19.734,46.491
19.4.2025,4:32:57.615,19.845,33.212
19.4.2025,4:32:58.632,19.179,46.119
19.4.2025,4:32:59.647,20.429,47.721
19.4.2025,4:33:0.648,21.551,47.735
19.4.2025,4:33:1.651,21.614,51.307
19.4.2025,4:33:2.639,20.761,46.355
19.4.2025,4:33:3.655,19.587,33.527
19.4.2025,4:33:4.668,19.338,45.924
19.4.2025,4:33:5.653,23.622,47.748
19.4.2025,4:33:6.670,21.298,48.053
19.4.2025,4:33:7.686,25.226,49.581
19.4.2025,4:33:8.686,25.721,55.573
19.4.2025,4:33:9.707,21.037,36.614
19.4.2025,4:33:10.705,19.359,42.007
19.4.2025,4:33:11.721,19.612,46.603
19.4.2025,4:33:12.727,20.350,47.722
19.4.2025,4:33:13.729,21.401,48.513
19.4.2025,4:33:14.715,21.238,49.370
19.4.2025,4:33:15.732,20.747,51.712
19.4.2025,4:33:16.734,19.555,41.874
19.4.2025,4:33:17.749,19.052,46.313
19.4.2025,4:33:18.770,18.906,47.763
19.4.2025,4:33:19.771,20.553,48.478
19.4.2025,4:33:20.787,20.845,49.623
19.4.2025,4:33:21.804,21.196,50.521
19.4.2025,4:33:22.820,20.963,47.722
19.4.2025,4:33:23.837,19.246,33.216
19.4.2025,4:33:24.838,19.256,46.163
19.4.2025,4:33:25.825,19.282,47.819
19.4.2025,4:33:26.843,20.852,47.604
19.4.2025,4:33:27.843,21.414,48.442
19.4.2025,4:33:28.846,21.415,49.578
19.4.2025,4:33:29.849,21.354,53.587
19.4.2025,4:33:30.850,19.495,37.892
19.4.2025,4:33:31.850,19.211,41.396
19.4.2025,4:33:32.852,19.071,47.726
19.4.2025,4:33:33.854,20.697,48.371
19.4.2025,4:33:34.852,21.698,49.288
19.4.2025,4:33:35.868,21.027,56.390
19.4.2025,4:33:36.883,21.046,37.670
19.4.2025,4:33:37.897,19.884,42.810
19.4.2025,4:33:38.898,19.646,46.389
19.4.2025,4:33:39.900,18.894,48.008
19.4.2025,4:33:40.886,21.381,48.462
19.4.2025,4:33:41.890,21.340,49.655
19.4.2025,4:33:42.896,21.498,56.943
19.4.2025,4:33:43.897,19.595,35.768
19.4.2025,4:33:44.901,19.591,41.173
19.4.2025,4:33:45.905,19.315,47.830
19.4.2025,4:33:46.910,20.996,48.636
19.4.2025,4:33:47.912,21.209,49.788
19.4.2025,4:33:48.928,23.066,56.005
19.4.2025,4:33:49.929,20.377,36.053
19.4.2025,4:33:50.919,19.666,43.499
19.4.2025,4:33:51.937,19.488,46.779
19.4.2025,4:33:52.954,19.899,47.721
19.4.2025,4:33:53.958,20.860,48.749
19.4.2025,4:33:54.976,21.106,49.346
19.4.2025,4:33:55.979,21.264,53.563
19.4.2025,4:33:56.978,19.551,39.671
19.4.2025,4:33:57.979,19.271,39.980
19.4.2025,4:33:58.979,19.335,46.285
19.4.2025,4:33:59.978,20.191,48.197
19.4.2025,4:34:0.995,21.440,49.116
19.4.2025,4:34:1.993,23.797,56.416
19.4.2025,4:34:2.994,24.031,36.025
19.4.2025,4:34:3.994,19.777,41.438
19.4.2025,4:34:4.996,19.815,46.362
19.4.2025,4:34:6.009,19.972,47.846
19.4.2025,4:34:7.010,20.092,48.464
19.4.2025,4:34:8.011,21.893,49.482
19.4.2025,4:34:8.999,21.412,51.141
19.4.2025,4:34:10.004,20.654,47.603
19.4.2025,4:34:11.021,19.231,31.896
19.4.2025,4:34:12.025,19.440,45.637
19.4.2025,4:34:13.026,18.980,47.163
19.4.2025,4:34:14.033,20.638,48.904
19.4.2025,4:34:15.035,20.924,50.595
19.4.2025,4:34:16.049,21.262,46.991
19.4.2025,4:34:17.052,20.244,33.077
19.4.2025,4:34:18.055,19.375,45.879
19.4.2025,4:34:19.055,19.695,47.018
19.4.2025,4:34:20.059,19.007,47.940
19.4.2025,4:34:21.059,20.666,48.773
19.4.2025,4:34:22.061,20.945,49.251
19.4.2025,4:34:23.083,20.965,55.198
19.4.2025,4:34:24.095,19.933,38.024
19.4.2025,4:34:25.096,19.358,42.152
19.4.2025,4:34:26.111,19.479,46.745
19.4.2025,4:34:27.129,19.350,47.678
19.4.2025,4:34:28.129,21.464,48.429
19.4.2025,4:34:29.135,20.817,49.365
19.4.2025,4:34:30.135,21.073,50.172
19.4.2025,4:34:31.122,20.893,45.431
19.4.2025,4:34:32.140,19.258,34.219
19.4.2025,4:34:33.140,19.062,48.030
19.4.2025,4:34:34.154,19.902,48.485
19.4.2025,4:34:35.156,21.029,49.418
19.4.2025,4:34:36.174,21.403,50.757
19.4.2025,4:34:37.190,21.194,46.733
19.4.2025,4:34:38.194,19.803,34.273
19.4.2025,4:34:39.196,19.506,46.339
19.4.2025,4:34:40.194,18.775,48.252
19.4.2025,4:34:41.199,20.303,48.589
19.4.2025,4:34:42.216,21.094,49.357
19.4.2025,4:34:43.216,21.264,51.112
19.4.2025,4:34:44.235,20.619,44.232
19.4.2025,4:34:45.238,19.095,35.182
19.4.2025,4:34:46.240,19.973,46.445
19.4.2025,4:34:47.241,19.750,47.352
19.4.2025,4:34:48.242,20.851,49.064
19.4.2025,4:34:49.240,20.832,50.294
19.4.2025,4:34:50.259,21.189,45.182
19.4.2025,4:34:51.247,20.055,35.812
19.4.2025,4:34:52.265,19.376,45.796
19.4.2025,4:34:53.267,19.444,48.137
19.4.2025,4:34:54.269,19.845,47.686
19.4.2025,4:34:55.269,21.162,48.462
19.4.2025,4:34:56.285,20.868,49.319
19.4.2025,4:34:57.287,21.012,51.750
19.4.2025,4:34:58.292,19.866,35.964
19.4.2025,4:34:59.295,19.631,42.657
19.4.2025,4:35:0.300,19.379,46.400
19.4.2025,4:35:1.297,19.802,48.005
19.4.2025,4:35:2.300,21.880,48.324
19.4.2025,4:35:3.318,21.156,49.884
19.4.2025,4:35:4.323,21.308,53.448
19.4.2025,4:35:5.323,19.363,39.798
19.4.2025,4:35:6.343,19.326,46.644
19.4.2025,4:35:7.344,19.169,47.675
19.4.2025,4:35:8.349,21.112,48.463
19.4.2025,4:35:9.352,21.002,49.706
19.4.2025,4:35:10.355,21.031,56.476
19.4.2025,4:35:11.357,20.285,37.283
19.4.2025,4:35:12.360,19.481,41.680
19.4.2025,4:35:13.362,19.500,46.299
19.4.2025,4:35:14.380,20.080,48.045
19.4.2025,4:35:15.382,21.394,48.427
19.4.2025,4:35:16.399,21.601,48.903
19.4.2025,4:35:17.400,21.613,50.580
19.4.2025,4:35:18.416,20.068,38.255
19.4.2025,4:35:19.432,19.631,46.176
19.4.2025,4:35:20.433,19.497,47.908
19.4.2025,4:35:21.435,20.137,47.525
19.4.2025,4:35:22.440,20.855,48.323
19.4.2025,4:35:23.454,23.280,50.227
19.4.2025,4:35:24.468,20.603,49.882
19.4.2025,4:35:25.472,19.403,31.264
19.4.2025,4:35:26.471,19.121,45.945
19.4.2025,4:35:27.471,19.399,46.852
19.4.2025,4:35:28.473,19.752,47.995
19.4.2025,4:35:29.476,21.163,48.454
19.4.2025,4:35:30.478,20.765,49.489
19.4.2025,4:35:31.483,21.081,55.525
19.4.2025,4:35:32.483,19.117,36.723
19.4.2025,4:35:33.500,19.226,41.348
19.4.2025,4:35:34.500,19.293,46.594
19.4.2025,4:35:35.503,20.738,48.353
19.4.2025,4:35:36.505,21.340,49.611
19.4.2025,4:35:37.521,21.196,55.493
19.4.2025,4:35:38.540,20.324,37.068
19.4.2025,4:35:39.527,18.965,39.897
19.4.2025,4:35:40.527,19.885,46.113
19.4.2025,4:35:41.544,19.991,48.189
19.4.2025,4:35:42.547,21.228,48.305
19.4.2025,4:35:43.547,20.956,49.031
19.4.2025,4:35:44.552,21.023,50.704
19.4.2025,4:35:45.556,19.872,37.546
19.4.2025,4:35:46.552,19.529,32.771
19.4.2025,4:35:47.554,19.478,45.758
19.4.2025,4:35:48.554,20.675,47.107
19.4.2025,4:35:49.558,21.515,48.012
19.4.2025,4:35:50.557,21.687,50.478
19.4.2025,4:35:51.543,21.302,47.828
19.4.2025,4:35:52.560,20.042,32.762
19.4.2025,4:35:53.567,18.931,45.485
19.4.2025,4:35:54.567,19.337,46.443
19.4.2025,4:35:55.568,20.310,47.701
19.4.2025,4:35:56.566,21.078,48.670
19.4.2025,4:35:57.583,21.209,49.751
19.4.2025,4:35:58.598,21.309,55.762
19.4.2025,4:35:59.601,20.573,39.173
19.4.2025,4:36:0.600,20.202,38.774
19.4.2025,4:36:1.599,19.636,46.263
19.4.2025,4:36:2.614,19.616,47.737
19.4.2025,4:36:3.616,21.214,48.305
19.4.2025,4:36:4.628,21.517,49.240
19.4.2025,4:36:5.648,22.036,38.744
19.4.2025,4:36:6.666,20.146,39.754
19.4.2025,4:36:7.666,19.604,46.017
19.4.2025,4:36:8.680,19.493,47.798
19.4.2025,4:36:9.677,19.879,48.493
19.4.2025,4:36:10.680,21.568,49.405
19.4.2025,4:36:11.682,21.458,50.865
19.4.2025,4:36:12.682,21.343,45.976
19.4.2025,4:36:13.688,20.311,33.055
19.4.2025,4:36:14.705,19.466,45.477
19.4.2025,4:36:15.725,19.155,47.624
19.4.2025,4:36:16.741,20.809,48.071
19.4.2025,4:36:17.758,20.933,48.588
19.4.2025,4:36:18.751,21.466,49.369
19.4.2025,4:36:19.752,20.729,54.885
19.4.2025,4:36:20.769,19.019,37.513
19.4.2025,4:36:21.783,19.334,41.479
19.4.2025,4:36:22.797,18.673,46.532
19.4.2025,4:36:23.814,21.212,48.193
19.4.2025,4:36:24.816,21.347,49.425
19.4.2025,4:36:25.816,21.827,54.063
19.4.2025,4:36:26.832,20.590,35.497
19.4.2025,4:36:27.836,19.233,42.801
19.4.2025,4:36:28.852,18.673,46.453
19.4.2025,4:36:29.853,19.394,47.827
19.4.2025,4:36:30.841,21.199,48.582
19.4.2025,4:36:31.843,20.911,49.913
19.4.2025,4:36:32.847,21.133,53.946
19.4.2025,4:36:33.864,20.203,39.659
19.4.2025,4:36:34.885,19.190,46.385
19.4.2025,4:36:35.870,19.760,48.011
19.4.2025,4:36:36.873,20.260,48.698
19.4.2025,4:36:37.888,22.053,49.420
19.4.2025,4:36:38.905,21.119,51.520
19.4.2025,4:36:39.917,20.979,39.833
19.4.2025,4:36:40.919,19.445,38.971
19.4.2025,4:36:41.918,19.167,45.923
19.4.2025,4:36:42.937,19.197,48.393
19.4.2025,4:36:43.942,20.557,48.042
19.4.2025,4:36:44.946,21.656,48.859
19.4.2025,4:36:45.948,20.991,49.546
19.4.2025,4:36:46.933,20.838,51.018
19.4.2025,4:36:47.938,19.583,35.072
19.4.2025,4:36:48.953,19.256,44.664
19.4.2025,4:36:49.955,19.459,46.419
19.4.2025,4:36:50.953,20.885,47.554
19.4.2025,4:36:51.966,20.867,48.752
19.4.2025,4:36:52.970,21.286,49.181
19.4.2025,4:36:53.968,20.469,53.827
19.4.2025,4:36:54.972,19.389,37.791
19.4.2025,4:36:55.976,19.063,47.392
19.4.2025,4:36:56.979,21.750,47.590
19.4.2025,4:36:57.978,21.696,48.592
19.4.2025,4:36:58.979,20.906,49.048
19.4.2025,4:36:59.993,21.224,52.984
19.4.2025,4:37:1.008,20.152,36.265
19.4.2025,4:37:2.009,20.143,42.769
19.4.2025,4:37:3.010,19.109,46.084
19.4.2025,4:37:4.013,20.206,47.924
19.4.2025,4:37:5.014,21.220,48.866
19.4.2025,4:37:6.018,21.678,49.812
19.4.2025,4:37:7.020,21.276,52.969
19.4.2025,4:37:8.024,19.708,41.120
19.4.2025,4:37:9.023,19.059,36.266
19.4.2025,4:37:10.025,18.942,46.293
19.4.2025,4:37:11.014,20.905,48.218
19.4.2025,4:37:12.016,21.562,47.661
19.4.2025,4:37:13.033,20.607,48.357
19.4.2025,4:37:14.047,20.611,49.958
19.4.2025,4:37:15.049,19.719,35.873
19.4.2025,4:37:16.065,19.223,45.969
19.4.2025,4:37:17.082,19.103,44.298
19.4.2025,4:37:18.085,21.498,47.773
19.4.2025,4:37:19.104,21.683,48.664
19.4.2025,4:37:20.090,21.108,49.787
19.4.2025,4:37:21.093,20.011,51.498
19.4.2025,4:37:22.095,19.501,31.950
19.4.2025,4:37:23.110,19.072,45.649
19.4.2025,4:37:24.114,20.666,47.305
19.4.2025,4:37:25.134,21.049,47.638
19.4.2025,4:37:26.139,21.155,48.381
19.4.2025,4:37:27.156,20.576,49.765
19.4.2025,4:37:28.171,19.808,34.005
19.4.2025,4:37:29.184,19.600,45.260
19.4.2025,4:37:30.199,19.528,46.326
19.4.2025,4:37:31.202,20.547,46.130
19.4.2025,4:37:32.214,24.896,48.122
19.4.2025,4:37:33.216,29.877,54.281
19.4.2025,4:37:34.230,30.010,53.328
19.4.2025,4:37:35.260,29.724,38.952
19.4.2025,4:37:36.261,29.564,44.065
19.4.2025,4:37:37.263,24.443,48.288
19.4.2025,4:37:38.262,22.097,48.618
19.4.2025,4:37:39.263,21.363,49.288
19.4.2025,4:37:40.280,21.253,50.900
19.4.2025,4:37:41.280,20.242,48.928
19.4.2025,4:37:42.295,19.504,32.525
19.4.2025,4:37:43.313,18.980,45.669
19.4.2025,4:37:44.328,20.072,46.793
19.4.2025,4:37:45.342,21.483,47.723
19.4.2025,4:37:46.339,20.985,48.558
19.4.2025,4:37:47.341,21.404,49.337
19.4.2025,4:37:48.340,20.999,51.903
19.4.2025,4:37:49.341,19.821,44.927
19.4.2025,4:37:50.346,19.752,33.985
19.4.2025,4:37:51.348,19.367,45.492
19.4.2025,4:37:52.351,21.111,47.033
19.4.2025,4:37:53.355,21.350,47.504
19.4.2025,4:37:54.357,21.466,48.051
19.4.2025,4:37:55.374,20.326,48.183
19.4.2025,4:37:56.390,19.602,34.196
19.4.2025,4:37:57.409,19.018,45.606
19.4.2025,4:37:58.411,19.388,46.769
19.4.2025,4:37:59.415,21.493,47.395
19.4.2025,4:38:0.430,21.571,48.548
19.4.2025,4:38:1.427,21.134,49.584
19.4.2025,4:38:2.433,20.780,55.610
19.4.2025,4:38:3.420,19.510,38.071
19.4.2025,4:38:4.423,19.195,39.945
19.4.2025,4:38:5.421,19.166,46.035
19.4.2025,4:38:6.424,21.280,48.084
19.4.2025,4:38:7.423,21.696,48.509
19.4.2025,4:38:8.428,21.437,48.499
19.4.2025,4:38:9.445,20.189,50.531
19.4.2025,4:38:10.445,19.818,51.546
19.4.2025,4:38:11.450,19.297,32.963
19.4.2025,4:38:12.468,19.799,48.320
19.4.2025,4:38:13.473,21.273,47.821
19.4.2025,4:38:14.475,21.073,49.090
19.4.2025,4:38:15.479,20.854,49.591
19.4.2025,4:38:16.467,20.167,51.619
19.4.2025,4:38:17.483,19.254,33.585
19.4.2025,4:38:18.484,19.069,45.718
19.4.2025,4:38:19.482,20.331,46.482
19.4.2025,4:38:20.498,21.039,47.971
19.4.2025,4:38:21.501,21.461,48.142
19.4.2025,4:38:22.516,21.006,49.131
19.4.2025,4:38:23.519,19.932,51.303
19.4.2025,4:38:24.519,19.204,40.243
19.4.2025,4:38:25.520,19.308,38.250
19.4.2025,4:38:26.533,20.147,46.376
19.4.2025,4:38:27.549,21.161,48.311
19.4.2025,4:38:28.552,21.329,49.939
19.4.2025,4:38:29.554,20.960,49.163
19.4.2025,4:38:30.556,20.180,39.394
19.4.2025,4:38:31.544,22.217,38.252
19.4.2025,4:38:32.559,19.295,46.403
19.4.2025,4:38:33.559,20.170,48.131
19.4.2025,4:38:34.559,21.139,47.867
19.4.2025,4:38:35.563,21.074,48.787
19.4.2025,4:38:36.563,21.178,49.828
19.4.2025,4:38:37.574,19.500,50.928
19.4.2025,4:38:38.574,19.727,33.861
19.4.2025,4:38:39.578,19.182,45.486
19.4.2025,4:38:40.595,20.984,46.514
19.4.2025,4:38:41.594,21.166,47.519
19.4.2025,4:38:42.595,20.995,48.859
19.4.2025,4:38:43.614,21.397,49.955
19.4.2025,4:38:44.634,19.412,53.996
19.4.2025,4:38:45.638,19.838,44.009
19.4.2025,4:38:46.640,18.931,46.447
19.4.2025,4:38:47.642,20.956,47.565
19.4.2025,4:38:48.643,21.327,48.311
19.4.2025,4:38:49.662,21.565,49.361
19.4.2025,4:38:50.679,21.030,51.107
19.4.2025,4:38:51.681,19.737,46.826
19.4.2025,4:38:52.670,19.144,32.838
19.4.2025,4:38:53.688,18.836,45.269
19.4.2025,4:38:54.703,21.380,47.090
19.4.2025,4:38:55.701,21.181,48.127
19.4.2025,4:38:56.714,21.289,48.019
19.4.2025,4:38:57.731,21.272,49.808
19.4.2025,4:38:58.734,19.281,55.747
19.4.2025,4:38:59.737,19.518,45.989
19.4.2025,4:39:0.743,19.260,40.649
19.4.2025,4:39:1.745,20.771,47.752
19.4.2025,4:39:2.748,21.570,48.547
19.4.2025,4:39:3.765,21.687,49.061
19.4.2025,4:39:4.769,20.190,54.395
19.4.2025,4:39:5.772,19.726,37.562
19.4.2025,4:39:6.786,19.343,40.785
19.4.2025,4:39:7.803,20.050,46.182
19.4.2025,4:39:8.804,21.465,47.809
19.4.2025,4:39:9.803,20.741,48.764
19.4.2025,4:39:10.804,21.080,48.992
19.4.2025,4:39:11.806,20.071,50.040
19.4.2025,4:39:12.810,19.860,49.660
19.4.2025,4:39:13.812,19.155,46.101
19.4.2025,4:39:14.810,20.466,48.464
19.4.2025,4:39:15.811,21.415,47.657
19.4.2025,4:39:16.817,20.964,48.634
19.4.2025,4:39:17.832,21.131,48.959
19.4.2025,4:39:18.848,20.175,52.597
19.4.2025,4:39:19.854,19.291,36.939
19.4.2025,4:39:20.853,18.871,42.319
19.4.2025,4:39:21.859,20.248,46.332
19.4.2025,4:39:22.872,21.252,47.769
19.4.2025,4:39:23.890,20.996,48.372
19.4.2025,4:39:24.894,21.156,49.048
19.4.2025,4:39:25.908,19.194,39.028
19.4.2025,4:39:26.925,19.846,40.372
19.4.2025,4:39:27.940,19.011,46.305
19.4.2025,4:39:28.943,21.191,48.070
19.4.2025,4:39:29.945,20.813,48.668
19.4.2025,4:39:30.961,20.675,49.460
19.4.2025,4:39:31.963,20.238,50.176
19.4.2025,4:39:32.966,19.175,46.318
19.4.2025,4:39:33.965,19.498,34.275
19.4.2025,4:39:34.965,19.826,45.933
19.4.2025,4:39:35.965,20.861,47.691
19.4.2025,4:39:36.985,20.753,47.668
19.4.2025,4:39:38.001,21.618,48.215
19.4.2025,4:39:39.003,19.681,49.387
19.4.2025,4:39:40.021,19.532,55.832
19.4.2025,4:39:41.023,19.149,35.879
19.4.2025,4:39:42.024,20.291,43.020
19.4.2025,4:39:43.026,20.687,46.604
19.4.2025,4:39:44.028,20.815,47.830
19.4.2025,4:39:45.029,20.888,49.411
19.4.2025,4:39:46.029,19.644,54.284
19.4.2025,4:39:47.045,19.377,37.200
19.4.2025,4:39:48.050,19.481,42.105
19.4.2025,4:39:49.048,21.245,46.456
19.4.2025,4:39:50.045,20.951,47.795
19.4.2025,4:39:51.052,20.890,48.795
19.4.2025,4:39:52.053,21.080,49.391
19.4.2025,4:39:53.055,19.146,50.873
19.4.2025,4:39:54.055,19.154,44.294
19.4.2025,4:39:55.058,18.634,35.705
19.4.2025,4:39:56.061,21.408,46.326
19.4.2025,4:39:57.075,21.304,48.179
19.4.2025,4:39:58.093,20.539,49.352
19.4.2025,4:39:59.097,20.680,51.312
19.4.2025,4:40:0.116,19.133,44.520
19.4.2025,4:40:1.120,19.151,34.772
19.4.2025,4:40:2.119,20.259,46.380
19.4.2025,4:40:3.108,20.913,47.761
19.4.2025,4:40:4.115,21.177,48.168
19.4.2025,4:40:5.108,20.832,48.394
19.4.2025,4:40:6.113,22.333,49.573
19.4.2025,4:40:7.114,19.526,54.132
19.4.2025,4:40:8.132,18.865,45.484
19.4.2025,4:40:9.149,20.902,47.069
19.4.2025,4:40:10.152,21.051,47.651
19.4.2025,4:40:11.140,21.491,48.623
19.4.2025,4:40:12.157,20.328,49.735
19.4.2025,4:40:13.155,19.162,55.072
19.4.2025,4:40:14.174,19.437,37.150
19.4.2025,4:40:15.179,19.518,40.809
19.4.2025,4:40:16.178,21.123,46.217
19.4.2025,4:40:17.184,20.664,47.823
19.4.2025,4:40:18.201,20.569,48.155
19.4.2025,4:40:19.201,19.981,48.440
19.4.2025,4:40:20.220,19.191,41.960
19.4.2025,4:40:21.221,19.076,35.754
19.4.2025,4:40:22.225,19.462,46.296
19.4.2025,4:40:23.216,20.796,47.358
19.4.2025,4:40:24.234,20.708,48.025
19.4.2025,4:40:25.236,21.384,48.252
19.4.2025,4:40:26.254,20.128,49.022
19.4.2025,4:40:27.272,19.409,52.704
19.4.2025,4:40:28.275,19.121,33.438
19.4.2025,4:40:29.276,20.052,45.690
19.4.2025,4:40:30.280,21.201,46.672
19.4.2025,4:40:31.285,20.923,48.330
19.4.2025,4:40:32.283,20.703,49.690
19.4.2025,4:40:33.288,19.246,51.726
19.4.2025,4:40:34.288,19.155,33.765
19.4.2025,4:40:35.276,19.315,45.504
19.4.2025,4:40:36.297,21.145,46.447
19.4.2025,4:40:37.303,21.287,47.713
19.4.2025,4:40:38.306,21.892,48.671
19.4.2025,4:40:39.293,20.439,49.594
19.4.2025,4:40:40.296,19.786,52.292
19.4.2025,4:40:41.298,19.146,45.092
19.4.2025,4:40:42.300,19.672,35.471
19.4.2025,4:40:43.305,20.890,47.688
19.4.2025,4:40:44.324,22.077,48.726
19.4.2025,4:40:45.325,20.957,49.790
19.4.2025,4:40:46.343,19.813,53.839
19.4.2025,4:40:47.347,19.550,42.284
19.4.2025,4:40:48.351,19.093,34.560
19.4.2025,4:40:49.356,20.277,46.443
19.4.2025,4:40:50.363,21.083,47.721
19.4.2025,4:40:51.366,21.233,47.516
19.4.2025,4:40:52.385,20.669,48.697
19.4.2025,4:40:53.373,19.620,49.639
19.4.2025,4:40:54.380,19.137,54.679
19.4.2025,4:40:55.380,19.402,45.796
19.4.2025,4:40:56.396,20.597,46.797
19.4.2025,4:40:57.396,21.359,47.815
19.4.2025,4:40:58.387,20.998,48.691
19.4.2025,4:40:59.388,20.375,49.667
19.4.2025,4:41:0.392,19.004,51.825
19.4.2025,4:41:1.395,19.318,41.282
19.4.2025,4:41:2.399,19.021,37.347
19.4.2025,4:41:3.387,21.565,45.926
19.4.2025,4:41:4.404,21.131,47.896
19.4.2025,4:41:5.421,21.830,47.792
19.4.2025,4:41:6.421,20.699,48.586
19.4.2025,4:41:7.425,19.605,45.118
19.4.2025,4:41:8.430,19.496,34.800
19.4.2025,4:41:9.419,19.398,45.995
19.4.2025,4:41:10.420,21.537,47.412
19.4.2025,4:41:11.419,24.004,47.629
19.4.2025,4:41:12.420,24.303,48.275
19.4.2025,4:41:13.423,20.732,49.549
19.4.2025,4:41:14.426,19.464,54.406
19.4.2025,4:41:15.445,19.140,34.486
19.4.2025,4:41:16.463,19.843,43.337
19.4.2025,4:41:17.466,21.533,46.529
19.4.2025,4:41:18.479,21.354,47.910
19.4.2025,4:41:19.497,21.169,47.780
19.4.2025,4:41:20.512,19.467,49.592
19.4.2025,4:41:21.513,19.837,52.447
19.4.2025,4:41:22.512,19.190,40.695
19.4.2025,4:41:23.527,20.168,37.424
19.4.2025,4:41:24.547,21.213,46.112
19.4.2025,4:41:25.546,20.957,47.788
19.4.2025,4:41:26.551,20.722,49.228
19.4.2025,4:41:27.565,19.599,51.629
19.4.2025,4:41:28.581,20.032,46.110
19.4.2025,4:41:29.602,19.403,34.452
19.4.2025,4:41:30.603,20.993,45.997
19.4.2025,4:41:31.603,20.853,47.007
19.4.2025,4:41:32.592,21.259,48.059
19.4.2025,4:41:33.593,20.681,48.545
19.4.2025,4:41:34.598,19.610,49.590
19.4.2025,4:41:35.596,19.036,56.371
19.4.2025,4:41:36.612,19.059,45.137
19.4.2025,4:41:37.612,21.305,46.734
19.4.2025,4:41:38.615,20.585,47.704
19.4.2025,4:41:39.613,21.191,48.587
19.4.2025,4:41:40.628,23.702,49.467
19.4.2025,4:41:41.644,19.323,54.177
19.4.2025,4:41:42.650,19.817,39.468
19.4.2025,4:41:43.650,19.565,40.834
19.4.2025,4:41:44.637,21.317,46.319
19.4.2025,4:41:45.639,21.119,47.935
19.4.2025,4:41:46.642,21.192,48.339
19.4.2025,4:41:47.645,21.550,48.992
19.4.2025,4:41:48.644,19.164,50.684
19.4.2025,4:41:49.643,19.512,41.621
19.4.2025,4:41:50.646,19.839,38.145
19.4.2025,4:41:51.662,21.218,45.895
19.4.2025,4:41:52.673,20.983,47.994
19.4.2025,4:41:53.677,21.028,48.445
19.4.2025,4:41:54.680,20.234,49.069
19.4.2025,4:41:55.682,19.341,50.514
19.4.2025,4:41:56.682,19.713,46.793
19.4.2025,4:41:57.682,20.202,32.478
19.4.2025,4:41:58.683,21.095,48.194
19.4.2025,4:41:59.687,21.063,48.153
19.4.2025,4:42:0.686,20.731,48.919
19.4.2025,4:42:1.690,19.772,49.979
19.4.2025,4:42:2.689,19.810,50.135
19.4.2025,4:42:3.708,19.878,33.462
19.4.2025,4:42:4.707,20.242,45.545
19.4.2025,4:42:5.724,21.357,46.440
19.4.2025,4:42:6.726,21.240,47.845
19.4.2025,4:42:7.726,20.687,48.103
19.4.2025,4:42:8.726,20.009,49.814
19.4.2025,4:42:9.725,19.367,54.902
19.4.2025,4:42:10.740,19.134,38.199
19.4.2025,4:42:11.756,20.550,38.400
19.4.2025,4:42:12.771,21.249,46.082
19.4.2025,4:42:13.775,20.876,48.040
19.4.2025,4:42:14.778,21.295,47.683
19.4.2025,4:42:15.763,19.638,48.870
19.4.2025,4:42:16.762,19.682,49.931
19.4.2025,4:42:17.761,18.946,48.777
19.4.2025,4:42:18.775,20.050,35.014
19.4.2025,4:42:19.778,20.836,44.485
19.4.2025,4:42:20.781,20.725,46.425
19.4.2025,4:42:21.779,20.842,47.900
19.4.2025,4:42:22.797,20.356,48.547
19.4.2025,4:42:23.796,19.618,49.567
19.4.2025,4:42:24.795,19.158,52.070
19.4.2025,4:42:25.797,19.714,42.585
19.4.2025,4:42:26.811,21.128,36.676
19.4.2025,4:42:27.812,21.147,47.690
19.4.2025,4:42:28.823,21.198,48.915
19.4.2025,4:42:29.810,22.590,49.616
19.4.2025,4:42:30.810,19.072,52.507
19.4.2025,4:42:31.824,19.195,40.254
19.4.2025,4:42:32.845,20.342,40.101
19.4.2025,4:42:33.847,21.075,45.969
19.4.2025,4:42:34.850,20.673,47.649
19.4.2025,4:42:35.851,21.239,48.394
19.4.2025,4:42:36.853,19.858,49.227
19.4.2025,4:42:37.853,20.097,50.708
19.4.2025,4:42:38.858,19.601,47.721
19.4.2025,4:42:39.861,20.190,32.350
19.4.2025,4:42:40.862,20.952,45.608
19.4.2025,4:42:41.865,20.839,46.972
19.4.2025,4:42:42.866,21.444,47.794
19.4.2025,4:42:43.885,20.008,49.790
19.4.2025,4:42:44.872,19.627,52.018
19.4.2025,4:42:45.888,19.106,32.896
19.4.2025,4:42:46.891,20.374,45.856
19.4.2025,4:42:47.893,21.462,46.557
19.4.2025,4:42:48.898,21.562,47.695
19.4.2025,4:42:49.887,20.766,48.506
19.4.2025,4:42:50.906,19.192,49.652
19.4.2025,4:42:51.905,19.623,53.272
19.4.2025,4:42:52.907,19.219,40.046
19.4.2025,4:42:53.926,20.782,38.252
19.4.2025,4:42:54.928,20.971,46.166
19.4.2025,4:42:55.930,21.455,48.300
19.4.2025,4:42:56.933,20.543,47.861
19.4.2025,4:42:57.935,19.675,53.176
19.4.2025,4:42:58.953,19.225,40.063
19.4.2025,4:42:59.954,19.245,37.123
19.4.2025,4:43:0.969,21.567,46.393
19.4.2025,4:43:1.972,21.406,47.524
19.4.2025,4:43:2.975,20.896,47.873
19.4.2025,4:43:3.979,20.032,48.366
19.4.2025,4:43:4.967,19.361,49.367
19.4.2025,4:43:5.969,19.178,55.392
19.4.2025,4:43:6.971,19.934,37.046
19.4.2025,4:43:7.975,21.538,47.311
19.4.2025,4:43:8.994,20.517,47.795
19.4.2025,4:43:9.996,20.864,48.258
19.4.2025,4:43:11.000,19.776,49.305
19.4.2025,4:43:12.001,19.367,55.942
19.4.2025,4:43:13.020,19.508,36.053
19.4.2025,4:43:14.021,20.838,41.328
19.4.2025,4:43:15.023,23.486,46.386
19.4.2025,4:43:16.039,22.983,42.546
19.4.2025,4:43:17.044,29.709,34.741
19.4.2025,4:43:18.059,29.550,32.775
19.4.2025,4:43:19.059,29.636,35.589
19.4.2025,4:43:20.059,29.429,39.198
19.4.2025,4:43:21.064,26.669,46.042
19.4.2025,4:43:22.066,20.989,47.165
19.4.2025,4:43:23.082,20.843,47.592
19.4.2025,4:43:24.098,19.365,48.437
19.4.2025,4:43:25.100,19.657,49.174
19.4.2025,4:43:26.102,19.126,34.271
19.4.2025,4:43:27.104,20.942,46.225
19.4.2025,4:43:28.105,20.991,47.196
19.4.2025,4:43:29.133,21.587,47.157
19.4.2025,4:43:30.134,20.506,48.476
19.4.2025,4:43:31.123,19.679,49.523
19.4.2025,4:43:32.142,19.523,54.063
19.4.2025,4:43:33.144,18.833,37.739
19.4.2025,4:43:34.145,21.065,42.457
19.4.2025,4:43:35.144,21.316,46.289
19.4.2025,4:43:36.160,20.884,47.880
19.4.2025,4:43:37.163,20.570,48.485
19.4.2025,4:43:38.165,20.310,48.898
19.4.2025,4:43:39.163,19.021,51.730
19.4.2025,4:43:40.166,19.533,45.432
19.4.2025,4:43:41.154,21.549,46.173
19.4.2025,4:43:42.170,21.001,47.826
19.4.2025,4:43:43.169,21.205,48.518
19.4.2025,4:43:44.187,20.179,49.179
19.4.2025,4:43:45.189,19.099,51.643
19.4.2025,4:43:46.204,18.978,47.682
19.4.2025,4:43:47.219,20.133,32.919
19.4.2025,4:43:48.235,20.820,45.512
19.4.2025,4:43:49.238,20.911,47.126
19.4.2025,4:43:50.240,21.353,47.659
19.4.2025,4:43:51.245,19.907,48.534
19.4.2025,4:43:52.247,19.130,49.839
19.4.2025,4:43:53.267,19.212,54.721
19.4.2025,4:43:54.268,19.387,41.056
19.4.2025,4:43:55.269,20.873,38.503
19.4.2025,4:43:56.274,20.944,46.093
19.4.2025,4:43:57.276,20.831,47.913
19.4.2025,4:43:58.277,19.725,49.651
19.4.2025,4:43:59.279,19.552,53.460
19.4.2025,4:44:0.297,18.806,40.351
19.4.2025,4:44:1.299,20.708,39.550
19.4.2025,4:44:2.301,20.886,45.846
19.4.2025,4:44:3.301,20.879,47.957
19.4.2025,4:44:4.315,20.738,48.307
19.4.2025,4:44:5.316,19.340,49.082
19.4.2025,4:44:6.331,19.798,50.054
19.4.2025,4:44:7.349,19.570,50.820
19.4.2025,4:44:8.347,19.735,32.851
19.4.2025,4:44:9.347,21.220,45.716
19.4.2025,4:44:10.348,20.647,46.726
19.4.2025,4:44:11.363,20.978,47.601
19.4.2025,4:44:12.365,19.644,48.370
19.4.2025,4:44:13.367,19.242,56.582
19.4.2025,4:44:14.370,19.482,35.903
19.4.2025,4:44:15.376,19.951,42.758
19.4.2025,4:44:16.396,21.228,46.363
19.4.2025,4:44:17.392,20.940,47.842
19.4.2025,4:44:18.411,20.959,48.538
19.4.2025,4:44:19.412,20.213,49.116
19.4.2025,4:44:20.413,19.937,51.106
19.4.2025,4:44:21.431,19.569,44.841
19.4.2025,4:44:22.430,20.200,34.672
19.4.2025,4:44:23.419,20.935,45.833
19.4.2025,4:44:24.428,21.322,48.231
19.4.2025,4:44:25.429,21.305,48.842
19.4.2025,4:44:26.424,19.512,49.790
19.4.2025,4:44:27.427,19.694,47.768
19.4.2025,4:44:28.431,19.077,33.176
19.4.2025,4:44:29.430,20.780,45.303
19.4.2025,4:44:30.430,20.618,46.963
19.4.2025,4:44:31.420,21.256,47.744
19.4.2025,4:44:32.438,20.177,48.500
19.4.2025,4:44:33.444,19.580,49.790
19.4.2025,4:44:34.447,19.370,55.119
19.4.2025,4:44:35.436,18.753,36.944
19.4.2025,4:44:36.437,21.044,41.205
19.4.2025,4:44:37.444,21.147,46.337
19.4.2025,4:44:38.448,21.985,47.708
19.4.2025,4:44:39.468,20.121,48.211
19.4.2025,4:44:40.468,19.208,49.492
19.4.2025,4:44:41.470,19.220,36.014
19.4.2025,4:44:42.474,20.153,42.332
19.4.2025,4:44:43.480,21.251,46.443
19.4.2025,4:44:44.480,20.970,47.606
19.4.2025,4:44:45.481,20.833,48.608
19.4.2025,4:44:46.485,18.987,49.667
19.4.2025,4:44:47.487,19.200,52.540
19.4.2025,4:44:48.504,19.544,41.146
19.4.2025,4:44:49.518,22.860,37.967
19.4.2025,4:44:50.517,20.737,46.339
19.4.2025,4:44:51.525,21.262,47.803
19.4.2025,4:44:52.528,21.235,48.321
19.4.2025,4:44:53.529,19.143,49.036
19.4.2025,4:44:54.550,19.420,50.430
19.4.2025,4:44:55.548,19.058,47.245
19.4.2025,4:44:56.551,20.853,32.522
19.4.2025,4:44:57.563,21.270,47.761
19.4.2025,4:44:58.566,21.041,47.210
19.4.2025,4:44:59.582,21.000,48.807
19.4.2025,4:45:0.584,19.979,49.341
19.4.2025,4:45:1.587,19.663,52.073
19.4.2025,4:45:2.603,19.405,34.755
19.4.2025,4:45:3.591,21.496,44.020
19.4.2025,4:45:4.592,21.058,46.523
19.4.2025,4:45:5.594,21.449,48.020
19.4.2025,4:45:6.594,20.445,48.620
19.4.2025,4:45:7.596,19.861,49.962
19.4.2025,4:45:8.599,19.752,51.663
19.4.2025,4:45:9.603,19.164,45.379
19.4.2025,4:45:10.594,20.702,35.030
19.4.2025,4:45:11.595,21.182,46.412
19.4.2025,4:45:12.599,21.439,47.906
19.4.2025,4:45:13.600,20.386,49.588
19.4.2025,4:45:14.605,19.606,50.405
19.4.2025,4:45:15.634,19.126,45.424
19.4.2025,4:45:16.637,19.218,35.755
19.4.2025,4:45:17.650,21.059,46.630
19.4.2025,4:45:18.652,21.126,47.955
19.4.2025,4:45:19.669,20.843,47.509
19.4.2025,4:45:20.672,20.312,48.453
19.4.2025,4:45:21.671,19.831,48.886
19.4.2025,4:45:22.672,18.701,54.856
19.4.2025,4:45:23.690,19.177,34.537
19.4.2025,4:45:24.691,21.196,45.460
19.4.2025,4:45:25.707,20.984,47.004
19.4.2025,4:45:26.705,21.292,47.581
19.4.2025,4:45:27.711,19.810,48.481
19.4.2025,4:45:28.712,19.768,49.652
19.4.2025,4:45:29.713,19.160,55.554
19.4.2025,4:45:30.728,20.255,37.461
19.4.2025,4:45:31.715,21.894,41.021
19.4.2025,4:45:32.720,20.841,46.342
19.4.2025,4:45:33.720,20.545,48.595
19.4.2025,4:45:34.721,20.253,49.970
19.4.2025,4:45:35.724,19.159,51.476
19.4.2025,4:45:36.723,19.063,44.435
19.4.2025,4:45:37.722,20.527,34.241
19.4.2025,4:45:38.723,21.075,46.310
19.4.2025,4:45:39.721,21.244,47.559
19.4.2025,4:45:40.724,20.873,48.196
19.4.2025,4:45:41.741,19.980,48.642
19.4.2025,4:45:42.760,19.111,49.535
19.4.2025,4:45:43.762,18.983,54.099
19.4.2025,4:45:44.783,20.924,35.837
19.4.2025,4:45:45.799,21.120,44.222
19.4.2025,4:45:46.802,21.030,46.572
19.4.2025,4:45:47.802,21.041,47.526
19.4.2025,4:45:48.801,19.882,48.566
19.4.2025,4:45:49.803,19.537,49.709
19.4.2025,4:45:50.805,19.371,52.037
19.4.2025,4:45:51.796,20.070,42.794
19.4.2025,4:45:52.792,20.805,34.554
19.4.2025,4:45:53.795,20.624,47.846
19.4.2025,4:45:54.801,21.149,48.088
19.4.2025,4:45:55.806,19.339,49.063
19.4.2025,4:45:56.796,19.391,49.999
19.4.2025,4:45:57.796,19.887,50.292
19.4.2025,4:45:58.800,19.709,34.879
19.4.2025,4:45:59.799,21.149,45.230
19.4.2025,4:46:0.804,21.165,46.665
19.4.2025,4:46:1.804,21.253,47.586
19.4.2025,4:46:2.806,19.716,48.437
19.4.2025,4:46:3.821,18.756,49.239
19.4.2025,4:46:4.837,18.902,51.494
19.4.2025,4:46:5.825,19.749,40.574
19.4.2025,4:46:6.842,21.162,45.963
19.4.2025,4:46:7.844,21.290,47.745
19.4.2025,4:46:8.843,20.488,47.799
19.4.2025,4:46:9.844,19.641,49.010
19.4.2025,4:46:10.845,19.038,50.770
19.4.2025,4:46:11.845,19.962,48.099
19.4.2025,4:46:12.844,20.095,31.518
19.4.2025,4:46:13.842,21.169,45.774
19.4.2025,4:46:14.842,20.920,47.321
19.4.2025,4:46:15.845,21.239,47.815
19.4.2025,4:46:16.862,19.827,48.480
19.4.2025,4:46:17.866,19.732,48.835
19.4.2025,4:46:18.883,19.801,54.538
19.4.2025,4:46:19.901,20.060,41.095
19.4.2025,4:46:20.901,20.975,38.830
19.4.2025,4:46:21.917,20.988,46.401
19.4.2025,4:46:22.920,22.088,48.396
19.4.2025,4:46:23.924,21.742,49.739
19.4.2025,4:46:24.927,19.419,53.368
19.4.2025,4:46:25.927,19.853,40.110
19.4.2025,4:46:26.932,19.476,37.096
19.4.2025,4:46:27.931,21.424,46.336
19.4.2025,4:46:28.931,20.744,48.155
19.4.2025,4:46:29.919,20.928,47.314
19.4.2025,4:46:30.918,21.042,48.318
19.4.2025,4:46:31.927,19.490,49.302
19.4.2025,4:46:32.927,19.427,55.505
19.4.2025,4:46:33.931,19.132,36.939
19.4.2025,4:46:34.918,20.921,41.681
19.4.2025,4:46:35.922,21.325,46.243
19.4.2025,4:46:36.938,21.094,47.638
19.4.2025,4:46:37.938,21.037,48.275
19.4.2025,4:46:38.956,19.611,55.084
19.4.2025,4:46:39.955,19.882,38.290
19.4.2025,4:46:40.973,19.152,40.127
19.4.2025,4:46:41.988,20.652,45.971
19.4.2025,4:46:42.991,21.172,48.099
19.4.2025,4:46:44.006,21.177,47.849
19.4.2025,4:46:45.010,20.847,49.122
19.4.2025,4:46:46.029,19.934,50.012
19.4.2025,4:46:47.047,18.978,48.793
19.4.2025,4:46:48.052,19.478,31.850
19.4.2025,4:46:49.055,21.685,46.067
19.4.2025,4:46:50.057,21.099,47.028
19.4.2025,4:46:51.044,20.993,47.754
19.4.2025,4:46:52.045,20.145,48.615
19.4.2025,4:46:53.047,19.826,52.663
19.4.2025,4:46:54.049,19.046,35.638
19.4.2025,4:46:55.053,19.611,43.708
19.4.2025,4:46:56.055,20.935,46.590
19.4.2025,4:46:57.057,21.268,47.992
19.4.2025,4:46:58.071,21.021,48.431
19.4.2025,4:46:59.088,19.925,49.870
19.4.2025,4:47:0.088,19.667,52.547
19.4.2025,4:47:1.101,19.427,40.056
19.4.2025,4:47:2.090,20.395,38.274
19.4.2025,4:47:3.108,20.798,45.736
19.4.2025,4:47:4.112,21.071,47.837
19.4.2025,4:47:5.115,21.010,48.116
19.4.2025,4:47:6.114,20.130,48.677
19.4.2025,4:47:7.132,19.199,44.361
19.4.2025,4:47:8.127,19.329,35.473
19.4.2025,4:47:9.132,19.757,31.990
19.4.2025,4:47:10.134,21.143,47.890
19.4.2025,4:47:11.151,20.456,47.967
19.4.2025,4:47:12.154,21.147,48.603
19.4.2025,4:47:13.170,19.600,50.119
19.4.2025,4:47:14.188,19.290,51.999
19.4.2025,4:47:15.191,19.179,35.392
19.4.2025,4:47:16.198,20.782,44.421
19.4.2025,4:47:17.205,21.210,46.784
19.4.2025,4:47:18.206,20.900,47.686
19.4.2025,4:47:19.222,21.127,48.757
19.4.2025,4:47:20.226,19.234,49.754
19.4.2025,4:47:21.225,19.452,53.592
19.4.2025,4:47:22.231,19.510,39.534
19.4.2025,4:47:23.234,21.044,39.870
19.4.2025,4:47:24.253,20.862,47.785
19.4.2025,4:47:25.253,21.040,48.379
19.4.2025,4:47:26.268,19.732,49.448
19.4.2025,4:47:27.265,19.599,54.104
19.4.2025,4:47:28.273,19.178,36.228
19.4.2025,4:47:29.290,19.540,41.432
19.4.2025,4:47:30.303,20.772,46.429
19.4.2025,4:47:31.303,20.942,47.778
19.4.2025,4:47:32.302,21.309,48.195
19.4.2025,4:47:33.304,20.273,48.785
19.4.2025,4:47:34.304,19.614,50.537
19.4.2025,4:47:35.295,19.420,45.190
19.4.2025,4:47:36.311,19.406,32.651
19.4.2025,4:47:37.313,20.783,45.442
19.4.2025,4:47:38.332,21.102,47.243
19.4.2025,4:47:39.334,21.176,47.487
19.4.2025,4:47:40.334,20.061,48.277
19.4.2025,4:47:41.352,19.576,49.350
19.4.2025,4:47:42.353,19.222,33.964
19.4.2025,4:47:43.341,19.896,45.369
19.4.2025,4:47:44.353,20.977,46.237
19.4.2025,4:47:45.354,22.766,47.357
19.4.2025,4:47:46.354,21.280,48.691
19.4.2025,4:47:47.359,19.816,49.595
19.4.2025,4:47:48.375,19.303,54.029
19.4.2025,4:47:49.395,18.745,37.844
19.4.2025,4:47:50.394,20.820,40.278
19.4.2025,4:47:51.396,21.023,46.209
19.4.2025,4:47:52.397,21.228,47.873
19.4.2025,4:47:53.398,20.426,47.568
19.4.2025,4:47:54.396,19.936,49.169
19.4.2025,4:47:55.399,19.365,39.512
19.4.2025,4:47:56.402,19.280,38.478
19.4.2025,4:47:57.399,22.717,46.148
19.4.2025,4:47:58.401,21.552,48.202
19.4.2025,4:47:59.405,21.422,47.641
19.4.2025,4:48:0.409,20.620,49.254
19.4.2025,4:48:1.422,19.596,49.932
19.4.2025,4:48:2.427,19.313,50.036
19.4.2025,4:48:3.447,19.191,32.569
19.4.2025,4:48:4.447,20.908,46.082
19.4.2025,4:48:5.448,20.531,47.265
19.4.2025,4:48:6.447,21.028,47.515
19.4.2025,4:48:7.438,19.927,48.392
19.4.2025,4:48:8.438,19.308,49.506
19.4.2025,4:48:9.442,19.808,32.137
19.4.2025,4:48:10.441,19.703,45.708
19.4.2025,4:48:11.459,21.135,46.722
19.4.2025,4:48:12.475,21.169,47.759
19.4.2025,4:48:13.492,20.834,48.424
19.4.2025,4:48:14.491,20.527,49.636
19.4.2025,4:48:15.494,19.520,52.681
19.4.2025,4:48:16.496,19.258,44.295
19.4.2025,4:48:17.499,18.892,34.792
19.4.2025,4:48:18.504,20.513,46.213
19.4.2025,4:48:19.504,21.138,47.496
19.4.2025,4:48:20.525,20.965,47.839
19.4.2025,4:48:21.525,20.024,50.525
19.4.2025,4:48:22.523,19.532,46.814
19.4.2025,4:48:23.525,19.158,33.047
19.4.2025,4:48:24.513,18.739,45.569
19.4.2025,4:48:25.512,20.884,47.084
19.4.2025,4:48:26.527,21.536,47.357
19.4.2025,4:48:27.544,20.931,48.825
19.4.2025,4:48:28.558,21.026,49.339
19.4.2025,4:48:29.574,19.898,52.890
19.4.2025,4:48:30.576,18.996,39.489
19.4.2025,4:48:31.582,18.862,39.275
19.4.2025,4:48:32.585,20.548,45.844
19.4.2025,4:48:33.589,21.409,48.230
19.4.2025,4:48:34.590,20.812,48.320
19.4.2025,4:48:35.606,19.839,48.973
19.4.2025,4:48:36.622,19.470,50.192
19.4.2025,4:48:37.640,18.737,46.267
19.4.2025,4:48:38.640,20.068,46.660
19.4.2025,4:48:39.641,21.121,47.837
19.4.2025,4:48:40.643,21.665,48.468
19.4.2025,4:48:41.645,20.729,49.553
19.4.2025,4:48:42.652,19.953,50.370
19.4.2025,4:48:43.650,20.732,45.200
19.4.2025,4:48:44.654,19.302,34.455
19.4.2025,4:48:45.657,20.021,46.412
19.4.2025,4:48:46.672,20.918,47.192
19.4.2025,4:48:47.688,21.249,47.934
19.4.2025,4:48:48.690,21.531,48.495
19.4.2025,4:48:49.706,19.623,49.570
19.4.2025,4:48:50.721,19.565,54.427
19.4.2025,4:48:51.737,19.378,37.730
19.4.2025,4:48:52.738,20.151,40.565
19.4.2025,4:48:53.736,20.312,45.787
19.4.2025,4:48:54.754,21.061,47.807
19.4.2025,4:48:55.768,21.083,49.444
19.4.2025,4:48:56.785,19.693,48.548
19.4.2025,4:48:57.786,19.308,43.632
19.4.2025,4:48:58.787,19.156,36.868
19.4.2025,4:48:59.807,25.122,40.987
19.4.2025,4:49:0.806,29.953,44.933
19.4.2025,4:49:1.805,29.464,50.253
19.4.2025,4:49:2.806,29.362,54.118
19.4.2025,4:49:3.806,29.911,54.394
19.4.2025,4:49:4.804,27.177,36.645
19.4.2025,4:49:5.804,23.033,46.341
19.4.2025,4:49:6.803,21.237,48.022
19.4.2025,4:49:7.792,20.835,47.658
19.4.2025,4:49:8.795,20.919,48.684
19.4.2025,4:49:9.797,19.483,49.819
19.4.2025,4:49:10.798,19.608,53.876
19.4.2025,4:49:11.801,19.639,35.894
19.4.2025,4:49:12.800,19.952,47.055
19.4.2025,4:49:13.802,21.069,47.573
19.4.2025,4:49:14.817,20.899,48.787
19.4.2025,4:49:15.818,20.501,49.163
19.4.2025,4:49:16.823,19.812,55.838
19.4.2025,4:49:17.828,19.653,38.571
19.4.2025,4:49:18.834,19.041,39.179
19.4.2025,4:49:19.836,19.762,46.230
19.4.2025,4:49:20.835,21.548,48.109
19.4.2025,4:49:21.848,21.078,47.544
19.4.2025,4:49:22.851,20.926,48.506
19.4.2025,4:49:23.853,20.039,49.169
19.4.2025,4:49:24.841,19.028,53.082
19.4.2025,4:49:25.847,18.899,35.271
19.4.2025,4:49:26.847,19.927,43.370
19.4.2025,4:49:27.848,20.675,47.567
19.4.2025,4:49:28.852,21.330,48.500
19.4.2025,4:49:29.855,21.073,49.247
19.4.2025,4:49:30.841,19.754,53.558
19.4.2025,4:49:31.841,21.391,36.438
19.4.2025,4:49:32.842,18.694,41.016
19.4.2025,4:49:33.847,20.760,46.225
19.4.2025,4:49:34.848,21.373,47.837
19.4.2025,4:49:35.851,21.187,47.891
19.4.2025,4:49:36.839,20.380,49.070
19.4.2025,4:49:37.844,19.751,50.712
19.4.2025,4:49:38.850,19.708,45.973
19.4.2025,4:49:39.869,21.651,33.128
19.4.2025,4:49:40.868,21.778,45.668
19.4.2025,4:49:41.868,22.913,48.178
19.4.2025,4:49:42.857,20.958,47.883
19.4.2025,4:49:43.872,19.884,50.753
19.4.2025,4:49:44.889,20.036,45.933
19.4.2025,4:49:45.903,19.542,33.874
19.4.2025,4:49:46.905,19.004,45.609
19.4.2025,4:49:47.910,20.867,46.794
19.4.2025,4:49:48.913,21.204,47.664
19.4.2025,4:49:49.931,21.685,48.708
19.4.2025,4:49:50.930,20.029,49.651
19.4.2025,4:49:51.933,19.768,54.522
19.4.2025,4:49:52.946,19.337,39.103
19.4.2025,4:49:53.944,19.396,37.073
19.4.2025,4:49:54.960,21.078,46.304
19.4.2025,4:49:55.958,20.904,47.963
19.4.2025,4:49:56.963,20.858,47.788
19.4.2025,4:49:57.967,20.067,48.810
19.4.2025,4:49:58.971,19.630,50.115
19.4.2025,4:49:59.975,19.386,35.580
19.4.2025,4:50:0.976,19.661,46.388
19.4.2025,4:50:1.989,20.858,47.553
19.4.2025,4:50:2.992,20.384,47.900
19.4.2025,4:50:3.980,20.935,48.447
19.4.2025,4:50:4.981,20.643,49.499
19.4.2025,4:50:5.998,19.597,53.227
19.4.2025,4:50:7.001,19.331,35.853
19.4.2025,4:50:8.015,19.617,43.110
19.4.2025,4:50:9.016,20.821,46.893
19.4.2025,4:50:10.018,21.084,48.016
19.4.2025,4:50:11.036,20.714,48.507
19.4.2025,4:50:12.052,20.324,49.684
19.4.2025,4:50:13.057,19.512,54.647
19.4.2025,4:50:14.043,18.926,38.776
19.4.2025,4:50:15.046,19.157,41.219
19.4.2025,4:50:16.044,20.857,47.691
19.4.2025,4:50:17.049,21.487,48.538
19.4.2025,4:50:18.067,20.723,49.436
19.4.2025,4:50:19.065,20.026,55.163
19.4.2025,4:50:20.079,19.535,36.061
19.4.2025,4:50:21.096,19.451,42.509
19.4.2025,4:50:22.098,19.976,46.634
19.4.2025,4:50:23.101,21.391,47.789
19.4.2025,4:50:24.107,20.757,48.598
19.4.2025,4:50:25.104,20.992,49.261
19.4.2025,4:50:26.090,19.478,49.947
19.4.2025,4:50:27.094,19.526,47.640
19.4.2025,4:50:28.109,18.945,46.577
19.4.2025,4:50:29.129,19.691,48.000
19.4.2025,4:50:30.132,21.075,47.447
19.4.2025,4:50:31.148,20.933,48.357
19.4.2025,4:50:32.150,20.987,49.417
19.4.2025,4:50:33.150,19.707,54.482
19.4.2025,4:50:34.149,19.348,36.534
19.4.2025,4:50:35.166,19.497,40.603
19.4.2025,4:50:36.165,20.433,46.355
19.4.2025,4:50:37.181,20.826,47.840
19.4.2025,4:50:38.182,20.974,48.576
19.4.2025,4:50:39.171,20.712,49.902
19.4.2025,4:50:40.191,20.100,35.442
19.4.2025,4:50:41.196,19.531,39.889
19.4.2025,4:50:42.196,19.481,46.502
19.4.2025,4:50:43.197,20.782,47.658
19.4.2025,4:50:44.197,21.604,48.719
19.4.2025,4:50:45.211,21.016,49.583
19.4.2025,4:50:46.214,20.735,53.341
19.4.2025,4:50:47.215,19.696,41.240
19.4.2025,4:50:48.236,19.500,35.681
19.4.2025,4:50:49.233,19.135,46.093
19.4.2025,4:50:50.251,20.293,48.434
19.4.2025,4:50:51.255,21.281,48.025
19.4.2025,4:50:52.254,20.999,48.922
19.4.2025,4:50:53.256,20.447,49.955
19.4.2025,4:50:54.261,19.834,50.787
19.4.2025,4:50:55.281,19.386,35.871
19.4.2025,4:50:56.279,19.391,43.740
19.4.2025,4:50:57.296,20.666,46.672
19.4.2025,4:50:58.299,21.013,47.417
19.4.2025,4:50:59.299,20.939,48.485
19.4.2025,4:51:0.300,20.717,49.304
19.4.2025,4:51:1.298,19.748,55.486
19.4.2025,4:51:2.315,19.379,36.490
19.4.2025,4:51:3.316,18.766,42.009
19.4.2025,4:51:4.331,21.170,46.251
19.4.2025,4:51:5.344,21.123,48.012
19.4.2025,4:51:6.345,23.535,48.737
19.4.2025,4:51:7.348,20.863,54.301
19.4.2025,4:51:8.354,19.213,38.594
19.4.2025,4:51:9.354,19.301,38.717
19.4.2025,4:51:10.368,19.389,45.976
19.4.2025,4:51:11.369,20.125,47.572
19.4.2025,4:51:12.383,20.833,47.517
19.4.2025,4:51:13.401,21.344,48.404
19.4.2025,4:51:14.403,20.446,49.507
19.4.2025,4:51:15.420,19.821,55.217
19.4.2025,4:51:16.422,19.975,38.290
19.4.2025,4:51:17.423,19.034,40.694
19.4.2025,4:51:18.438,20.686,45.999
19.4.2025,4:51:19.437,21.483,47.988
19.4.2025,4:51:20.437,21.347,48.593
19.4.2025,4:51:21.435,20.845,49.288
19.4.2025,4:51:22.433,19.753,50.562
19.4.2025,4:51:23.452,19.501,44.114
19.4.2025,4:51:24.472,19.005,35.059
19.4.2025,4:51:25.476,20.124,47.656
19.4.2025,4:51:26.478,20.912,48.384
19.4.2025,4:51:27.479,21.354,49.227
19.4.2025,4:51:28.482,21.253,50.352
19.4.2025,4:51:29.498,19.827,52.420
19.4.2025,4:51:30.502,19.748,36.870
19.4.2025,4:51:31.520,19.078,42.615
19.4.2025,4:51:32.521,19.996,46.361
19.4.2025,4:51:33.538,21.200,47.698
19.4.2025,4:51:34.555,21.440,48.583
19.4.2025,4:51:35.557,20.886,48.969
19.4.2025,4:51:36.558,20.934,50.643
19.4.2025,4:51:37.561,19.368,47.546
19.4.2025,4:51:38.562,19.148,35.022
19.4.2025,4:51:39.563,20.066,46.172
19.4.2025,4:51:40.564,21.182,48.652
19.4.2025,4:51:41.568,21.164,49.639
19.4.2025,4:51:42.572,20.971,53.308
19.4.2025,4:51:43.561,19.907,41.609
19.4.2025,4:51:44.560,19.302,35.332
19.4.2025,4:51:45.563,18.840,46.324
19.4.2025,4:51:46.563,21.193,48.019
19.4.2025,4:51:47.567,20.494,47.848
19.4.2025,4:51:48.568,21.356,48.674
19.4.2025,4:51:49.570,20.745,49.734
19.4.2025,4:51:50.574,19.265,53.453
19.4.2025,4:51:51.571,19.489,34.971
19.4.2025,4:51:52.573,19.478,44.078
19.4.2025,4:51:53.559,21.225,46.489
19.4.2025,4:51:54.561,21.274,47.865
19.4.2025,4:51:55.567,20.913,49.721
19.4.2025,4:51:56.570,19.444,51.215
19.4.2025,4:51:57.587,19.445,34.498
19.4.2025,4:51:58.602,19.229,43.662
19.4.2025,4:51:59.602,20.610,46.502
19.4.2025,4:52:0.589,21.408,47.354
19.4.2025,4:52:1.589,21.139,48.393
19.4.2025,4:52:2.594,20.821,49.630
19.4.2025,4:52:3.593,19.087,50.601
19.4.2025,4:52:4.595,19.616,45.846
19.4.2025,4:52:5.610,19.546,34.397
19.4.2025,4:52:6.625,20.424,46.465
19.4.2025,4:52:7.627,21.451,47.632
19.4.2025,4:52:8.644,21.260,47.575
19.4.2025,4:52:9.645,20.962,48.538
19.4.2025,4:52:10.664,19.618,49.439
19.4.2025,4:52:11.681,19.465,33.105
19.4.2025,4:52:12.682,19.036,45.538
19.4.2025,4:52:13.697,19.680,46.475
19.4.2025,4:52:14.698,21.090,47.705
19.4.2025,4:52:15.687,21.036,48.705
19.4.2025,4:52:16.706,21.261,49.280
19.4.2025,4:52:17.722,20.103,50.883
19.4.2025,4:52:18.726,19.292,49.669
19.4.2025,4:52:19.728,18.840,33.057
19.4.2025,4:52:20.728,20.261,45.795
19.4.2025,4:52:21.718,20.794,46.376
19.4.2025,4:52:22.720,21.203,47.726
19.4.2025,4:52:23.723,21.281,49.612
19.4.2025,4:52:24.719,20.230,54.524
19.4.2025,4:52:25.724,19.264,36.539
19.4.2025,4:52:26.727,19.526,40.790
19.4.2025,4:52:27.717,19.826,46.051
19.4.2025,4:52:28.718,21.115,48.121
19.4.2025,4:52:29.719,21.312,48.193
19.4.2025,4:52:30.721,21.509,48.983
19.4.2025,4:52:31.721,20.061,50.178
19.4.2025,4:52:32.724,19.515,48.708
19.4.2025,4:52:33.726,19.116,34.420
19.4.2025,4:52:34.714,19.624,45.834
19.4.2025,4:52:35.716,21.630,46.791
19.4.2025,4:52:36.720,21.208,48.325
19.4.2025,4:52:37.720,21.456,48.457
19.4.2025,4:52:38.723,20.512,53.686
19.4.2025,4:52:39.721,19.554,37.683
19.4.2025,4:52:40.723,22.807,42.618
19.4.2025,4:52:41.723,19.536,46.895
19.4.2025,4:52:42.726,21.138,47.670
19.4.2025,4:52:43.716,21.782,48.488
19.4.2025,4:52:44.719,21.100,49.717
19.4.2025,4:52:45.719,19.713,52.659
19.4.2025,4:52:46.718,19.380,41.102
19.4.2025,4:52:47.720,18.857,37.921
19.4.2025,4:52:48.719,20.411,46.561
19.4.2025,4:52:49.718,21.204,47.644
19.4.2025,4:52:50.732,21.222,47.733
19.4.2025,4:52:51.737,21.113,48.579
19.4.2025,4:52:52.738,19.928,49.192
19.4.2025,4:52:53.742,19.547,31.905
19.4.2025,4:52:54.758,19.010,35.587
19.4.2025,4:52:55.759,19.818,40.443
19.4.2025,4:52:56.775,21.180,47.655
19.4.2025,4:52:57.777,21.055,48.750
19.4.2025,4:52:58.794,21.308,49.764
19.4.2025,4:52:59.793,20.350,52.495
19.4.2025,4:53:0.795,19.515,43.977
19.4.2025,4:53:1.798,19.245,36.105
19.4.2025,4:53:2.816,19.549,46.130
19.4.2025,4:53:3.818,21.043,47.774
19.4.2025,4:53:4.835,21.257,47.866
19.4.2025,4:53:5.854,20.991,48.329
19.4.2025,4:53:6.854,20.596,49.721
19.4.2025,4:53:7.872,19.299,53.785
19.4.2025,4:53:8.889,19.116,39.537
19.4.2025,4:53:9.890,19.539,40.109
19.4.2025,4:53:10.897,21.396,46.193
19.4.2025,4:53:11.899,21.367,48.114
19.4.2025,4:53:12.917,21.228,47.882
19.4.2025,4:53:13.917,20.307,53.781
19.4.2025,4:53:14.904,19.456,43.416
19.4.2025,4:53:15.918,19.199,35.843
19.4.2025,4:53:16.931,19.782,46.085
19.4.2025,4:53:17.935,21.178,47.190
19.4.2025,4:53:18.939,21.048,47.641
19.4.2025,4:53:19.941,21.240,48.663
19.4.2025,4:53:20.943,20.468,49.488
19.4.2025,4:53:21.960,19.071,54.059
19.4.2025,4:53:22.977,18.938,38.019
19.4.2025,4:53:23.965,19.469,46.705
19.4.2025,4:53:24.981,21.194,47.779
19.4.2025,4:53:25.996,21.384,48.719
19.4.2025,4:53:27.010,20.743,49.587
19.4.2025,4:53:28.013,20.407,55.352
19.4.2025,4:53:29.015,19.056,38.012
19.4.2025,4:53:30.016,19.405,38.424
19.4.2025,4:53:31.020,19.583,46.607
19.4.2025,4:53:32.020,20.827,48.171
19.4.2025,4:53:33.020,21.093,47.599
19.4.2025,4:53:34.024,20.595,48.884
19.4.2025,4:53:35.040,20.788,49.547
19.4.2025,4:53:36.029,19.778,54.444
19.4.2025,4:53:37.032,19.740,37.892
19.4.2025,4:53:38.037,18.611,43.112
19.4.2025,4:53:39.049,21.169,46.665
19.4.2025,4:53:40.050,20.845,47.598
19.4.2025,4:53:41.050,21.035,48.691
19.4.2025,4:53:42.055,21.471,49.393
19.4.2025,4:53:43.057,20.337,50.822
19.4.2025,4:53:44.057,19.426,47.815
19.4.2025,4:53:45.045,19.272,46.024
19.4.2025,4:53:46.048,20.218,47.762
19.4.2025,4:53:47.046,20.906,47.550
19.4.2025,4:53:48.062,21.132,48.474
19.4.2025,4:53:49.075,20.595,49.618
19.4.2025,4:53:50.098,19.907,55.591
19.4.2025,4:53:51.103,19.577,38.975
19.4.2025,4:53:52.090,19.219,39.383
19.4.2025,4:53:53.091,19.481,46.214
19.4.2025,4:53:54.094,21.155,48.231
19.4.2025,4:53:55.112,21.132,48.304
19.4.2025,4:53:56.115,21.273,48.987
19.4.2025,4:53:57.112,19.396,50.306
19.4.2025,4:53:58.113,19.267,50.518
19.4.2025,4:53:59.116,19.296,32.484
19.4.2025,4:54:0.120,20.230,45.196
19.4.2025,4:54:1.123,21.454,46.397
19.4.2025,4:54:2.137,21.018,47.724
19.4.2025,4:54:3.154,20.691,49.385
19.4.2025,4:54:4.173,20.121,49.677
19.4.2025,4:54:5.175,19.842,36.597
19.4.2025,4:54:6.180,19.334,41.808
19.4.2025,4:54:7.177,19.809,46.247
19.4.2025,4:54:8.179,20.905,48.222
19.4.2025,4:54:9.183,21.157,48.152
19.4.2025,4:54:10.184,21.250,48.838
19.4.2025,4:54:11.189,20.254,50.455
19.4.2025,4:54:12.190,19.720,51.022
19.4.2025,4:54:13.193,19.708,35.903
19.4.2025,4:54:14.209,19.091,43.423
19.4.2025,4:54:15.225,22.461,46.406
19.4.2025,4:54:16.233,21.120,47.294
19.4.2025,4:54:17.248,21.493,48.710
19.4.2025,4:54:18.264,21.074,49.143
19.4.2025,4:54:19.268,19.920,50.537
19.4.2025,4:54:20.283,19.690,45.346
19.4.2025,4:54:21.286,19.276,34.029
19.4.2025,4:54:22.289,19.720,48.086
19.4.2025,4:54:23.289,20.914,48.099
19.4.2025,4:54:24.308,21.165,48.773
19.4.2025,4:54:25.322,20.927,48.763
19.4.2025,4:54:26.321,20.758,50.088
19.4.2025,4:54:27.322,20.021,32.438
19.4.2025,4:54:28.336,19.323,45.583
19.4.2025,4:54:29.338,19.149,46.725
19.4.2025,4:54:30.341,21.151,47.861
19.4.2025,4:54:31.344,21.091,48.529
19.4.2025,4:54:32.344,21.015,49.499
19.4.2025,4:54:33.349,20.448,52.476
19.4.2025,4:54:34.350,19.860,43.792
19.4.2025,4:54:35.351,19.787,35.372
19.4.2025,4:54:36.339,19.300,46.166
19.4.2025,4:54:37.340,21.290,47.699
19.4.2025,4:54:38.358,21.028,48.103
19.4.2025,4:54:39.377,21.045,48.448
19.4.2025,4:54:40.395,20.158,47.458
19.4.2025,4:54:41.408,19.627,54.151
19.4.2025,4:54:42.425,19.463,45.499
19.4.2025,4:54:43.423,30.410,51.637
19.4.2025,4:54:44.428,29.710,40.940
19.4.2025,4:54:45.432,29.465,35.515
19.4.2025,4:54:46.419,29.773,32.928
19.4.2025,4:54:47.433,29.839,30.822
19.4.2025,4:54:48.449,18.637,45.451
19.4.2025,4:54:49.464,20.196,47.089
19.4.2025,4:54:50.457,21.308,47.592
19.4.2025,4:54:51.474,21.621,48.547
19.4.2025,4:54:52.473,21.232,49.305
19.4.2025,4:54:53.477,20.527,54.309
19.4.2025,4:54:54.465,19.228,45.459
19.4.2025,4:54:55.468,19.055,47.119
19.4.2025,4:54:56.471,19.794,47.769
19.4.2025,4:54:57.474,21.656,48.107
19.4.2025,4:54:58.479,21.143,49.733
19.4.2025,4:54:59.477,21.500,54.262
19.4.2025,4:55:0.494,19.996,39.168
19.4.2025,4:55:1.494,19.122,38.835
19.4.2025,4:55:2.496,19.462,46.469
19.4.2025,4:55:3.512,21.398,47.962
19.4.2025,4:55:4.527,20.873,48.226
19.4.2025,4:55:5.530,21.287,53.148
19.4.2025,4:55:6.544,20.792,40.593
19.4.2025,4:55:7.546,19.481,36.721
19.4.2025,4:55:8.548,19.382,46.058
19.4.2025,4:55:9.551,18.959,48.318
19.4.2025,4:55:10.555,21.829,47.918
19.4.2025,4:55:11.556,20.779,48.992
19.4.2025,4:55:12.557,21.190,50.304
19.4.2025,4:55:13.557,19.741,51.712
19.4.2025,4:55:14.544,19.302,34.204
19.4.2025,4:55:15.564,19.043,45.682
19.4.2025,4:55:16.566,19.959,46.883
19.4.2025,4:55:17.583,20.907,47.625
19.4.2025,4:55:18.596,21.200,48.401
19.4.2025,4:55:19.612,21.256,49.881
19.4.2025,4:55:20.627,20.300,53.611
19.4.2025,4:55:21.646,19.148,41.597
19.4.2025,4:55:22.650,19.619,37.198
19.4.2025,4:55:23.637,19.470,46.323
19.4.2025,4:55:24.642,21.145,48.291
19.4.2025,4:55:25.642,20.883,47.565
19.4.2025,4:55:26.643,21.058,48.347
19.4.2025,4:55:27.641,20.717,45.394
19.4.2025,4:55:28.660,19.195,34.834
19.4.2025,4:55:29.663,18.651,46.241
19.4.2025,4:55:30.663,19.461,47.779
19.4.2025,4:55:31.679,21.153,46.425
19.4.2025,4:55:32.677,20.994,47.754
19.4.2025,4:55:33.680,21.209,49.317
19.4.2025,4:55:34.680,20.821,49.163
19.4.2025,4:55:35.678,19.588,38.076
19.4.2025,4:55:36.681,19.631,41.742
19.4.2025,4:55:37.681,19.369,46.417
19.4.2025,4:55:38.682,21.088,47.865
19.4.2025,4:55:39.670,21.120,48.452
19.4.2025,4:55:40.672,21.037,49.601
19.4.2025,4:55:41.671,20.624,51.682
19.4.2025,4:55:42.669,20.045,44.349
19.4.2025,4:55:43.684,18.985,34.929
19.4.2025,4:55:44.686,18.749,46.471
19.4.2025,4:55:45.701,21.011,48.007
19.4.2025,4:55:46.720,21.505,48.038
19.4.2025,4:55:47.723,20.924,48.451
19.4.2025,4:55:48.728,21.307,49.438
19.4.2025,4:55:49.731,21.197,54.297
19.4.2025,4:55:50.747,20.301,36.667
19.4.2025,4:55:51.762,19.555,43.809
19.4.2025,4:55:52.781,20.801,46.543
19.4.2025,4:55:53.797,21.157,48.715
19.4.2025,4:55:54.796,20.956,49.663
19.4.2025,4:55:55.797,20.639,49.284
19.4.2025,4:55:56.797,19.276,39.818
19.4.2025,4:55:57.812,20.121,37.971
19.4.2025,4:55:58.820,19.163,46.266
19.4.2025,4:55:59.822,20.685,48.428
19.4.2025,4:56:0.825,21.343,48.106
19.4.2025,4:56:1.841,21.545,48.729
19.4.2025,4:56:2.850,20.532,48.947
19.4.2025,4:56:3.867,19.413,54.608
19.4.2025,4:56:4.856,18.951,36.632
19.4.2025,4:56:5.859,19.014,42.827
19.4.2025,4:56:6.877,20.718,46.299
19.4.2025,4:56:7.880,21.205,47.695
19.4.2025,4:56:8.880,21.205,48.312
19.4.2025,4:56:9.879,20.458,49.652
19.4.2025,4:56:10.882,19.960,51.338
19.4.2025,4:56:11.896,19.141,41.677
19.4.2025,4:56:12.901,19.651,36.148
19.4.2025,4:56:13.902,20.806,47.686
19.4.2025,4:56:14.919,21.449,48.653
19.4.2025,4:56:15.923,21.106,49.168
19.4.2025,4:56:16.925,20.009,50.234
19.4.2025,4:56:17.926,19.964,47.024
19.4.2025,4:56:18.930,19.228,33.563
19.4.2025,4:56:19.919,20.109,45.380
19.4.2025,4:56:20.931,21.085,47.021
19.4.2025,4:56:21.923,21.277,47.619
19.4.2025,4:56:22.941,20.985,48.501
19.4.2025,4:56:23.944,19.659,49.790
19.4.2025,4:56:24.945,19.005,54.207
19.4.2025,4:56:25.935,18.826,45.682
19.4.2025,4:56:26.936,20.475,46.451
19.4.2025,4:56:27.935,21.326,47.888
19.4.2025,4:56:28.952,21.072,48.553
19.4.2025,4:56:29.968,21.037,49.259
19.4.2025,4:56:30.967,19.620,53.573
19.4.2025,4:56:31.986,19.329,41.092
19.4.2025,4:56:32.986,19.367,36.817
19.4.2025,4:56:33.999,20.278,46.227
19.4.2025,4:56:35.019,21.178,48.233
19.4.2025,4:56:36.019,21.215,48.503
19.4.2025,4:56:37.022,20.816,48.683
19.4.2025,4:56:38.023,19.691,49.001
19.4.2025,4:56:39.011,19.512,52.023
19.4.2025,4:56:40.012,19.404,34.595
19.4.2025,4:56:41.016,21.062,47.802
19.4.2025,4:56:42.019,21.453,47.548
19.4.2025,4:56:43.018,21.326,48.279
19.4.2025,4:56:44.019,20.602,48.849
19.4.2025,4:56:45.021,19.751,55.381
19.4.2025,4:56:46.027,19.705,38.056
19.4.2025,4:56:47.013,19.292,41.944
19.4.2025,4:56:48.016,21.389,46.491
19.4.2025,4:56:49.015,21.282,47.871
19.4.2025,4:56:50.017,21.524,48.465
19.4.2025,4:56:51.034,19.458,49.560
19.4.2025,4:56:52.030,19.565,51.233
19.4.2025,4:56:53.030,19.360,43.586
19.4.2025,4:56:54.046,19.692,34.862
19.4.2025,4:56:55.050,21.495,46.206
19.4.2025,4:56:56.053,21.320,47.616
19.4.2025,4:56:57.054,21.012,47.965
19.4.2025,4:56:58.042,19.701,51.250
19.4.2025,4:56:59.045,19.447,42.897
19.4.2025,4:57:0.046,19.836,36.116
19.4.2025,4:57:1.051,19.680,46.385
19.4.2025,4:57:2.054,21.023,47.967
19.4.2025,4:57:3.055,21.235,47.416
19.4.2025,4:57:4.044,20.856,48.674
19.4.2025,4:57:5.047,20.399,49.208
19.4.2025,4:57:6.049,19.612,55.646
19.4.2025,4:57:7.048,19.554,36.555
19.4.2025,4:57:8.052,19.983,41.691
19.4.2025,4:57:9.066,21.090,46.369
19.4.2025,4:57:10.067,21.373,47.539
19.4.2025,4:57:11.082,20.724,48.546
19.4.2025,4:57:12.081,19.653,49.011
19.4.2025,4:57:13.100,19.398,50.283
19.4.2025,4:57:14.092,19.252,45.233
19.4.2025,4:57:15.092,20.390,35.272
19.4.2025,4:57:16.096,21.026,47.734
19.4.2025,4:57:17.098,20.870,48.664
19.4.2025,4:57:18.099,21.098,49.309
19.4.2025,4:57:19.103,19.660,50.794
19.4.2025,4:57:20.104,19.541,47.211
19.4.2025,4:57:21.107,19.194,33.086
19.4.2025,4:57:22.115,20.979,46.176
19.4.2025,4:57:23.129,22.530,47.524
19.4.2025,4:57:24.130,23.278,47.888
19.4.2025,4:57:25.147,20.575,48.724
19.4.2025,4:57:26.150,18.983,49.113
19.4.2025,4:57:27.150,19.861,34.553
19.4.2025,4:57:28.153,19.688,46.032
19.4.2025,4:57:29.172,21.201,47.575
19.4.2025,4:57:30.189,21.173,47.592
19.4.2025,4:57:31.186,21.322,48.582
19.4.2025,4:57:32.187,20.050,49.709
19.4.2025,4:57:33.187,19.703,51.622
19.4.2025,4:57:34.200,19.266,32.533
19.4.2025,4:57:35.203,19.445,45.537
19.4.2025,4:57:36.222,20.997,46.566
19.4.2025,4:57:37.222,21.456,47.769
19.4.2025,4:57:38.237,21.032,48.503
19.4.2025,4:57:39.238,20.262,49.809
19.4.2025,4:57:40.251,19.650,53.756
19.4.2025,4:57:41.267,19.380,39.359
19.4.2025,4:57:42.280,19.685,40.999
19.4.2025,4:57:43.297,21.003,46.107
19.4.2025,4:57:44.301,21.269,48.054
19.4.2025,4:57:45.297,21.378,48.314
19.4.2025,4:57:46.315,20.078,49.123
19.4.2025,4:57:47.315,19.891,50.790
19.4.2025,4:57:48.332,19.789,46.655
19.4.2025,4:57:49.335,19.590,46.060
19.4.2025,4:57:50.350,21.579,47.890
19.4.2025,4:57:51.352,21.304,48.220
19.4.2025,4:57:52.340,21.027,49.348
19.4.2025,4:57:53.353,20.200,51.383
19.4.2025,4:57:54.341,19.128,44.490
19.4.2025,4:57:55.346,18.995,35.451
19.4.2025,4:57:56.345,19.979,46.244
19.4.2025,4:57:57.361,21.131,48.476
19.4.2025,4:57:58.364,21.265,48.358
19.4.2025,4:57:59.378,20.769,48.838
19.4.2025,4:58:0.380,20.044,51.403
19.4.2025,4:58:1.398,19.915,45.284
19.4.2025,4:58:2.400,18.830,34.446
19.4.2025,4:58:3.387,20.864,46.335
19.4.2025,4:58:4.389,20.728,47.636
19.4.2025,4:58:5.393,21.399,49.021
19.4.2025,4:58:6.395,20.374,50.164
19.4.2025,4:58:7.403,19.641,48.499
19.4.2025,4:58:8.399,19.048,32.685
19.4.2025,4:58:9.387,19.052,45.467
19.4.2025,4:58:10.416,21.273,46.897
19.4.2025,4:58:11.432,20.978,47.703
19.4.2025,4:58:12.420,21.186,48.587
19.4.2025,4:58:13.422,20.544,49.365
19.4.2025,4:58:14.425,18.962,52.094
19.4.2025,4:58:15.423,19.382,41.748
19.4.2025,4:58:16.426,19.401,37.086
19.4.2025,4:58:17.441,20.770,46.194
19.4.2025,4:58:18.458,20.858,48.124
19.4.2025,4:58:19.475,21.358,47.887
19.4.2025,4:58:20.478,20.357,49.241
19.4.2025,4:58:21.478,19.474,49.500
19.4.2025,4:58:22.493,19.917,52.923
19.4.2025,4:58:23.506,19.478,34.895
19.4.2025,4:58:24.522,20.972,44.299
19.4.2025,4:58:25.537,21.058,46.271
19.4.2025,4:58:26.538,20.854,48.643
19.4.2025,4:58:27.554,20.094,48.577
19.4.2025,4:58:28.554,18.926,52.208
19.4.2025,4:58:29.556,19.518,31.905
19.4.2025,4:58:30.544,20.346,45.127
19.4.2025,4:58:31.545,21.037,46.580
19.4.2025,4:58:32.546,21.746,47.668
19.4.2025,4:58:33.548,21.247,48.622
19.4.2025,4:58:34.546,19.671,49.730
19.4.2025,4:58:35.566,19.357,53.255
19.4.2025,4:58:36.578,19.821,38.354
19.4.2025,4:58:37.596,20.601,40.796
19.4.2025,4:58:38.602,20.812,46.366
19.4.2025,4:58:39.600,20.859,48.014
19.4.2025,4:58:40.603,21.044,48.408
19.4.2025,4:58:41.590,19.366,49.123
19.4.2025,4:58:42.609,19.522,50.496
19.4.2025,4:58:43.612,21.237,45.625
19.4.2025,4:58:44.613,21.023,34.761
19.4.2025,4:58:45.626,20.886,46.258
19.4.2025,4:58:46.627,21.076,47.627
19.4.2025,4:58:47.642,20.777,49.267
19.4.2025,4:58:48.659,19.630,49.923
19.4.2025,4:58:49.679,19.560,50.931
19.4.2025,4:58:50.676,19.151,33.430
19.4.2025,4:58:51.675,19.740,45.665
19.4.2025,4:58:52.677,20.547,46.559
19.4.2025,4:58:53.670,21.128,46.559
19.4.2025,4:58:54.672,20.876,47.726
19.4.2025,4:58:55.668,19.837,48.632
19.4.2025,4:58:56.668,18.969,49.896
19.4.2025,4:58:57.671,22.792,54.224
19.4.2025,4:58:58.672,20.087,36.687
19.4.2025,4:58:59.677,20.901,41.100
19.4.2025,4:59:0.680,21.277,46.210
19.4.2025,4:59:1.681,20.754,47.564
19.4.2025,4:59:2.697,19.421,48.857
19.4.2025,4:59:3.700,19.365,49.119
19.4.2025,4:59:4.701,18.858,50.452
19.4.2025,4:59:5.718,20.523,38.264
19.4.2025,4:59:6.720,20.542,45.792
19.4.2025,4:59:7.724,21.275,48.201
19.4.2025,4:59:8.726,20.967,48.269
19.4.2025,4:59:9.729,19.501,49.076
19.4.2025,4:59:10.715,19.541,49.962
19.4.2025,4:59:11.717,19.171,49.166
19.4.2025,4:59:12.720,20.700,31.899
19.4.2025,4:59:13.725,21.256,45.647
19.4.2025,4:59:14.729,20.915,47.108
19.4.2025,4:59:15.743,20.595,47.448
19.4.2025,4:59:16.747,19.200,48.467
19.4.2025,4:59:17.751,18.858,51.166
19.4.2025,4:59:18.764,19.505,33.713
19.4.2025,4:59:19.768,21.079,45.609
19.4.2025,4:59:20.769,21.402,46.666
19.4.2025,4:59:21.768,21.515,47.690
19.4.2025,4:59:22.770,20.602,48.740
19.4.2025,4:59:23.773,19.493,49.505
19.4.2025,4:59:24.772,18.918,52.598
19.4.2025,4:59:25.777,18.856,41.835
19.4.2025,4:59:26.763,20.954,36.888
19.4.2025,4:59:27.766,20.739,46.200
19.4.2025,4:59:28.769,21.377,47.677
19.4.2025,4:59:29.773,19.930,47.745
19.4.2025,4:59:30.774,19.734,48.462
19.4.2025,4:59:31.778,19.238,49.834
19.4.2025,4:59:32.779,19.929,34.082
19.4.2025,4:59:33.797,20.687,44.950
19.4.2025,4:59:34.813,21.593,46.461
19.4.2025,4:59:35.827,20.814,47.844
19.4.2025,4:59:36.831,20.749,48.304
19.4.2025,4:59:37.832,19.415,49.378
19.4.2025,4:59:38.846,19.550,53.472
19.4.2025,4:59:39.851,19.534,40.201
19.4.2025,4:59:40.869,20.920,36.025
19.4.2025,4:59:41.868,20.929,46.525
19.4.2025,4:59:42.869,20.711,48.275
19.4.2025,4:59:43.883,20.482,47.608
19.4.2025,4:59:44.887,19.455,48.380
19.4.2025,4:59:45.887,19.449,49.293
19.4.2025,4:59:46.892,18.733,55.426
19.4.2025,4:59:47.896,20.791,45.727
19.4.2025,4:59:48.898,20.795,46.462
19.4.2025,4:59:49.900,20.868,47.650
19.4.2025,4:59:50.888,20.155,48.672
19.4.2025,4:59:51.890,19.440,49.598
19.4.2025,4:59:52.905,18.867,53.451
19.4.2025,4:59:53.910,19.577,40.049
19.4.2025,4:59:54.913,21.229,36.963
19.4.2025,4:59:55.928,21.357,46.397
19.4.2025,4:59:56.932,20.914,48.164
19.4.2025,4:59:57.918,20.111,47.721
19.4.2025,4:59:58.923,19.396,48.728
19.4.2025,4:59:59.926,18.915,45.834
19.4.2025,5:0:0.947,20.154,33.071
19.4.2025,5:0:1.946,20.690,45.901
19.4.2025,5:0:2.949,21.086,46.568
19.4.2025,5:0:3.967,21.469,47.735
19.4.2025,5:0:4.967,19.245,48.412
19.4.2025,5:0:5.966,20.267,49.875
19.4.2025,5:0:6.967,18.465,51.583
19.4.2025,5:0:7.966,20.368,44.129
19.4.2025,5:0:8.983,21.819,35.438
19.4.2025,5:0:9.997,21.308,46.413
19.4.2025,5:0:10.997,20.844,47.896
19.4.2025,5:0:12.013,20.072,48.117
19.4.2025,5:0:13.018,19.407,48.992
19.4.2025,5:0:14.036,19.667,49.712
19.4.2025,5:0:15.055,20.007,45.531
19.4.2025,5:0:16.056,21.025,47.044
19.4.2025,5:0:17.057,21.230,47.795
19.4.2025,5:0:18.070,20.126,48.470
19.4.2025,5:0:19.060,19.516,48.470
19.4.2025,5:0:20.061,19.915,49.179
19.4.2025,5:0:21.062,19.049,54.884
19.4.2025,5:0:22.079,20.982,38.365
19.4.2025,5:0:23.084,20.868,40.787
19.4.2025,5:0:24.088,20.663,46.227
19.4.2025,5:0:25.089,20.474,47.707
19.4.2025,5:0:26.104,19.226,48.774
19.4.2025,5:0:27.106,29.578,34.259
19.4.2025,5:0:28.115,29.294,35.571
19.4.2025,5:0:29.107,29.736,38.489
19.4.2025,5:0:30.114,29.802,42.405
19.4.2025,5:0:31.123,29.749,40.274
19.4.2025,5:0:32.138,21.922,55.915
19.4.2025,5:0:33.142,19.546,37.095
19.4.2025,5:0:34.144,20.928,42.039
19.4.2025,5:0:35.150,21.153,46.330
19.4.2025,5:0:36.166,21.111,48.124
19.4.2025,5:0:37.181,19.838,48.741
19.4.2025,5:0:38.180,19.666,49.673
19.4.2025,5:0:39.180,19.327,53.086
19.4.2025,5:0:40.182,20.138,41.001
19.4.2025,5:0:41.188,21.327,36.053
19.4.2025,5:0:42.206,21.266,46.215
19.4.2025,5:0:43.210,21.260,47.775
19.4.2025,5:0:44.211,19.483,49.483
19.4.2025,5:0:45.225,19.806,50.583
19.4.2025,5:0:46.238,19.443,44.724
19.4.2025,5:0:47.242,20.121,35.563
19.4.2025,5:0:48.230,20.462,46.233
19.4.2025,5:0:49.232,20.657,47.610
19.4.2025,5:0:50.235,21.156,47.492
19.4.2025,5:0:51.253,19.335,48.341
19.4.2025,5:0:52.271,19.026,49.325
19.4.2025,5:0:53.273,19.424,51.814
19.4.2025,5:0:54.272,21.649,36.207
19.4.2025,5:0:55.274,21.269,43.479
19.4.2025,5:0:56.277,20.789,46.519
19.4.2025,5:0:57.277,20.155,47.706
19.4.2025,5:0:58.293,20.085,48.814
19.4.2025,5:0:59.295,19.485,49.847
19.4.2025,5:1:0.309,20.539,53.673
19.4.2025,5:1:1.312,21.201,42.682
19.4.2025,5:1:2.313,21.193,46.456
19.4.2025,5:1:3.316,20.859,47.885
19.4.2025,5:1:4.319,19.583,48.269
19.4.2025,5:1:5.334,19.623,49.178
19.4.2025,5:1:6.338,19.448,50.281
19.4.2025,5:1:7.338,19.988,49.094
19.4.2025,5:1:8.342,21.316,33.282
19.4.2025,5:1:9.342,21.291,45.502
19.4.2025,5:1:10.358,20.736,46.841
19.4.2025,5:1:11.375,20.239,47.391
19.4.2025,5:1:12.379,19.344,48.341
19.4.2025,5:1:13.383,19.145,49.796
19.4.2025,5:1:14.387,19.753,51.581
19.4.2025,5:1:15.389,21.259,44.256
19.4.2025,5:1:16.390,21.865,46.121
19.4.2025,5:1:17.394,21.341,47.613
19.4.2025,5:1:18.396,19.662,48.446
19.4.2025,5:1:19.412,19.456,49.639
19.4.2025,5:1:20.427,19.241,51.331
19.4.2025,5:1:21.427,20.580,44.164
19.4.2025,5:1:22.426,20.824,34.028
19.4.2025,5:1:23.427,21.192,46.137
19.4.2025,5:1:24.428,21.099,47.761
19.4.2025,5:1:25.426,19.673,47.622
19.4.2025,5:1:26.428,19.957,48.560
19.4.2025,5:1:27.439,19.963,49.873
19.4.2025,5:1:28.455,19.444,54.958
19.4.2025,5:1:29.471,21.290,37.781
19.4.2025,5:1:30.486,21.648,47.361
19.4.2025,5:1:31.507,21.452,47.782
19.4.2025,5:1:32.496,19.960,48.631
19.4.2025,5:1:33.515,19.488,49.504
19.4.2025,5:1:34.516,19.200,55.361
19.4.2025,5:1:35.517,20.632,37.379
19.4.2025,5:1:36.521,21.135,40.080
19.4.2025,5:1:37.538,20.972,46.180
19.4.2025,5:1:38.541,20.463,48.012
19.4.2025,5:1:39.557,20.127,48.333
19.4.2025,5:1:40.544,19.188,49.313
19.4.2025,5:1:41.552,19.511,50.918
19.4.2025,5:1:42.551,19.805,47.199
19.4.2025,5:1:43.567,20.787,46.048
19.4.2025,5:1:44.587,21.239,48.359
19.4.2025,5:1:45.592,21.167,48.385
19.4.2025,5:1:46.595,19.146,48.568
19.4.2025,5:1:47.595,19.647,49.528
19.4.2025,5:1:48.593,19.929,51.656
19.4.2025,5:1:49.595,20.409,33.672
19.4.2025,5:1:50.599,21.317,45.691
19.4.2025,5:1:51.616,21.369,46.638
19.4.2025,5:1:52.616,21.138,47.643
19.4.2025,5:1:53.605,19.869,48.469
19.4.2025,5:1:54.613,20.143,49.667
19.4.2025,5:1:55.613,19.609,53.285
19.4.2025,5:1:56.628,20.359,40.366
19.4.2025,5:1:57.627,21.004,37.844
19.4.2025,5:1:58.632,20.920,46.144
19.4.2025,5:1:59.637,20.708,48.294
19.4.2025,5:2:0.639,19.752,48.350
19.4.2025,5:2:1.640,19.409,54.120
19.4.2025,5:2:2.642,19.414,39.886
19.4.2025,5:2:3.657,21.616,39.075
19.4.2025,5:2:4.677,21.259,46.054
19.4.2025,5:2:5.682,21.045,47.602
19.4.2025,5:2:6.667,22.638,47.599
19.4.2025,5:2:7.687,20.648,48.856
19.4.2025,5:2:8.687,19.672,49.787
19.4.2025,5:2:9.687,19.169,52.017
19.4.2025,5:2:10.687,20.948,33.992
19.4.2025,5:2:11.705,21.609,44.425
19.4.2025,5:2:12.707,21.363,46.319
19.4.2025,5:2:13.725,20.380,47.916
19.4.2025,5:2:14.725,19.634,48.493
19.4.2025,5:2:15.724,19.427,49.714
19.4.2025,5:2:16.728,19.343,50.975
19.4.2025,5:2:17.728,20.595,41.702
19.4.2025,5:2:18.744,20.777,46.428
19.4.2025,5:2:19.760,21.384,47.627
19.4.2025,5:2:20.761,20.808,48.438
19.4.2025,5:2:21.749,19.977,48.993
19.4.2025,5:2:22.763,19.304,51.372
19.4.2025,5:2:23.776,18.967,48.700
19.4.2025,5:2:24.792,20.088,33.231
19.4.2025,5:2:25.793,21.239,46.127
19.4.2025,5:2:26.806,20.685,47.464
19.4.2025,5:2:27.805,20.877,47.744
19.4.2025,5:2:28.808,19.741,48.930
19.4.2025,5:2:29.811,20.373,49.385
19.4.2025,5:2:30.810,19.141,54.715
19.4.2025,5:2:31.816,19.921,37.171
19.4.2025,5:2:32.816,20.939,41.037
19.4.2025,5:2:33.816,21.432,45.990
19.4.2025,5:2:34.819,20.951,48.908
19.4.2025,5:2:35.819,20.001,48.176
19.4.2025,5:2:36.821,19.746,51.902
19.4.2025,5:2:37.824,18.956,40.340
19.4.2025,5:2:38.811,20.297,38.841
19.4.2025,5:2:39.815,20.921,45.832
19.4.2025,5:2:40.817,21.199,48.209
19.4.2025,5:2:41.820,20.980,48.138
19.4.2025,5:2:42.820,19.781,48.914
19.4.2025,5:2:43.823,19.165,50.287
19.4.2025,5:2:44.856,20.677,48.309
19.4.2025,5:2:45.869,20.457,32.994
19.4.2025,5:2:46.856,20.990,45.723
19.4.2025,5:2:47.859,20.995,47.660
19.4.2025,5:2:48.862,20.729,47.647
19.4.2025,5:2:49.863,19.056,48.412
19.4.2025,5:2:50.863,19.343,47.915
19.4.2025,5:2:51.863,20.084,32.575
19.4.2025,5:2:52.870,20.563,45.731
19.4.2025,5:2:53.859,20.783,45.731
19.4.2025,5:2:54.872,21.163,47.341
19.4.2025,5:2:55.888,21.021,48.361
19.4.2025,5:2:56.889,19.803,49.727
19.4.2025,5:2:57.907,19.576,53.112
19.4.2025,5:2:58.911,18.925,40.562
19.4.2025,5:2:59.930,21.186,37.467
19.4.2025,5:3:0.931,20.871,46.227
19.4.2025,5:3:1.933,20.844,47.456
19.4.2025,5:3:2.918,20.710,49.158
19.4.2025,5:3:3.921,19.474,50.891
19.4.2025,5:3:4.923,19.130,46.815
19.4.2025,5:3:5.941,19.275,35.426
19.4.2025,5:3:6.943,21.472,46.214
19.4.2025,5:3:7.958,21.015,47.802
19.4.2025,5:3:8.975,20.955,47.710
19.4.2025,5:3:9.974,20.615,48.523
19.4.2025,5:3:10.975,19.735,49.167
19.4.2025,5:3:11.975,19.837,54.525
19.4.2025,5:3:12.975,18.691,38.578
19.4.2025,5:3:13.989,20.723,40.269
19.4.2025,5:3:14.994,20.909,46.122
19.4.2025,5:3:16.008,20.991,48.059
19.4.2025,5:3:17.011,20.959,48.283
19.4.2025,5:3:18.027,18.697,48.652
19.4.2025,5:3:19.013,19.899,50.685
19.4.2025,5:3:20.015,19.652,45.487
19.4.2025,5:3:21.015,21.075,46.280
19.4.2025,5:3:22.018,20.941,47.964
19.4.2025,5:3:23.034,21.294,48.395
19.4.2025,5:3:24.036,20.251,48.977
19.4.2025,5:3:25.057,19.558,50.433
19.4.2025,5:3:26.057,19.103,50.617
19.4.2025,5:3:27.045,19.901,32.238
19.4.2025,5:3:28.057,21.361,45.313
19.4.2025,5:3:29.057,21.607,46.683
19.4.2025,5:3:30.071,21.056,47.887
19.4.2025,5:3:31.086,21.015,48.700
19.4.2025,5:3:32.103,19.976,49.944
19.4.2025,5:3:33.093,19.196,51.627
19.4.2025,5:3:34.094,19.078,42.952
19.4.2025,5:3:35.108,20.304,36.987
19.4.2025,5:3:36.114,20.691,46.064
19.4.2025,5:3:37.114,21.386,48.754
19.4.2025,5:3:38.114,20.839,48.754
19.4.2025,5:3:39.113,19.956,47.607
19.4.2025,5:3:40.114,19.661,51.792
19.4.2025,5:3:41.130,21.871,37.959
19.4.2025,5:3:42.127,20.893,46.095
19.4.2025,5:3:43.147,21.686,47.945
19.4.2025,5:3:44.149,21.358,48.115
19.4.2025,5:3:45.165,20.496,48.968
19.4.2025,5:3:46.167,19.127,50.052
19.4.2025,5:3:47.167,19.097,48.122
19.4.2025,5:3:48.170,19.571,46.483
19.4.2025,5:3:49.170,20.659,47.913
19.4.2025,5:3:50.186,21.695,48.121
19.4.2025,5:3:51.192,21.333,49.168
19.4.2025,5:3:52.193,20.244,49.831
19.4.2025,5:3:53.197,19.511,53.771
19.4.2025,5:3:54.204,19.590,34.485
19.4.2025,5:3:55.222,19.586,45.697
19.4.2025,5:3:56.226,20.962,46.583
19.4.2025,5:3:57.228,21.161,47.797
19.4.2025,5:3:58.217,21.233,48.610
19.4.2025,5:3:59.219,19.955,49.413
19.4.2025,5:4:0.222,19.498,38.823
19.4.2025,5:4:1.227,19.579,38.310
19.4.2025,5:4:2.225,19.783,46.162
19.4.2025,5:4:3.241,20.885,48.088
19.4.2025,5:4:4.240,20.924,48.516
19.4.2025,5:4:5.256,20.716,49.395
19.4.2025,5:4:6.260,21.860,52.930
19.4.2025,5:4:7.248,23.407,41.445
19.4.2025,5:4:8.250,19.558,36.588
19.4.2025,5:4:9.264,20.465,46.071
19.4.2025,5:4:10.267,21.063,47.580
19.4.2025,5:4:11.273,21.236,47.725
19.4.2025,5:4:12.287,21.099,48.706
19.4.2025,5:4:13.304,19.354,49.411
19.4.2025,5:4:14.307,19.078,51.335
19.4.2025,5:4:15.294,20.249,34.108
19.4.2025,5:4:16.312,20.941,45.298
19.4.2025,5:4:17.313,20.929,46.798
19.4.2025,5:4:18.326,21.291,47.715
19.4.2025,5:4:19.328,21.079,48.533
19.4.2025,5:4:20.330,20.129,55.906
19.4.2025,5:4:21.347,20.047,37.488
19.4.2025,5:4:22.352,19.500,41.052
19.4.2025,5:4:23.354,20.291,46.370
19.4.2025,5:4:24.340,21.653,47.715
19.4.2025,5:4:25.342,20.598,48.248
19.4.2025,5:4:26.345,20.784,48.908
19.4.2025,5:4:27.345,19.373,50.368
19.4.2025,5:4:28.348,19.297,50.920
19.4.2025,5:4:29.350,19.437,34.201
19.4.2025,5:4:30.355,20.073,47.772
19.4.2025,5:4:31.354,21.222,46.422
19.4.2025,5:4:32.356,21.425,49.014
19.4.2025,5:4:33.361,21.180,49.442
19.4.2025,5:4:34.362,19.487,51.099
19.4.2025,5:4:35.378,19.344,37.559
19.4.2025,5:4:36.395,18.598,42.678
19.4.2025,5:4:37.389,21.270,46.330
19.4.2025,5:4:38.391,21.016,47.691
19.4.2025,5:4:39.396,21.291,48.999
19.4.2025,5:4:40.396,20.284,49.486
19.4.2025,5:4:41.400,20.119,51.423
19.4.2025,5:4:42.402,19.742,44.521
19.4.2025,5:4:43.419,19.766,35.345
19.4.2025,5:4:44.440,21.573,47.945
19.4.2025,5:4:45.454,21.919,48.675
19.4.2025,5:4:46.468,21.098,49.393
19.4.2025,5:4:47.471,20.820,51.583
19.4.2025,5:4:48.473,19.737,43.402
19.4.2025,5:4:49.473,18.977,35.713
19.4.2025,5:4:50.473,19.928,46.178
19.4.2025,5:4:51.474,21.211,47.997
19.4.2025,5:4:52.478,21.124,48.043
19.4.2025,5:4:53.480,21.113,48.569
19.4.2025,5:4:54.482,20.120,49.189
19.4.2025,5:4:55.498,19.602,53.961
19.4.2025,5:4:56.516,19.363,35.321
19.4.2025,5:4:57.521,20.459,44.142
19.4.2025,5:4:58.523,20.994,46.316
19.4.2025,5:4:59.521,20.802,47.962
19.4.2025,5:5:0.524,21.419,47.934
19.4.2025,5:5:1.540,19.876,49.634
19.4.2025,5:5:2.543,18.783,52.314
19.4.2025,5:5:3.557,19.367,42.854
19.4.2025,5:5:4.544,20.245,46.266
19.4.2025,5:5:5.542,21.209,46.439
19.4.2025,5:5:6.544,21.139,48.452
19.4.2025,5:5:7.545,21.246,49.335
19.4.2025,5:5:8.546,19.713,50.526
19.4.2025,5:5:9.562,18.972,47.283
19.4.2025,5:5:10.565,19.040,32.430
19.4.2025,5:5:11.585,21.027,45.469
19.4.2025,5:5:12.601,20.609,47.199
19.4.2025,5:5:13.589,20.945,47.422
19.4.2025,5:5:14.590,20.164,48.384
19.4.2025,5:5:15.610,22.999,49.401
19.4.2025,5:5:16.612,19.438,55.273
19.4.2025,5:5:17.612,19.972,36.621
19.4.2025,5:5:18.617,21.377,40.984
19.4.2025,5:5:19.606,20.842,46.010
19.4.2025,5:5:20.626,21.004,47.758
19.4.2025,5:5:21.642,20.147,49.857
19.4.2025,5:5:22.646,19.666,53.527
19.4.2025,5:5:23.662,19.522,39.491
19.4.2025,5:5:24.681,20.256,40.322
19.4.2025,5:5:25.670,20.928,46.355
19.4.2025,5:5:26.673,21.544,47.985
19.4.2025,5:5:27.674,20.576,47.971
19.4.2025,5:5:28.674,20.665,48.611
19.4.2025,5:5:29.676,19.844,49.882
19.4.2025,5:5:30.678,19.561,35.127
19.4.2025,5:5:31.681,20.199,46.289
19.4.2025,5:5:32.683,20.754,47.321
19.4.2025,5:5:33.681,21.174,47.813
19.4.2025,5:5:34.680,21.628,48.506
19.4.2025,5:5:35.682,20.027,49.927
19.4.2025,5:5:36.670,20.055,53.742
19.4.2025,5:5:37.687,19.127,40.747
19.4.2025,5:5:38.688,19.651,36.917
19.4.2025,5:5:39.704,21.184,46.055
19.4.2025,5:5:40.718,21.598,48.276
19.4.2025,5:5:41.731,21.174,47.829
19.4.2025,5:5:42.731,20.025,48.767
19.4.2025,5:5:43.736,19.494,49.473
19.4.2025,5:5:44.752,19.283,53.397
19.4.2025,5:5:45.773,18.931,34.017
19.4.2025,5:5:46.775,20.967,44.049
19.4.2025,5:5:47.779,21.057,47.067
19.4.2025,5:5:48.784,21.290,48.407
19.4.2025,5:5:49.786,20.487,49.530
19.4.2025,5:5:50.805,19.791,53.623
19.4.2025,5:5:51.807,20.187,42.058
19.4.2025,5:5:52.807,19.518,38.568
19.4.2025,5:5:53.807,21.220,46.281
19.4.2025,5:5:54.811,20.878,47.937
19.4.2025,5:5:55.825,21.155,48.011
19.4.2025,5:5:56.828,19.724,48.444
19.4.2025,5:5:57.829,19.727,49.322
19.4.2025,5:5:58.845,19.210,54.235
19.4.2025,5:5:59.849,19.687,37.635
19.4.2025,5:6:0.851,21.216,46.985
19.4.2025,5:6:1.853,21.000,47.558
19.4.2025,5:6:2.840,21.174,48.619
19.4.2025,5:6:3.841,20.152,49.521
19.4.2025,5:6:4.844,19.448,54.888
19.4.2025,5:6:5.850,19.862,36.477
19.4.2025,5:6:6.866,19.612,40.958
19.4.2025,5:6:7.882,20.986,46.102
19.4.2025,5:6:8.897,21.236,47.878
19.4.2025,5:6:9.914,21.742,49.435
19.4.2025,5:6:10.930,29.835,55.473
19.4.2025,5:6:11.931,29.683,51.489
19.4.2025,5:6:12.929,29.732,52.377
19.4.2025,5:6:13.944,29.515,50.030
19.4.2025,5:6:14.947,28.149,47.694
19.4.2025,5:6:15.948,20.784,48.746
19.4.2025,5:6:16.952,19.577,49.173
19.4.2025,5:6:17.954,19.567,50.419
19.4.2025,5:6:18.971,19.196,47.474
19.4.2025,5:6:19.974,20.416,46.096
19.4.2025,5:6:20.971,20.781,48.080
19.4.2025,5:6:21.971,21.243,47.941
19.4.2025,5:6:22.988,20.822,48.898
19.4.2025,5:6:23.992,19.595,49.505
19.4.2025,5:6:25.010,19.046,52.018
19.4.2025,5:6:26.024,19.535,32.647
19.4.2025,5:6:27.040,20.421,45.448
19.4.2025,5:6:28.041,21.248,46.956
19.4.2025,5:6:29.042,21.148,47.829
19.4.2025,5:6:30.045,20.822,48.392
19.4.2025,5:6:31.063,19.644,49.338
19.4.2025,5:6:32.062,19.601,57.067
19.4.2025,5:6:33.062,19.136,36.895
19.4.2025,5:6:34.063,20.782,41.056
19.4.2025,5:6:35.068,21.425,45.997
19.4.2025,5:6:36.071,21.170,47.941
19.4.2025,5:6:37.087,21.485,49.506
19.4.2025,5:6:38.103,20.294,52.840
19.4.2025,5:6:39.106,18.998,41.089
19.4.2025,5:6:40.114,19.473,37.034
19.4.2025,5:6:41.125,19.854,46.321
19.4.2025,5:6:42.144,21.618,47.823
19.4.2025,5:6:43.145,21.245,47.318
19.4.2025,5:6:44.145,21.182,48.317
19.4.2025,5:6:45.149,19.458,49.592
19.4.2025,5:6:46.150,19.655,55.918
19.4.2025,5:6:47.138,19.116,36.775
19.4.2025,5:6:48.156,20.382,46.930
19.4.2025,5:6:49.173,21.116,47.558
19.4.2025,5:6:50.191,24.348,48.611
19.4.2025,5:6:51.187,21.006,49.331
19.4.2025,5:6:52.190,20.004,55.372
19.4.2025,5:6:53.207,18.839,37.020
19.4.2025,5:6:54.211,19.234,42.463
19.4.2025,5:6:55.225,21.199,46.766
19.4.2025,5:6:56.227,21.006,47.968
19.4.2025,5:6:57.229,21.068,48.220
19.4.2025,5:6:58.250,20.830,49.334
19.4.2025,5:6:59.251,19.136,51.025
19.4.2025,5:7:0.253,19.541,44.213
19.4.2025,5:7:1.272,19.738,46.059
19.4.2025,5:7:2.272,21.160,48.036
19.4.2025,5:7:3.276,21.625,47.732
19.4.2025,5:7:4.276,20.694,48.991
19.4.2025,5:7:5.264,20.385,49.708
19.4.2025,5:7:6.282,19.330,54.130
19.4.2025,5:7:7.285,19.278,34.427
19.4.2025,5:7:8.289,20.040,44.978
19.4.2025,5:7:9.301,21.292,46.462
19.4.2025,5:7:10.307,21.135,48.458
19.4.2025,5:7:11.323,21.292,48.899
19.4.2025,5:7:12.309,20.202,49.614
19.4.2025,5:7:13.311,19.630,35.710
19.4.2025,5:7:14.311,19.477,44.801
19.4.2025,5:7:15.312,20.572,46.702
19.4.2025,5:7:16.316,21.081,47.508
19.4.2025,5:7:17.317,21.257,48.424
19.4.2025,5:7:18.317,20.544,49.659
19.4.2025,5:7:19.332,19.749,52.890
19.4.2025,5:7:20.347,19.844,41.542
19.4.2025,5:7:21.362,19.287,35.958
19.4.2025,5:7:22.363,20.535,46.399
19.4.2025,5:7:23.380,21.314,47.789
19.4.2025,5:7:24.380,20.898,47.405
19.4.2025,5:7:25.383,20.417,50.592
19.4.2025,5:7:26.386,19.650,47.296
19.4.2025,5:7:27.387,19.558,33.248
19.4.2025,5:7:28.391,19.741,45.735
19.4.2025,5:7:29.393,21.302,46.936
19.4.2025,5:7:30.394,21.608,47.868
19.4.2025,5:7:31.395,21.034,48.748
19.4.2025,5:7:32.400,20.572,49.605
19.4.2025,5:7:33.397,20.079,53.392
19.4.2025,5:7:34.399,19.492,40.444
19.4.2025,5:7:35.386,19.017,35.274
19.4.2025,5:7:36.387,21.020,46.079
19.4.2025,5:7:37.390,22.199,48.834
19.4.2025,5:7:38.407,21.274,49.502
19.4.2025,5:7:39.422,20.237,50.901
19.4.2025,5:7:40.424,18.929,45.696
19.4.2025,5:7:41.439,19.063,32.608
19.4.2025,5:7:42.442,19.755,45.647
19.4.2025,5:7:43.444,20.839,46.758
19.4.2025,5:7:44.447,21.309,47.730
19.4.2025,5:7:45.435,21.010,48.505
19.4.2025,5:7:46.435,19.739,49.678
19.4.2025,5:7:47.439,19.994,53.447
19.4.2025,5:7:48.457,19.302,39.557
19.4.2025,5:7:49.472,20.527,39.120
19.4.2025,5:7:50.473,21.127,46.113
19.4.2025,5:7:51.473,21.300,48.856
19.4.2025,5:7:52.470,21.326,49.264
19.4.2025,5:7:53.473,19.964,52.377
19.4.2025,5:7:54.474,20.361,44.839
19.4.2025,5:7:55.476,19.271,33.240
19.4.2025,5:7:56.478,20.153,45.939
19.4.2025,5:7:57.465,21.313,46.843
19.4.2025,5:7:58.465,20.907,47.693
19.4.2025,5:7:59.467,21.386,48.707
19.4.2025,5:8:0.468,20.482,49.489
19.4.2025,5:8:1.469,19.567,52.586
19.4.2025,5:8:2.471,19.198,42.610
19.4.2025,5:8:3.471,19.554,46.387
19.4.2025,5:8:4.471,20.690,47.570
19.4.2025,5:8:5.469,20.936,48.446
19.4.2025,5:8:6.488,21.167,49.612
19.4.2025,5:8:7.504,19.860,55.344
19.4.2025,5:8:8.520,19.547,38.021
19.4.2025,5:8:9.519,19.490,38.505
19.4.2025,5:8:10.517,20.276,46.213
19.4.2025,5:8:11.519,20.717,47.949
19.4.2025,5:8:12.522,20.962,47.944
19.4.2025,5:8:13.524,20.772,49.122
19.4.2025,5:8:14.537,20.044,50.076
19.4.2025,5:8:15.552,19.834,47.260
19.4.2025,5:8:16.566,19.664,33.045
19.4.2025,5:8:17.582,20.425,45.467
19.4.2025,5:8:18.585,20.908,46.357
19.4.2025,5:8:19.589,21.135,47.884
19.4.2025,5:8:20.588,20.422,49.601
19.4.2025,5:8:21.578,19.591,53.459
19.4.2025,5:8:22.595,19.726,34.769
19.4.2025,5:8:23.612,19.486,43.220
19.4.2025,5:8:24.613,23.240,46.285
19.4.2025,5:8:25.617,20.800,47.816
19.4.2025,5:8:26.605,21.474,48.683
19.4.2025,5:8:27.626,20.582,49.774
19.4.2025,5:8:28.630,19.378,53.055
19.4.2025,5:8:29.649,19.387,41.138
19.4.2025,5:8:30.639,19.117,35.288
19.4.2025,5:8:31.642,21.301,46.371
19.4.2025,5:8:32.643,21.058,48.440
19.4.2025,5:8:33.648,20.999,49.176
19.4.2025,5:8:34.652,20.133,51.401
19.4.2025,5:8:35.658,20.392,46.830
19.4.2025,5:8:36.658,18.976,32.412
19.4.2025,5:8:37.657,19.200,45.508
19.4.2025,5:8:38.672,21.094,47.288
19.4.2025,5:8:39.672,21.797,48.108
19.4.2025,5:8:40.672,21.180,48.571
19.4.2025,5:8:41.676,20.952,49.331
19.4.2025,5:8:42.693,20.490,53.366
19.4.2025,5:8:43.707,19.376,40.035
19.4.2025,5:8:44.725,19.413,38.133
19.4.2025,5:8:45.741,20.361,46.359
19.4.2025,5:8:46.741,21.255,47.765
19.4.2025,5:8:47.730,21.592,48.488
19.4.2025,5:8:48.747,20.782,49.054
19.4.2025,5:8:49.747,19.850,50.389
19.4.2025,5:8:50.755,19.635,48.845
19.4.2025,5:8:51.768,19.391,32.010
19.4.2025,5:8:52.769,20.958,45.465
19.4.2025,5:8:53.769,20.986,46.445
19.4.2025,5:8:54.775,21.251,49.067
19.4.2025,5:8:55.777,19.926,49.863
19.4.2025,5:8:56.781,19.437,50.752
19.4.2025,5:8:57.783,19.624,34.643
19.4.2025,5:8:58.786,19.931,45.272
19.4.2025,5:8:59.789,20.658,46.329
19.4.2025,5:9:0.790,21.591,47.970
19.4.2025,5:9:1.780,21.053,48.697
19.4.2025,5:9:2.782,20.117,49.766
19.4.2025,5:9:3.797,19.935,51.166
19.4.2025,5:9:4.799,19.681,44.960
19.4.2025,5:9:5.801,20.110,35.671
19.4.2025,5:9:6.803,21.066,46.324
19.4.2025,5:9:7.821,20.783,48.421
19.4.2025,5:9:8.823,21.211,49.179
19.4.2025,5:9:9.824,20.281,51.694
19.4.2025,5:9:10.840,19.787,44.937
19.4.2025,5:9:11.859,19.188,34.696
19.4.2025,5:9:12.861,20.220,46.177
19.4.2025,5:9:13.861,20.940,48.382
19.4.2025,5:9:14.864,20.927,47.841
19.4.2025,5:9:15.885,20.742,48.788
19.4.2025,5:9:16.896,19.621,49.987
19.4.2025,5:9:17.911,19.926,48.797
19.4.2025,5:9:18.917,19.666,35.955
19.4.2025,5:9:19.904,20.483,44.636
19.4.2025,5:9:20.919,21.189,46.627
19.4.2025,5:9:21.935,21.226,47.752
19.4.2025,5:9:22.938,20.067,48.330
19.4.2025,5:9:23.941,19.653,55.674
19.4.2025,5:9:24.960,19.353,36.481
19.4.2025,5:9:25.975,19.580,39.612
19.4.2025,5:9:26.967,20.503,45.874
19.4.2025,5:9:27.971,20.980,48.370
19.4.2025,5:9:28.973,21.424,47.956
19.4.2025,5:9:29.972,20.876,49.144
19.4.2025,5:9:30.973,19.817,50.102
19.4.2025,5:9:31.996,19.319,50.574
19.4.2025,5:9:32.982,18.774,33.776
19.4.2025,5:9:33.997,20.936,44.742
19.4.2025,5:9:35.000,21.066,46.379
19.4.2025,5:9:36.019,20.568,47.748
19.4.2025,5:9:37.034,20.754,48.824
19.4.2025,5:9:38.047,19.670,49.797
19.4.2025,5:9:39.048,19.646,51.665
19.4.2025,5:9:40.050,19.125,40.427
19.4.2025,5:9:41.051,20.783,45.948
19.4.2025,5:9:42.067,20.658,47.880
19.4.2025,5:9:43.067,21.235,48.480
19.4.2025,5:9:44.070,20.574,48.994
19.4.2025,5:9:45.084,19.657,50.284
19.4.2025,5:9:46.100,19.447,52.036
19.4.2025,5:9:47.105,19.176,35.806
19.4.2025,5:9:48.115,20.415,44.033
19.4.2025,5:9:49.114,20.950,46.418
19.4.2025,5:9:50.112,20.982,47.546
19.4.2025,5:9:51.116,20.756,48.782
19.4.2025,5:9:52.116,19.505,49.697
19.4.2025,5:9:53.119,19.160,51.506
19.4.2025,5:9:54.115,19.297,41.130
19.4.2025,5:9:55.121,20.182,36.657
19.4.2025,5:9:56.139,20.922,46.471
19.4.2025,5:9:57.145,21.131,48.828
19.4.2025,5:9:58.149,21.290,48.994
19.4.2025,5:9:59.137,22.182,50.808
19.4.2025,5:10:0.154,19.488,45.977
19.4.2025,5:10:1.174,18.953,35.123
19.4.2025,5:10:2.192,20.633,45.984
19.4.2025,5:10:3.194,20.947,47.872
19.4.2025,5:10:4.197,21.526,47.757
19.4.2025,5:10:5.200,20.209,48.284
19.4.2025,5:10:6.216,19.115,49.295
19.4.2025,5:10:7.216,19.501,55.639
19.4.2025,5:10:8.231,18.708,36.393
19.4.2025,5:10:9.232,20.523,42.121
19.4.2025,5:10:10.247,20.733,46.297
19.4.2025,5:10:11.264,20.697,47.959
19.4.2025,5:10:12.279,20.835,48.294
19.4.2025,5:10:13.294,19.103,48.865
19.4.2025,5:10:14.310,19.066,42.875
19.4.2025,5:10:15.314,18.922,35.715
19.4.2025,5:10:16.312,20.724,46.166
19.4.2025,5:10:17.314,21.087,47.989
19.4.2025,5:10:18.318,21.347,47.103
19.4.2025,5:10:19.319,20.694,48.306
19.4.2025,5:10:20.333,20.138,49.309
19.4.2025,5:10:21.333,19.766,55.106
19.4.2025,5:10:22.350,19.314,38.013
19.4.2025,5:10:23.351,21.541,42.384
19.4.2025,5:10:24.356,21.135,46.527
19.4.2025,5:10:25.370,20.672,48.053
19.4.2025,5:10:26.370,20.883,48.260
19.4.2025,5:10:27.372,19.294,49.607
19.4.2025,5:10:28.388,19.270,51.721
19.4.2025,5:10:29.390,18.765,43.079
19.4.2025,5:10:30.391,20.704,36.172
19.4.2025,5:10:31.395,20.634,46.321
19.4.2025,5:10:32.399,21.474,48.195
19.4.2025,5:10:33.401,20.334,47.980
19.4.2025,5:10:34.402,19.809,48.755
19.4.2025,5:10:35.388,19.607,49.888
19.4.2025,5:10:36.391,19.493,54.723
19.4.2025,5:10:37.395,20.924,45.741
19.4.2025,5:10:38.400,21.484,46.305
19.4.2025,5:10:39.399,20.996,47.735
19.4.2025,5:10:40.390,20.268,48.327
19.4.2025,5:10:41.389,19.289,49.772
19.4.2025,5:10:42.395,19.255,52.373
19.4.2025,5:10:43.400,18.930,41.363
19.4.2025,5:10:44.388,21.252,38.074
19.4.2025,5:10:45.389,20.527,46.292
19.4.2025,5:10:46.389,21.357,48.304
19.4.2025,5:10:47.393,20.983,47.881
19.4.2025,5:10:48.397,19.589,48.581
19.4.2025,5:10:49.399,19.426,49.689
19.4.2025,5:10:50.388,19.795,52.347
19.4.2025,5:10:51.391,21.177,46.091
19.4.2025,5:10:52.393,20.735,47.418
19.4.2025,5:10:53.397,21.335,47.956
19.4.2025,5:10:54.398,20.157,48.423
19.4.2025,5:10:55.415,19.865,49.304
19.4.2025,5:10:56.402,19.038,54.928
19.4.2025,5:10:57.406,20.303,36.806
19.4.2025,5:10:58.407,21.321,41.197
19.4.2025,5:10:59.423,21.304,46.223
19.4.2025,5:11:0.425,22.777,47.921
19.4.2025,5:11:1.428,19.607,48.488
19.4.2025,5:11:2.430,19.396,49.539
19.4.2025,5:11:3.430,19.074,51.869
19.4.2025,5:11:4.431,20.672,42.476
19.4.2025,5:11:5.432,21.233,46.374
19.4.2025,5:11:6.432,21.383,47.957
19.4.2025,5:11:7.433,21.279,48.159
19.4.2025,5:11:8.423,19.735,49.204
19.4.2025,5:11:9.427,19.568,50.019
19.4.2025,5:11:10.434,19.250,50.324
19.4.2025,5:11:11.444,20.386,31.373
19.4.2025,5:11:12.458,21.038,45.761
19.4.2025,5:11:13.460,21.686,47.327
19.4.2025,5:11:14.460,20.868,48.051
19.4.2025,5:11:15.463,19.447,48.252
19.4.2025,5:11:16.461,19.627,49.954
19.4.2025,5:11:17.478,18.986,52.928
19.4.2025,5:11:18.464,21.198,38.637
19.4.2025,5:11:19.485,21.027,46.478
19.4.2025,5:11:20.487,21.131,47.603
19.4.2025,5:11:21.491,21.250,48.640
19.4.2025,5:11:22.497,20.294,49.211
19.4.2025,5:11:23.496,19.348,51.404
19.4.2025,5:11:24.512,18.684,47.721
19.4.2025,5:11:25.516,20.509,32.639
19.4.2025,5:11:26.519,21.279,45.773
19.4.2025,5:11:27.533,21.508,46.783
19.4.2025,5:11:28.536,20.508,47.916
19.4.2025,5:11:29.552,19.805,48.636
19.4.2025,5:11:30.557,19.800,49.916
19.4.2025,5:11:31.545,19.512,55.541
19.4.2025,5:11:32.549,21.241,36.833
19.4.2025,5:11:33.548,24.898,41.922
19.4.2025,5:11:34.552,20.778,46.224
19.4.2025,5:11:35.554,19.822,48.506
19.4.2025,5:11:36.555,19.415,49.668
19.4.2025,5:11:37.556,19.603,53.643
19.4.2025,5:11:38.557,19.461,40.592
19.4.2025,5:11:39.546,20.965,37.094
19.4.2025,5:11:40.545,20.890,46.188
19.4.2025,5:11:41.548,21.141,47.769
19.4.2025,5:11:42.548,20.232,47.533
19.4.2025,5:11:43.548,19.680,48.513
19.4.2025,5:11:44.550,19.481,49.503
19.4.2025,5:11:45.549,19.945,53.423
19.4.2025,5:11:46.552,21.475,36.189
19.4.2025,5:11:47.552,21.386,47.574
19.4.2025,5:11:48.557,21.108,47.963
19.4.2025,5:11:49.547,20.676,48.638
19.4.2025,5:11:50.546,18.885,49.062
19.4.2025,5:11:51.547,19.140,53.718
19.4.2025,5:11:52.547,19.731,37.024
19.4.2025,5:11:53.548,24.628,56.384
19.4.2025,5:11:54.550,29.579,52.089
19.4.2025,5:11:55.553,29.629,52.686
19.4.2025,5:11:56.565,29.800,46.874
19.4.2025,5:11:57.580,29.533,41.143
19.4.2025,5:11:58.598,24.896,37.570
19.4.2025,5:11:59.599,21.172,40.276
19.4.2025,5:12:0.599,20.850,46.091
19.4.2025,5:12:1.614,20.818,47.816
19.4.2025,5:12:2.615,19.611,47.736
19.4.2025,5:12:3.629,20.030,49.169
19.4.2025,5:12:4.645,19.115,50.028
19.4.2025,5:12:5.663,20.502,49.961
19.4.2025,5:12:6.680,21.075,32.780
19.4.2025,5:12:7.682,20.956,48.249
19.4.2025,5:12:8.670,20.925,48.053
19.4.2025,5:12:9.672,19.937,48.531
19.4.2025,5:12:10.677,19.653,49.475
19.4.2025,5:12:11.678,19.278,51.408
19.4.2025,5:12:12.679,20.183,36.359
19.4.2025,5:12:13.679,21.050,43.752
19.4.2025,5:12:14.669,20.855,46.308
19.4.2025,5:12:15.673,20.521,48.023
19.4.2025,5:12:16.673,19.937,48.267
19.4.2025,5:12:17.674,20.287,49.689
19.4.2025,5:12:18.676,19.294,35.800
19.4.2025,5:12:19.676,20.903,42.931
19.4.2025,5:12:20.689,21.253,46.516
19.4.2025,5:12:21.692,20.888,47.634
19.4.2025,5:12:22.712,20.550,48.398
19.4.2025,5:12:23.729,19.459,49.690
19.4.2025,5:12:24.732,19.354,52.084
19.4.2025,5:12:25.750,20.680,40.174
19.4.2025,5:12:26.754,20.653,35.429
19.4.2025,5:12:27.773,20.885,46.372
19.4.2025,5:12:28.773,20.925,47.547
19.4.2025,5:12:29.772,20.388,47.497
19.4.2025,5:12:30.775,20.032,48.306
19.4.2025,5:12:31.763,19.466,49.073
19.4.2025,5:12:32.764,19.823,32.207
19.4.2025,5:12:33.771,21.522,46.075
19.4.2025,5:12:34.776,21.947,47.020
19.4.2025,5:12:35.772,24.844,47.964
19.4.2025,5:12:36.789,20.440,48.580
19.4.2025,5:12:37.803,19.713,49.803
19.4.2025,5:12:38.804,19.253,54.644
19.4.2025,5:12:39.804,20.188,38.715
19.4.2025,5:12:40.819,21.074,39.011
19.4.2025,5:12:41.837,21.123,45.889
19.4.2025,5:12:42.825,20.998,47.939
19.4.2025,5:12:43.840,20.354,48.064
19.4.2025,5:12:44.858,20.034,48.401
19.4.2025,5:12:45.859,18.815,49.398
19.4.2025,5:12:46.857,19.525,54.101
19.4.2025,5:12:47.857,21.122,37.998
19.4.2025,5:12:48.879,20.945,40.235
19.4.2025,5:12:49.898,21.040,46.122
19.4.2025,5:12:50.898,20.795,47.875
19.4.2025,5:12:51.897,19.707,48.597
19.4.2025,5:12:52.903,19.961,49.393
19.4.2025,5:12:53.920,19.883,51.393
19.4.2025,5:12:54.938,21.175,40.267
19.4.2025,5:12:55.956,20.708,46.004
19.4.2025,5:12:56.959,20.516,47.814
19.4.2025,5:12:57.962,20.114,48.142
19.4.2025,5:12:58.978,19.387,49.046
19.4.2025,5:12:59.978,19.473,50.504
19.4.2025,5:13:0.980,20.553,47.535
19.4.2025,5:13:1.981,22.003,33.955
19.4.2025,5:13:2.984,21.543,45.466
19.4.2025,5:13:3.987,21.010,46.459
19.4.2025,5:13:4.984,19.826,47.770
19.4.2025,5:13:5.986,19.859,48.262
19.4.2025,5:13:6.988,19.258,49.507
19.4.2025,5:13:8.003,23.412,32.065
19.4.2025,5:13:9.008,20.836,45.338
19.4.2025,5:13:10.012,20.747,46.568
19.4.2025,5:13:11.013,21.409,47.739
19.4.2025,5:13:12.015,19.276,48.383
19.4.2025,5:13:13.016,19.793,49.741
19.4.2025,5:13:14.035,19.795,57.015
19.4.2025,5:13:15.037,21.355,36.997
19.4.2025,5:13:16.054,21.141,40.357
19.4.2025,5:13:17.057,21.152,46.424
19.4.2025,5:13:18.057,19.802,48.642
19.4.2025,5:13:19.044,19.879,49.526
19.4.2025,5:13:20.045,19.026,54.375
19.4.2025,5:13:21.045,19.912,39.714
19.4.2025,5:13:22.046,20.897,38.445
19.4.2025,5:13:23.045,21.154,46.174
19.4.2025,5:13:24.052,21.002,48.229
19.4.2025,5:13:25.055,19.671,47.312
19.4.2025,5:13:26.043,19.592,48.960
19.4.2025,5:13:27.060,18.683,49.749
19.4.2025,5:13:28.059,20.394,51.260
19.4.2025,5:13:29.061,21.226,33.807
19.4.2025,5:13:30.062,21.673,45.428
19.4.2025,5:13:31.079,21.117,46.676
19.4.2025,5:13:32.085,19.734,47.892
19.4.2025,5:13:33.098,19.419,48.450
19.4.2025,5:13:34.100,19.517,50.186
19.4.2025,5:13:35.099,20.862,33.248
19.4.2025,5:13:36.104,20.991,45.783
19.4.2025,5:13:37.120,21.463,46.419
19.4.2025,5:13:38.114,20.739,47.722
19.4.2025,5:13:39.111,19.815,48.565
19.4.2025,5:13:40.114,18.913,49.601
19.4.2025,5:13:41.112,18.888,54.871
19.4.2025,5:13:42.115,20.864,38.076
19.4.2025,5:13:43.115,22.025,38.259
19.4.2025,5:13:44.114,21.327,46.119
19.4.2025,5:13:45.135,20.465,48.091
19.4.2025,5:13:46.137,19.627,47.566
19.4.2025,5:13:47.140,19.325,48.522
19.4.2025,5:13:48.157,18.849,49.018
19.4.2025,5:13:49.161,21.242,32.219
19.4.2025,5:13:50.163,21.585,45.995
19.4.2025,5:13:51.176,21.015,46.866
19.4.2025,5:13:52.177,20.102,47.941
19.4.2025,5:13:53.178,19.202,48.472
19.4.2025,5:13:54.178,19.796,49.842
19.4.2025,5:13:55.182,19.214,55.298
19.4.2025,5:13:56.183,20.869,36.200
19.4.2025,5:13:57.169,21.053,41.482
19.4.2025,5:13:58.190,21.586,46.459
19.4.2025,5:13:59.206,20.093,47.718
19.4.2025,5:14:0.205,19.276,48.323
19.4.2025,5:14:1.223,19.651,49.152
19.4.2025,5:14:2.224,19.373,50.613
19.4.2025,5:14:3.240,21.004,46.887
19.4.2025,5:14:4.255,21.483,33.132
19.4.2025,5:14:5.273,21.330,45.734
19.4.2025,5:14:6.287,20.677,46.968
19.4.2025,5:14:7.292,19.495,47.774
19.4.2025,5:14:8.307,18.724,50.213
19.4.2025,5:14:9.293,19.727,50.347
19.4.2025,5:14:10.296,21.435,31.119
19.4.2025,5:14:11.296,21.552,45.380
19.4.2025,5:14:12.298,21.004,46.976
19.4.2025,5:14:13.300,20.708,47.515
19.4.2025,5:14:14.302,19.465,48.214
19.4.2025,5:14:15.303,19.227,49.594
19.4.2025,5:14:16.304,19.504,56.071
19.4.2025,5:14:17.306,21.386,36.989
19.4.2025,5:14:18.294,21.373,41.516
19.4.2025,5:14:19.306,21.014,46.436
19.4.2025,5:14:20.294,19.959,48.128
19.4.2025,5:14:21.296,19.548,49.358
19.4.2025,5:14:22.315,19.122,55.900
19.4.2025,5:14:23.317,20.814,35.741
19.4.2025,5:14:24.330,20.679,42.511
19.4.2025,5:14:25.347,21.208,46.615
19.4.2025,5:14:26.362,21.109,47.904
19.4.2025,5:14:27.366,20.599,48.397
19.4.2025,5:14:28.370,20.080,49.648
19.4.2025,5:14:29.359,19.476,50.749
19.4.2025,5:14:30.376,20.150,45.839
19.4.2025,5:14:31.392,21.060,33.004
19.4.2025,5:14:32.395,20.831,45.971
19.4.2025,5:14:33.413,20.789,47.478
19.4.2025,5:14:34.430,19.973,47.810
19.4.2025,5:14:35.417,19.835,48.770
19.4.2025,5:14:36.419,19.130,50.935
19.4.2025,5:14:37.421,20.793,31.758
19.4.2025,5:14:38.440,21.205,45.953
19.4.2025,5:14:39.454,20.891,47.405
19.4.2025,5:14:40.460,21.004,47.603
19.4.2025,5:14:41.476,19.728,48.407
19.4.2025,5:14:42.492,22.405,49.332
19.4.2025,5:14:43.492,19.906,49.731
19.4.2025,5:14:44.492,20.779,33.557
19.4.2025,5:14:45.482,20.489,44.773
19.4.2025,5:14:46.484,21.278,46.421
19.4.2025,5:14:47.485,19.897,47.749
19.4.2025,5:14:48.498,19.645,48.328
19.4.2025,5:14:49.515,19.499,49.498
19.4.2025,5:14:50.528,19.990,55.336
19.4.2025,5:14:51.545,21.582,35.606
19.4.2025,5:14:52.548,21.192,42.537
19.4.2025,5:14:53.548,20.895,47.455
19.4.2025,5:14:54.546,20.238,48.570
19.4.2025,5:14:55.560,19.378,49.840
19.4.2025,5:14:56.575,19.528,54.826
19.4.2025,5:14:57.591,19.618,37.485
19.4.2025,5:14:58.592,20.714,40.458
19.4.2025,5:14:59.596,21.052,46.513
19.4.2025,5:15:0.595,21.618,47.737
19.4.2025,5:15:1.609,19.774,48.191
19.4.2025,5:15:2.623,20.019,49.688
19.4.2025,5:15:3.640,19.555,51.363
19.4.2025,5:15:4.655,19.039,48.077
19.4.2025,5:15:5.656,21.588,32.134
19.4.2025,5:15:6.670,20.939,45.958
19.4.2025,5:15:7.670,20.581,47.209
19.4.2025,5:15:8.670,20.844,47.551
19.4.2025,5:15:9.670,19.614,48.692
19.4.2025,5:15:10.672,19.134,49.668
19.4.2025,5:15:11.686,18.578,52.331
19.4.2025,5:15:12.689,20.794,41.408
19.4.2025,5:15:13.690,21.838,37.517
19.4.2025,5:15:14.693,20.981,46.352
19.4.2025,5:15:15.695,20.908,47.788
19.4.2025,5:15:16.711,19.551,49.312
19.4.2025,5:15:17.715,19.973,50.686
19.4.2025,5:15:18.729,18.934,47.121
19.4.2025,5:15:19.715,21.232,33.239
19.4.2025,5:15:20.716,21.443,46.337
19.4.2025,5:15:21.724,21.085,47.388
19.4.2025,5:15:22.740,20.201,47.813
19.4.2025,5:15:23.759,19.831,48.500
19.4.2025,5:15:24.760,19.374,49.478
19.4.2025,5:15:25.747,19.104,52.877
19.4.2025,5:15:26.763,21.201,38.593
19.4.2025,5:15:27.766,21.076,39.970
19.4.2025,5:15:28.768,20.670,46.178
19.4.2025,5:15:29.769,19.721,47.688
19.4.2025,5:15:30.769,19.660,48.431
19.4.2025,5:15:31.769,18.883,49.088
19.4.2025,5:15:32.785,20.586,50.068
19.4.2025,5:15:33.800,21.836,36.218
19.4.2025,5:15:34.802,21.421,45.910
19.4.2025,5:15:35.806,21.263,47.598
19.4.2025,5:15:36.806,20.666,47.625
19.4.2025,5:15:37.820,19.342,48.739
19.4.2025,5:15:38.837,19.170,49.380
19.4.2025,5:15:39.843,20.439,56.551
19.4.2025,5:15:40.858,21.335,36.607
19.4.2025,5:15:41.860,21.024,42.085
19.4.2025,5:15:42.861,21.095,46.260
19.4.2025,5:15:43.878,19.945,48.078
19.4.2025,5:15:44.895,19.681,48.325
19.4.2025,5:15:45.909,19.043,48.891
19.4.2025,5:15:46.913,20.454,40.806
19.4.2025,5:15:47.913,21.534,37.865
19.4.2025,5:15:48.916,21.145,46.258
19.4.2025,5:15:49.903,21.157,48.476
19.4.2025,5:15:50.903,20.062,47.664
19.4.2025,5:15:51.902,19.336,48.292
19.4.2025,5:15:52.903,19.533,49.315
19.4.2025,5:15:53.906,19.484,54.753
19.4.2025,5:15:54.905,20.365,38.168
19.4.2025,5:15:55.911,20.949,38.190
19.4.2025,5:15:56.924,20.993,45.900
19.4.2025,5:15:57.928,21.041,47.921
19.4.2025,5:15:58.927,20.081,48.408
19.4.2025,5:15:59.927,19.552,48.738
19.4.2025,5:16:0.929,19.540,42.757
19.4.2025,5:16:1.942,20.927,36.474
19.4.2025,5:16:2.944,20.979,46.062
19.4.2025,5:16:3.945,21.584,47.857
19.4.2025,5:16:4.959,21.177,48.223
19.4.2025,5:16:5.960,20.231,48.463
19.4.2025,5:16:6.962,19.634,49.466
19.4.2025,5:16:7.978,19.237,54.152
19.4.2025,5:16:8.994,20.078,38.095
19.4.2025,5:16:9.995,20.786,40.617
19.4.2025,5:16:11.009,20.830,46.000
19.4.2025,5:16:12.014,21.243,47.971
19.4.2025,5:16:13.018,20.041,48.659
19.4.2025,5:16:14.020,19.594,49.125
19.4.2025,5:16:15.018,19.687,50.459
19.4.2025,5:16:16.020,20.364,47.111
19.4.2025,5:16:17.036,23.083,32.469
19.4.2025,5:16:18.048,20.907,46.012
19.4.2025,5:16:19.054,21.373,47.911
19.4.2025,5:16:20.052,19.398,48.953
19.4.2025,5:16:21.071,19.877,49.103
19.4.2025,5:16:22.059,19.827,52.882
19.4.2025,5:16:23.060,19.434,37.429
19.4.2025,5:16:24.063,21.165,41.858
19.4.2025,5:16:25.081,21.054,46.408
19.4.2025,5:16:26.098,21.120,47.837
19.4.2025,5:16:27.110,19.830,47.816
19.4.2025,5:16:28.105,19.458,49.209
19.4.2025,5:16:29.129,19.410,50.632
19.4.2025,5:16:30.146,19.756,46.596
19.4.2025,5:16:31.148,21.098,32.777
19.4.2025,5:16:32.152,21.001,46.270
19.4.2025,5:16:33.168,20.682,47.544
19.4.2025,5:16:34.187,19.841,48.238
19.4.2025,5:16:35.186,19.576,50.508
19.4.2025,5:16:36.203,19.430,49.407
19.4.2025,5:16:37.219,20.424,54.997
19.4.2025,5:16:38.236,20.550,45.822
19.4.2025,5:16:39.255,20.984,46.369
19.4.2025,5:16:40.271,20.509,47.898
19.4.2025,5:16:41.275,19.454,48.827
19.4.2025,5:16:42.261,19.630,49.674
19.4.2025,5:16:43.264,18.783,52.943
19.4.2025,5:16:44.267,20.618,39.456
19.4.2025,5:16:45.269,20.710,37.504
19.4.2025,5:16:46.271,21.646,46.376
19.4.2025,5:16:47.270,20.753,48.400
19.4.2025,5:16:48.274,19.599,49.130
19.4.2025,5:16:49.277,19.238,50.573
19.4.2025,5:16:50.294,18.778,45.059
19.4.2025,5:16:51.299,20.837,33.229
19.4.2025,5:16:52.301,21.363,46.061
19.4.2025,5:16:53.304,20.828,46.445
19.4.2025,5:16:54.318,20.738,47.939
19.4.2025,5:16:55.317,19.229,48.751
19.4.2025,5:16:56.316,18.951,49.847
19.4.2025,5:16:57.334,19.097,55.024
19.4.2025,5:16:58.335,20.861,38.098
19.4.2025,5:16:59.349,21.344,39.137
19.4.2025,5:17:0.350,20.647,47.646
19.4.2025,5:17:1.364,21.385,48.685
19.4.2025,5:17:2.380,19.765,49.384
19.4.2025,5:17:3.399,19.124,50.730
19.4.2025,5:17:4.412,19.246,41.923
19.4.2025,5:17:5.427,20.509,36.395
19.4.2025,5:17:6.443,21.234,46.178
19.4.2025,5:17:7.456,21.121,47.935
19.4.2025,5:17:8.475,21.101,47.950
19.4.2025,5:17:9.489,19.947,48.307
19.4.2025,5:17:10.493,19.216,49.127
19.4.2025,5:17:11.480,19.498,54.675
19.4.2025,5:17:12.483,19.405,37.409
19.4.2025,5:17:13.482,20.996,42.095
19.4.2025,5:17:14.498,21.037,46.551
19.4.2025,5:17:15.515,20.820,47.527
19.4.2025,5:17:16.516,20.955,48.550
19.4.2025,5:17:17.516,19.456,48.925
19.4.2025,5:17:18.533,19.485,50.051
19.4.2025,5:17:19.537,18.853,52.042
19.4.2025,5:17:20.554,20.708,45.980
19.4.2025,5:17:21.544,21.633,48.178
19.4.2025,5:17:22.558,21.285,47.905
19.4.2025,5:17:23.570,20.609,48.736
19.4.2025,5:17:24.590,19.979,49.620
19.4.2025,5:17:25.579,20.008,52.959
19.4.2025,5:17:26.596,18.639,35.830
19.4.2025,5:17:27.611,20.312,43.049
19.4.2025,5:17:28.626,21.310,46.333
19.4.2025,5:17:29.646,21.283,47.833
19.4.2025,5:17:30.644,20.254,48.242
19.4.2025,5:17:31.647,19.895,49.709
19.4.2025,5:17:32.652,19.593,52.039
19.4.2025,5:17:33.654,19.665,45.340
19.4.2025,5:17:34.680,21.452,34.702
19.4.2025,5:17:35.696,20.624,46.416
19.4.2025,5:17:36.697,20.963,47.228
19.4.2025,5:17:37.700,25.893,47.955
19.4.2025,5:17:38.718,29.488,51.970
19.4.2025,5:17:39.717,29.687,54.817
19.4.2025,5:17:40.723,29.688,35.285
19.4.2025,5:17:41.722,29.713,37.381
19.4.2025,5:17:42.726,24.218,47.765
19.4.2025,5:17:43.728,20.732,48.221
19.4.2025,5:17:44.727,23.024,49.419
19.4.2025,5:17:45.716,19.405,51.309
19.4.2025,5:17:46.716,19.827,33.337
19.4.2025,5:17:47.719,20.972,45.223
19.4.2025,5:17:48.718,20.818,46.683
19.4.2025,5:17:49.721,21.058,47.854
19.4.2025,5:17:50.725,20.100,48.579
19.4.2025,5:17:51.729,21.728,49.607
19.4.2025,5:17:52.717,18.930,54.398
19.4.2025,5:17:53.717,20.291,39.517
19.4.2025,5:17:54.720,21.173,38.471
19.4.2025,5:17:55.724,20.540,46.508
19.4.2025,5:17:56.727,20.842,48.527
19.4.2025,5:17:57.714,20.089,49.336
19.4.2025,5:17:58.717,19.677,50.310
19.4.2025,5:17:59.718,19.256,45.153
19.4.2025,5:18:0.719,20.243,33.365
19.4.2025,5:18:1.718,20.755,45.791
19.4.2025,5:18:2.720,21.560,47.331
19.4.2025,5:18:3.723,20.932,48.066
19.4.2025,5:18:4.741,19.318,48.600
19.4.2025,5:18:5.745,19.699,49.329
19.4.2025,5:18:6.764,19.767,33.285
19.4.2025,5:18:7.768,20.213,45.234
19.4.2025,5:18:8.768,20.781,46.809
19.4.2025,5:18:9.774,20.874,47.815
19.4.2025,5:18:10.775,20.586,48.051
19.4.2025,5:18:11.762,19.475,49.770
19.4.2025,5:18:12.766,19.252,54.842
19.4.2025,5:18:13.765,19.467,38.859
19.4.2025,5:18:14.766,21.824,39.275
19.4.2025,5:18:15.768,20.896,46.204
19.4.2025,5:18:16.770,20.702,48.005
19.4.2025,5:18:17.786,20.472,48.371
19.4.2025,5:18:18.805,19.359,49.256
19.4.2025,5:18:19.794,19.378,39.285
19.4.2025,5:18:20.812,19.364,37.208
19.4.2025,5:18:21.815,20.851,46.358
19.4.2025,5:18:22.814,20.484,47.934
19.4.2025,5:18:23.814,21.193,47.900
19.4.2025,5:18:24.818,21.408,48.561
19.4.2025,5:18:25.832,19.431,50.100
19.4.2025,5:18:26.833,19.928,50.323
19.4.2025,5:18:27.850,18.856,32.637
19.4.2025,5:18:28.852,20.487,45.481
19.4.2025,5:18:29.849,20.957,46.339
19.4.2025,5:18:30.855,21.609,47.910
19.4.2025,5:18:31.870,20.403,47.981
19.4.2025,5:18:32.871,19.289,49.506
19.4.2025,5:18:33.872,18.906,53.115
19.4.2025,5:18:34.891,19.598,41.708
19.4.2025,5:18:35.891,21.026,38.928
19.4.2025,5:18:36.891,21.419,46.198
19.4.2025,5:18:37.894,21.102,47.807
19.4.2025,5:18:38.895,19.977,48.470
19.4.2025,5:18:39.894,20.218,52.964
19.4.2025,5:18:40.914,19.770,40.634
19.4.2025,5:18:41.914,20.481,38.584
19.4.2025,5:18:42.916,21.624,46.138
19.4.2025,5:18:43.919,20.591,47.810
19.4.2025,5:18:44.922,21.150,48.497
19.4.2025,5:18:45.925,19.777,48.623
19.4.2025,5:18:46.940,19.525,50.047
19.4.2025,5:18:47.943,19.511,49.960
19.4.2025,5:18:48.944,21.122,33.903
19.4.2025,5:18:49.947,21.448,45.302
19.4.2025,5:18:50.961,21.075,46.550
19.4.2025,5:18:51.965,20.323,47.927
19.4.2025,5:18:52.968,19.505,48.563
19.4.2025,5:18:53.970,19.660,49.695
19.4.2025,5:18:54.985,19.532,53.846
19.4.2025,5:18:56.001,20.887,39.678
19.4.2025,5:18:57.018,21.318,38.034
19.4.2025,5:18:58.019,20.947,46.320
19.4.2025,5:18:59.037,20.109,47.815
19.4.2025,5:19:0.042,19.413,49.652
19.4.2025,5:19:1.038,19.170,48.758
19.4.2025,5:19:2.040,19.730,41.114
19.4.2025,5:19:3.042,21.367,36.365
19.4.2025,5:19:4.043,20.877,46.397
19.4.2025,5:19:5.045,20.875,48.048
19.4.2025,5:19:6.046,19.370,47.292
19.4.2025,5:19:7.051,19.108,48.949
19.4.2025,5:19:8.050,19.263,49.371
19.4.2025,5:19:9.063,23.880,50.139
19.4.2025,5:19:10.081,24.419,34.865
19.4.2025,5:19:11.097,21.247,44.353
19.4.2025,5:19:12.098,20.176,46.371
19.4.2025,5:19:13.106,19.728,47.502
19.4.2025,5:19:14.123,19.244,49.637
19.4.2025,5:19:15.143,19.489,54.153
19.4.2025,5:19:16.160,21.313,37.739
19.4.2025,5:19:17.162,21.564,40.320
19.4.2025,5:19:18.167,21.163,45.972
19.4.2025,5:19:19.168,20.397,47.653
19.4.2025,5:19:20.186,19.865,48.345
19.4.2025,5:19:21.187,19.538,49.100
19.4.2025,5:19:22.193,19.505,50.373
19.4.2025,5:19:23.194,21.118,48.393
19.4.2025,5:19:24.197,21.091,46.178
19.4.2025,5:19:25.214,22.258,47.946
19.4.2025,5:19:26.216,24.202,48.173
19.4.2025,5:19:27.216,19.469,49.118
19.4.2025,5:19:28.232,19.021,50.085
19.4.2025,5:19:29.235,19.659,48.419
19.4.2025,5:19:30.234,20.803,31.846
19.4.2025,5:19:31.237,21.071,46.216
19.4.2025,5:19:32.252,21.042,47.099
19.4.2025,5:19:33.256,19.657,47.817
19.4.2025,5:19:34.258,19.626,48.567
19.4.2025,5:19:35.245,19.435,49.641
19.4.2025,5:19:36.263,19.804,53.997
19.4.2025,5:19:37.264,21.258,36.547
19.4.2025,5:19:38.267,20.586,46.526
19.4.2025,5:19:39.270,21.104,47.771
19.4.2025,5:19:40.267,19.872,48.070
19.4.2025,5:19:41.270,19.840,49.594
19.4.2025,5:19:42.273,18.629,52.098
19.4.2025,5:19:43.288,20.413,43.396
19.4.2025,5:19:44.290,20.837,35.780
19.4.2025,5:19:45.291,21.165,46.414
19.4.2025,5:19:46.281,20.598,47.503
19.4.2025,5:19:47.282,19.821,47.769
19.4.2025,5:19:48.298,19.267,48.349
19.4.2025,5:19:49.297,19.049,49.381
19.4.2025,5:19:50.318,19.774,54.548
19.4.2025,5:19:51.318,21.175,37.676
19.4.2025,5:19:52.320,21.318,40.452
19.4.2025,5:19:53.308,21.735,46.271
19.4.2025,5:19:54.327,20.005,48.240
19.4.2025,5:19:55.342,19.613,48.034
19.4.2025,5:19:56.347,19.085,48.595
19.4.2025,5:19:57.349,20.019,49.550
19.4.2025,5:19:58.352,21.733,51.322
19.4.2025,5:19:59.340,21.186,45.850
19.4.2025,5:20:0.341,21.159,47.374
19.4.2025,5:20:1.346,20.116,47.667
19.4.2025,5:20:2.348,19.637,48.806
19.4.2025,5:20:3.348,19.025,49.435
19.4.2025,5:20:4.352,20.116,53.784
19.4.2025,5:20:5.354,20.929,39.528
19.4.2025,5:20:6.355,21.719,39.405
19.4.2025,5:20:7.372,21.288,46.126
19.4.2025,5:20:8.390,19.230,47.893
19.4.2025,5:20:9.406,19.401,49.286
19.4.2025,5:20:10.407,19.307,48.756
19.4.2025,5:20:11.425,20.264,45.562
19.4.2025,5:20:12.425,21.575,34.734
19.4.2025,5:20:13.424,20.685,45.429
19.4.2025,5:20:14.427,21.277,47.270
19.4.2025,5:20:15.426,19.259,47.318
19.4.2025,5:20:16.427,19.745,48.389
19.4.2025,5:20:17.430,19.345,49.220
19.4.2025,5:20:18.446,19.494,54.839
19.4.2025,5:20:19.446,20.742,38.143
19.4.2025,5:20:20.448,20.765,38.553
19.4.2025,5:20:21.450,20.932,46.407
19.4.2025,5:20:22.466,19.399,48.227
19.4.2025,5:20:23.468,19.522,47.744
19.4.2025,5:20:24.470,18.641,48.748
19.4.2025,5:20:25.472,20.513,49.554
19.4.2025,5:20:26.474,21.424,54.518
19.4.2025,5:20:27.490,21.128,37.335
19.4.2025,5:20:28.506,21.291,41.220
19.4.2025,5:20:29.519,20.133,47.664
19.4.2025,5:20:30.521,19.061,48.812
19.4.2025,5:20:31.523,18.590,49.252
19.4.2025,5:20:32.521,20.604,53.811
19.4.2025,5:20:33.523,21.176,36.502
19.4.2025,5:20:34.520,21.179,42.800
19.4.2025,5:20:35.538,21.685,46.604
19.4.2025,5:20:36.539,20.066,47.629
19.4.2025,5:20:37.527,19.507,48.509
19.4.2025,5:20:38.533,19.711,49.712
19.4.2025,5:20:39.551,20.682,51.626
19.4.2025,5:20:40.549,21.174,42.748
19.4.2025,5:20:41.549,21.049,34.353
19.4.2025,5:20:42.566,21.053,45.558
19.4.2025,5:20:43.582,19.474,47.232
19.4.2025,5:20:44.587,19.299,47.624
19.4.2025,5:20:45.584,19.482,48.545
19.4.2025,5:20:46.599,20.830,49.269
19.4.2025,5:20:47.616,20.617,55.806
19.4.2025,5:20:48.616,21.589,37.707
19.4.2025,5:20:49.615,20.855,40.412
19.4.2025,5:20:50.615,19.312,46.068
19.4.2025,5:20:51.620,19.140,47.846
19.4.2025,5:20:52.638,19.264,48.575
19.4.2025,5:20:53.641,20.998,48.934
19.4.2025,5:20:54.642,21.017,50.623
19.4.2025,5:20:55.646,21.544,37.359
19.4.2025,5:20:56.649,20.323,46.461
19.4.2025,5:20:57.641,19.627,47.829
19.4.2025,5:20:58.656,19.258,47.973
19.4.2025,5:20:59.653,20.585,48.448
19.4.2025,5:21:0.653,22.949,49.505
19.4.2025,5:21:1.669,21.330,51.857
19.4.2025,5:21:2.672,21.329,34.640
19.4.2025,5:21:3.673,20.248,45.739
19.4.2025,5:21:4.674,18.808,46.506
19.4.2025,5:21:5.676,19.441,47.846
19.4.2025,5:21:6.675,18.937,48.429
19.4.2025,5:21:7.674,21.002,49.466
19.4.2025,5:21:8.694,21.033,52.259
19.4.2025,5:21:9.695,21.051,43.099
19.4.2025,5:21:10.697,20.471,36.579
19.4.2025,5:21:11.685,19.622,47.854
19.4.2025,5:21:12.687,19.390,48.215
19.4.2025,5:21:13.690,18.787,49.288
19.4.2025,5:21:14.692,20.815,50.853
19.4.2025,5:21:15.710,20.929,45.738
19.4.2025,5:21:16.713,21.404,34.103
19.4.2025,5:21:17.701,21.441,45.660
19.4.2025,5:21:18.699,19.284,46.699
19.4.2025,5:21:19.702,18.965,47.954
19.4.2025,5:21:20.704,19.072,48.649
19.4.2025,5:21:21.725,21.436,49.129
19.4.2025,5:21:22.741,20.869,32.247
19.4.2025,5:21:23.744,21.223,45.689
19.4.2025,5:21:24.735,20.081,46.435
19.4.2025,5:21:25.739,19.545,47.753
19.4.2025,5:21:26.740,18.834,48.370
19.4.2025,5:21:27.742,19.331,49.854
19.4.2025,5:21:28.741,21.243,54.683
19.4.2025,5:21:29.744,20.863,38.034
19.4.2025,5:21:30.744,20.906,39.997
19.4.2025,5:21:31.745,19.740,46.216
19.4.2025,5:21:32.765,19.389,47.853
19.4.2025,5:21:33.767,19.141,47.928
19.4.2025,5:21:34.769,20.861,51.045
19.4.2025,5:21:35.771,21.424,44.397
19.4.2025,5:21:36.771,20.989,35.371
19.4.2025,5:21:37.778,21.060,46.360
19.4.2025,5:21:38.795,18.818,47.394
19.4.2025,5:21:39.798,19.562,47.875
19.4.2025,5:21:40.811,18.639,48.293
19.4.2025,5:21:41.818,20.376,49.704
19.4.2025,5:21:42.837,21.254,56.016
19.4.2025,5:21:43.839,20.662,38.255
19.4.2025,5:21:44.852,21.217,40.235
19.4.2025,5:21:45.855,19.093,47.608
19.4.2025,5:21:46.844,19.314,48.536
19.4.2025,5:21:47.859,19.304,49.542
19.4.2025,5:21:48.862,21.166,51.970
19.4.2025,5:21:49.862,21.193,42.090
19.4.2025,5:21:50.859,21.500,36.717
19.4.2025,5:21:51.861,21.061,46.107
19.4.2025,5:21:52.875,19.467,48.117
19.4.2025,5:21:53.892,19.256,47.961
19.4.2025,5:21:54.907,19.262,48.627
19.4.2025,5:21:55.922,20.845,49.603
19.4.2025,5:21:56.926,21.086,55.421
19.4.2025,5:21:57.928,21.137,36.997
19.4.2025,5:21:58.918,20.897,41.225
19.4.2025,5:21:59.922,19.261,46.339
19.4.2025,5:22:0.940,19.304,47.948
19.4.2025,5:22:1.940,19.306,49.514
19.4.2025,5:22:2.944,20.303,53.421
19.4.2025,5:22:3.946,21.411,40.908
19.4.2025,5:22:4.958,21.123,37.538
19.4.2025,5:22:5.977,20.987,46.114
19.4.2025,5:22:6.964,18.666,48.134
19.4.2025,5:22:7.983,19.186,48.130
19.4.2025,5:22:8.982,19.552,49.188
19.4.2025,5:22:9.998,21.561,50.688
19.4.2025,5:22:11.003,21.237,46.425
19.4.2025,5:22:12.004,20.891,32.841
19.4.2025,5:22:13.008,20.135,45.727
19.4.2025,5:22:14.007,19.464,46.617
19.4.2025,5:22:15.023,19.352,47.478
19.4.2025,5:22:16.023,19.833,48.684
19.4.2025,5:22:17.022,20.823,54.386
19.4.2025,5:22:18.026,21.606,35.604
19.4.2025,5:22:19.012,21.287,43.056
19.4.2025,5:22:20.011,20.814,46.457
19.4.2025,5:22:21.015,19.503,47.731
19.4.2025,5:22:22.020,19.946,48.792
19.4.2025,5:22:23.025,19.829,49.605
19.4.2025,5:22:24.014,21.038,51.191
19.4.2025,5:22:25.032,21.584,46.471
19.4.2025,5:22:26.051,21.270,35.179
19.4.2025,5:22:27.056,20.407,46.524
19.4.2025,5:22:28.057,19.722,48.169
19.4.2025,5:22:29.060,18.984,48.110
19.4.2025,5:22:30.062,19.591,51.072
19.4.2025,5:22:31.080,21.286,44.877
19.4.2025,5:22:32.099,21.248,34.355
19.4.2025,5:22:33.098,21.154,46.015
19.4.2025,5:22:34.105,20.393,47.351
19.4.2025,5:22:35.122,22.272,47.699
19.4.2025,5:22:36.139,18.757,48.368
19.4.2025,5:22:37.158,20.465,49.022
19.4.2025,5:22:38.161,20.917,55.526
19.4.2025,5:22:39.166,21.254,36.652
19.4.2025,5:22:40.169,21.047,42.232
19.4.2025,5:22:41.181,19.779,46.535
19.4.2025,5:22:42.183,20.380,47.540
19.4.2025,5:22:43.188,19.197,48.420
19.4.2025,5:22:44.190,20.450,54.985
19.4.2025,5:22:45.190,20.862,36.216
19.4.2025,5:22:46.193,21.175,42.533
19.4.2025,5:22:47.194,20.617,46.463
19.4.2025,5:22:48.192,19.574,47.956
19.4.2025,5:22:49.209,18.931,47.624
19.4.2025,5:22:50.210,19.116,49.016
19.4.2025,5:22:51.212,19.496,49.978
19.4.2025,5:22:52.212,21.072,50.784
19.4.2025,5:22:53.215,20.757,36.234
19.4.2025,5:22:54.216,21.505,42.334
19.4.2025,5:22:55.216,20.404,46.612
19.4.2025,5:22:56.218,19.015,47.743
19.4.2025,5:22:57.222,19.516,48.503
19.4.2025,5:22:58.239,20.377,49.768
19.4.2025,5:22:59.241,21.407,36.332
19.4.2025,5:23:0.255,20.894,44.265
19.4.2025,5:23:1.266,20.523,46.140
19.4.2025,5:23:2.269,19.480,48.400
19.4.2025,5:23:3.270,19.245,48.324
19.4.2025,5:23:4.286,19.516,48.567
19.4.2025,5:23:5.284,20.282,50.135
19.4.2025,5:23:6.304,21.151,48.704
19.4.2025,5:23:7.306,20.657,33.370
19.4.2025,5:23:8.305,20.939,45.784
19.4.2025,5:23:9.321,19.908,46.366
19.4.2025,5:23:10.308,19.866,47.642
19.4.2025,5:23:11.309,19.490,48.397
19.4.2025,5:23:12.313,20.680,49.837
19.4.2025,5:23:13.313,21.275,37.616
19.4.2025,5:23:14.333,21.359,39.884
19.4.2025,5:23:15.336,21.493,46.187
19.4.2025,5:23:16.334,19.588,47.891
19.4.2025,5:23:17.351,19.542,47.923
19.4.2025,5:23:18.340,19.140,49.257
19.4.2025,5:23:19.342,21.099,50.565
19.4.2025,5:23:20.342,21.398,50.295
19.4.2025,5:23:21.346,27.274,55.444
19.4.2025,5:23:22.347,29.519,53.149
19.4.2025,5:23:23.346,29.543,49.983
19.4.2025,5:23:24.348,30.060,44.008
19.4.2025,5:23:25.345,29.379,49.387
19.4.2025,5:23:26.349,22.221,50.979
19.4.2025,5:23:27.352,21.102,36.619
19.4.2025,5:23:28.340,20.025,42.694
19.4.2025,5:23:29.356,19.700,46.245
19.4.2025,5:23:30.373,19.204,48.500
19.4.2025,5:23:31.377,19.724,49.039
19.4.2025,5:23:32.398,21.179,55.329
19.4.2025,5:23:33.401,21.484,35.929
19.4.2025,5:23:34.389,21.168,42.458
19.4.2025,5:23:35.390,19.368,46.313
19.4.2025,5:23:36.393,19.694,47.865
19.4.2025,5:23:37.395,19.266,48.656
19.4.2025,5:23:38.409,20.657,49.656
19.4.2025,5:23:39.423,21.132,53.745
19.4.2025,5:23:40.440,20.974,39.988
19.4.2025,5:23:41.445,20.422,37.373
19.4.2025,5:23:42.463,19.610,45.969
19.4.2025,5:23:43.477,20.259,48.025
19.4.2025,5:23:44.478,20.041,49.636
19.4.2025,5:23:45.477,21.165,48.884
19.4.2025,5:23:46.476,21.047,50.269
19.4.2025,5:23:47.475,20.669,35.582
19.4.2025,5:23:48.493,20.886,46.417
19.4.2025,5:23:49.509,19.506,47.592
19.4.2025,5:23:50.526,20.295,47.795
19.4.2025,5:23:51.539,19.433,48.394
19.4.2025,5:23:52.556,20.054,49.257
19.4.2025,5:23:53.544,21.499,54.405
19.4.2025,5:23:54.545,20.974,37.948
19.4.2025,5:23:55.545,20.819,42.495
19.4.2025,5:23:56.546,19.832,46.473
19.4.2025,5:23:57.545,19.224,47.463
19.4.2025,5:23:58.544,19.413,48.841
19.4.2025,5:23:59.561,20.784,49.620
19.4.2025,5:24:0.566,21.243,51.320
19.4.2025,5:24:1.565,21.537,40.182
19.4.2025,5:24:2.566,20.634,33.789
19.4.2025,5:24:3.570,19.894,47.747
19.4.2025,5:24:4.584,19.641,48.586
19.4.2025,5:24:5.603,19.137,48.970
19.4.2025,5:24:6.604,20.362,50.175
19.4.2025,5:24:7.591,20.956,47.816
19.4.2025,5:24:8.607,22.538,30.121
19.4.2025,5:24:9.607,22.560,45.810
19.4.2025,5:24:10.608,19.818,47.057
19.4.2025,5:24:11.610,19.178,47.764
19.4.2025,5:24:12.612,19.398,48.408
19.4.2025,5:24:13.615,20.586,49.612
19.4.2025,5:24:14.620,21.332,55.941
19.4.2025,5:24:15.640,21.344,36.129
19.4.2025,5:24:16.642,21.035,40.953
19.4.2025,5:24:17.645,19.540,46.180
19.4.2025,5:24:18.662,19.737,48.391
19.4.2025,5:24:19.665,19.482,47.681
19.4.2025,5:24:20.653,20.622,52.724
19.4.2025,5:24:21.668,20.575,43.818
19.4.2025,5:24:22.671,20.599,34.917
19.4.2025,5:24:23.672,21.135,45.838
19.4.2025,5:24:24.673,19.691,47.379
19.4.2025,5:24:25.675,19.656,47.575
19.4.2025,5:24:26.677,19.387,48.444
19.4.2025,5:24:27.679,20.944,49.573
19.4.2025,5:24:28.680,21.503,53.523
19.4.2025,5:24:29.695,20.747,40.235
19.4.2025,5:24:30.696,21.148,38.845
19.4.2025,5:24:31.699,19.588,45.929
19.4.2025,5:24:32.716,18.974,48.422
19.4.2025,5:24:33.720,18.768,49.605
19.4.2025,5:24:34.718,21.245,53.770
19.4.2025,5:24:35.735,21.347,39.132
19.4.2025,5:24:36.751,21.085,36.997
19.4.2025,5:24:37.769,20.345,46.208
19.4.2025,5:24:38.786,19.617,48.497
19.4.2025,5:24:39.789,19.061,47.331
19.4.2025,5:24:40.787,19.456,48.613
19.4.2025,5:24:41.793,20.445,49.405
19.4.2025,5:24:42.796,20.954,50.708
19.4.2025,5:24:43.815,21.257,35.920
19.4.2025,5:24:44.817,21.051,44.358
19.4.2025,5:24:45.819,19.831,46.440
19.4.2025,5:24:46.821,20.024,48.506
19.4.2025,5:24:47.822,18.612,49.440
19.4.2025,5:24:48.826,20.817,54.257
19.4.2025,5:24:49.845,21.008,37.353
19.4.2025,5:24:50.845,21.325,42.026
19.4.2025,5:24:51.847,20.081,46.447
19.4.2025,5:24:52.847,19.900,47.515
19.4.2025,5:24:53.850,22.070,48.592
19.4.2025,5:24:54.853,19.583,49.345
19.4.2025,5:24:55.858,21.094,50.995
19.4.2025,5:24:56.861,21.133,47.947
19.4.2025,5:24:57.881,20.967,32.547
19.4.2025,5:24:58.883,20.340,47.741
19.4.2025,5:24:59.899,19.517,47.678
19.4.2025,5:25:0.900,19.495,49.350
19.4.2025,5:25:1.907,19.240,49.908
19.4.2025,5:25:2.907,21.209,51.887
19.4.2025,5:25:3.922,20.741,35.821
19.4.2025,5:25:4.926,20.637,43.047
19.4.2025,5:25:5.925,20.502,46.506
19.4.2025,5:25:6.930,19.325,47.699
19.4.2025,5:25:7.945,19.149,48.705
19.4.2025,5:25:8.962,19.458,49.696
19.4.2025,5:25:9.948,20.946,53.224
19.4.2025,5:25:10.964,20.670,40.616
19.4.2025,5:25:11.982,21.504,39.003
19.4.2025,5:25:12.999,19.833,46.345
19.4.2025,5:25:14.017,19.928,47.746
19.4.2025,5:25:15.023,18.962,47.785
19.4.2025,5:25:16.023,19.794,51.677
19.4.2025,5:25:17.021,21.215,49.664
19.4.2025,5:25:18.025,21.024,34.523
19.4.2025,5:25:19.027,21.217,45.506
19.4.2025,5:25:20.025,20.060,46.934
19.4.2025,5:25:21.012,20.024,47.906
19.4.2025,5:25:22.031,19.628,48.538
19.4.2025,5:25:23.048,20.155,49.770
19.4.2025,5:25:24.054,21.007,54.945
19.4.2025,5:25:25.055,21.366,38.730
19.4.2025,5:25:26.072,20.693,39.327
19.4.2025,5:25:27.074,19.901,46.052
19.4.2025,5:25:28.087,19.260,48.071
19.4.2025,5:25:29.105,19.021,48.063
19.4.2025,5:25:30.092,19.876,49.274
19.4.2025,5:25:31.093,22.101,50.529
19.4.2025,5:25:32.094,21.331,46.960
19.4.2025,5:25:33.096,20.835,33.949
19.4.2025,5:25:34.100,19.192,47.934
19.4.2025,5:25:35.096,19.657,47.158
19.4.2025,5:25:36.096,18.925,47.749
19.4.2025,5:25:37.101,19.912,48.301
19.4.2025,5:25:38.124,21.116,46.656
19.4.2025,5:25:39.119,21.003,32.243
19.4.2025,5:25:40.105,20.746,45.724
19.4.2025,5:25:41.110,19.783,46.725
19.4.2025,5:25:42.127,20.075,47.747
19.4.2025,5:25:43.126,21.843,48.698
19.4.2025,5:25:44.145,20.862,49.701
19.4.2025,5:25:45.148,20.966,54.496
19.4.2025,5:25:46.153,21.266,39.396
19.4.2025,5:25:47.157,21.292,38.878
19.4.2025,5:25:48.177,20.273,46.217
19.4.2025,5:25:49.194,19.403,47.819
19.4.2025,5:25:50.198,19.346,49.336
19.4.2025,5:25:51.188,20.330,51.016
19.4.2025,5:25:52.192,21.216,45.114
19.4.2025,5:25:53.196,21.371,33.316
19.4.2025,5:25:54.212,20.806,45.769
19.4.2025,5:25:55.201,19.749,47.295
19.4.2025,5:25:56.219,19.515,47.772
19.4.2025,5:25:57.220,18.581,48.654
19.4.2025,5:25:58.236,20.749,49.179
19.4.2025,5:25:59.235,21.109,55.755
19.4.2025,5:26:0.254,21.230,36.042
19.4.2025,5:26:1.260,20.556,43.439
19.4.2025,5:26:2.265,19.128,46.379
19.4.2025,5:26:3.277,19.221,47.489
19.4.2025,5:26:4.297,19.317,48.710
19.4.2025,5:26:5.301,21.174,49.405
19.4.2025,5:26:6.302,21.413,37.425
19.4.2025,5:26:7.303,21.646,41.125
19.4.2025,5:26:8.304,20.745,46.414
19.4.2025,5:26:9.308,19.262,47.800
19.4.2025,5:26:10.338,19.195,48.476
19.4.2025,5:26:11.325,19.720,49.498
19.4.2025,5:26:12.325,20.872,50.261
19.4.2025,5:26:13.344,21.108,48.280
19.4.2025,5:26:14.347,21.340,33.588
19.4.2025,5:26:15.346,20.209,45.539
19.4.2025,5:26:16.345,19.150,46.990
19.4.2025,5:26:17.365,18.588,47.525
19.4.2025,5:26:18.367,20.239,48.657
19.4.2025,5:26:19.384,21.376,47.030
19.4.2025,5:26:20.370,20.977,34.268
19.4.2025,5:26:21.397,20.850,45.971
19.4.2025,5:26:22.415,19.888,47.035
19.4.2025,5:26:23.431,19.719,47.715
19.4.2025,5:26:24.419,19.673,48.534
19.4.2025,5:26:25.419,20.429,49.458
19.4.2025,5:26:26.434,21.503,56.150
19.4.2025,5:26:27.436,20.762,36.605
19.4.2025,5:26:28.438,21.041,41.305
19.4.2025,5:26:29.440,19.951,46.246
19.4.2025,5:26:30.458,19.356,47.594
19.4.2025,5:26:31.463,19.958,48.280
19.4.2025,5:26:32.463,20.147,48.488
19.4.2025,5:26:33.464,21.045,50.426
19.4.2025,5:26:34.450,21.477,48.906
19.4.2025,5:26:35.452,21.143,46.301
19.4.2025,5:26:36.451,19.736,48.496
19.4.2025,5:26:37.473,19.119,48.111
19.4.2025,5:26:38.471,19.358,49.014
19.4.2025,5:26:39.490,20.081,50.513
19.4.2025,5:26:40.489,21.076,46.849
19.4.2025,5:26:41.491,21.093,32.604
19.4.2025,5:26:42.495,21.445,45.395
19.4.2025,5:26:43.495,19.318,46.512
19.4.2025,5:26:44.512,19.523,47.938
19.4.2025,5:26:45.516,19.640,48.417
19.4.2025,5:26:46.517,20.851,49.787
19.4.2025,5:26:47.520,21.521,55.507
19.4.2025,5:26:48.525,21.408,38.248
19.4.2025,5:26:49.541,20.612,40.366
19.4.2025,5:26:50.557,19.577,45.890
19.4.2025,5:26:51.556,18.868,47.645
19.4.2025,5:26:52.557,19.647,48.277
19.4.2025,5:26:53.543,21.404,49.009
19.4.2025,5:26:54.545,20.952,49.942
19.4.2025,5:26:55.547,20.954,37.614
19.4.2025,5:26:56.548,20.002,46.312
19.4.2025,5:26:57.550,19.093,48.700
19.4.2025,5:26:58.552,19.690,47.668
19.4.2025,5:26:59.553,20.049,48.930
19.4.2025,5:27:0.557,21.125,49.399
19.4.2025,5:27:1.545,21.148,50.425
19.4.2025,5:27:2.548,21.083,33.499
19.4.2025,5:27:3.551,20.022,45.556
19.4.2025,5:27:4.556,20.394,46.569
19.4.2025,5:27:5.552,19.149,47.649
19.4.2025,5:27:6.555,20.215,48.740
19.4.2025,5:27:7.554,21.031,49.646
19.4.2025,5:27:8.557,21.103,51.223
19.4.2025,5:27:9.557,21.269,44.195
19.4.2025,5:27:10.573,19.197,35.114
19.4.2025,5:27:11.572,19.960,45.863
19.4.2025,5:27:12.561,19.721,48.333
19.4.2025,5:27:13.563,19.910,48.851
19.4.2025,5:27:14.562,21.125,50.354
19.4.2025,5:27:15.561,21.025,51.319
19.4.2025,5:27:16.576,20.627,35.864
19.4.2025,5:27:17.589,20.886,45.627
19.4.2025,5:27:18.592,21.694,46.744
19.4.2025,5:27:19.595,19.125,47.736
19.4.2025,5:27:20.594,19.705,48.601
19.4.2025,5:27:21.611,21.016,49.926
19.4.2025,5:27:22.628,21.475,51.974
19.4.2025,5:27:23.648,20.969,42.354
19.4.2025,5:27:24.650,20.128,34.915
19.4.2025,5:27:25.652,19.315,46.251
19.4.2025,5:27:26.654,19.297,47.818
19.4.2025,5:27:27.672,20.410,47.509
19.4.2025,5:27:28.687,20.862,48.437
19.4.2025,5:27:29.692,21.502,47.864
19.4.2025,5:27:30.695,21.490,32.427
19.4.2025,5:27:31.697,19.624,45.759
19.4.2025,5:27:32.686,19.410,46.205
19.4.2025,5:27:33.686,18.894,47.904
19.4.2025,5:27:34.688,20.801,48.629
19.4.2025,5:27:35.702,20.755,49.663
19.4.2025,5:27:36.705,21.028,55.234
19.4.2025,5:27:37.722,20.883,36.424
19.4.2025,5:27:38.742,19.201,40.795
19.4.2025,5:27:39.741,20.123,46.141
19.4.2025,5:27:40.757,19.510,47.708
19.4.2025,5:27:41.757,19.929,48.270
19.4.2025,5:27:42.776,20.730,52.838
19.4.2025,5:27:43.778,21.393,38.493
19.4.2025,5:27:44.798,20.748,40.236
19.4.2025,5:27:45.799,19.327,46.267
19.4.2025,5:27:46.800,19.768,47.794
19.4.2025,5:27:47.802,19.721,47.866
19.4.2025,5:27:48.805,21.012,49.079
19.4.2025,5:27:49.808,21.296,49.962
19.4.2025,5:27:50.810,21.262,51.657
19.4.2025,5:27:51.810,20.859,35.179
19.4.2025,5:27:52.812,19.675,44.512
19.4.2025,5:27:53.832,18.979,46.479
19.4.2025,5:27:54.847,19.716,48.056
19.4.2025,5:27:55.861,21.112,48.459
19.4.2025,5:27:56.865,21.398,49.408
19.4.2025,5:27:57.866,20.842,35.476
19.4.2025,5:27:58.870,21.460,42.257
19.4.2025,5:27:59.871,19.984,46.507
19.4.2025,5:28:0.871,19.637,47.845
19.4.2025,5:28:1.901,19.381,48.411
19.4.2025,5:28:2.887,20.282,49.366
19.4.2025,5:28:3.889,21.573,50.644
19.4.2025,5:28:4.906,21.121,49.336
19.4.2025,5:28:5.922,20.894,30.248
19.4.2025,5:28:6.924,19.683,45.740
19.4.2025,5:28:7.927,19.444,46.982
19.4.2025,5:28:8.931,19.209,47.716
19.4.2025,5:28:9.933,21.027,48.651
19.4.2025,5:28:10.934,21.080,52.967
19.4.2025,5:28:11.955,20.528,35.177
19.4.2025,5:28:12.970,20.662,44.504
19.4.2025,5:28:13.973,19.958,46.189
19.4.2025,5:28:14.974,19.808,47.772
19.4.2025,5:28:15.976,19.791,48.219
19.4.2025,5:28:16.977,21.566,49.194
19.4.2025,5:28:17.965,21.203,50.275
19.4.2025,5:28:18.982,21.303,49.324
19.4.2025,5:28:19.981,20.320,33.862
19.4.2025,5:28:21.001,19.364,45.590
19.4.2025,5:28:22.003,19.478,46.343
19.4.2025,5:28:23.022,19.453,47.546
19.4.2025,5:28:24.025,21.512,48.308
19.4.2025,5:28:25.014,20.938,49.611
19.4.2025,5:28:26.016,20.726,32.978
19.4.2025,5:28:27.017,20.707,45.738
19.4.2025,5:28:28.020,19.545,46.474
19.4.2025,5:28:29.040,19.281,47.678
19.4.2025,5:28:30.041,19.669,48.797
19.4.2025,5:28:31.045,21.069,49.827
19.4.2025,5:28:32.047,21.030,52.714
19.4.2025,5:28:33.048,21.028,42.298
19.4.2025,5:28:34.050,19.978,36.917
19.4.2025,5:28:35.049,19.962,46.420
19.4.2025,5:28:36.050,18.892,48.254
19.4.2025,5:28:37.049,19.668,47.846
19.4.2025,5:28:38.067,20.584,48.927
19.4.2025,5:28:39.079,20.844,49.901
19.4.2025,5:28:40.093,21.100,52.080
19.4.2025,5:28:41.095,20.556,34.818
19.4.2025,5:28:42.097,19.529,45.467
19.4.2025,5:28:43.095,19.950,46.377
19.4.2025,5:28:44.100,19.565,47.902
19.4.2025,5:28:45.116,21.143,48.569
19.4.2025,5:28:46.115,20.930,49.635
19.4.2025,5:28:47.110,21.308,52.497
19.4.2025,5:28:48.115,20.072,44.141
19.4.2025,5:28:49.110,20.186,34.406
19.4.2025,5:28:50.115,18.889,47.690
19.4.2025,5:28:51.116,19.642,48.534
19.4.2025,5:28:52.115,23.012,49.633
19.4.2025,5:28:53.116,21.693,53.375
19.4.2025,5:28:54.117,22.028,40.142
19.4.2025,5:28:55.115,20.670,37.643
19.4.2025,5:28:56.117,20.211,46.213
19.4.2025,5:28:57.120,19.541,47.653
19.4.2025,5:28:58.117,19.019,47.177
19.4.2025,5:28:59.114,20.730,48.382
19.4.2025,5:29:0.128,21.238,48.898
19.4.2025,5:29:1.145,21.091,51.183
19.4.2025,5:29:2.160,20.679,36.065
19.4.2025,5:29:3.175,19.501,42.869
19.4.2025,5:29:4.190,19.525,36.400
19.4.2025,5:29:5.190,30.206,37.734
19.4.2025,5:29:6.206,29.510,44.337
19.4.2025,5:29:7.209,29.661,50.216
19.4.2025,5:29:8.227,29.779,55.460
19.4.2025,5:29:9.225,29.878,39.225
19.4.2025,5:29:10.225,19.482,45.892
19.4.2025,5:29:11.227,19.542,48.439
19.4.2025,5:29:12.231,21.412,49.583
19.4.2025,5:29:13.251,21.316,54.044
19.4.2025,5:29:14.269,21.688,38.629
19.4.2025,5:29:15.270,19.797,39.162
19.4.2025,5:29:16.275,18.816,46.189
19.4.2025,5:29:17.277,18.717,47.764
19.4.2025,5:29:18.297,20.241,48.047
19.4.2025,5:29:19.298,21.482,49.413
19.4.2025,5:29:20.299,21.071,51.112
19.4.2025,5:29:21.301,20.858,45.451
19.4.2025,5:29:22.304,19.661,46.008
19.4.2025,5:29:23.305,19.289,48.244
19.4.2025,5:29:24.295,19.019,48.200
19.4.2025,5:29:25.300,21.220,48.853
19.4.2025,5:29:26.300,21.547,49.746
19.4.2025,5:29:27.299,20.614,48.562
19.4.2025,5:29:28.301,20.547,34.395
19.4.2025,5:29:29.304,19.563,45.135
19.4.2025,5:29:30.303,18.615,46.870
19.4.2025,5:29:31.307,19.630,47.476
19.4.2025,5:29:32.306,21.152,48.649
19.4.2025,5:29:33.293,21.585,49.780
19.4.2025,5:29:34.298,21.128,53.307
19.4.2025,5:29:35.298,20.331,37.321
19.4.2025,5:29:36.302,19.568,40.353
19.4.2025,5:29:37.304,19.624,46.051
19.4.2025,5:29:38.306,20.352,47.879
19.4.2025,5:29:39.307,20.910,49.716
19.4.2025,5:29:40.293,20.685,54.393
19.4.2025,5:29:41.295,21.256,37.918
19.4.2025,5:29:42.293,19.345,39.332
19.4.2025,5:29:43.296,19.600,45.999
19.4.2025,5:29:44.300,19.159,48.026
19.4.2025,5:29:45.301,20.294,48.094
19.4.2025,5:29:46.318,21.376,49.221
19.4.2025,5:29:47.322,21.577,50.868
19.4.2025,5:29:48.323,21.091,46.755
19.4.2025,5:29:49.335,19.674,34.648
19.4.2025,5:29:50.352,19.882,45.632
19.4.2025,5:29:51.341,19.166,48.228
19.4.2025,5:29:52.343,20.210,49.345
19.4.2025,5:29:53.346,21.130,50.597
19.4.2025,5:29:54.350,21.422,44.486
19.4.2025,5:29:55.352,20.159,34.914
19.4.2025,5:29:56.356,19.196,45.954
19.4.2025,5:29:57.359,19.323,47.685
19.4.2025,5:29:58.377,18.962,47.882
19.4.2025,5:29:59.398,21.519,48.701
19.4.2025,5:30:0.413,20.829,49.305
19.4.2025,5:30:1.404,21.520,52.123
19.4.2025,5:30:2.409,19.507,32.974
19.4.2025,5:30:3.426,18.627,45.296
19.4.2025,5:30:4.431,19.088,46.742
19.4.2025,5:30:5.433,20.508,47.778
19.4.2025,5:30:6.436,21.425,49.827
19.4.2025,5:30:7.440,21.324,51.370
19.4.2025,5:30:8.440,20.741,35.316
19.4.2025,5:30:9.454,19.815,44.567
19.4.2025,5:30:10.472,19.506,46.546
19.4.2025,5:30:11.476,19.120,47.904
19.4.2025,5:30:12.468,21.139,48.597
19.4.2025,5:30:13.471,21.610,49.654
19.4.2025,5:30:14.467,21.017,54.325
19.4.2025,5:30:15.468,20.548,38.341
19.4.2025,5:30:16.470,19.708,41.050
19.4.2025,5:30:17.475,19.228,46.291
19.4.2025,5:30:18.474,19.307,47.907
19.4.2025,5:30:19.478,21.263,48.312
19.4.2025,5:30:20.478,21.264,54.318
19.4.2025,5:30:21.465,20.910,38.698
19.4.2025,5:30:22.482,19.815,39.551
19.4.2025,5:30:23.497,19.225,46.272
19.4.2025,5:30:24.515,19.500,47.772
19.4.2025,5:30:25.529,20.841,48.166
19.4.2025,5:30:26.544,22.760,49.228
19.4.2025,5:30:27.553,22.850,50.921
19.4.2025,5:30:28.573,21.107,46.295
19.4.2025,5:30:29.557,20.087,33.807
19.4.2025,5:30:30.560,19.174,46.092
19.4.2025,5:30:31.563,19.186,47.560
19.4.2025,5:30:32.582,21.059,47.836
19.4.2025,5:30:33.582,21.132,48.372
19.4.2025,5:30:34.581,21.425,48.019
19.4.2025,5:30:35.587,21.330,32.426
19.4.2025,5:30:36.590,19.384,45.406
19.4.2025,5:30:37.594,18.724,47.198
19.4.2025,5:30:38.598,19.202,47.773
19.4.2025,5:30:39.601,21.237,48.514
19.4.2025,5:30:40.602,21.016,48.992
19.4.2025,5:30:41.602,20.928,54.290
19.4.2025,5:30:42.600,19.753,37.629
19.4.2025,5:30:43.613,19.961,41.296
19.4.2025,5:30:44.628,19.882,46.444
19.4.2025,5:30:45.645,18.773,47.553
19.4.2025,5:30:46.644,21.703,48.568
19.4.2025,5:30:47.647,21.312,49.412
19.4.2025,5:30:48.648,20.993,51.641
19.4.2025,5:30:49.665,20.375,46.303
19.4.2025,5:30:50.677,19.635,33.596
19.4.2025,5:30:51.679,19.106,45.660
19.4.2025,5:30:52.678,19.455,47.277
19.4.2025,5:30:53.695,20.002,47.819
19.4.2025,5:30:54.695,21.184,48.468
19.4.2025,5:30:55.710,21.772,49.211
19.4.2025,5:30:56.715,20.625,53.210
19.4.2025,5:30:57.715,19.283,36.366
19.4.2025,5:30:58.723,19.067,47.461
19.4.2025,5:30:59.722,18.742,47.723
19.4.2025,5:31:0.722,21.373,48.678
19.4.2025,5:31:1.725,20.895,49.952
19.4.2025,5:31:2.725,21.221,52.765
19.4.2025,5:31:3.728,20.100,34.744
19.4.2025,5:31:4.729,19.411,44.879
19.4.2025,5:31:5.716,19.467,46.665
19.4.2025,5:31:6.730,19.999,47.874
19.4.2025,5:31:7.760,20.953,48.760
19.4.2025,5:31:8.760,20.944,49.523
19.4.2025,5:31:9.762,21.488,54.714
19.4.2025,5:31:10.761,20.287,37.766
19.4.2025,5:31:11.763,19.790,43.133
19.4.2025,5:31:12.769,19.336,46.358
19.4.2025,5:31:13.767,19.454,47.402
19.4.2025,5:31:14.785,20.984,48.347
19.4.2025,5:31:15.785,21.029,49.529
19.4.2025,5:31:16.800,20.842,36.483
19.4.2025,5:31:17.814,20.526,42.051
19.4.2025,5:31:18.829,19.679,34.670
19.4.2025,5:31:19.832,19.405,47.727
19.4.2025,5:31:20.832,19.445,48.411
19.4.2025,5:31:21.837,21.246,49.227
19.4.2025,5:31:22.824,20.975,50.236
19.4.2025,5:31:23.844,20.829,45.663
19.4.2025,5:31:24.848,19.497,34.413
19.4.2025,5:31:25.866,19.912,46.144
19.4.2025,5:31:26.866,19.285,47.607
19.4.2025,5:31:27.879,19.698,47.414
19.4.2025,5:31:28.899,21.092,48.557
19.4.2025,5:31:29.900,21.158,49.504
19.4.2025,5:31:30.916,20.568,56.084
19.4.2025,5:31:31.904,19.964,37.878
19.4.2025,5:31:32.907,19.643,46.721
19.4.2025,5:31:33.923,19.416,47.648
19.4.2025,5:31:34.922,19.810,48.562
19.4.2025,5:31:35.926,20.965,49.553
19.4.2025,5:31:36.931,20.964,54.812
19.4.2025,5:31:37.930,21.151,38.773
19.4.2025,5:31:38.929,19.913,39.008
19.4.2025,5:31:39.943,19.431,45.949
19.4.2025,5:31:40.946,19.355,47.997
19.4.2025,5:31:41.963,19.621,47.625
19.4.2025,5:31:42.977,21.204,48.912
19.4.2025,5:31:43.975,20.952,50.159
19.4.2025,5:31:44.977,21.403,49.361
19.4.2025,5:31:45.979,20.235,31.615
19.4.2025,5:31:46.992,19.538,45.559
19.4.2025,5:31:47.984,18.925,47.032
19.4.2025,5:31:48.984,18.796,47.653
19.4.2025,5:31:49.986,20.813,50.632
19.4.2025,5:31:50.982,20.922,48.319
19.4.2025,5:31:51.998,21.020,32.700
19.4.2025,5:31:53.017,20.165,45.510
19.4.2025,5:31:54.017,20.108,46.545
19.4.2025,5:31:55.020,19.050,47.882
19.4.2025,5:31:56.034,19.402,48.325
19.4.2025,5:31:57.035,21.141,49.720
19.4.2025,5:31:58.053,21.535,55.463
19.4.2025,5:31:59.058,20.888,37.281
19.4.2025,5:32:0.046,20.482,39.374
19.4.2025,5:32:1.066,23.606,46.285
19.4.2025,5:32:2.071,18.905,48.138
19.4.2025,5:32:3.061,19.001,48.000
19.4.2025,5:32:4.066,21.235,55.271
19.4.2025,5:32:5.069,21.025,37.928
19.4.2025,5:32:6.072,21.195,39.521
19.4.2025,5:32:7.088,19.999,46.099
19.4.2025,5:32:8.074,19.594,47.784
19.4.2025,5:32:9.091,18.687,48.368
19.4.2025,5:32:10.094,20.667,49.063
19.4.2025,5:32:11.096,21.047,50.746
19.4.2025,5:32:12.113,21.275,46.732
19.4.2025,5:32:13.110,21.080,32.932
19.4.2025,5:32:14.111,20.003,45.642
19.4.2025,5:32:15.112,19.496,47.439
19.4.2025,5:32:16.115,19.818,49.013
19.4.2025,5:32:17.120,20.493,50.271
19.4.2025,5:32:18.114,21.223,48.279
19.4.2025,5:32:19.110,21.204,32.000
19.4.2025,5:32:20.114,20.728,45.843
19.4.2025,5:32:21.113,18.925,47.200
19.4.2025,5:32:22.115,19.263,47.943
19.4.2025,5:32:23.119,19.394,48.690
19.4.2025,5:32:24.122,21.536,49.354
19.4.2025,5:32:25.123,21.105,57.092
19.4.2025,5:32:26.137,21.217,37.972
19.4.2025,5:32:27.140,20.731,40.158
19.4.2025,5:32:28.156,20.012,46.387
19.4.2025,5:32:29.159,18.895,47.636
19.4.2025,5:32:30.176,19.910,48.897
19.4.2025,5:32:31.176,20.891,49.336
19.4.2025,5:32:32.191,21.017,50.606
19.4.2025,5:32:33.190,21.001,49.035
19.4.2025,5:32:34.190,20.190,31.134
19.4.2025,5:32:35.191,19.978,45.833
19.4.2025,5:32:36.195,19.741,48.221
19.4.2025,5:32:37.211,19.488,48.960
19.4.2025,5:32:38.213,21.459,50.972
19.4.2025,5:32:39.201,21.108,47.929
19.4.2025,5:32:40.218,21.415,33.151
19.4.2025,5:32:41.231,19.576,45.638
19.4.2025,5:32:42.250,18.954,47.632
19.4.2025,5:32:43.254,19.258,47.760
19.4.2025,5:32:44.270,20.663,48.531
19.4.2025,5:32:45.287,22.792,49.428
19.4.2025,5:32:46.307,21.887,54.826
19.4.2025,5:32:47.322,21.398,45.238
19.4.2025,5:32:48.338,25.558,47.788
19.4.2025,5:32:49.340,20.511,47.488
19.4.2025,5:32:50.346,22.050,48.412
19.4.2025,5:32:51.346,21.492,49.358
19.4.2025,5:32:52.347,21.571,55.020
19.4.2025,5:32:53.352,21.241,35.432
19.4.2025,5:32:54.356,19.557,43.829
19.4.2025,5:32:55.373,19.482,46.668
19.4.2025,5:32:56.391,19.312,47.805
19.4.2025,5:32:57.408,20.815,48.139
19.4.2025,5:32:58.424,21.179,49.688
19.4.2025,5:32:59.441,21.596,34.526
19.4.2025,5:33:0.440,21.235,45.421
19.4.2025,5:33:1.440,19.843,47.155
19.4.2025,5:33:2.444,19.377,47.941
19.4.2025,5:33:3.461,18.870,48.372
19.4.2025,5:33:4.466,21.176,49.555
19.4.2025,5:33:5.472,21.401,53.894
19.4.2025,5:33:6.475,20.721,34.402
19.4.2025,5:33:7.494,20.478,44.203
19.4.2025,5:33:8.481,19.397,46.505
19.4.2025,5:33:9.498,19.609,47.857
19.4.2025,5:33:10.502,20.371,48.550
19.4.2025,5:33:11.515,21.277,49.799
19.4.2025,5:33:12.515,21.474,53.901
19.4.2025,5:33:13.515,21.005,40.043
19.4.2025,5:33:14.532,20.048,38.877
19.4.2025,5:33:15.534,21.028,48.089
19.4.2025,5:33:16.541,22.298,49.799
19.4.2025,5:33:17.528,21.727,56.696
19.4.2025,5:33:18.547,20.846,35.138
19.4.2025,5:33:19.546,20.714,41.871
19.4.2025,5:33:20.547,19.959,46.217
19.4.2025,5:33:21.547,19.049,47.679
19.4.2025,5:33:22.548,19.653,48.557
19.4.2025,5:33:23.564,21.137,49.420
19.4.2025,5:33:24.569,21.360,50.667
19.4.2025,5:33:25.572,21.591,45.120
19.4.2025,5:33:26.558,20.192,34.944
19.4.2025,5:33:27.561,19.853,46.411
19.4.2025,5:33:28.562,19.523,47.529
19.4.2025,5:33:29.563,19.886,47.730
19.4.2025,5:33:30.580,20.878,48.418
19.4.2025,5:33:31.584,21.726,46.440
19.4.2025,5:33:32.600,21.556,34.029
19.4.2025,5:33:33.600,19.665,46.361
19.4.2025,5:33:34.604,19.810,48.101
19.4.2025,5:33:35.591,22.546,48.345
19.4.2025,5:33:36.605,20.799,49.111
19.4.2025,5:33:37.623,21.539,50.857
19.4.2025,5:33:38.624,20.743,45.891
19.4.2025,5:33:39.627,20.786,32.804
19.4.2025,5:33:40.645,19.948,45.636
19.4.2025,5:33:41.647,19.161,47.247
19.4.2025,5:33:42.648,19.891,48.775
19.4.2025,5:33:43.639,22.450,50.837
19.4.2025,5:33:44.644,20.760,45.252
19.4.2025,5:33:45.660,20.664,35.339
19.4.2025,5:33:46.677,19.551,46.251
19.4.2025,5:33:47.680,19.625,47.619
19.4.2025,5:33:48.669,19.499,48.008
19.4.2025,5:33:49.684,20.880,48.304
19.4.2025,5:33:50.701,21.004,49.263
19.4.2025,5:33:51.705,21.124,51.930
19.4.2025,5:33:52.710,20.648,33.709
19.4.2025,5:33:53.710,19.144,45.263
19.4.2025,5:33:54.728,19.175,47.689
19.4.2025,5:33:55.727,19.482,48.761
19.4.2025,5:33:56.717,21.131,49.713
19.4.2025,5:33:57.731,24.586,49.309
19.4.2025,5:33:58.737,20.780,32.802
19.4.2025,5:33:59.753,20.175,45.517
19.4.2025,5:34:0.769,19.737,46.822
19.4.2025,5:34:1.771,19.480,47.682
19.4.2025,5:34:2.773,19.702,48.568
19.4.2025,5:34:3.790,22.211,49.630
19.4.2025,5:34:4.792,20.758,31.545
19.4.2025,5:34:5.777,21.115,46.127
19.4.2025,5:34:6.779,19.433,47.063
19.4.2025,5:34:7.806,19.100,47.619
19.4.2025,5:34:8.809,19.414,48.563
19.4.2025,5:34:9.825,20.116,49.294
19.4.2025,5:34:10.833,21.881,51.677
19.4.2025,5:34:11.848,24.068,30.199
19.4.2025,5:34:12.846,23.070,45.728
19.4.2025,5:34:13.864,19.484,47.141
19.4.2025,5:34:14.863,19.241,47.755
19.4.2025,5:34:15.864,20.413,48.653
19.4.2025,5:34:16.855,20.968,48.896
19.4.2025,5:34:17.873,21.150,53.561
19.4.2025,5:34:18.888,20.886,34.946
19.4.2025,5:34:19.886,20.128,44.525
19.4.2025,5:34:20.888,20.111,46.617
19.4.2025,5:34:21.888,19.176,48.664
19.4.2025,5:34:22.894,20.439,50.466
19.4.2025,5:34:23.898,21.514,47.765
19.4.2025,5:34:24.916,21.047,33.947
19.4.2025,5:34:25.931,20.224,45.288
19.4.2025,5:34:26.931,19.348,47.279
19.4.2025,5:34:27.919,19.281,47.967
19.4.2025,5:34:28.926,19.523,48.307
19.4.2025,5:34:29.928,21.169,49.339
19.4.2025,5:34:30.931,20.870,55.701
19.4.2025,5:34:31.929,20.689,34.521
19.4.2025,5:34:32.932,20.370,44.332
19.4.2025,5:34:33.931,19.038,46.440
19.4.2025,5:34:34.945,19.529,47.689
19.4.2025,5:34:35.962,20.245,48.650
19.4.2025,5:34:36.969,21.303,49.731
19.4.2025,5:34:37.985,21.230,53.579
19.4.2025,5:34:39.003,20.559,37.041
19.4.2025,5:34:40.017,19.264,41.229
19.4.2025,5:34:41.033,19.038,46.367
19.4.2025,5:34:42.052,19.138,47.236
19.4.2025,5:34:43.054,20.971,49.508
19.4.2025,5:34:44.053,21.300,50.038
19.4.2025,5:34:45.068,21.193,54.369
19.4.2025,5:34:46.087,20.282,45.367
19.4.2025,5:34:47.092,19.722,46.584
19.4.2025,5:34:48.106,19.335,48.011
19.4.2025,5:34:49.126,24.860,34.944
19.4.2025,5:34:50.141,29.845,34.853
19.4.2025,5:34:51.161,29.594,35.934
19.4.2025,5:34:52.161,29.618,38.364
19.4.2025,5:34:53.164,29.585,44.173
19.4.2025,5:34:54.166,23.913,47.469
19.4.2025,5:34:55.181,20.785,48.156
19.4.2025,5:34:56.184,21.022,49.169
19.4.2025,5:34:57.205,21.002,33.918
19.4.2025,5:34:58.209,20.520,45.973
19.4.2025,5:34:59.212,19.276,47.725
19.4.2025,5:35:0.215,19.086,47.991
19.4.2025,5:35:1.228,19.614,48.174
19.4.2025,5:35:2.233,20.893,49.683
19.4.2025,5:35:3.236,20.730,52.138
19.4.2025,5:35:4.241,20.988,37.389
19.4.2025,5:35:5.244,19.682,42.417
19.4.2025,5:35:6.242,18.950,46.408
19.4.2025,5:35:7.241,18.993,47.769
19.4.2025,5:35:8.260,20.435,48.472
19.4.2025,5:35:9.261,21.703,49.531
19.4.2025,5:35:10.263,23.626,52.146
19.4.2025,5:35:11.263,21.125,43.356
19.4.2025,5:35:12.282,20.260,36.784
19.4.2025,5:35:13.281,19.654,46.238
19.4.2025,5:35:14.284,19.152,47.920
19.4.2025,5:35:15.285,20.735,47.919
19.4.2025,5:35:16.307,21.232,54.806
19.4.2025,5:35:17.295,21.043,37.414
19.4.2025,5:35:18.297,20.004,39.837
19.4.2025,5:35:19.298,19.400,46.035
19.4.2025,5:35:20.298,19.880,48.330
19.4.2025,5:35:21.303,19.540,48.486
19.4.2025,5:35:22.306,20.976,49.007
19.4.2025,5:35:23.306,20.786,50.142
19.4.2025,5:35:24.310,20.910,49.956
19.4.2025,5:35:25.325,20.558,34.205
19.4.2025,5:35:26.342,19.312,45.717
19.4.2025,5:35:27.344,19.069,46.539
19.4.2025,5:35:28.362,19.760,48.813
19.4.2025,5:35:29.376,21.382,50.210
19.4.2025,5:35:30.394,20.657,51.342
19.4.2025,5:35:31.411,21.470,34.103
19.4.2025,5:35:32.424,20.627,44.314
19.4.2025,5:35:33.430,19.851,46.392
19.4.2025,5:35:34.432,19.043,47.545
19.4.2025,5:35:35.445,19.640,48.446
19.4.2025,5:35:36.446,21.431,49.701
19.4.2025,5:35:37.445,21.363,54.773
19.4.2025,5:35:38.443,21.431,38.334
19.4.2025,5:35:39.444,19.900,39.943
19.4.2025,5:35:40.447,20.024,46.297
19.4.2025,5:35:41.449,19.670,48.127
19.4.2025,5:35:42.468,20.533,47.971
19.4.2025,5:35:43.472,21.716,53.391
19.4.2025,5:35:44.491,21.322,39.982
19.4.2025,5:35:45.508,20.498,38.444
19.4.2025,5:35:46.524,19.061,46.163
19.4.2025,5:35:47.527,19.823,48.307
19.4.2025,5:35:48.530,19.914,48.379
19.4.2025,5:35:49.545,21.258,49.117
19.4.2025,5:35:50.544,20.890,50.677
19.4.2025,5:35:51.562,21.347,45.885
19.4.2025,5:35:52.563,20.406,34.356
19.4.2025,5:35:53.579,19.594,45.469
19.4.2025,5:35:54.581,19.227,47.085
19.4.2025,5:35:55.582,20.119,47.393
19.4.2025,5:35:56.598,20.797,48.200
19.4.2025,5:35:57.617,21.546,49.404
19.4.2025,5:35:58.619,21.273,51.230
19.4.2025,5:35:59.619,19.319,32.706
19.4.2025,5:36:0.622,19.443,45.495
19.4.2025,5:36:1.635,19.526,47.500
19.4.2025,5:36:2.623,20.972,47.813
19.4.2025,5:36:3.639,21.314,50.233
19.4.2025,5:36:4.660,21.065,49.383
19.4.2025,5:36:5.662,20.396,31.387
19.4.2025,5:36:6.662,19.456,45.577
19.4.2025,5:36:7.663,19.438,46.969
19.4.2025,5:36:8.663,19.342,47.614
19.4.2025,5:36:9.664,21.109,48.493
19.4.2025,5:36:10.665,21.110,49.910
19.4.2025,5:36:11.679,21.469,54.936
19.4.2025,5:36:12.681,20.090,37.950
19.4.2025,5:36:13.683,19.827,40.037
19.4.2025,5:36:14.669,19.704,46.181
19.4.2025,5:36:15.673,20.059,48.182
19.4.2025,5:36:16.675,21.268,48.441
19.4.2025,5:36:17.675,22.026,49.549
19.4.2025,5:36:18.679,21.291,37.373
19.4.2025,5:36:19.680,19.153,39.840
19.4.2025,5:36:20.684,19.685,45.833
19.4.2025,5:36:21.702,19.399,47.801
19.4.2025,5:36:22.716,20.952,48.520
19.4.2025,5:36:23.717,21.071,49.228
19.4.2025,5:36:24.720,20.780,50.562
19.4.2025,5:36:25.721,20.700,48.509
19.4.2025,5:36:26.729,19.653,32.949
19.4.2025,5:36:27.744,19.613,45.974
19.4.2025,5:36:28.734,19.843,47.610
19.4.2025,5:36:29.739,21.372,48.052
19.4.2025,5:36:30.758,21.372,48.522
19.4.2025,5:36:31.760,21.679,49.574
19.4.2025,5:36:32.764,20.100,53.243
19.4.2025,5:36:33.767,19.350,45.800
19.4.2025,5:36:34.770,19.314,47.290
19.4.2025,5:36:35.769,19.691,47.686
19.4.2025,5:36:36.783,21.520,48.515
19.4.2025,5:36:37.784,20.380,49.820
19.4.2025,5:36:38.799,21.586,51.970
19.4.2025,5:36:39.799,19.999,32.574
19.4.2025,5:36:40.799,19.298,45.588
19.4.2025,5:36:41.799,18.812,47.056
19.4.2025,5:36:42.801,20.162,47.421
19.4.2025,5:36:43.802,21.551,48.648
19.4.2025,5:36:44.794,24.716,49.635
19.4.2025,5:36:45.794,21.119,55.567
19.4.2025,5:36:46.799,19.686,36.001
19.4.2025,5:36:47.803,18.677,41.515
19.4.2025,5:36:48.806,19.718,46.354
19.4.2025,5:36:49.821,20.534,48.438
19.4.2025,5:36:50.810,21.001,49.173
19.4.2025,5:36:51.816,21.298,56.017
19.4.2025,5:36:52.813,21.077,37.949
19.4.2025,5:36:53.815,19.607,39.952
19.4.2025,5:36:54.815,19.355,46.429
19.4.2025,5:36:55.817,19.100,47.855
19.4.2025,5:36:56.835,20.459,48.643
19.4.2025,5:36:57.825,21.246,49.916
19.4.2025,5:36:58.842,21.259,51.003
19.4.2025,5:36:59.846,20.298,45.162
19.4.2025,5:37:0.842,19.483,35.346
19.4.2025,5:37:1.857,19.920,45.955
19.4.2025,5:37:2.860,19.129,47.528
19.4.2025,5:37:3.863,20.070,47.909
19.4.2025,5:37:4.865,21.303,48.488
19.4.2025,5:37:5.867,21.249,45.839
19.4.2025,5:37:6.868,20.682,55.449
19.4.2025,5:37:7.857,19.209,46.051
19.4.2025,5:37:8.858,19.075,46.680
19.4.2025,5:37:9.863,19.406,47.727
19.4.2025,5:37:10.864,21.253,48.537
19.4.2025,5:37:11.871,21.020,49.598
19.4.2025,5:37:12.868,20.958,54.882
19.4.2025,5:37:13.856,19.488,37.181
19.4.2025,5:37:14.873,19.019,41.073
19.4.2025,5:37:15.888,19.009,46.616
19.4.2025,5:37:16.892,20.709,47.603
19.4.2025,5:37:17.895,21.268,48.451
19.4.2025,5:37:18.910,21.389,49.400
19.4.2025,5:37:19.928,20.185,50.973
19.4.2025,5:37:20.930,19.163,42.585
19.4.2025,5:37:21.931,19.981,46.370
19.4.2025,5:37:22.933,19.900,47.698
19.4.2025,5:37:23.918,20.822,48.567
19.4.2025,5:37:24.923,21.429,49.810
19.4.2025,5:37:25.937,21.612,53.954
19.4.2025,5:37:26.937,20.057,40.605
19.4.2025,5:37:27.941,19.600,37.409
19.4.2025,5:37:28.957,19.824,46.354
19.4.2025,5:37:29.972,21.098,47.804
19.4.2025,5:37:30.973,21.321,48.442
19.4.2025,5:37:31.974,20.800,49.054
19.4.2025,5:37:32.974,20.890,50.912
19.4.2025,5:37:33.978,19.382,45.720
19.4.2025,5:37:34.979,19.337,34.877
19.4.2025,5:37:36.010,19.659,47.859
19.4.2025,5:37:37.010,21.331,48.751
19.4.2025,5:37:38.026,21.529,47.901
19.4.2025,5:37:39.038,20.564,51.654
19.4.2025,5:37:40.041,20.815,41.900
19.4.2025,5:37:41.029,19.756,35.978
19.4.2025,5:37:42.032,19.566,46.081
19.4.2025,5:37:43.036,19.151,47.747
19.4.2025,5:37:44.038,20.829,48.028
19.4.2025,5:37:45.040,21.140,49.071
19.4.2025,5:37:46.044,20.644,50.027
19.4.2025,5:37:47.046,20.446,51.098
19.4.2025,5:37:48.046,18.921,33.095
19.4.2025,5:37:49.048,20.218,45.674
19.4.2025,5:37:50.065,19.224,46.595
19.4.2025,5:37:51.083,21.095,47.617
19.4.2025,5:37:52.085,21.160,48.655
19.4.2025,5:37:53.086,20.935,49.334
19.4.2025,5:37:54.101,20.107,55.994
19.4.2025,5:37:55.104,19.525,35.630
19.4.2025,5:37:56.103,18.961,42.845
19.4.2025,5:37:57.104,19.769,46.449
19.4.2025,5:37:58.089,21.124,47.737
19.4.2025,5:37:59.092,21.622,49.315
19.4.2025,5:38:0.097,20.568,56.438
19.4.2025,5:38:1.098,19.785,36.382
19.4.2025,5:38:2.102,19.469,41.097
19.4.2025,5:38:3.102,19.560,46.292
19.4.2025,5:38:4.118,20.993,47.398
19.4.2025,5:38:5.106,21.426,48.135
19.4.2025,5:38:6.114,21.756,49.109
19.4.2025,5:38:7.114,20.543,50.632
19.4.2025,5:38:8.132,19.528,46.269
19.4.2025,5:38:9.131,19.219,34.432
19.4.2025,5:38:10.132,19.448,46.306
19.4.2025,5:38:11.149,21.122,48.459
19.4.2025,5:38:12.138,21.117,49.706
19.4.2025,5:38:13.139,21.181,50.667
19.4.2025,5:38:14.152,19.987,44.413
19.4.2025,5:38:15.157,19.554,36.408
19.4.2025,5:38:16.176,19.008,46.284
19.4.2025,5:38:17.175,20.293,47.963
19.4.2025,5:38:18.191,21.188,48.111
19.4.2025,5:38:19.213,23.903,49.500
19.4.2025,5:38:20.212,21.199,50.836
19.4.2025,5:38:21.229,19.620,48.249
19.4.2025,5:38:22.228,19.461,31.743
19.4.2025,5:38:23.214,18.914,45.716
19.4.2025,5:38:24.216,20.696,46.751
19.4.2025,5:38:25.221,21.641,47.522
19.4.2025,5:38:26.224,21.664,48.136
19.4.2025,5:38:27.226,20.932,49.614
19.4.2025,5:38:28.229,19.786,54.994
19.4.2025,5:38:29.244,19.494,38.424
19.4.2025,5:38:30.244,19.389,47.034
19.4.2025,5:38:31.231,21.421,47.524
19.4.2025,5:38:32.232,21.325,48.357
19.4.2025,5:38:33.248,20.802,48.943
19.4.2025,5:38:34.262,20.318,54.399
19.4.2025,5:38:35.266,19.715,35.740
19.4.2025,5:38:36.269,19.163,43.233
19.4.2025,5:38:37.272,20.144,46.450
19.4.2025,5:38:38.286,21.264,47.511
19.4.2025,5:38:39.290,20.833,48.424
19.4.2025,5:38:40.292,21.528,49.358
19.4.2025,5:38:41.307,19.813,54.001
19.4.2025,5:38:42.293,19.386,37.298
19.4.2025,5:38:43.308,19.680,46.701
19.4.2025,5:38:44.307,20.652,47.751
19.4.2025,5:38:45.294,20.675,48.826
19.4.2025,5:38:46.294,21.507,49.777
19.4.2025,5:38:47.297,20.691,55.146
19.4.2025,5:38:48.314,19.062,37.571
19.4.2025,5:38:49.313,19.758,39.591
19.4.2025,5:38:50.313,19.039,45.983
19.4.2025,5:38:51.327,20.817,47.896
19.4.2025,5:38:52.343,21.521,48.660
19.4.2025,5:38:53.366,21.723,49.647
19.4.2025,5:38:54.355,20.392,50.417
19.4.2025,5:38:55.374,19.866,47.646
19.4.2025,5:38:56.377,19.523,33.865
19.4.2025,5:38:57.396,19.499,46.137
19.4.2025,5:38:58.396,21.216,47.479
19.4.2025,5:38:59.397,21.010,49.257
19.4.2025,5:39:0.398,20.794,48.642
19.4.2025,5:39:1.401,20.512,46.648
19.4.2025,5:39:2.387,19.669,33.784
19.4.2025,5:39:3.406,19.403,46.230
19.4.2025,5:39:4.422,20.205,47.835
19.4.2025,5:39:5.422,21.920,47.765
19.4.2025,5:39:6.439,20.885,48.274
19.4.2025,5:39:7.441,21.572,49.252
19.4.2025,5:39:8.442,19.672,56.276
19.4.2025,5:39:9.445,19.592,35.623
19.4.2025,5:39:10.446,18.987,44.192
19.4.2025,5:39:11.447,21.116,46.496
19.4.2025,5:39:12.434,21.311,47.868
19.4.2025,5:39:13.434,20.973,48.409
19.4.2025,5:39:14.436,20.617,51.129
19.4.2025,5:39:15.451,19.338,32.281
19.4.2025,5:39:16.467,19.677,45.769
19.4.2025,5:39:17.472,20.011,46.807
19.4.2025,5:39:18.473,21.004,47.483
19.4.2025,5:39:19.474,21.138,48.278
19.4.2025,5:39:20.479,20.599,49.723
19.4.2025,5:39:21.465,20.672,54.226
19.4.2025,5:39:22.478,19.348,38.747
19.4.2025,5:39:23.465,19.698,37.520
19.4.2025,5:39:24.481,20.158,45.964
19.4.2025,5:39:25.498,21.371,47.937
19.4.2025,5:39:26.513,21.202,48.158
19.4.2025,5:39:27.518,20.766,55.069
19.4.2025,5:39:28.534,20.213,36.879
19.4.2025,5:39:29.535,18.850,41.430
19.4.2025,5:39:30.549,19.189,46.219
19.4.2025,5:39:31.550,20.004,47.731
19.4.2025,5:39:32.553,21.342,48.501
19.4.2025,5:39:33.552,20.992,48.890
19.4.2025,5:39:34.554,20.929,51.018
19.4.2025,5:39:35.554,19.489,48.258
19.4.2025,5:39:36.557,19.618,32.047
19.4.2025,5:39:37.557,20.798,46.024
19.4.2025,5:39:38.543,20.213,46.847
19.4.2025,5:39:39.545,20.854,47.866
19.4.2025,5:39:40.562,21.066,50.383
19.4.2025,5:39:41.567,20.526,46.030
19.4.2025,5:39:42.571,18.915,34.109
19.4.2025,5:39:43.560,19.769,46.404
19.4.2025,5:39:44.560,19.376,47.800
19.4.2025,5:39:45.578,20.830,47.560
19.4.2025,5:39:46.598,21.030,48.541
19.4.2025,5:39:47.600,20.722,49.291
19.4.2025,5:39:48.603,20.021,53.895
19.4.2025,5:39:49.590,19.504,35.136
19.4.2025,5:39:50.594,18.894,44.591
19.4.2025,5:39:51.612,20.401,46.457
19.4.2025,5:39:52.610,21.099,47.738
19.4.2025,5:39:53.612,23.672,50.191
19.4.2025,5:39:54.617,20.739,48.099
19.4.2025,5:39:55.620,19.434,33.217
19.4.2025,5:39:56.624,19.457,46.018
19.4.2025,5:39:57.642,19.493,47.417
19.4.2025,5:39:58.644,21.130,47.663
19.4.2025,5:39:59.645,21.439,48.260
19.4.2025,5:40:0.648,20.666,49.486
19.4.2025,5:40:1.651,20.316,52.850
19.4.2025,5:40:2.652,19.023,34.202
19.4.2025,5:40:3.682,18.886,45.555
19.4.2025,5:40:4.683,20.361,46.694
19.4.2025,5:40:5.687,21.191,48.497
19.4.2025,5:40:6.703,21.178,50.650
19.4.2025,5:40:7.720,20.884,47.258
19.4.2025,5:40:8.736,19.605,35.181
19.4.2025,5:40:9.757,19.639,46.523
19.4.2025,5:40:10.772,19.244,47.646
19.4.2025,5:40:11.775,20.771,47.559
19.4.2025,5:40:12.761,20.911,48.728
19.4.2025,5:40:13.764,21.143,49.636
19.4.2025,5:40:14.765,20.084,51.295
19.4.2025,5:40:15.766,19.423,35.729
19.4.2025,5:40:16.770,19.399,43.249
19.4.2025,5:40:17.773,20.154,46.446
19.4.2025,5:40:18.774,20.914,48.620
19.4.2025,5:40:19.777,21.029,49.817
19.4.2025,5:40:20.797,20.621,52.438
19.4.2025,5:40:21.800,19.926,35.961
19.4.2025,5:40:22.801,19.246,42.460
19.4.2025,5:40:23.799,18.970,46.395
19.4.2025,5:40:24.804,21.271,47.683
19.4.2025,5:40:25.809,21.416,48.091
19.4.2025,5:40:26.822,21.289,49.585
19.4.2025,5:40:27.837,20.998,53.966
19.4.2025,5:40:28.853,20.102,39.319
19.4.2025,5:40:29.851,19.326,38.665
19.4.2025,5:40:30.850,18.797,47.717
19.4.2025,5:40:31.852,20.996,48.932
19.4.2025,5:40:32.870,21.101,34.909
19.4.2025,5:40:33.871,27.222,33.944
19.4.2025,5:40:34.857,29.605,36.703
19.4.2025,5:40:35.862,29.882,37.607
19.4.2025,5:40:36.881,29.716,42.456
19.4.2025,5:40:37.880,29.708,48.405
19.4.2025,5:40:38.895,22.899,49.956
19.4.2025,5:40:39.894,20.667,51.426
19.4.2025,5:40:40.896,20.234,43.453
19.4.2025,5:40:41.896,19.381,37.396
19.4.2025,5:40:42.894,19.391,46.364
19.4.2025,5:40:43.912,19.722,48.214
19.4.2025,5:40:44.917,20.559,47.711
19.4.2025,5:40:45.918,21.113,48.472
19.4.2025,5:40:46.934,21.003,49.175
19.4.2025,5:40:47.939,19.978,54.289
19.4.2025,5:40:48.955,19.673,35.555
19.4.2025,5:40:49.959,19.352,47.321
19.4.2025,5:40:50.963,20.562,47.554
19.4.2025,5:40:51.966,21.217,48.377
19.4.2025,5:40:52.967,21.628,49.435
19.4.2025,5:40:53.969,20.501,54.984
19.4.2025,5:40:54.971,19.319,37.729
19.4.2025,5:40:55.974,19.630,41.924
19.4.2025,5:40:56.976,19.029,46.766
19.4.2025,5:40:57.966,20.877,47.838
19.4.2025,5:40:58.967,21.174,48.147
19.4.2025,5:40:59.971,21.464,49.733
19.4.2025,5:41:0.973,20.015,53.848
19.4.2025,5:41:1.976,19.576,45.508
19.4.2025,5:41:2.978,19.126,46.209
19.4.2025,5:41:3.979,20.868,47.605
19.4.2025,5:41:4.982,21.385,48.823
19.4.2025,5:41:5.986,21.352,49.557
19.4.2025,5:41:6.984,20.586,52.147
19.4.2025,5:41:7.990,19.239,41.035
19.4.2025,5:41:8.991,19.623,38.779
19.4.2025,5:41:10.006,19.331,46.433
19.4.2025,5:41:11.022,20.889,48.025
19.4.2025,5:41:12.025,21.613,48.551
19.4.2025,5:41:13.013,20.906,49.310
19.4.2025,5:41:14.015,20.066,39.264
19.4.2025,5:41:15.017,19.093,39.799
19.4.2025,5:41:16.019,19.008,46.268
19.4.2025,5:41:17.022,19.598,47.800
19.4.2025,5:41:18.026,21.420,48.392
19.4.2025,5:41:19.028,22.037,49.055
19.4.2025,5:41:20.045,21.502,50.149
19.4.2025,5:41:21.062,20.261,50.438
19.4.2025,5:41:22.065,19.257,32.741
19.4.2025,5:41:23.082,19.600,45.726
19.4.2025,5:41:24.099,20.347,46.775
19.4.2025,5:41:25.101,21.243,47.797
19.4.2025,5:41:26.101,22.233,49.528
19.4.2025,5:41:27.101,21.813,53.073
19.4.2025,5:41:28.091,22.735,33.384
19.4.2025,5:41:29.092,19.819,45.780
19.4.2025,5:41:30.096,18.845,46.605
19.4.2025,5:41:31.097,20.888,47.899
19.4.2025,5:41:32.102,21.305,48.441
19.4.2025,5:41:33.106,21.373,49.855
19.4.2025,5:41:34.122,20.508,53.919
19.4.2025,5:41:35.139,19.245,37.762
19.4.2025,5:41:36.153,19.176,41.341
19.4.2025,5:41:37.166,20.044,46.453
19.4.2025,5:41:38.153,20.466,47.969
19.4.2025,5:41:39.157,21.482,48.418
19.4.2025,5:41:40.175,20.786,52.540
19.4.2025,5:41:41.189,20.377,40.570
19.4.2025,5:41:42.191,19.756,38.608
19.4.2025,5:41:43.195,18.869,46.165
19.4.2025,5:41:44.196,19.887,47.795
19.4.2025,5:41:45.199,21.873,48.340
19.4.2025,5:41:46.220,20.765,49.266
19.4.2025,5:41:47.219,20.828,51.052
19.4.2025,5:41:48.233,19.760,46.514
19.4.2025,5:41:49.239,19.338,32.897
19.4.2025,5:41:50.241,19.398,46.285
19.4.2025,5:41:51.246,20.553,47.478
19.4.2025,5:41:52.264,21.580,49.246
19.4.2025,5:41:53.268,20.970,50.083
19.4.2025,5:41:54.269,21.365,49.295
19.4.2025,5:41:55.273,19.918,32.199
19.4.2025,5:41:56.274,19.728,45.502
19.4.2025,5:41:57.275,18.679,46.882
19.4.2025,5:41:58.275,20.368,47.608
19.4.2025,5:41:59.292,21.298,48.479
19.4.2025,5:42:0.294,21.338,49.526
19.4.2025,5:42:1.313,21.411,53.135
19.4.2025,5:42:2.317,19.325,41.187
19.4.2025,5:42:3.317,19.153,38.559
19.4.2025,5:42:4.332,19.720,46.004
19.4.2025,5:42:5.332,20.392,47.880
19.4.2025,5:42:6.332,21.238,48.518
19.4.2025,5:42:7.332,21.334,49.405
19.4.2025,5:42:8.352,20.955,34.761
19.4.2025,5:42:9.354,20.159,42.652
19.4.2025,5:42:10.344,19.637,46.543
19.4.2025,5:42:11.344,19.238,47.851
19.4.2025,5:42:12.361,20.750,48.352
19.4.2025,5:42:13.363,20.923,49.767
19.4.2025,5:42:14.380,21.297,52.805
19.4.2025,5:42:15.399,20.175,39.873
19.4.2025,5:42:16.415,20.093,38.790
19.4.2025,5:42:17.414,19.848,45.967
19.4.2025,5:42:18.432,19.371,48.401
19.4.2025,5:42:19.431,20.654,47.952
19.4.2025,5:42:20.432,21.093,48.757
19.4.2025,5:42:21.420,21.085,50.618
19.4.2025,5:42:22.423,20.521,37.547
19.4.2025,5:42:23.440,19.102,46.489
19.4.2025,5:42:24.458,18.985,47.759
19.4.2025,5:42:25.461,19.374,47.841
19.4.2025,5:42:26.475,21.367,48.617
19.4.2025,5:42:27.474,20.784,49.739
19.4.2025,5:42:28.476,21.434,51.368
19.4.2025,5:42:29.465,20.501,33.794
19.4.2025,5:42:30.466,19.083,45.691
19.4.2025,5:42:31.482,19.517,46.502
19.4.2025,5:42:32.498,19.676,47.665
19.4.2025,5:42:33.502,20.891,48.635
19.4.2025,5:42:34.499,21.091,49.820
19.4.2025,5:42:35.513,20.816,53.061
19.4.2025,5:42:36.517,20.997,43.889
19.4.2025,5:42:37.533,19.713,35.867
19.4.2025,5:42:38.548,19.564,46.349
19.4.2025,5:42:39.563,20.050,48.015
19.4.2025,5:42:40.567,21.242,49.435
19.4.2025,5:42:41.581,20.914,48.707
19.4.2025,5:42:42.580,20.361,42.894
19.4.2025,5:42:43.598,21.296,36.638
19.4.2025,5:42:44.599,19.347,46.212
19.4.2025,5:42:45.601,19.464,47.731
19.4.2025,5:42:46.604,19.596,47.755
19.4.2025,5:42:47.606,20.793,48.229
19.4.2025,5:42:48.635,20.916,49.407
19.4.2025,5:42:49.636,21.377,54.588
19.4.2025,5:42:50.623,21.324,38.678
19.4.2025,5:42:51.641,19.413,39.613
19.4.2025,5:42:52.642,19.372,46.096
19.4.2025,5:42:53.644,19.161,48.040
19.4.2025,5:42:54.646,20.653,48.547
19.4.2025,5:42:55.644,21.480,49.060
19.4.2025,5:42:56.644,21.057,49.535
19.4.2025,5:42:57.645,20.697,49.364
19.4.2025,5:42:58.659,19.037,46.320
19.4.2025,5:42:59.676,19.631,45.554
19.4.2025,5:43:0.692,19.049,46.578
19.4.2025,5:43:1.694,21.853,48.893
19.4.2025,5:43:2.712,24.723,50.259
19.4.2025,5:43:3.729,20.010,48.605
19.4.2025,5:43:4.729,20.010,33.540
19.4.2025,5:43:5.731,19.094,46.206
19.4.2025,5:43:6.744,20.227,47.199
19.4.2025,5:43:7.730,20.227,47.767
19.4.2025,5:43:8.734,21.444,48.398
19.4.2025,5:43:9.736,20.846,49.587
19.4.2025,5:43:10.750,21.053,54.662
19.4.2025,5:43:11.764,19.282,37.798
19.4.2025,5:43:12.782,18.964,42.211
19.4.2025,5:43:13.786,20.331,46.356
19.4.2025,5:43:14.784,20.331,47.737
19.4.2025,5:43:15.789,20.729,48.472
19.4.2025,5:43:16.788,20.729,49.573
19.4.2025,5:43:17.807,20.807,51.941
19.4.2025,5:43:18.806,19.940,41.262
19.4.2025,5:43:19.795,20.033,46.125
19.4.2025,5:43:20.795,19.174,47.791
19.4.2025,5:43:21.798,20.587,48.635
19.4.2025,5:43:22.797,21.478,49.315
19.4.2025,5:43:23.815,20.518,50.575
19.4.2025,5:43:24.822,20.508,46.750
19.4.2025,5:43:25.811,19.878,34.007
19.4.2025,5:43:26.827,19.160,46.136
19.4.2025,5:43:27.845,19.643,47.711
19.4.2025,5:43:28.849,20.860,47.650
19.4.2025,5:43:29.855,21.687,48.267
19.4.2025,5:43:30.841,20.720,49.600
19.4.2025,5:43:31.845,21.172,55.885
19.4.2025,5:43:32.849,19.494,36.538
19.4.2025,5:43:33.864,19.850,47.174
19.4.2025,5:43:34.865,19.400,47.770
19.4.2025,5:43:35.870,21.388,48.572
19.4.2025,5:43:36.858,20.789,49.864
19.4.2025,5:43:37.860,21.798,55.354
19.4.2025,5:43:38.874,20.711,37.858
19.4.2025,5:43:39.894,19.304,41.162
19.4.2025,5:43:40.895,19.231,46.203
19.4.2025,5:43:41.894,19.454,48.124
19.4.2025,5:43:42.893,20.786,48.002
19.4.2025,5:43:43.897,22.369,48.936
19.4.2025,5:43:44.897,21.169,50.938
19.4.2025,5:43:45.902,21.321,48.319
19.4.2025,5:43:46.891,19.097,34.312
19.4.2025,5:43:47.904,19.337,47.824
19.4.2025,5:43:48.919,19.709,47.695
19.4.2025,5:43:49.923,20.784,48.612
19.4.2025,5:43:50.927,21.193,49.388
19.4.2025,5:43:51.929,21.238,50.533
19.4.2025,5:43:52.931,20.653,33.843
19.4.2025,5:43:53.917,19.856,43.968
19.4.2025,5:43:54.923,19.125,46.541
19.4.2025,5:43:55.924,19.115,47.785
19.4.2025,5:43:56.929,21.256,48.745
19.4.2025,5:43:57.934,20.952,49.210
19.4.2025,5:43:58.936,21.200,55.000
19.4.2025,5:43:59.938,20.097,45.504
19.4.2025,5:44:0.941,19.057,46.359
19.4.2025,5:44:1.944,19.442,47.656
19.4.2025,5:44:2.945,20.076,48.421
19.4.2025,5:44:3.958,21.250,49.396
19.4.2025,5:44:4.976,21.098,53.674
19.4.2025,5:44:5.978,21.366,38.813
19.4.2025,5:44:6.967,20.263,38.268
19.4.2025,5:44:7.968,19.276,46.059
19.4.2025,5:44:8.969,19.484,48.025
19.4.2025,5:44:9.973,20.895,47.937
19.4.2025,5:44:10.971,21.016,55.014
19.4.2025,5:44:11.972,21.183,36.286
19.4.2025,5:44:12.972,21.034,42.115
19.4.2025,5:44:13.991,19.511,46.482
19.4.2025,5:44:14.995,19.218,47.698
19.4.2025,5:44:15.981,19.160,48.275
19.4.2025,5:44:16.983,20.876,49.219
19.4.2025,5:44:17.987,20.878,50.727
19.4.2025,5:44:18.988,21.209,47.484
19.4.2025,5:44:19.991,20.197,34.207
19.4.2025,5:44:21.008,19.832,46.127
19.4.2025,5:44:22.011,19.360,47.137
19.4.2025,5:44:23.015,18.879,47.813
19.4.2025,5:44:24.034,21.102,48.804
19.4.2025,5:44:25.054,21.357,49.525
19.4.2025,5:44:26.053,21.298,53.222
19.4.2025,5:44:27.071,20.258,45.494
19.4.2025,5:44:28.086,20.048,47.166
19.4.2025,5:44:29.088,19.568,47.727
19.4.2025,5:44:30.077,19.094,48.486
19.4.2025,5:44:31.096,21.337,49.693
19.4.2025,5:44:32.093,21.507,55.858
19.4.2025,5:44:33.112,21.209,35.315
19.4.2025,5:44:34.115,20.253,42.954
19.4.2025,5:44:35.114,19.420,46.392
19.4.2025,5:44:36.128,18.650,47.822
19.4.2025,5:44:37.129,23.900,48.524
19.4.2025,5:44:38.145,21.518,49.875
19.4.2025,5:44:39.161,21.131,52.861
19.4.2025,5:44:40.176,21.211,40.890
19.4.2025,5:44:41.181,19.825,37.472
19.4.2025,5:44:42.183,19.342,46.340
19.4.2025,5:44:43.186,19.268,48.256
19.4.2025,5:44:44.205,20.599,48.220
19.4.2025,5:44:45.221,21.213,53.650
19.4.2025,5:44:46.224,20.911,42.570
19.4.2025,5:44:47.226,20.431,36.124
19.4.2025,5:44:48.215,19.366,46.014
19.4.2025,5:44:49.232,19.299,48.463
19.4.2025,5:44:50.250,19.266,48.144
19.4.2025,5:44:51.253,20.842,48.869
19.4.2025,5:44:52.267,20.855,50.615
19.4.2025,5:44:53.287,20.181,49.866
19.4.2025,5:44:54.289,18.949,33.951
19.4.2025,5:44:55.305,19.082,45.458
19.4.2025,5:44:56.304,19.651,46.728
19.4.2025,5:44:57.306,21.452,47.590
19.4.2025,5:44:58.307,20.994,48.603
19.4.2025,5:44:59.322,22.815,49.581
19.4.2025,5:45:0.325,19.647,54.499
19.4.2025,5:45:1.340,19.472,35.295
19.4.2025,5:45:2.346,18.754,43.383
19.4.2025,5:45:3.345,21.019,47.578
19.4.2025,5:45:4.360,21.235,48.668
19.4.2025,5:45:5.361,21.076,49.832
19.4.2025,5:45:6.363,20.662,53.555
19.4.2025,5:45:7.384,19.716,35.773
19.4.2025,5:45:8.370,19.359,43.754
19.4.2025,5:45:9.374,20.367,46.300
19.4.2025,5:45:10.390,20.631,47.449
19.4.2025,5:45:11.390,21.767,48.559
19.4.2025,5:45:12.392,21.456,49.399
19.4.2025,5:45:13.408,19.463,50.654
19.4.2025,5:45:14.416,19.463,44.557
19.4.2025,5:45:15.430,19.597,36.098
19.4.2025,5:45:16.431,20.636,47.585
19.4.2025,5:45:17.430,21.026,48.632
19.4.2025,5:45:18.428,21.230,49.606
19.4.2025,5:45:19.432,21.348,51.231
19.4.2025,5:45:20.433,19.571,45.841
19.4.2025,5:45:21.420,18.774,34.952
19.4.2025,5:45:22.417,19.453,46.183
19.4.2025,5:45:23.435,20.363,48.325
19.4.2025,5:45:24.437,21.040,48.109
19.4.2025,5:45:25.441,20.808,49.067
19.4.2025,5:45:26.442,20.851,50.368
19.4.2025,5:45:27.458,19.967,47.393
19.4.2025,5:45:28.461,19.439,33.139
19.4.2025,5:45:29.478,19.661,45.896
19.4.2025,5:45:30.479,20.906,47.983
19.4.2025,5:45:31.479,21.629,47.973
19.4.2025,5:45:32.483,21.273,50.443
19.4.2025,5:45:33.502,19.934,47.698
19.4.2025,5:45:34.519,19.579,33.330
19.4.2025,5:45:35.519,18.250,45.317
19.4.2025,5:45:36.534,20.138,46.568
19.4.2025,5:45:37.534,20.797,47.996
19.4.2025,5:45:38.540,21.394,48.586
19.4.2025,5:45:39.545,20.965,49.293
19.4.2025,5:45:40.557,19.894,53.278
19.4.2025,5:45:41.558,18.913,40.708
19.4.2025,5:45:42.578,19.373,38.245
19.4.2025,5:45:43.596,20.198,46.062
19.4.2025,5:45:44.597,21.596,47.796
19.4.2025,5:45:45.596,20.782,49.746
19.4.2025,5:45:46.597,20.647,55.790
19.4.2025,5:45:47.597,19.649,35.304
19.4.2025,5:45:48.598,18.946,43.188
19.4.2025,5:45:49.616,19.306,46.471
19.4.2025,5:45:50.634,20.994,47.930
19.4.2025,5:45:51.623,21.362,48.839
19.4.2025,5:45:52.626,21.027,49.203
19.4.2025,5:45:53.626,20.026,50.709
19.4.2025,5:45:54.625,20.057,45.874
19.4.2025,5:45:55.647,20.095,34.021
19.4.2025,5:45:56.661,19.180,45.400
19.4.2025,5:45:57.666,21.288,46.676
19.4.2025,5:45:58.681,21.123,47.702
19.4.2025,5:45:59.683,21.619,48.598
19.4.2025,5:46:0.713,20.856,49.617
19.4.2025,5:46:1.701,19.263,50.679
19.4.2025,5:46:2.702,19.242,45.782
19.4.2025,5:46:3.718,19.409,34.873
19.4.2025,5:46:4.734,21.049,47.684
19.4.2025,5:46:5.735,21.166,47.794
19.4.2025,5:46:6.753,21.037,48.834
19.4.2025,5:46:7.770,20.795,50.923
19.4.2025,5:46:8.787,19.601,47.782
19.4.2025,5:46:9.790,19.430,32.481
19.4.2025,5:46:10.803,22.989,46.097
19.4.2025,5:46:11.808,21.169,48.058
19.4.2025,5:46:12.826,21.505,47.729
19.4.2025,5:46:13.831,20.665,48.919
19.4.2025,5:46:14.850,20.124,49.687
19.4.2025,5:46:15.849,19.298,49.825
19.4.2025,5:46:16.849,24.962,34.529
19.4.2025,5:46:17.851,29.540,37.471
19.4.2025,5:46:18.850,29.540,38.536
19.4.2025,5:46:19.853,29.741,43.866
19.4.2025,5:46:20.869,29.446,40.972
19.4.2025,5:46:21.869,29.782,36.299
19.4.2025,5:46:22.887,29.733,33.772
19.4.2025,5:46:23.874,29.483,34.014
19.4.2025,5:46:24.876,29.627,36.684
19.4.2025,5:46:25.876,29.686,43.192
19.4.2025,5:46:26.891,19.663,23.840
