Date,Time,CPU All Power Consumption (W),GPU Power Consumption (W)
17.4.2025,2:17:58.915,15.318,6.191
17.4.2025,2:17:59.913,25.049,32.198
17.4.2025,2:18:0.935,26.383,43.954
17.4.2025,2:18:1.933,30.149,47.287
17.4.2025,2:18:2.933,29.031,33.654
17.4.2025,2:18:3.932,28.250,52.133
17.4.2025,2:18:4.948,28.937,46.865
17.4.2025,2:18:5.947,27.891,32.140
17.4.2025,2:18:6.946,28.720,49.206
17.4.2025,2:18:7.945,29.854,46.900
17.4.2025,2:18:8.945,28.601,26.504
17.4.2025,2:18:9.948,27.618,29.517
17.4.2025,2:18:10.947,28.978,54.800
17.4.2025,2:18:11.951,28.918,45.555
17.4.2025,2:18:12.949,28.720,28.283
17.4.2025,2:18:13.979,28.353,52.564
17.4.2025,2:18:14.974,27.979,44.096
17.4.2025,2:18:15.980,31.232,26.174
17.4.2025,2:18:17.045,29.640,53.707
17.4.2025,2:18:17.983,29.756,46.960
17.4.2025,2:18:18.983,43.573,24.328
17.4.2025,2:18:19.995,37.194,46.086
17.4.2025,2:18:20.996,27.923,28.632
17.4.2025,2:18:22.007,29.389,50.784
17.4.2025,2:18:23.024,28.020,46.874
17.4.2025,2:18:24.028,27.935,28.812
17.4.2025,2:18:25.013,28.828,55.368
17.4.2025,2:18:26.014,28.604,45.772
17.4.2025,2:18:27.016,28.429,26.724
17.4.2025,2:18:28.014,28.091,55.611
17.4.2025,2:18:29.013,28.554,41.795
17.4.2025,2:18:30.013,27.853,32.401
17.4.2025,2:18:31.012,28.388,53.584
17.4.2025,2:18:32.013,28.218,41.038
17.4.2025,2:18:33.030,29.269,26.420
17.4.2025,2:18:34.031,29.235,56.012
17.4.2025,2:18:35.035,30.883,45.511
17.4.2025,2:18:36.050,29.279,45.046
17.4.2025,2:18:37.064,29.678,30.144
17.4.2025,2:18:38.063,29.080,55.859
17.4.2025,2:18:39.065,29.921,46.366
17.4.2025,2:18:40.079,28.329,30.256
17.4.2025,2:18:41.079,28.460,43.278
17.4.2025,2:18:42.094,28.306,50.747
17.4.2025,2:18:43.095,28.504,40.489
17.4.2025,2:18:44.111,27.312,28.375
17.4.2025,2:18:45.113,28.834,54.075
17.4.2025,2:18:46.112,29.420,44.947
17.4.2025,2:18:47.112,28.867,28.255
17.4.2025,2:18:48.110,29.916,53.612
17.4.2025,2:18:49.107,36.200,48.296
17.4.2025,2:18:50.109,28.811,37.316
17.4.2025,2:18:51.125,28.136,38.340
17.4.2025,2:18:52.135,28.841,51.113
17.4.2025,2:18:53.152,28.927,39.832
17.4.2025,2:18:54.153,30.666,26.141
17.4.2025,2:18:55.158,27.762,53.244
17.4.2025,2:18:56.172,28.850,46.169
17.4.2025,2:18:57.186,28.512,31.329
17.4.2025,2:18:58.202,28.903,50.714
17.4.2025,2:18:59.219,32.204,49.788
17.4.2025,2:19:0.234,32.300,43.478
17.4.2025,2:19:1.234,29.124,27.760
17.4.2025,2:19:2.260,29.782,51.522
17.4.2025,2:19:3.262,28.327,47.054
17.4.2025,2:19:4.262,28.825,31.321
17.4.2025,2:19:5.277,27.790,52.432
17.4.2025,2:19:6.275,28.313,52.845
17.4.2025,2:19:7.266,27.931,46.067
17.4.2025,2:19:8.275,27.727,31.319
17.4.2025,2:19:9.264,27.971,50.164
17.4.2025,2:19:10.263,27.162,47.927
17.4.2025,2:19:11.262,27.188,39.418
17.4.2025,2:19:12.265,26.450,33.305
17.4.2025,2:19:13.267,27.937,53.813
17.4.2025,2:19:14.281,28.043,44.827
17.4.2025,2:19:15.284,28.203,31.473
17.4.2025,2:19:16.284,27.630,54.617
17.4.2025,2:19:17.285,28.855,44.886
17.4.2025,2:19:18.292,28.052,27.511
17.4.2025,2:19:19.303,29.064,54.131
17.4.2025,2:19:20.318,35.689,51.548
17.4.2025,2:19:21.314,29.904,42.731
17.4.2025,2:19:22.315,28.185,30.669
17.4.2025,2:19:23.318,27.432,51.291
17.4.2025,2:19:24.336,27.629,42.448
17.4.2025,2:19:25.326,27.720,45.058
17.4.2025,2:19:26.326,27.714,28.989
17.4.2025,2:19:27.333,28.490,54.942
17.4.2025,2:19:28.348,28.361,46.869
17.4.2025,2:19:29.350,28.391,29.733
17.4.2025,2:19:30.350,30.526,51.015
17.4.2025,2:19:31.363,28.013,46.788
17.4.2025,2:19:32.367,28.029,34.238
17.4.2025,2:19:33.370,27.404,46.032
17.4.2025,2:19:34.366,30.123,50.525
17.4.2025,2:19:35.366,28.463,40.982
17.4.2025,2:19:36.365,27.692,31.455
17.4.2025,2:19:37.363,28.921,53.218
17.4.2025,2:19:38.377,27.993,44.751
17.4.2025,2:19:39.376,27.533,28.916
17.4.2025,2:19:40.395,28.163,55.395
17.4.2025,2:19:41.414,28.333,46.335
17.4.2025,2:19:42.429,29.989,36.040
17.4.2025,2:19:43.446,27.877,33.498
17.4.2025,2:19:44.443,33.789,55.447
17.4.2025,2:19:45.443,29.687,46.522
17.4.2025,2:19:46.459,27.706,30.831
17.4.2025,2:19:47.462,27.597,49.484
17.4.2025,2:19:48.461,28.986,46.674
17.4.2025,2:19:49.459,28.030,36.642
17.4.2025,2:19:50.458,29.911,29.146
17.4.2025,2:19:51.474,28.168,52.906
17.4.2025,2:19:52.472,28.116,46.744
17.4.2025,2:19:53.471,27.933,27.701
17.4.2025,2:19:54.470,27.673,52.162
17.4.2025,2:19:55.475,29.192,47.046
17.4.2025,2:19:56.491,29.149,34.051
17.4.2025,2:19:57.490,29.269,37.497
17.4.2025,2:19:58.484,28.960,55.716
17.4.2025,2:19:59.490,33.354,53.724
17.4.2025,2:20:0.490,28.700,47.803
17.4.2025,2:20:1.489,28.001,37.480
17.4.2025,2:20:2.493,27.932,38.542
17.4.2025,2:20:3.487,28.635,43.408
17.4.2025,2:20:4.504,27.135,44.728
17.4.2025,2:20:5.504,29.392,53.459
17.4.2025,2:20:6.500,28.026,56.166
17.4.2025,2:20:7.500,28.219,45.296
17.4.2025,2:20:8.500,28.436,29.798
17.4.2025,2:20:9.503,28.245,48.539
17.4.2025,2:20:10.507,28.227,47.716
17.4.2025,2:20:11.506,29.080,39.856
17.4.2025,2:20:12.505,28.348,30.415
17.4.2025,2:20:13.518,28.802,56.575
17.4.2025,2:20:14.520,32.721,47.022
17.4.2025,2:20:15.520,28.171,31.492
17.4.2025,2:20:16.519,27.667,47.909
17.4.2025,2:20:17.526,28.242,52.570
17.4.2025,2:20:18.524,35.004,46.280
17.4.2025,2:20:19.528,29.194,31.993
17.4.2025,2:20:20.528,27.679,44.992
17.4.2025,2:20:21.527,28.868,50.266
17.4.2025,2:20:22.524,28.106,39.110
17.4.2025,2:20:23.523,26.949,34.474
17.4.2025,2:20:24.524,26.887,51.818
17.4.2025,2:20:25.526,27.883,41.360
17.4.2025,2:20:26.526,27.579,30.695
17.4.2025,2:20:27.522,27.770,51.492
17.4.2025,2:20:28.527,27.671,40.887
17.4.2025,2:20:29.528,29.151,28.112
17.4.2025,2:20:30.526,27.376,54.000
17.4.2025,2:20:31.523,27.422,46.045
17.4.2025,2:20:32.539,27.666,30.030
17.4.2025,2:20:33.537,27.363,44.690
17.4.2025,2:20:34.538,29.099,41.088
17.4.2025,2:20:35.539,29.722,51.312
17.4.2025,2:20:36.542,28.385,45.191
17.4.2025,2:20:37.541,27.428,45.191
17.4.2025,2:20:38.543,27.716,26.934
17.4.2025,2:20:39.545,28.941,52.022
17.4.2025,2:20:40.545,28.045,45.252
17.4.2025,2:20:41.572,28.896,29.576
17.4.2025,2:20:42.549,35.726,55.374
17.4.2025,2:20:43.562,34.665,47.127
17.4.2025,2:20:44.561,27.774,37.842
17.4.2025,2:20:45.576,27.316,34.422
17.4.2025,2:20:46.593,27.529,51.907
17.4.2025,2:20:47.611,28.042,33.618
17.4.2025,2:20:48.611,27.975,53.280
17.4.2025,2:20:49.615,27.794,52.613
17.4.2025,2:20:50.615,32.519,45.949
17.4.2025,2:20:51.616,27.611,45.949
17.4.2025,2:20:52.611,29.171,31.316
17.4.2025,2:20:53.608,30.062,46.355
17.4.2025,2:20:54.611,28.919,50.492
17.4.2025,2:20:55.612,29.072,40.506
17.4.2025,2:20:56.613,27.634,34.473
17.4.2025,2:20:57.613,30.629,52.318
17.4.2025,2:20:58.616,28.453,44.792
17.4.2025,2:20:59.616,28.221,26.281
17.4.2025,2:21:0.611,29.524,55.483
17.4.2025,2:21:1.611,30.468,46.085
17.4.2025,2:21:2.640,28.824,33.690
17.4.2025,2:21:3.613,29.940,42.983
17.4.2025,2:21:4.613,29.460,53.685
17.4.2025,2:21:5.629,32.292,45.971
17.4.2025,2:21:6.643,32.292,33.035
17.4.2025,2:21:7.643,31.263,35.971
17.4.2025,2:21:8.645,28.094,54.105
17.4.2025,2:21:9.647,27.590,45.611
17.4.2025,2:21:10.647,27.838,29.012
17.4.2025,2:21:11.648,28.602,45.697
17.4.2025,2:21:12.648,30.381,41.889
17.4.2025,2:21:13.649,30.821,28.333
17.4.2025,2:21:14.643,29.866,48.125
17.4.2025,2:21:15.647,31.839,42.878
17.4.2025,2:21:16.645,28.086,35.647
17.4.2025,2:21:17.645,27.566,48.230
17.4.2025,2:21:18.644,26.520,30.967
17.4.2025,2:21:19.645,26.958,49.732
17.4.2025,2:21:20.708,27.182,32.699
17.4.2025,2:21:21.648,27.182,48.408
17.4.2025,2:21:22.643,32.620,35.857
17.4.2025,2:21:23.662,32.620,46.980
17.4.2025,2:21:24.662,27.450,45.860
17.4.2025,2:21:25.660,27.450,39.886
17.4.2025,2:21:26.659,27.100,46.980
17.4.2025,2:21:27.677,27.471,36.807
17.4.2025,2:21:28.692,26.752,47.020
17.4.2025,2:21:29.692,27.458,39.080
17.4.2025,2:21:30.692,27.055,46.511
17.4.2025,2:21:31.691,27.449,43.445
17.4.2025,2:21:32.692,27.189,45.648
17.4.2025,2:21:33.691,27.579,39.487
17.4.2025,2:21:34.691,26.662,54.377
17.4.2025,2:21:35.694,27.356,36.943
17.4.2025,2:21:36.696,27.075,54.944
17.4.2025,2:21:37.699,27.387,38.427
17.4.2025,2:21:38.710,26.958,54.229
17.4.2025,2:21:39.725,27.074,38.131
17.4.2025,2:21:40.741,27.269,54.867
17.4.2025,2:21:41.744,27.032,37.024
17.4.2025,2:21:42.743,26.928,54.580
17.4.2025,2:21:43.741,27.277,36.491
17.4.2025,2:21:44.741,27.174,54.971
17.4.2025,2:21:45.739,27.364,37.888
17.4.2025,2:21:46.738,27.334,54.793
17.4.2025,2:21:47.751,27.403,36.306
17.4.2025,2:21:48.766,26.979,55.384
17.4.2025,2:21:49.770,27.592,38.188
17.4.2025,2:21:50.774,26.814,55.385
17.4.2025,2:21:51.771,27.528,40.083
17.4.2025,2:21:52.775,27.117,52.386
17.4.2025,2:21:53.766,27.519,44.030
17.4.2025,2:21:54.763,26.943,52.327
17.4.2025,2:21:55.763,27.267,43.894
17.4.2025,2:21:56.778,26.673,52.147
17.4.2025,2:21:57.785,27.657,44.456
17.4.2025,2:21:58.798,27.152,34.686
17.4.2025,2:21:59.798,27.420,42.742
17.4.2025,2:22:0.813,27.154,53.855
17.4.2025,2:22:1.814,27.211,53.252
17.4.2025,2:22:2.816,27.450,32.192
17.4.2025,2:22:3.818,27.041,50.349
17.4.2025,2:22:4.831,27.168,30.914
17.4.2025,2:22:5.850,26.906,50.676
17.4.2025,2:22:6.848,27.326,31.519
17.4.2025,2:22:7.864,27.107,49.581
17.4.2025,2:22:8.865,26.861,31.987
17.4.2025,2:22:9.868,27.277,48.921
17.4.2025,2:22:10.868,27.568,31.748
17.4.2025,2:22:11.870,27.211,49.536
17.4.2025,2:22:12.857,27.413,46.351
17.4.2025,2:22:13.857,26.914,41.604
17.4.2025,2:22:14.858,27.599,45.965
17.4.2025,2:22:15.873,26.704,42.827
17.4.2025,2:22:16.890,27.696,45.913
17.4.2025,2:22:17.891,27.215,40.734
17.4.2025,2:22:18.893,27.178,46.347
17.4.2025,2:22:19.895,27.005,40.454
17.4.2025,2:22:20.896,27.287,45.905
17.4.2025,2:22:21.896,27.009,40.899
17.4.2025,2:22:22.898,27.591,45.869
17.4.2025,2:22:23.899,26.809,41.759
17.4.2025,2:22:24.897,27.538,45.791
17.4.2025,2:22:25.904,27.027,41.596
17.4.2025,2:22:26.918,27.680,46.072
17.4.2025,2:22:27.932,27.076,44.142
17.4.2025,2:22:28.921,27.185,45.869
17.4.2025,2:22:29.939,27.462,43.344
17.4.2025,2:22:30.955,27.091,45.784
17.4.2025,2:22:31.952,27.410,39.958
17.4.2025,2:22:32.954,27.053,46.002
17.4.2025,2:22:33.958,27.465,39.543
17.4.2025,2:22:34.959,27.128,54.403
17.4.2025,2:22:35.976,27.469,37.249
17.4.2025,2:22:36.976,27.026,53.693
17.4.2025,2:22:37.977,27.483,33.532
17.4.2025,2:22:38.991,30.041,53.956
17.4.2025,2:22:39.992,27.579,37.578
17.4.2025,2:22:40.992,27.355,54.051
17.4.2025,2:22:42.008,27.791,34.187
17.4.2025,2:22:43.008,27.099,51.423
17.4.2025,2:22:44.023,27.367,31.843
17.4.2025,2:22:45.024,26.933,49.927
17.4.2025,2:22:46.021,27.723,29.331
17.4.2025,2:22:47.019,27.021,48.781
17.4.2025,2:22:48.018,27.813,33.582
17.4.2025,2:22:49.020,26.991,47.574
17.4.2025,2:22:50.020,27.407,35.183
17.4.2025,2:22:51.019,26.922,47.496
17.4.2025,2:22:52.033,27.640,36.914
17.4.2025,2:22:53.048,27.373,47.174
17.4.2025,2:22:54.047,27.478,37.877
17.4.2025,2:22:55.050,26.953,46.352
17.4.2025,2:22:56.051,27.407,42.267
17.4.2025,2:22:57.063,27.219,46.785
17.4.2025,2:22:58.078,27.619,40.376
17.4.2025,2:22:59.081,27.289,46.417
17.4.2025,2:23:0.082,26.991,41.773
17.4.2025,2:23:1.097,26.984,45.744
17.4.2025,2:23:2.112,27.591,47.073
17.4.2025,2:23:3.112,27.346,44.948
17.4.2025,2:23:4.110,27.519,48.984
17.4.2025,2:23:5.129,27.294,44.828
17.4.2025,2:23:6.130,27.659,36.269
17.4.2025,2:23:7.130,27.231,53.219
17.4.2025,2:23:8.127,27.355,33.454
17.4.2025,2:23:9.133,27.137,50.671
17.4.2025,2:23:10.134,27.407,30.799
17.4.2025,2:23:11.146,27.148,50.357
17.4.2025,2:23:12.149,27.301,32.807
17.4.2025,2:23:13.148,27.147,47.262
17.4.2025,2:23:14.149,27.551,34.412
17.4.2025,2:23:15.147,26.974,47.203
17.4.2025,2:23:16.148,27.379,34.269
17.4.2025,2:23:17.147,27.188,46.184
17.4.2025,2:23:18.152,27.744,41.238
17.4.2025,2:23:19.151,29.769,46.708
17.4.2025,2:23:20.151,27.409,41.207
17.4.2025,2:23:21.146,27.175,45.646
17.4.2025,2:23:22.149,27.313,45.733
17.4.2025,2:23:23.151,27.378,45.151
17.4.2025,2:23:24.147,28.020,42.602
17.4.2025,2:23:25.149,26.954,45.821
17.4.2025,2:23:26.148,27.221,45.160
17.4.2025,2:23:27.149,27.401,45.679
17.4.2025,2:23:28.165,27.330,47.524
17.4.2025,2:23:29.167,26.978,46.245
17.4.2025,2:23:30.168,27.578,43.257
17.4.2025,2:23:31.187,26.895,45.575
17.4.2025,2:23:32.189,27.809,47.166
17.4.2025,2:23:33.188,27.042,44.897
17.4.2025,2:23:34.203,27.320,36.989
17.4.2025,2:23:35.217,26.693,54.636
17.4.2025,2:23:36.233,27.605,37.369
17.4.2025,2:23:37.235,27.135,53.970
17.4.2025,2:23:38.238,27.377,36.424
17.4.2025,2:23:39.255,26.992,54.462
17.4.2025,2:23:40.254,27.700,35.565
17.4.2025,2:23:41.270,26.876,51.674
17.4.2025,2:23:42.270,27.443,33.124
17.4.2025,2:23:43.272,26.903,51.860
17.4.2025,2:23:44.284,27.542,34.119
17.4.2025,2:23:45.300,26.729,50.765
17.4.2025,2:23:46.316,27.680,31.074
17.4.2025,2:23:47.315,27.104,49.170
17.4.2025,2:23:48.315,27.853,33.211
17.4.2025,2:23:49.334,26.825,47.660
17.4.2025,2:23:50.332,27.586,31.557
17.4.2025,2:23:51.334,26.809,47.219
17.4.2025,2:23:52.336,27.414,34.948
17.4.2025,2:23:53.349,26.785,48.785
17.4.2025,2:23:54.351,27.687,45.085
17.4.2025,2:23:55.354,26.725,50.930
17.4.2025,2:23:56.358,27.725,42.987
17.4.2025,2:23:57.373,26.734,53.079
17.4.2025,2:23:58.388,27.512,40.139
17.4.2025,2:23:59.403,26.702,55.857
17.4.2025,2:24:0.406,27.485,38.223
17.4.2025,2:24:1.406,27.233,55.118
17.4.2025,2:24:2.425,27.730,36.162
17.4.2025,2:24:3.437,26.986,52.950
17.4.2025,2:24:4.441,27.360,33.303
17.4.2025,2:24:5.442,26.816,51.335
17.4.2025,2:24:6.458,27.805,32.295
17.4.2025,2:24:7.457,26.661,50.666
17.4.2025,2:24:8.469,27.492,30.048
17.4.2025,2:24:9.485,26.997,48.806
17.4.2025,2:24:10.485,27.626,33.111
17.4.2025,2:24:11.485,26.896,47.763
17.4.2025,2:24:12.486,28.310,44.926
17.4.2025,2:24:13.488,28.740,46.794
17.4.2025,2:24:14.487,27.227,45.841
17.4.2025,2:24:15.485,27.000,46.716
17.4.2025,2:24:16.498,27.661,46.894
17.4.2025,2:24:17.498,29.315,35.109
17.4.2025,2:24:18.499,28.997,45.633
17.4.2025,2:24:19.499,29.401,40.888
17.4.2025,2:24:20.499,27.551,48.422
17.4.2025,2:24:21.498,27.612,45.105
17.4.2025,2:24:22.514,26.835,50.217
17.4.2025,2:24:23.515,27.816,44.770
17.4.2025,2:24:24.511,26.855,53.621
17.4.2025,2:24:25.528,27.514,40.707
17.4.2025,2:24:26.545,26.843,55.389
17.4.2025,2:24:27.546,27.852,37.960
17.4.2025,2:24:28.545,27.175,53.678
17.4.2025,2:24:29.561,27.686,35.698
17.4.2025,2:24:30.579,26.822,53.629
17.4.2025,2:24:31.594,27.555,34.139
17.4.2025,2:24:32.593,26.774,53.396
17.4.2025,2:24:33.610,27.455,33.018
17.4.2025,2:24:34.608,27.567,52.352
17.4.2025,2:24:35.611,27.458,32.230
17.4.2025,2:24:36.626,26.987,40.029
17.4.2025,2:24:37.627,27.662,31.266
17.4.2025,2:24:38.642,26.777,49.883
17.4.2025,2:24:39.640,27.495,45.951
17.4.2025,2:24:40.639,26.969,46.625
17.4.2025,2:24:41.641,27.415,44.760
17.4.2025,2:24:42.658,26.689,50.541
17.4.2025,2:24:43.656,27.581,43.086
17.4.2025,2:24:44.658,26.956,54.884
17.4.2025,2:24:45.659,27.210,42.432
17.4.2025,2:24:46.658,26.847,55.718
17.4.2025,2:24:47.658,27.301,38.252
17.4.2025,2:24:48.656,26.856,54.259
17.4.2025,2:24:49.658,27.280,36.109
17.4.2025,2:24:50.658,27.094,53.695
17.4.2025,2:24:51.656,27.473,32.926
17.4.2025,2:24:52.655,27.100,50.664
17.4.2025,2:24:53.654,27.258,30.809
17.4.2025,2:24:54.670,26.799,48.362
17.4.2025,2:24:55.686,27.285,31.947
17.4.2025,2:24:56.688,27.006,47.735
17.4.2025,2:24:57.689,27.319,35.428
17.4.2025,2:24:58.705,27.111,46.604
17.4.2025,2:24:59.705,27.174,39.971
17.4.2025,2:25:0.705,26.856,45.798
17.4.2025,2:25:1.708,27.269,42.055
17.4.2025,2:25:2.709,27.037,45.303
17.4.2025,2:25:3.726,27.222,47.218
17.4.2025,2:25:4.741,26.897,53.391
17.4.2025,2:25:5.746,27.426,33.973
17.4.2025,2:25:6.732,26.850,51.513
17.4.2025,2:25:7.734,27.290,31.244
17.4.2025,2:25:8.734,27.100,48.730
17.4.2025,2:25:9.747,27.238,33.541
17.4.2025,2:25:10.764,27.094,48.123
17.4.2025,2:25:11.778,27.241,34.904
17.4.2025,2:25:12.780,26.916,46.782
17.4.2025,2:25:13.795,27.151,36.966
17.4.2025,2:25:14.794,26.822,46.545
17.4.2025,2:25:15.795,27.391,43.254
17.4.2025,2:25:16.809,27.104,45.695
17.4.2025,2:25:17.810,27.424,44.751
17.4.2025,2:25:18.814,26.806,44.940
17.4.2025,2:25:19.814,27.334,48.290
17.4.2025,2:25:20.829,27.085,45.246
17.4.2025,2:25:21.844,27.257,51.743
17.4.2025,2:25:22.860,26.935,42.201
17.4.2025,2:25:23.861,27.290,54.681
17.4.2025,2:25:24.879,27.191,38.255
17.4.2025,2:25:25.895,30.310,55.959
17.4.2025,2:25:26.898,28.141,49.753
17.4.2025,2:25:27.913,28.819,32.180
17.4.2025,2:25:28.931,26.990,49.371
17.4.2025,2:25:29.945,27.331,32.435
17.4.2025,2:25:30.945,26.779,48.114
17.4.2025,2:25:31.943,27.314,35.205
17.4.2025,2:25:32.942,27.016,47.800
17.4.2025,2:25:33.943,27.247,34.341
17.4.2025,2:25:34.944,27.705,47.990
17.4.2025,2:25:35.945,27.516,34.547
17.4.2025,2:25:36.960,27.014,47.759
17.4.2025,2:25:37.972,27.144,38.891
17.4.2025,2:25:38.989,27.152,46.330
17.4.2025,2:25:39.987,27.365,41.278
17.4.2025,2:25:40.987,27.130,45.903
17.4.2025,2:25:41.991,27.489,46.580
17.4.2025,2:25:42.993,27.086,45.542
17.4.2025,2:25:44.010,27.199,48.658
17.4.2025,2:25:45.010,26.968,44.069
17.4.2025,2:25:46.028,27.271,52.294
17.4.2025,2:25:47.027,29.443,44.059
17.4.2025,2:25:48.026,27.259,34.120
17.4.2025,2:25:49.043,26.871,51.119
17.4.2025,2:25:50.027,27.195,31.300
17.4.2025,2:25:51.044,26.899,49.647
17.4.2025,2:25:52.049,27.321,30.248
17.4.2025,2:25:53.062,27.102,50.923
17.4.2025,2:25:54.062,27.394,31.159
17.4.2025,2:25:55.062,27.049,50.171
17.4.2025,2:25:56.062,27.171,32.598
17.4.2025,2:25:57.061,26.869,47.332
17.4.2025,2:25:58.060,27.323,31.992
17.4.2025,2:25:59.077,26.812,48.095
17.4.2025,2:26:0.075,27.432,32.626
17.4.2025,2:26:1.090,26.844,48.538
17.4.2025,2:26:2.107,27.339,33.364
17.4.2025,2:26:3.121,27.117,47.293
17.4.2025,2:26:4.139,27.571,37.470
17.4.2025,2:26:5.139,26.949,50.309
17.4.2025,2:26:6.152,27.452,38.968
17.4.2025,2:26:7.184,26.821,46.322
17.4.2025,2:26:8.171,27.500,40.884
17.4.2025,2:26:9.186,26.734,55.624
17.4.2025,2:26:10.197,27.290,38.417
17.4.2025,2:26:11.199,27.091,55.094
17.4.2025,2:26:12.200,27.321,35.673
17.4.2025,2:26:13.228,27.306,51.539
17.4.2025,2:26:14.231,28.736,36.193
17.4.2025,2:26:15.231,29.217,54.580
17.4.2025,2:26:16.233,30.619,42.012
17.4.2025,2:26:17.251,27.022,52.496
17.4.2025,2:26:18.265,27.538,41.050
17.4.2025,2:26:19.267,26.857,54.210
17.4.2025,2:26:20.269,27.555,39.000
17.4.2025,2:26:21.271,26.599,55.420
17.4.2025,2:26:22.271,27.758,35.243
17.4.2025,2:26:23.284,27.053,53.113
17.4.2025,2:26:24.286,27.499,31.999
17.4.2025,2:26:25.290,26.556,50.019
17.4.2025,2:26:26.291,27.506,29.859
17.4.2025,2:26:27.279,26.454,39.328
17.4.2025,2:26:28.294,27.480,46.007
17.4.2025,2:26:29.309,27.308,39.856
17.4.2025,2:26:30.323,26.973,46.348
17.4.2025,2:26:31.321,27.221,40.154
17.4.2025,2:26:32.325,27.302,46.191
17.4.2025,2:26:33.338,27.473,35.960
17.4.2025,2:26:34.351,26.911,47.128
17.4.2025,2:26:35.366,26.954,42.065
17.4.2025,2:26:36.384,27.260,45.617
17.4.2025,2:26:37.400,27.186,48.574
17.4.2025,2:26:38.402,27.220,44.846
17.4.2025,2:26:39.402,27.031,50.701
17.4.2025,2:26:40.401,27.161,43.475
17.4.2025,2:26:41.389,27.025,53.040
17.4.2025,2:26:42.392,26.954,41.136
17.4.2025,2:26:43.394,27.462,56.291
17.4.2025,2:26:44.409,26.775,37.687
17.4.2025,2:26:45.413,27.333,53.470
17.4.2025,2:26:46.416,27.007,34.344
17.4.2025,2:26:47.433,27.376,52.387
17.4.2025,2:26:48.448,26.972,46.959
17.4.2025,2:26:49.448,27.655,50.441
17.4.2025,2:26:50.461,26.961,31.506
17.4.2025,2:26:51.462,27.340,50.890
17.4.2025,2:26:52.463,26.797,32.321
17.4.2025,2:26:53.463,27.341,49.926
17.4.2025,2:26:54.461,27.054,32.258
17.4.2025,2:26:55.478,26.923,48.131
17.4.2025,2:26:56.467,27.002,34.056
17.4.2025,2:26:57.467,27.346,46.639
17.4.2025,2:26:58.482,27.005,45.061
17.4.2025,2:26:59.487,27.510,50.774
17.4.2025,2:27:0.501,27.067,44.877
17.4.2025,2:27:1.516,27.528,49.622
17.4.2025,2:27:2.519,27.041,44.777
17.4.2025,2:27:3.518,27.234,50.945
17.4.2025,2:27:4.535,26.939,45.354
17.4.2025,2:27:5.537,27.481,51.716
17.4.2025,2:27:6.553,27.106,41.860
17.4.2025,2:27:7.569,27.110,56.488
17.4.2025,2:27:8.584,26.763,38.843
17.4.2025,2:27:9.600,27.362,54.900
17.4.2025,2:27:10.606,26.976,37.095
17.4.2025,2:27:11.604,27.447,54.651
17.4.2025,2:27:12.620,26.926,36.750
17.4.2025,2:27:13.621,27.300,54.693
17.4.2025,2:27:14.609,27.001,36.294
17.4.2025,2:27:15.608,27.494,51.514
17.4.2025,2:27:16.629,26.648,33.080
17.4.2025,2:27:17.645,27.536,38.453
17.4.2025,2:27:18.646,26.863,46.341
17.4.2025,2:27:19.643,27.507,48.941
17.4.2025,2:27:20.657,28.957,35.143
17.4.2025,2:27:21.670,32.088,47.775
17.4.2025,2:27:22.684,28.819,35.612
17.4.2025,2:27:23.700,27.649,47.052
17.4.2025,2:27:24.714,27.345,35.783
17.4.2025,2:27:25.718,26.759,46.380
17.4.2025,2:27:26.735,27.458,37.257
17.4.2025,2:27:27.735,26.805,47.082
17.4.2025,2:27:28.733,27.608,37.266
17.4.2025,2:27:29.761,26.632,46.536
17.4.2025,2:27:30.776,27.608,39.922
17.4.2025,2:27:31.764,27.103,46.161
17.4.2025,2:27:32.778,27.282,43.043
17.4.2025,2:27:33.780,27.073,45.316
17.4.2025,2:27:34.780,27.405,48.980
17.4.2025,2:27:35.783,26.609,44.865
17.4.2025,2:27:36.785,27.452,49.605
17.4.2025,2:27:37.798,26.765,43.472
17.4.2025,2:27:38.812,27.416,52.256
17.4.2025,2:27:39.814,26.856,43.201
17.4.2025,2:27:40.811,27.293,55.027
17.4.2025,2:27:41.815,26.604,40.733
17.4.2025,2:27:42.815,27.576,53.440
17.4.2025,2:27:43.818,26.708,50.419
17.4.2025,2:27:44.818,27.194,31.872
17.4.2025,2:27:45.818,26.892,50.410
17.4.2025,2:27:46.819,27.393,31.714
17.4.2025,2:27:47.822,26.702,49.207
17.4.2025,2:27:48.823,27.374,33.537
17.4.2025,2:27:49.808,26.800,48.094
17.4.2025,2:27:50.811,27.444,34.388
17.4.2025,2:27:51.824,26.993,47.440
17.4.2025,2:27:52.824,27.043,39.035
17.4.2025,2:27:53.823,26.938,46.535
17.4.2025,2:27:54.824,27.470,38.323
17.4.2025,2:27:55.822,26.795,46.249
17.4.2025,2:27:56.823,27.559,40.749
17.4.2025,2:27:57.810,26.744,45.775
17.4.2025,2:27:58.812,27.238,46.601
17.4.2025,2:27:59.827,26.929,45.062
17.4.2025,2:28:0.825,27.320,47.696
17.4.2025,2:28:1.841,27.367,45.026
17.4.2025,2:28:2.841,27.221,50.455
17.4.2025,2:28:3.857,27.023,44.861
17.4.2025,2:28:4.858,26.987,51.868
17.4.2025,2:28:5.858,26.953,41.588
17.4.2025,2:28:6.858,27.158,54.448
17.4.2025,2:28:7.871,26.876,42.011
17.4.2025,2:28:8.887,27.024,30.609
17.4.2025,2:28:9.888,27.180,39.737
17.4.2025,2:28:10.889,26.795,31.372
17.4.2025,2:28:11.890,27.261,48.765
17.4.2025,2:28:12.904,26.970,32.820
17.4.2025,2:28:13.906,27.153,47.499
17.4.2025,2:28:14.904,27.032,37.475
17.4.2025,2:28:15.923,27.003,47.212
17.4.2025,2:28:16.925,26.942,38.892
17.4.2025,2:28:17.931,27.193,46.241
17.4.2025,2:28:18.930,27.014,38.013
17.4.2025,2:28:19.936,28.645,47.526
17.4.2025,2:28:20.936,28.030,35.014
17.4.2025,2:28:21.950,27.530,47.679
17.4.2025,2:28:22.953,26.093,34.770
17.4.2025,2:28:23.969,26.766,47.441
17.4.2025,2:28:24.989,26.501,45.861
17.4.2025,2:28:25.988,27.246,45.869
17.4.2025,2:28:27.003,26.845,45.881
17.4.2025,2:28:28.003,27.471,47.852
17.4.2025,2:28:29.002,26.521,45.206
17.4.2025,2:28:30.017,27.488,50.285
17.4.2025,2:28:31.020,26.619,44.990
17.4.2025,2:28:32.017,27.182,47.949
17.4.2025,2:28:33.033,26.697,44.785
17.4.2025,2:28:34.038,27.488,49.665
17.4.2025,2:28:35.054,26.884,43.698
17.4.2025,2:28:36.071,27.168,52.734
17.4.2025,2:28:37.085,26.768,43.422
17.4.2025,2:28:38.083,27.290,55.068
17.4.2025,2:28:39.083,26.774,40.894
17.4.2025,2:28:40.098,27.424,53.956
17.4.2025,2:28:41.114,26.830,39.449
17.4.2025,2:28:42.115,27.444,53.955
17.4.2025,2:28:43.110,27.216,40.182
17.4.2025,2:28:44.111,27.253,54.483
17.4.2025,2:28:45.127,27.212,40.051
17.4.2025,2:28:46.129,26.949,53.540
17.4.2025,2:28:47.142,27.297,40.277
17.4.2025,2:28:48.157,26.788,32.515
17.4.2025,2:28:49.174,26.875,49.483
17.4.2025,2:28:50.172,26.798,31.837
17.4.2025,2:28:51.192,27.056,48.375
17.4.2025,2:28:52.207,26.971,32.861
17.4.2025,2:28:53.226,27.343,48.397
17.4.2025,2:28:54.224,26.834,33.232
17.4.2025,2:28:55.239,27.409,48.013
17.4.2025,2:28:56.234,29.256,31.724
17.4.2025,2:28:57.255,27.216,48.419
17.4.2025,2:28:58.269,26.768,31.173
17.4.2025,2:28:59.269,27.311,48.060
17.4.2025,2:29:0.269,26.675,32.804
17.4.2025,2:29:1.268,27.324,47.700
17.4.2025,2:29:2.270,26.876,32.697
17.4.2025,2:29:3.269,27.418,47.410
17.4.2025,2:29:4.274,26.639,33.322
17.4.2025,2:29:5.278,27.200,47.816
17.4.2025,2:29:6.293,27.018,37.686
17.4.2025,2:29:7.310,27.304,51.824
17.4.2025,2:29:8.311,26.612,42.809
17.4.2025,2:29:9.311,27.256,54.027
17.4.2025,2:29:10.311,27.004,39.626
17.4.2025,2:29:11.316,27.354,53.937
17.4.2025,2:29:12.316,26.605,38.646
17.4.2025,2:29:13.331,27.447,54.769
17.4.2025,2:29:14.337,26.497,36.079
17.4.2025,2:29:15.339,27.492,55.013
17.4.2025,2:29:16.355,26.575,33.235
17.4.2025,2:29:17.352,27.719,50.139
17.4.2025,2:29:18.366,26.713,30.474
17.4.2025,2:29:19.384,27.614,48.220
17.4.2025,2:29:20.384,26.651,45.925
17.4.2025,2:29:21.400,27.323,44.831
17.4.2025,2:29:22.390,26.675,45.130
17.4.2025,2:29:23.392,27.662,44.891
17.4.2025,2:29:24.391,26.889,45.039
17.4.2025,2:29:25.393,27.298,47.557
17.4.2025,2:29:26.393,26.902,45.070
17.4.2025,2:29:27.410,27.380,49.302
17.4.2025,2:29:28.409,26.874,44.922
17.4.2025,2:29:29.412,27.107,51.854
17.4.2025,2:29:30.414,27.003,43.212
17.4.2025,2:29:31.417,27.007,32.701
17.4.2025,2:29:32.421,27.320,49.467
17.4.2025,2:29:33.433,27.068,29.322
17.4.2025,2:29:34.448,27.269,50.090
17.4.2025,2:29:35.448,26.524,32.309
17.4.2025,2:29:36.447,27.133,48.957
17.4.2025,2:29:37.436,27.199,33.293
17.4.2025,2:29:38.440,27.035,47.877
17.4.2025,2:29:39.440,27.128,30.884
17.4.2025,2:29:40.442,27.246,47.998
17.4.2025,2:29:41.440,26.878,35.605
17.4.2025,2:29:42.442,26.791,47.283
17.4.2025,2:29:43.461,27.020,36.774
17.4.2025,2:29:44.477,27.375,46.368
17.4.2025,2:29:45.481,26.685,40.681
17.4.2025,2:29:46.481,27.327,46.221
17.4.2025,2:29:47.480,26.704,41.702
17.4.2025,2:29:48.484,27.297,46.018
17.4.2025,2:29:49.498,27.051,42.001
17.4.2025,2:29:50.512,27.353,45.553
17.4.2025,2:29:51.498,26.872,45.825
17.4.2025,2:29:52.497,27.403,45.581
17.4.2025,2:29:53.499,26.852,38.581
17.4.2025,2:29:54.500,27.371,54.462
17.4.2025,2:29:55.520,26.894,34.503
17.4.2025,2:29:56.538,27.100,50.834
17.4.2025,2:29:57.538,26.848,30.957
17.4.2025,2:29:58.541,27.276,49.768
17.4.2025,2:29:59.530,27.143,32.520
17.4.2025,2:30:0.529,28.410,50.803
17.4.2025,2:30:1.546,26.816,32.462
17.4.2025,2:30:2.546,27.525,49.742
17.4.2025,2:30:3.561,27.266,33.017
17.4.2025,2:30:4.560,27.832,52.275
17.4.2025,2:30:5.559,27.289,36.494
17.4.2025,2:30:6.560,28.429,55.828
17.4.2025,2:30:7.574,26.729,38.314
17.4.2025,2:30:8.563,27.487,56.350
17.4.2025,2:30:9.579,27.971,41.160
17.4.2025,2:30:10.596,26.927,55.162
17.4.2025,2:30:11.599,27.126,50.364
17.4.2025,2:30:12.617,26.779,31.768
17.4.2025,2:30:13.618,27.445,48.602
17.4.2025,2:30:14.621,26.812,33.454
17.4.2025,2:30:15.617,27.182,47.831
17.4.2025,2:30:16.631,26.819,37.496
17.4.2025,2:30:17.633,27.335,47.183
17.4.2025,2:30:18.636,26.818,34.213
17.4.2025,2:30:19.648,27.528,46.603
17.4.2025,2:30:20.648,26.848,38.747
17.4.2025,2:30:21.646,27.215,46.648
17.4.2025,2:30:22.645,26.654,38.149
17.4.2025,2:30:23.643,28.641,36.099
17.4.2025,2:30:24.641,29.120,46.004
17.4.2025,2:30:25.639,29.098,36.898
17.4.2025,2:30:26.641,28.335,36.898
17.4.2025,2:30:27.643,27.099,32.259
17.4.2025,2:30:28.660,27.268,44.993
17.4.2025,2:30:29.661,28.193,44.993
17.4.2025,2:30:30.676,28.656,45.591
17.4.2025,2:30:31.676,26.793,45.591
17.4.2025,2:30:32.693,27.098,45.206
17.4.2025,2:30:33.694,27.151,49.165
17.4.2025,2:30:34.714,27.330,44.682
17.4.2025,2:30:35.714,27.023,52.730
17.4.2025,2:30:36.716,27.191,41.374
17.4.2025,2:30:37.729,26.943,55.152
17.4.2025,2:30:38.728,27.364,38.676
17.4.2025,2:30:39.729,26.861,38.676
17.4.2025,2:30:40.744,27.296,36.544
17.4.2025,2:30:41.744,26.988,36.544
17.4.2025,2:30:42.756,27.193,52.632
17.4.2025,2:30:43.757,27.222,33.709
17.4.2025,2:30:44.761,27.210,50.145
17.4.2025,2:30:45.761,26.805,32.771
17.4.2025,2:30:46.777,27.181,50.322
17.4.2025,2:30:47.774,26.651,32.276
17.4.2025,2:30:48.776,27.300,51.201
17.4.2025,2:30:49.787,26.579,46.828
17.4.2025,2:30:50.806,27.506,39.346
17.4.2025,2:30:51.806,26.894,46.171
17.4.2025,2:30:52.819,27.149,46.293
17.4.2025,2:30:53.822,27.027,44.987
17.4.2025,2:30:54.825,27.114,48.440
17.4.2025,2:30:55.812,26.686,44.791
17.4.2025,2:30:56.814,27.095,51.438
17.4.2025,2:30:57.815,26.964,43.460
17.4.2025,2:30:58.814,27.354,52.633
17.4.2025,2:30:59.821,26.923,40.659
17.4.2025,2:31:0.821,27.477,52.639
17.4.2025,2:31:1.820,26.506,43.411
17.4.2025,2:31:2.819,27.358,52.738
17.4.2025,2:31:3.832,26.989,40.342
17.4.2025,2:31:4.833,27.348,55.052
17.4.2025,2:31:5.848,26.564,39.298
17.4.2025,2:31:6.849,27.164,55.231
17.4.2025,2:31:7.852,26.573,37.113
17.4.2025,2:31:8.854,27.315,54.331
17.4.2025,2:31:9.867,26.801,35.906
17.4.2025,2:31:10.867,27.382,51.654
17.4.2025,2:31:11.870,26.879,32.529
17.4.2025,2:31:12.885,27.062,37.691
17.4.2025,2:31:13.885,26.441,47.055
17.4.2025,2:31:14.887,27.253,37.456
17.4.2025,2:31:15.904,26.786,46.438
17.4.2025,2:31:16.920,27.321,41.411
17.4.2025,2:31:17.935,26.592,45.650
17.4.2025,2:31:18.935,27.461,46.379
17.4.2025,2:31:19.964,26.419,45.603
17.4.2025,2:31:20.963,27.154,45.908
17.4.2025,2:31:21.977,26.499,45.162
17.4.2025,2:31:22.990,27.553,51.331
17.4.2025,2:31:24.004,26.920,43.963
17.4.2025,2:31:25.025,27.590,55.256
17.4.2025,2:31:26.025,26.797,39.143
17.4.2025,2:31:27.027,27.421,54.962
17.4.2025,2:31:28.027,26.514,47.330
17.4.2025,2:31:29.013,27.326,34.001
17.4.2025,2:31:30.014,26.641,47.440
17.4.2025,2:31:31.014,27.306,36.830
17.4.2025,2:31:32.028,26.652,46.707
17.4.2025,2:31:33.030,27.597,40.849
17.4.2025,2:31:34.029,26.597,46.163
17.4.2025,2:31:35.044,27.462,43.640
17.4.2025,2:31:36.061,26.801,45.575
17.4.2025,2:31:37.060,27.038,47.258
17.4.2025,2:31:38.075,26.918,45.047
17.4.2025,2:31:39.092,27.300,50.661
17.4.2025,2:31:40.110,26.660,36.642
17.4.2025,2:31:41.109,27.456,52.882
17.4.2025,2:31:42.108,26.525,52.882
17.4.2025,2:31:43.111,27.396,33.242
17.4.2025,2:31:44.109,26.683,51.161
17.4.2025,2:31:45.124,27.289,31.107
17.4.2025,2:31:46.125,26.602,48.983
17.4.2025,2:31:47.127,27.280,31.893
17.4.2025,2:31:48.125,26.653,48.895
17.4.2025,2:31:49.134,27.613,32.026
17.4.2025,2:31:50.133,26.569,48.497
17.4.2025,2:31:51.138,27.317,35.939
17.4.2025,2:31:52.155,27.691,47.943
17.4.2025,2:31:53.158,27.327,35.262
17.4.2025,2:31:54.161,27.203,47.169
17.4.2025,2:31:55.163,30.699,34.398
17.4.2025,2:31:56.167,26.919,47.337
17.4.2025,2:31:57.182,27.249,38.450
17.4.2025,2:31:58.182,26.959,53.170
17.4.2025,2:31:59.182,26.774,40.977
17.4.2025,2:32:0.183,26.854,55.598
17.4.2025,2:32:1.180,29.459,38.726
17.4.2025,2:32:2.182,27.027,49.029
17.4.2025,2:32:3.179,26.715,45.247
17.4.2025,2:32:4.197,29.942,50.230
17.4.2025,2:32:5.197,26.513,45.105
17.4.2025,2:32:6.199,27.085,47.654
17.4.2025,2:32:7.184,26.943,45.140
17.4.2025,2:32:8.201,26.943,51.082
17.4.2025,2:32:9.216,26.659,44.012
17.4.2025,2:32:10.233,27.169,53.110
17.4.2025,2:32:11.234,26.758,43.252
17.4.2025,2:32:12.236,27.109,52.638
17.4.2025,2:32:13.251,26.865,50.032
17.4.2025,2:32:14.267,27.254,32.658
17.4.2025,2:32:15.265,26.770,35.344
17.4.2025,2:32:16.277,27.182,35.093
17.4.2025,2:32:17.278,26.790,33.638
17.4.2025,2:32:18.281,27.140,35.501
17.4.2025,2:32:19.294,26.937,46.792
17.4.2025,2:32:20.311,27.090,38.934
17.4.2025,2:32:21.311,26.710,46.096
17.4.2025,2:32:22.310,27.284,40.749
17.4.2025,2:32:23.309,26.908,45.701
17.4.2025,2:32:24.312,27.063,44.715
17.4.2025,2:32:25.317,26.586,46.089
17.4.2025,2:32:26.318,27.377,46.111
17.4.2025,2:32:27.320,26.852,45.744
17.4.2025,2:32:28.322,27.251,47.811
17.4.2025,2:32:29.338,26.836,44.967
17.4.2025,2:32:30.340,27.385,51.401
17.4.2025,2:32:31.339,26.770,52.312
17.4.2025,2:32:32.326,27.286,32.727
17.4.2025,2:32:33.326,26.746,49.150
17.4.2025,2:32:34.326,27.419,31.238
17.4.2025,2:32:35.341,26.479,48.860
17.4.2025,2:32:36.358,27.393,32.832
17.4.2025,2:32:37.359,26.955,48.594
17.4.2025,2:32:38.372,27.079,34.475
17.4.2025,2:32:39.375,27.053,47.621
17.4.2025,2:32:40.388,26.666,33.766
17.4.2025,2:32:41.388,27.241,47.892
17.4.2025,2:32:42.391,26.876,34.783
17.4.2025,2:32:43.393,27.162,46.733
17.4.2025,2:32:44.395,26.821,36.082
17.4.2025,2:32:45.407,26.989,46.541
17.4.2025,2:32:46.407,26.794,38.528
17.4.2025,2:32:47.407,27.151,46.428
17.4.2025,2:32:48.406,26.761,42.480
17.4.2025,2:32:49.405,27.310,45.999
17.4.2025,2:32:50.403,26.657,44.033
17.4.2025,2:32:51.434,27.118,45.330
17.4.2025,2:32:52.446,27.180,47.679
17.4.2025,2:32:53.447,27.298,45.082
17.4.2025,2:32:54.448,27.318,35.702
17.4.2025,2:32:55.435,27.157,53.494
17.4.2025,2:32:56.451,27.002,33.640
17.4.2025,2:32:57.453,27.078,50.416
17.4.2025,2:32:58.467,27.198,30.588
17.4.2025,2:32:59.468,26.635,49.127
17.4.2025,2:33:0.466,27.154,31.333
17.4.2025,2:33:1.483,27.218,49.851
17.4.2025,2:33:2.496,26.892,30.100
17.4.2025,2:33:3.510,27.081,49.646
17.4.2025,2:33:4.525,26.860,31.919
17.4.2025,2:33:5.513,27.428,48.807
17.4.2025,2:33:6.531,26.750,34.437
17.4.2025,2:33:7.544,27.151,47.926
17.4.2025,2:33:8.546,27.095,33.353
17.4.2025,2:33:9.573,27.288,47.126
17.4.2025,2:33:10.574,26.911,35.103
17.4.2025,2:33:11.572,27.035,46.880
17.4.2025,2:33:12.575,27.173,36.165
17.4.2025,2:33:13.590,27.100,46.444
17.4.2025,2:33:14.589,27.000,38.582
17.4.2025,2:33:15.604,27.015,46.480
17.4.2025,2:33:16.604,26.791,41.045
17.4.2025,2:33:17.604,27.341,46.024
17.4.2025,2:33:18.604,26.886,45.095
17.4.2025,2:33:19.619,27.703,45.429
17.4.2025,2:33:20.621,26.852,46.954
17.4.2025,2:33:21.623,27.054,45.024
17.4.2025,2:33:22.622,26.765,36.199
17.4.2025,2:33:23.626,27.408,53.620
17.4.2025,2:33:24.641,26.905,35.122
17.4.2025,2:33:25.657,27.019,53.381
17.4.2025,2:33:26.672,28.100,35.270
17.4.2025,2:33:27.672,28.906,45.945
17.4.2025,2:33:28.685,29.264,33.380
17.4.2025,2:33:29.686,28.112,45.203
17.4.2025,2:33:30.687,27.176,51.135
17.4.2025,2:33:31.690,26.629,32.276
17.4.2025,2:33:32.703,27.188,50.117
17.4.2025,2:33:33.705,26.708,31.790
17.4.2025,2:33:34.707,27.185,49.421
17.4.2025,2:33:35.727,27.025,30.334
17.4.2025,2:33:36.740,27.012,48.530
17.4.2025,2:33:37.757,26.929,34.394
17.4.2025,2:33:38.756,30.171,47.728
17.4.2025,2:33:39.772,26.715,45.845
17.4.2025,2:33:40.773,27.165,47.867
17.4.2025,2:33:41.786,26.762,44.666
17.4.2025,2:33:42.784,27.170,50.509
17.4.2025,2:33:43.802,26.697,45.111
17.4.2025,2:33:44.804,27.247,50.804
17.4.2025,2:33:45.815,26.814,41.869
17.4.2025,2:33:46.815,27.406,55.567
17.4.2025,2:33:47.817,26.504,40.273
17.4.2025,2:33:48.816,26.979,55.363
17.4.2025,2:33:49.832,26.517,40.158
17.4.2025,2:33:50.847,27.270,55.532
17.4.2025,2:33:51.865,26.826,39.595
17.4.2025,2:33:52.881,27.517,55.071
17.4.2025,2:33:53.885,26.622,35.474
17.4.2025,2:33:54.897,27.341,55.276
17.4.2025,2:33:55.899,26.534,34.660
17.4.2025,2:33:56.901,27.433,51.878
17.4.2025,2:33:57.900,26.635,32.361
17.4.2025,2:33:58.917,27.239,51.547
17.4.2025,2:33:59.917,26.752,32.600
17.4.2025,2:34:0.919,27.400,48.658
17.4.2025,2:34:1.920,26.738,45.104
17.4.2025,2:34:2.921,27.206,45.193
17.4.2025,2:34:3.933,26.789,45.321
17.4.2025,2:34:4.935,27.201,49.205
17.4.2025,2:34:5.936,26.690,44.841
17.4.2025,2:34:6.934,27.262,51.779
17.4.2025,2:34:7.935,26.672,44.675
17.4.2025,2:34:8.938,27.221,52.397
17.4.2025,2:34:9.939,26.987,41.319
17.4.2025,2:34:10.956,31.324,55.217
17.4.2025,2:34:11.957,27.458,43.072
17.4.2025,2:34:12.960,28.007,53.149
17.4.2025,2:34:13.980,26.738,42.532
17.4.2025,2:34:14.995,27.696,53.437
17.4.2025,2:34:15.999,26.615,40.186
17.4.2025,2:34:17.017,27.564,32.097
17.4.2025,2:34:18.015,26.918,48.214
17.4.2025,2:34:19.016,27.395,34.123
17.4.2025,2:34:20.015,26.658,47.857
17.4.2025,2:34:21.015,27.142,36.339
17.4.2025,2:34:22.028,26.836,46.564
17.4.2025,2:34:23.028,27.507,40.941
17.4.2025,2:34:24.029,26.864,45.973
17.4.2025,2:34:25.032,27.392,41.049
17.4.2025,2:34:26.053,26.596,45.568
17.4.2025,2:34:27.069,27.242,47.671
17.4.2025,2:34:28.071,26.745,45.032
17.4.2025,2:34:29.071,27.543,47.202
17.4.2025,2:34:30.068,26.873,45.505
17.4.2025,2:34:31.085,27.157,47.177
17.4.2025,2:34:32.099,26.738,44.948
17.4.2025,2:34:33.117,27.003,52.590
17.4.2025,2:34:34.119,27.331,41.942
17.4.2025,2:34:35.135,26.893,55.141
17.4.2025,2:34:36.132,26.981,40.172
17.4.2025,2:34:37.132,27.411,57.042
17.4.2025,2:34:38.134,26.993,38.172
17.4.2025,2:34:39.148,27.148,54.531
17.4.2025,2:34:40.153,26.894,34.420
17.4.2025,2:34:41.139,26.977,50.696
17.4.2025,2:34:42.154,26.439,46.440
17.4.2025,2:34:43.154,27.472,38.867
17.4.2025,2:34:44.152,26.880,46.000
17.4.2025,2:34:45.154,27.386,40.203
17.4.2025,2:34:46.169,27.223,45.879
17.4.2025,2:34:47.197,26.828,38.848
17.4.2025,2:34:48.197,26.949,45.969
17.4.2025,2:34:49.199,27.411,45.119
17.4.2025,2:34:50.199,26.531,45.214
17.4.2025,2:34:51.201,27.224,48.015
17.4.2025,2:34:52.218,27.290,45.217
17.4.2025,2:34:53.239,27.265,49.930
17.4.2025,2:34:54.255,28.700,43.251
17.4.2025,2:34:55.253,28.067,48.530
17.4.2025,2:34:56.255,28.353,47.358
17.4.2025,2:34:57.267,26.644,34.197
17.4.2025,2:34:58.267,27.011,49.375
17.4.2025,2:34:59.267,26.248,32.342
17.4.2025,2:35:0.268,27.198,52.230
17.4.2025,2:35:1.267,27.569,34.820
17.4.2025,2:35:2.267,32.769,54.651
17.4.2025,2:35:3.265,29.740,46.318
17.4.2025,2:35:4.279,27.032,35.324
17.4.2025,2:35:5.280,30.238,46.907
17.4.2025,2:35:6.293,31.148,45.723
17.4.2025,2:35:7.279,38.852,28.685
17.4.2025,2:35:8.290,32.977,55.111
17.4.2025,2:35:9.304,32.019,42.627
17.4.2025,2:35:10.314,29.048,46.766
17.4.2025,2:35:11.316,27.532,45.615
17.4.2025,2:35:12.317,27.888,44.223
17.4.2025,2:35:13.330,28.942,45.988
17.4.2025,2:35:14.331,28.111,36.774
17.4.2025,2:35:15.343,31.272,47.521
17.4.2025,2:35:16.345,30.315,31.503
17.4.2025,2:35:17.361,26.444,49.587
17.4.2025,2:35:18.359,28.121,31.959
17.4.2025,2:35:19.360,27.236,53.148
17.4.2025,2:35:20.360,26.964,35.137
17.4.2025,2:35:21.359,26.312,51.789
17.4.2025,2:35:22.361,26.403,32.754
17.4.2025,2:35:23.362,28.232,51.223
17.4.2025,2:35:24.364,30.279,34.168
17.4.2025,2:35:25.381,30.282,55.762
17.4.2025,2:35:26.381,27.048,42.306
17.4.2025,2:35:27.395,27.656,52.276
17.4.2025,2:35:28.397,26.882,43.317
17.4.2025,2:35:29.395,27.796,51.432
17.4.2025,2:35:30.417,26.612,44.162
17.4.2025,2:35:31.428,27.384,53.009
17.4.2025,2:35:32.444,26.765,44.200
17.4.2025,2:35:33.444,27.563,52.698
17.4.2025,2:35:34.445,26.871,51.098
17.4.2025,2:35:35.445,27.253,31.427
17.4.2025,2:35:36.448,26.983,49.449
17.4.2025,2:35:37.448,27.327,34.523
17.4.2025,2:35:38.446,27.078,47.792
17.4.2025,2:35:39.449,26.894,32.759
17.4.2025,2:35:40.448,27.065,47.485
17.4.2025,2:35:41.449,26.943,35.329
17.4.2025,2:35:42.447,26.798,46.768
17.4.2025,2:35:43.448,27.352,38.205
17.4.2025,2:35:44.449,27.185,46.356
17.4.2025,2:35:45.451,26.787,41.783
17.4.2025,2:35:46.466,27.067,46.010
17.4.2025,2:35:47.483,26.806,42.775
17.4.2025,2:35:48.482,27.231,45.713
17.4.2025,2:35:49.482,26.889,46.444
17.4.2025,2:35:50.483,26.955,44.803
17.4.2025,2:35:51.483,26.932,50.982
17.4.2025,2:35:52.481,26.886,45.079
17.4.2025,2:35:53.483,26.902,34.726
17.4.2025,2:35:54.494,27.694,54.724
17.4.2025,2:35:55.495,26.879,35.876
17.4.2025,2:35:56.508,26.935,51.767
17.4.2025,2:35:57.498,26.766,34.408
17.4.2025,2:35:58.516,27.233,52.090
17.4.2025,2:35:59.518,26.801,32.293
17.4.2025,2:36:0.515,27.342,50.468
17.4.2025,2:36:1.518,26.983,32.155
17.4.2025,2:36:2.532,27.101,48.345
17.4.2025,2:36:3.531,26.911,32.589
17.4.2025,2:36:4.534,27.616,47.599
17.4.2025,2:36:5.536,26.723,35.377
17.4.2025,2:36:6.551,27.100,48.111
17.4.2025,2:36:7.569,26.630,34.923
17.4.2025,2:36:8.571,27.244,46.865
17.4.2025,2:36:9.573,26.895,45.105
17.4.2025,2:36:10.572,27.205,49.890
17.4.2025,2:36:11.571,26.678,44.808
17.4.2025,2:36:12.572,27.087,52.109
17.4.2025,2:36:13.572,26.940,43.453
17.4.2025,2:36:14.570,27.315,52.563
17.4.2025,2:36:15.574,26.789,42.762
17.4.2025,2:36:16.574,27.186,53.210
17.4.2025,2:36:17.574,26.756,42.512
17.4.2025,2:36:18.573,27.461,54.234
17.4.2025,2:36:19.561,26.701,38.904
17.4.2025,2:36:20.563,27.522,55.589
17.4.2025,2:36:21.564,26.716,37.446
17.4.2025,2:36:22.569,27.465,31.213
17.4.2025,2:36:23.570,26.627,48.100
17.4.2025,2:36:24.570,26.627,32.348
17.4.2025,2:36:25.569,27.492,48.962
17.4.2025,2:36:26.567,26.767,33.894
17.4.2025,2:36:27.566,27.569,47.744
17.4.2025,2:36:28.580,26.570,36.962
17.4.2025,2:36:29.595,27.274,47.128
17.4.2025,2:36:30.613,26.731,41.271
17.4.2025,2:36:31.616,29.164,35.056
17.4.2025,2:36:32.613,29.007,46.456
17.4.2025,2:36:33.628,28.763,40.101
17.4.2025,2:36:34.647,27.846,46.081
17.4.2025,2:36:35.648,26.840,42.207
17.4.2025,2:36:36.651,27.012,45.631
17.4.2025,2:36:37.649,27.080,47.543
17.4.2025,2:36:38.648,26.932,45.075
17.4.2025,2:36:39.649,26.663,48.139
17.4.2025,2:36:40.648,27.299,45.060
17.4.2025,2:36:41.653,26.563,49.424
17.4.2025,2:36:42.641,26.823,43.805
17.4.2025,2:36:43.641,26.998,52.778
17.4.2025,2:36:44.656,26.991,50.932
17.4.2025,2:36:45.660,26.764,32.783
17.4.2025,2:36:46.673,27.378,49.773
17.4.2025,2:36:47.690,28.625,32.835
17.4.2025,2:36:48.692,28.073,52.755
17.4.2025,2:36:49.691,26.723,33.742
17.4.2025,2:36:50.691,27.076,50.506
17.4.2025,2:36:51.694,26.861,30.418
17.4.2025,2:36:52.689,27.616,51.277
17.4.2025,2:36:53.690,26.521,31.337
17.4.2025,2:36:54.689,27.619,49.642
17.4.2025,2:36:55.701,26.753,31.569
17.4.2025,2:36:56.702,27.419,48.558
17.4.2025,2:36:57.702,26.777,34.491
17.4.2025,2:36:58.722,27.284,47.699
17.4.2025,2:36:59.721,26.864,34.215
17.4.2025,2:37:0.718,27.203,47.970
17.4.2025,2:37:1.719,26.832,34.408
17.4.2025,2:37:2.718,27.279,47.272
17.4.2025,2:37:3.734,26.587,36.813
17.4.2025,2:37:4.732,27.383,46.406
17.4.2025,2:37:5.732,26.728,38.375
17.4.2025,2:37:6.731,27.363,50.923
17.4.2025,2:37:7.733,26.649,45.155
17.4.2025,2:37:8.748,27.235,50.551
17.4.2025,2:37:9.764,26.746,44.427
17.4.2025,2:37:10.765,27.141,50.491
17.4.2025,2:37:11.767,26.911,42.818
17.4.2025,2:37:12.783,27.380,55.256
17.4.2025,2:37:13.780,26.888,39.921
17.4.2025,2:37:14.781,27.125,55.211
17.4.2025,2:37:15.781,27.044,36.312
17.4.2025,2:37:16.781,27.350,51.964
17.4.2025,2:37:17.781,26.724,34.262
17.4.2025,2:37:18.786,27.298,52.106
17.4.2025,2:37:19.801,27.042,35.333
17.4.2025,2:37:20.817,26.800,53.084
17.4.2025,2:37:21.818,27.217,32.901
17.4.2025,2:37:22.819,26.479,50.758
17.4.2025,2:37:23.822,27.078,30.980
17.4.2025,2:37:24.821,26.784,49.066
17.4.2025,2:37:25.823,27.160,46.361
17.4.2025,2:37:26.822,26.762,43.121
17.4.2025,2:37:27.824,27.261,45.536
17.4.2025,2:37:28.811,26.903,46.109
17.4.2025,2:37:29.838,27.144,45.339
17.4.2025,2:37:30.842,26.799,50.471
17.4.2025,2:37:31.856,27.239,43.250
17.4.2025,2:37:32.858,26.762,53.682
17.4.2025,2:37:33.858,27.008,39.594
17.4.2025,2:37:34.857,26.590,55.538
17.4.2025,2:37:35.872,27.239,37.560
17.4.2025,2:37:36.875,26.797,53.396
17.4.2025,2:37:37.876,26.896,34.544
17.4.2025,2:37:38.877,27.005,52.026
17.4.2025,2:37:39.875,27.093,32.548
17.4.2025,2:37:40.891,27.197,50.507
17.4.2025,2:37:41.892,27.052,31.049
17.4.2025,2:37:42.890,26.991,49.443
17.4.2025,2:37:43.889,26.765,32.797
17.4.2025,2:37:44.888,26.961,48.332
17.4.2025,2:37:45.899,27.003,35.905
17.4.2025,2:37:46.902,26.997,46.834
17.4.2025,2:37:47.900,26.809,37.466
17.4.2025,2:37:48.901,26.934,46.422
17.4.2025,2:37:49.901,26.744,39.918
17.4.2025,2:37:50.900,27.193,46.786
17.4.2025,2:37:51.890,26.889,40.959
17.4.2025,2:37:52.906,26.751,45.865
17.4.2025,2:37:53.921,26.975,42.564
17.4.2025,2:37:54.923,27.169,45.810
17.4.2025,2:37:55.921,27.338,45.492
17.4.2025,2:37:56.939,26.967,53.663
17.4.2025,2:37:57.939,26.989,37.555
17.4.2025,2:37:58.937,27.188,54.179
17.4.2025,2:37:59.940,26.452,35.315
17.4.2025,2:38:0.955,27.164,51.533
17.4.2025,2:38:1.972,26.637,32.726
17.4.2025,2:38:2.988,27.202,49.866
17.4.2025,2:38:3.991,26.822,32.589
17.4.2025,2:38:4.989,27.086,48.188
17.4.2025,2:38:5.988,26.868,34.573
17.4.2025,2:38:6.988,27.385,47.807
17.4.2025,2:38:7.989,26.486,37.095
17.4.2025,2:38:9.006,27.250,46.572
17.4.2025,2:38:10.005,26.618,37.486
17.4.2025,2:38:11.019,27.368,46.565
17.4.2025,2:38:12.034,26.666,38.341
17.4.2025,2:38:13.033,27.321,53.701
17.4.2025,2:38:14.052,26.669,42.925
17.4.2025,2:38:15.052,27.367,54.468
17.4.2025,2:38:16.054,26.685,40.601
17.4.2025,2:38:17.067,27.466,55.446
17.4.2025,2:38:18.073,27.110,39.499
17.4.2025,2:38:19.073,27.203,54.133
17.4.2025,2:38:20.073,26.707,38.506
17.4.2025,2:38:21.073,28.150,54.486
17.4.2025,2:38:22.060,29.635,35.868
17.4.2025,2:38:23.063,27.051,51.864
17.4.2025,2:38:24.063,26.803,33.611
17.4.2025,2:38:25.062,27.139,51.481
17.4.2025,2:38:26.065,27.097,33.130
17.4.2025,2:38:27.063,26.952,51.411
17.4.2025,2:38:28.064,26.853,30.682
17.4.2025,2:38:29.063,26.927,48.929
17.4.2025,2:38:30.061,26.965,32.513
17.4.2025,2:38:31.060,27.151,49.947
17.4.2025,2:38:32.060,26.835,32.175
17.4.2025,2:38:33.061,27.200,42.765
17.4.2025,2:38:34.063,27.271,45.250
17.4.2025,2:38:35.065,26.834,45.746
17.4.2025,2:38:36.065,27.244,45.171
17.4.2025,2:38:37.066,27.055,48.819
17.4.2025,2:38:38.066,26.991,44.924
17.4.2025,2:38:39.066,26.904,52.990
17.4.2025,2:38:40.067,27.209,40.848
17.4.2025,2:38:41.084,26.704,55.700
17.4.2025,2:38:42.086,27.020,39.330
17.4.2025,2:38:43.085,26.938,53.595
17.4.2025,2:38:44.099,27.439,36.000
17.4.2025,2:38:45.116,26.860,51.599
17.4.2025,2:38:46.118,26.764,32.472
17.4.2025,2:38:47.131,27.219,52.003
17.4.2025,2:38:48.132,26.887,31.354
17.4.2025,2:38:49.148,27.263,50.378
17.4.2025,2:38:50.150,26.745,32.240
17.4.2025,2:38:51.147,27.253,50.927
17.4.2025,2:38:52.148,26.930,31.370
17.4.2025,2:38:53.148,27.273,50.416
17.4.2025,2:38:54.147,27.129,30.517
17.4.2025,2:38:55.148,26.906,49.105
17.4.2025,2:38:56.148,27.281,46.331
17.4.2025,2:38:57.166,26.793,43.029
17.4.2025,2:38:58.166,26.872,46.164
17.4.2025,2:38:59.168,26.939,46.354
17.4.2025,2:39:0.168,27.193,45.378
17.4.2025,2:39:1.168,27.171,52.081
17.4.2025,2:39:2.167,26.883,43.880
17.4.2025,2:39:3.153,26.996,53.842
17.4.2025,2:39:4.170,26.983,43.721
17.4.2025,2:39:5.171,26.967,54.586
17.4.2025,2:39:6.172,27.114,41.148
17.4.2025,2:39:7.172,26.914,54.778
17.4.2025,2:39:8.174,26.950,50.731
17.4.2025,2:39:9.175,26.722,32.043
17.4.2025,2:39:10.172,27.099,48.873
17.4.2025,2:39:11.191,26.971,32.407
17.4.2025,2:39:12.191,27.070,47.194
17.4.2025,2:39:13.188,26.950,36.367
17.4.2025,2:39:14.191,26.990,46.335
17.4.2025,2:39:15.191,26.897,37.015
17.4.2025,2:39:16.207,27.051,46.596
17.4.2025,2:39:17.207,27.099,41.892
17.4.2025,2:39:18.209,26.768,45.864
17.4.2025,2:39:19.207,27.056,47.639
17.4.2025,2:39:20.207,26.424,45.332
17.4.2025,2:39:21.209,27.404,46.926
17.4.2025,2:39:22.212,26.804,45.474
17.4.2025,2:39:23.227,27.144,47.383
17.4.2025,2:39:24.247,27.079,44.766
17.4.2025,2:39:25.245,26.944,34.559
17.4.2025,2:39:26.233,27.250,51.449
17.4.2025,2:39:27.234,26.880,33.711
17.4.2025,2:39:28.255,27.335,50.852
17.4.2025,2:39:29.259,26.942,31.448
17.4.2025,2:39:30.273,30.276,50.487
17.4.2025,2:39:31.272,27.437,33.026
17.4.2025,2:39:32.274,27.963,51.157
17.4.2025,2:39:33.274,26.781,35.404
17.4.2025,2:39:34.273,29.219,39.953
17.4.2025,2:39:35.274,28.766,45.436
17.4.2025,2:39:36.275,29.029,32.119
17.4.2025,2:39:37.290,27.887,47.906
17.4.2025,2:39:38.305,26.702,33.258
17.4.2025,2:39:39.307,27.198,47.069
17.4.2025,2:39:40.321,26.662,36.843
17.4.2025,2:39:41.320,27.107,46.545
17.4.2025,2:39:42.324,26.887,40.170
17.4.2025,2:39:43.310,27.104,40.170
17.4.2025,2:39:44.313,26.972,46.102
17.4.2025,2:39:45.311,27.273,46.028
17.4.2025,2:39:46.313,26.708,45.637
17.4.2025,2:39:47.313,27.320,37.559
17.4.2025,2:39:48.311,26.893,54.635
17.4.2025,2:39:49.326,27.129,35.541
17.4.2025,2:39:50.326,26.889,51.121
17.4.2025,2:39:51.328,27.027,31.746
17.4.2025,2:39:52.331,26.834,48.331
17.4.2025,2:39:53.345,26.821,34.959
17.4.2025,2:39:54.357,26.808,47.387
17.4.2025,2:39:55.357,27.416,38.226
17.4.2025,2:39:56.359,29.068,47.361
17.4.2025,2:39:57.374,27.544,35.002
17.4.2025,2:39:58.373,26.971,47.221
17.4.2025,2:39:59.386,27.205,38.389
17.4.2025,2:40:0.392,26.940,46.692
17.4.2025,2:40:1.387,27.036,37.845
17.4.2025,2:40:2.391,26.653,46.774
17.4.2025,2:40:3.408,27.385,39.818
17.4.2025,2:40:4.414,27.089,46.202
17.4.2025,2:40:5.413,27.307,47.637
17.4.2025,2:40:6.418,26.691,45.415
17.4.2025,2:40:7.417,27.187,49.336
17.4.2025,2:40:8.416,26.554,44.507
17.4.2025,2:40:9.431,27.282,52.813
17.4.2025,2:40:10.435,26.859,52.959
17.4.2025,2:40:11.435,28.939,33.040
17.4.2025,2:40:12.452,26.756,51.762
17.4.2025,2:40:13.465,28.555,32.807
17.4.2025,2:40:14.482,26.894,51.828
17.4.2025,2:40:15.499,27.199,32.368
17.4.2025,2:40:16.515,26.665,49.158
17.4.2025,2:40:17.518,27.262,34.124
17.4.2025,2:40:18.521,26.622,47.419
17.4.2025,2:40:19.517,27.367,32.650
17.4.2025,2:40:20.531,26.639,47.198
17.4.2025,2:40:21.529,27.113,35.403
17.4.2025,2:40:22.531,26.781,46.433
17.4.2025,2:40:23.529,26.890,37.328
17.4.2025,2:40:24.545,26.997,46.212
17.4.2025,2:40:25.558,27.150,36.915
17.4.2025,2:40:26.576,26.961,46.302
17.4.2025,2:40:27.576,27.172,40.636
17.4.2025,2:40:28.577,26.787,46.781
17.4.2025,2:40:29.580,27.020,41.540
17.4.2025,2:40:30.582,26.850,45.878
17.4.2025,2:40:31.583,27.070,46.750
17.4.2025,2:40:32.587,26.596,55.810
17.4.2025,2:40:33.604,27.251,38.478
17.4.2025,2:40:34.619,26.621,54.169
17.4.2025,2:40:35.620,27.205,34.328
17.4.2025,2:40:36.620,26.634,50.408
17.4.2025,2:40:37.607,27.207,32.320
17.4.2025,2:40:38.623,26.865,48.408
17.4.2025,2:40:39.626,26.889,34.920
17.4.2025,2:40:40.625,26.809,47.889
17.4.2025,2:40:41.627,27.244,37.141
17.4.2025,2:40:42.640,26.789,46.166
17.4.2025,2:40:43.641,27.310,38.344
17.4.2025,2:40:44.642,26.778,46.254
17.4.2025,2:40:45.657,27.126,42.785
17.4.2025,2:40:46.671,26.607,45.882
17.4.2025,2:40:47.688,27.261,46.571
17.4.2025,2:40:48.691,26.482,44.997
17.4.2025,2:40:49.689,27.130,49.183
17.4.2025,2:40:50.704,27.059,44.911
17.4.2025,2:40:51.716,27.192,50.463
17.4.2025,2:40:52.733,26.620,44.644
17.4.2025,2:40:53.732,27.411,51.122
17.4.2025,2:40:54.731,26.882,43.153
17.4.2025,2:40:55.748,27.189,53.130
17.4.2025,2:40:56.747,26.808,41.461
17.4.2025,2:40:57.765,27.264,56.012
17.4.2025,2:40:58.762,26.762,39.794
17.4.2025,2:40:59.766,27.037,55.223
17.4.2025,2:41:0.770,26.733,37.655
17.4.2025,2:41:1.770,26.960,53.658
17.4.2025,2:41:2.771,27.010,47.698
17.4.2025,2:41:3.772,27.129,34.909
17.4.2025,2:41:4.776,26.728,46.609
17.4.2025,2:41:5.763,27.177,42.487
17.4.2025,2:41:6.763,26.707,46.169
17.4.2025,2:41:7.779,27.085,45.336
17.4.2025,2:41:8.792,26.753,44.866
17.4.2025,2:41:9.795,27.539,49.000
17.4.2025,2:41:10.796,26.719,45.374
17.4.2025,2:41:11.811,27.225,52.044
17.4.2025,2:41:12.810,26.755,42.009
17.4.2025,2:41:13.810,26.811,54.860
17.4.2025,2:41:14.826,27.270,38.724
17.4.2025,2:41:15.843,26.857,55.236
17.4.2025,2:41:16.847,27.462,48.456
17.4.2025,2:41:17.849,29.478,31.276
17.4.2025,2:41:18.850,29.938,49.826
17.4.2025,2:41:19.869,27.489,32.296
17.4.2025,2:41:20.872,26.787,50.673
17.4.2025,2:41:21.858,27.100,30.901
17.4.2025,2:41:22.856,26.671,48.066
17.4.2025,2:41:23.856,27.141,34.300
17.4.2025,2:41:24.857,26.748,47.686
17.4.2025,2:41:25.869,27.042,34.111
17.4.2025,2:41:26.867,26.567,47.273
17.4.2025,2:41:27.868,27.097,34.714
17.4.2025,2:41:28.871,26.777,46.195
17.4.2025,2:41:29.871,29.468,39.350
17.4.2025,2:41:30.886,27.249,47.157
17.4.2025,2:41:31.900,27.299,36.668
17.4.2025,2:41:32.898,26.732,47.459
17.4.2025,2:41:33.916,27.335,37.345
17.4.2025,2:41:34.917,26.678,46.563
17.4.2025,2:41:35.918,27.203,40.898
17.4.2025,2:41:36.931,26.468,46.484
17.4.2025,2:41:37.935,27.200,40.990
17.4.2025,2:41:38.938,26.910,45.939
17.4.2025,2:41:39.952,27.233,37.527
17.4.2025,2:41:40.969,26.793,54.194
17.4.2025,2:41:41.985,27.174,35.712
17.4.2025,2:41:42.989,26.561,53.723
17.4.2025,2:41:43.988,27.525,35.111
17.4.2025,2:41:44.990,26.885,52.196
17.4.2025,2:41:46.001,27.457,33.238
17.4.2025,2:41:47.017,26.662,51.062
17.4.2025,2:41:48.032,27.009,30.477
17.4.2025,2:41:49.047,26.723,49.727
17.4.2025,2:41:50.063,27.229,33.739
17.4.2025,2:41:51.064,26.877,47.073
17.4.2025,2:41:52.078,27.626,37.225
17.4.2025,2:41:53.079,26.906,46.368
17.4.2025,2:41:54.094,27.108,37.848
17.4.2025,2:41:55.096,26.689,46.609
17.4.2025,2:41:56.097,27.464,39.385
17.4.2025,2:41:57.113,26.848,45.770
17.4.2025,2:41:58.109,27.114,40.733
17.4.2025,2:41:59.112,26.776,55.285
17.4.2025,2:42:0.110,27.160,43.772
17.4.2025,2:42:1.126,26.975,46.069
17.4.2025,2:42:2.125,27.200,39.109
17.4.2025,2:42:3.141,26.725,54.758
17.4.2025,2:42:4.139,27.339,34.861
17.4.2025,2:42:5.140,26.658,53.253
17.4.2025,2:42:6.160,27.042,34.735
17.4.2025,2:42:7.158,26.616,51.820
17.4.2025,2:42:8.162,27.161,31.355
17.4.2025,2:42:9.162,26.946,50.196
17.4.2025,2:42:10.161,27.087,31.112
17.4.2025,2:42:11.160,26.647,48.098
17.4.2025,2:42:12.164,27.096,32.503
17.4.2025,2:42:13.180,26.697,48.118
17.4.2025,2:42:14.192,27.091,35.069
17.4.2025,2:42:15.211,26.842,46.923
17.4.2025,2:42:16.223,27.121,36.369
17.4.2025,2:42:17.238,26.991,46.683
17.4.2025,2:42:18.256,26.967,42.244
17.4.2025,2:42:19.272,26.772,55.164
17.4.2025,2:42:20.271,26.765,40.222
17.4.2025,2:42:21.273,26.582,55.468
17.4.2025,2:42:22.275,26.974,35.556
17.4.2025,2:42:23.273,27.174,52.902
17.4.2025,2:42:24.271,26.950,32.399
17.4.2025,2:42:25.288,26.884,49.939
17.4.2025,2:42:26.288,26.541,32.207
17.4.2025,2:42:27.289,27.255,47.949
17.4.2025,2:42:28.288,26.578,33.951
17.4.2025,2:42:29.302,27.123,47.140
17.4.2025,2:42:30.317,26.605,37.169
17.4.2025,2:42:31.317,27.281,46.937
17.4.2025,2:42:32.316,26.727,42.924
17.4.2025,2:42:33.316,27.113,46.283
17.4.2025,2:42:34.315,26.781,42.805
17.4.2025,2:42:35.314,27.380,45.085
17.4.2025,2:42:36.328,27.190,48.386
17.4.2025,2:42:37.348,28.832,43.373
17.4.2025,2:42:38.352,29.254,46.271
17.4.2025,2:42:39.367,28.631,40.623
17.4.2025,2:42:40.382,27.070,35.204
17.4.2025,2:42:41.382,26.524,52.010
17.4.2025,2:42:42.397,27.159,32.270
17.4.2025,2:42:43.399,26.736,50.192
17.4.2025,2:42:44.402,27.282,32.705
17.4.2025,2:42:45.401,26.702,47.756
17.4.2025,2:42:46.399,27.264,45.362
17.4.2025,2:42:47.402,26.464,47.408
17.4.2025,2:42:48.419,27.460,45.367
17.4.2025,2:42:49.435,26.470,49.863
17.4.2025,2:42:50.436,27.357,44.846
17.4.2025,2:42:51.437,26.553,52.623
17.4.2025,2:42:52.437,27.513,43.348
17.4.2025,2:42:53.440,26.606,53.205
17.4.2025,2:42:54.439,27.240,41.146
17.4.2025,2:42:55.436,26.700,54.819
17.4.2025,2:42:56.437,27.316,37.179
17.4.2025,2:42:57.451,26.583,53.538
17.4.2025,2:42:58.454,27.503,33.437
17.4.2025,2:42:59.457,26.776,50.435
17.4.2025,2:43:0.458,27.360,30.379
17.4.2025,2:43:1.477,26.698,49.500
17.4.2025,2:43:2.490,27.374,33.413
17.4.2025,2:43:3.506,26.755,47.523
17.4.2025,2:43:4.506,29.613,34.266
17.4.2025,2:43:5.508,26.586,48.194
17.4.2025,2:43:6.510,27.016,33.505
17.4.2025,2:43:7.511,26.466,45.752
17.4.2025,2:43:8.512,27.392,33.662
17.4.2025,2:43:9.527,26.743,45.892
17.4.2025,2:43:10.526,27.259,44.643
17.4.2025,2:43:11.525,26.577,50.326
17.4.2025,2:43:12.527,27.337,44.696
17.4.2025,2:43:13.525,26.571,52.066
17.4.2025,2:43:14.540,27.392,40.022
17.4.2025,2:43:15.542,26.929,55.061
17.4.2025,2:43:16.542,27.481,36.489
17.4.2025,2:43:17.558,26.942,52.401
17.4.2025,2:43:18.572,27.530,32.649
17.4.2025,2:43:19.575,26.836,50.928
17.4.2025,2:43:20.561,27.946,31.545
17.4.2025,2:43:21.562,27.021,50.743
17.4.2025,2:43:22.568,27.195,30.821
17.4.2025,2:43:23.582,26.872,49.070
17.4.2025,2:43:24.597,27.335,33.236
17.4.2025,2:43:25.599,26.546,47.506
17.4.2025,2:43:26.598,27.580,38.236
17.4.2025,2:43:27.612,26.685,46.671
17.4.2025,2:43:28.612,27.320,38.147
17.4.2025,2:43:29.613,26.616,46.149
17.4.2025,2:43:30.628,27.289,43.549
17.4.2025,2:43:31.629,26.731,45.040
17.4.2025,2:43:32.644,27.458,48.017
17.4.2025,2:43:33.643,26.560,54.040
17.4.2025,2:43:34.641,27.169,34.311
17.4.2025,2:43:35.641,26.656,40.755
17.4.2025,2:43:36.642,27.045,30.812
17.4.2025,2:43:37.642,26.794,49.269
17.4.2025,2:43:38.645,27.309,30.420
17.4.2025,2:43:39.646,26.702,49.152
17.4.2025,2:43:40.649,27.436,34.076
17.4.2025,2:43:41.650,26.813,47.256
17.4.2025,2:43:42.665,27.223,37.065
17.4.2025,2:43:43.682,26.481,46.234
17.4.2025,2:43:44.697,27.042,38.291
17.4.2025,2:43:45.694,26.827,46.211
17.4.2025,2:43:46.695,27.239,41.996
17.4.2025,2:43:47.696,26.958,46.284
17.4.2025,2:43:48.698,26.617,43.706
17.4.2025,2:43:49.694,26.802,44.930
17.4.2025,2:43:50.693,26.955,51.059
17.4.2025,2:43:51.708,26.558,45.029
17.4.2025,2:43:52.726,27.299,48.996
17.4.2025,2:43:53.729,26.473,43.949
17.4.2025,2:43:54.746,27.119,52.829
17.4.2025,2:43:55.761,27.123,43.259
17.4.2025,2:43:56.760,26.815,32.783
17.4.2025,2:43:57.777,27.006,50.478
17.4.2025,2:43:58.777,27.028,56.317
17.4.2025,2:43:59.778,26.728,39.525
17.4.2025,2:44:0.762,26.878,30.980
17.4.2025,2:44:1.767,26.929,49.244
17.4.2025,2:44:2.782,26.996,32.085
17.4.2025,2:44:3.797,26.768,47.367
17.4.2025,2:44:4.813,27.109,35.601
17.4.2025,2:44:5.814,26.863,47.156
17.4.2025,2:44:6.827,26.813,39.423
17.4.2025,2:44:7.831,27.154,46.616
17.4.2025,2:44:8.845,27.223,44.749
17.4.2025,2:44:9.860,26.871,45.797
17.4.2025,2:44:10.875,26.938,46.641
17.4.2025,2:44:11.878,27.147,45.236
17.4.2025,2:44:12.881,26.656,46.317
17.4.2025,2:44:13.900,27.139,45.181
17.4.2025,2:44:14.889,27.040,48.484
17.4.2025,2:44:15.889,27.520,44.888
17.4.2025,2:44:16.891,27.413,49.949
17.4.2025,2:44:17.891,27.090,44.862
17.4.2025,2:44:18.891,26.685,51.044
17.4.2025,2:44:19.891,27.271,41.120
17.4.2025,2:44:20.892,26.868,53.867
17.4.2025,2:44:21.892,27.171,48.371
17.4.2025,2:44:22.890,26.971,34.151
17.4.2025,2:44:23.888,26.753,47.531
17.4.2025,2:44:24.890,26.591,51.816
17.4.2025,2:44:25.903,27.353,46.928
17.4.2025,2:44:26.887,27.353,38.089
17.4.2025,2:44:27.888,26.944,46.315
17.4.2025,2:44:28.891,27.013,45.106
17.4.2025,2:44:29.892,26.621,45.116
17.4.2025,2:44:30.906,27.292,49.713
17.4.2025,2:44:31.906,26.981,44.988
17.4.2025,2:44:32.925,27.161,49.894
17.4.2025,2:44:33.927,26.836,44.841
17.4.2025,2:44:34.943,26.834,51.985
17.4.2025,2:44:35.958,27.022,42.027
17.4.2025,2:44:36.957,26.584,54.709
17.4.2025,2:44:37.957,26.947,38.824
17.4.2025,2:44:38.958,26.792,53.652
17.4.2025,2:44:39.973,29.640,43.292
17.4.2025,2:44:40.973,26.783,54.044
17.4.2025,2:44:41.990,27.125,50.166
17.4.2025,2:44:42.994,27.054,31.489
17.4.2025,2:44:44.007,26.598,48.969
17.4.2025,2:44:45.022,27.170,33.092
17.4.2025,2:44:46.023,26.961,47.299
17.4.2025,2:44:47.035,26.786,37.050
17.4.2025,2:44:48.048,27.295,46.479
17.4.2025,2:44:49.065,26.699,44.652
17.4.2025,2:44:50.070,27.343,45.106
17.4.2025,2:44:51.085,27.422,48.398
17.4.2025,2:44:52.099,26.739,45.222
17.4.2025,2:44:53.120,27.000,48.384
17.4.2025,2:44:54.107,26.682,44.340
17.4.2025,2:44:55.121,27.045,52.331
17.4.2025,2:44:56.106,27.188,43.470
17.4.2025,2:44:57.110,27.455,51.457
17.4.2025,2:44:58.109,27.455,44.408
17.4.2025,2:44:59.109,26.927,51.807
17.4.2025,2:45:0.110,26.932,51.116
17.4.2025,2:45:1.125,27.102,33.485
17.4.2025,2:45:2.125,26.765,50.851
17.4.2025,2:45:3.141,27.316,30.615
17.4.2025,2:45:4.155,26.863,49.865
17.4.2025,2:45:5.157,26.787,31.929
17.4.2025,2:45:6.174,27.219,47.745
17.4.2025,2:45:7.191,26.673,36.717
17.4.2025,2:45:8.194,27.074,46.268
17.4.2025,2:45:9.192,26.752,39.657
17.4.2025,2:45:10.195,27.237,46.484
17.4.2025,2:45:11.195,27.237,44.075
17.4.2025,2:45:12.194,26.602,45.769
17.4.2025,2:45:13.210,26.648,47.108
17.4.2025,2:45:14.226,27.009,45.617
17.4.2025,2:45:15.240,26.935,37.589
17.4.2025,2:45:16.241,26.935,44.845
17.4.2025,2:45:17.257,26.832,34.296
17.4.2025,2:45:18.253,27.247,51.512
17.4.2025,2:45:19.255,26.780,33.409
17.4.2025,2:45:20.270,27.152,41.598
17.4.2025,2:45:21.269,26.423,55.956
17.4.2025,2:45:22.270,27.422,50.429
17.4.2025,2:45:23.270,26.646,32.291
17.4.2025,2:45:24.272,27.359,51.096
17.4.2025,2:45:25.273,26.799,32.587
17.4.2025,2:45:26.272,27.551,50.298
17.4.2025,2:45:27.289,27.061,32.108
17.4.2025,2:45:28.308,26.948,48.538
17.4.2025,2:45:29.295,27.015,34.241
17.4.2025,2:45:30.310,27.102,47.588
17.4.2025,2:45:31.339,26.867,38.315
17.4.2025,2:45:32.327,26.643,46.533
17.4.2025,2:45:33.327,27.241,37.462
17.4.2025,2:45:34.328,26.793,46.719
17.4.2025,2:45:35.331,27.244,42.079
17.4.2025,2:45:36.348,26.789,45.926
17.4.2025,2:45:37.362,27.298,44.979
17.4.2025,2:45:38.364,26.806,45.371
17.4.2025,2:45:39.367,27.093,49.831
17.4.2025,2:45:40.368,27.445,34.724
17.4.2025,2:45:41.386,28.835,39.621
17.4.2025,2:45:42.398,29.091,46.351
17.4.2025,2:45:43.399,28.705,49.990
17.4.2025,2:45:44.404,26.676,31.169
17.4.2025,2:45:45.405,27.143,49.791
17.4.2025,2:45:46.420,26.883,31.454
17.4.2025,2:45:47.420,26.889,48.686
17.4.2025,2:45:48.448,27.070,32.073
17.4.2025,2:45:49.449,26.762,48.452
17.4.2025,2:45:50.449,27.224,35.907
17.4.2025,2:45:51.435,26.994,46.907
17.4.2025,2:45:52.437,27.235,36.604
17.4.2025,2:45:53.439,26.834,46.772
17.4.2025,2:45:54.442,27.205,40.198
17.4.2025,2:45:55.440,26.677,54.899
17.4.2025,2:45:56.444,27.356,39.673
17.4.2025,2:45:57.459,26.978,54.005
17.4.2025,2:45:58.478,27.174,34.896
17.4.2025,2:45:59.482,26.680,52.227
17.4.2025,2:46:0.485,27.174,30.936
17.4.2025,2:46:1.486,27.179,49.125
17.4.2025,2:46:2.490,27.144,31.794
17.4.2025,2:46:3.491,29.728,48.478
17.4.2025,2:46:4.491,26.938,35.078
17.4.2025,2:46:5.505,26.858,47.405
17.4.2025,2:46:6.502,27.114,38.636
17.4.2025,2:46:7.519,26.813,46.513
17.4.2025,2:46:8.519,27.238,41.359
17.4.2025,2:46:9.520,26.709,46.081
17.4.2025,2:46:10.535,27.077,42.471
17.4.2025,2:46:11.537,26.979,45.982
17.4.2025,2:46:12.543,27.117,43.845
17.4.2025,2:46:13.540,28.366,46.184
17.4.2025,2:46:14.554,28.050,47.496
17.4.2025,2:46:15.570,26.764,45.100
17.4.2025,2:46:16.567,27.091,52.641
17.4.2025,2:46:17.573,26.863,51.253
17.4.2025,2:46:18.574,27.242,31.965
17.4.2025,2:46:19.575,26.586,48.765
17.4.2025,2:46:20.591,27.070,31.164
17.4.2025,2:46:21.607,26.756,48.071
17.4.2025,2:46:22.622,27.198,35.405
17.4.2025,2:46:23.651,27.081,47.727
17.4.2025,2:46:24.652,27.081,35.653
17.4.2025,2:46:25.650,26.937,46.750
17.4.2025,2:46:26.665,26.925,47.226
17.4.2025,2:46:27.665,27.188,45.644
17.4.2025,2:46:28.678,26.993,49.486
17.4.2025,2:46:29.699,27.294,44.772
17.4.2025,2:46:30.694,26.820,51.842
17.4.2025,2:46:31.699,26.873,43.160
17.4.2025,2:46:32.699,26.873,55.602
17.4.2025,2:46:33.686,26.928,38.249
17.4.2025,2:46:34.701,27.036,54.041
17.4.2025,2:46:35.702,27.180,34.256
17.4.2025,2:46:36.717,26.818,51.627
17.4.2025,2:46:37.720,27.130,32.824
17.4.2025,2:46:38.736,26.962,49.797
17.4.2025,2:46:39.754,26.836,30.882
17.4.2025,2:46:40.768,26.835,48.871
17.4.2025,2:46:41.769,26.835,32.040
17.4.2025,2:46:42.782,26.761,44.918
17.4.2025,2:46:43.782,27.359,45.140
17.4.2025,2:46:44.782,26.975,49.197
17.4.2025,2:46:45.794,27.126,44.990
17.4.2025,2:46:46.781,26.721,46.369
17.4.2025,2:46:47.778,27.181,43.717
17.4.2025,2:46:48.793,26.674,54.069
17.4.2025,2:46:49.796,27.181,41.395
17.4.2025,2:46:50.812,26.788,55.245
17.4.2025,2:46:51.827,27.215,39.273
17.4.2025,2:46:52.843,27.362,55.465
17.4.2025,2:46:53.843,27.367,38.581
17.4.2025,2:46:54.858,26.631,55.259
17.4.2025,2:46:55.860,27.129,37.193
17.4.2025,2:46:56.860,26.806,52.527
17.4.2025,2:46:57.864,27.282,34.253
17.4.2025,2:46:58.867,27.092,50.471
17.4.2025,2:46:59.881,27.006,31.348
17.4.2025,2:47:0.880,26.918,49.127
17.4.2025,2:47:1.882,27.054,33.024
17.4.2025,2:47:2.880,26.745,47.367
17.4.2025,2:47:3.899,27.013,36.965
17.4.2025,2:47:4.899,26.489,46.800
17.4.2025,2:47:5.900,27.190,40.372
17.4.2025,2:47:6.916,26.911,46.501
17.4.2025,2:47:7.917,27.066,39.119
17.4.2025,2:47:8.918,27.003,55.523
17.4.2025,2:47:9.919,27.304,38.554
17.4.2025,2:47:10.947,26.900,53.295
17.4.2025,2:47:11.949,27.134,35.583
17.4.2025,2:47:12.935,26.760,53.348
17.4.2025,2:47:13.936,27.292,32.693
17.4.2025,2:47:14.934,27.292,50.687
17.4.2025,2:47:15.936,26.863,31.438
17.4.2025,2:47:16.953,26.978,50.472
17.4.2025,2:47:17.955,27.210,30.977
17.4.2025,2:47:18.972,26.942,49.426
17.4.2025,2:47:19.969,27.302,31.912
17.4.2025,2:47:20.989,26.874,48.628
17.4.2025,2:47:21.992,26.993,32.257
17.4.2025,2:47:22.993,26.752,47.698
17.4.2025,2:47:23.994,27.126,34.318
17.4.2025,2:47:24.994,27.126,47.174
17.4.2025,2:47:25.997,27.146,44.801
17.4.2025,2:47:26.996,26.791,51.944
17.4.2025,2:47:27.997,27.118,42.208
17.4.2025,2:47:29.015,27.015,54.874
17.4.2025,2:47:30.030,27.135,38.865
17.4.2025,2:47:31.042,26.465,53.502
17.4.2025,2:47:32.048,27.368,36.496
17.4.2025,2:47:33.048,26.813,51.082
17.4.2025,2:47:34.063,26.928,32.615
17.4.2025,2:47:35.066,26.928,49.844
17.4.2025,2:47:36.067,27.137,33.049
17.4.2025,2:47:37.067,27.137,48.608
17.4.2025,2:47:38.071,27.026,33.769
17.4.2025,2:47:39.085,26.751,48.367
17.4.2025,2:47:40.100,27.278,32.656
17.4.2025,2:47:41.116,26.681,47.874
17.4.2025,2:47:42.109,27.282,45.721
17.4.2025,2:47:43.116,27.282,47.914
17.4.2025,2:47:44.115,26.746,44.920
17.4.2025,2:47:45.118,26.995,50.778
17.4.2025,2:47:46.108,26.905,41.407
17.4.2025,2:47:47.124,27.085,54.961
17.4.2025,2:47:48.138,29.695,43.321
17.4.2025,2:47:49.154,27.129,51.395
17.4.2025,2:47:50.169,27.075,41.695
17.4.2025,2:47:51.174,26.637,55.906
17.4.2025,2:47:52.175,27.189,40.764
17.4.2025,2:47:53.191,26.712,54.415
17.4.2025,2:47:54.208,27.214,37.532
17.4.2025,2:47:55.203,26.778,54.702
17.4.2025,2:47:56.221,26.956,36.269
17.4.2025,2:47:57.224,26.674,52.094
17.4.2025,2:47:58.224,27.413,34.635
17.4.2025,2:47:59.222,26.727,52.314
17.4.2025,2:48:0.222,26.727,33.451
17.4.2025,2:48:1.234,27.115,52.388
17.4.2025,2:48:2.249,27.225,32.798
17.4.2025,2:48:3.247,27.225,51.836
17.4.2025,2:48:4.254,26.975,34.218
17.4.2025,2:48:5.272,26.384,51.782
17.4.2025,2:48:6.262,27.284,34.966
17.4.2025,2:48:7.270,26.913,37.196
17.4.2025,2:48:8.273,27.412,46.361
17.4.2025,2:48:9.288,26.655,37.268
17.4.2025,2:48:10.291,27.250,46.591
17.4.2025,2:48:11.291,27.216,39.025
17.4.2025,2:48:12.291,26.938,46.166
17.4.2025,2:48:13.294,26.985,42.319
17.4.2025,2:48:14.294,26.985,45.675
17.4.2025,2:48:15.310,27.320,48.430
17.4.2025,2:48:16.310,26.851,45.381
17.4.2025,2:48:17.324,27.309,48.109
17.4.2025,2:48:18.340,26.684,44.775
17.4.2025,2:48:19.353,27.068,52.954
17.4.2025,2:48:20.356,26.810,43.052
17.4.2025,2:48:21.358,27.146,53.192
17.4.2025,2:48:22.372,26.838,40.890
17.4.2025,2:48:23.390,27.236,55.545
17.4.2025,2:48:24.407,27.000,41.632
17.4.2025,2:48:25.405,26.988,54.695
17.4.2025,2:48:26.419,26.726,39.378
17.4.2025,2:48:27.434,27.069,54.051
17.4.2025,2:48:28.434,26.761,48.317
17.4.2025,2:48:29.435,27.252,53.650
17.4.2025,2:48:30.453,26.645,47.181
17.4.2025,2:48:31.471,27.147,34.565
17.4.2025,2:48:32.484,26.733,47.322
17.4.2025,2:48:33.487,27.296,35.209
17.4.2025,2:48:34.489,27.004,47.256
17.4.2025,2:48:35.493,27.151,39.495
17.4.2025,2:48:36.496,26.797,46.602
17.4.2025,2:48:37.483,27.180,41.032
17.4.2025,2:48:38.498,26.672,46.212
17.4.2025,2:48:39.512,27.210,41.383
17.4.2025,2:48:40.527,26.713,46.476
17.4.2025,2:48:41.529,27.268,44.488
17.4.2025,2:48:42.544,27.159,45.998
17.4.2025,2:48:43.530,29.159,35.671
17.4.2025,2:48:44.542,28.711,47.207
17.4.2025,2:48:45.558,29.012,37.485
17.4.2025,2:48:46.560,27.041,50.689
17.4.2025,2:48:47.581,26.822,51.703
17.4.2025,2:48:48.589,27.092,32.999
17.4.2025,2:48:49.590,26.631,50.196
17.4.2025,2:48:50.620,27.090,56.155
17.4.2025,2:48:51.634,26.729,50.675
17.4.2025,2:48:52.651,27.212,32.250
17.4.2025,2:48:53.651,26.601,48.971
17.4.2025,2:48:54.639,27.321,33.285
17.4.2025,2:48:55.639,26.719,48.331
17.4.2025,2:48:56.650,27.348,35.066
17.4.2025,2:48:57.650,26.834,47.521
17.4.2025,2:48:58.637,27.261,36.919
17.4.2025,2:48:59.638,26.590,47.585
17.4.2025,2:49:0.654,27.140,36.711
17.4.2025,2:49:1.655,26.781,46.860
17.4.2025,2:49:2.674,27.309,36.359
17.4.2025,2:49:3.675,26.711,46.732
17.4.2025,2:49:4.691,27.180,37.094
17.4.2025,2:49:5.692,27.111,46.797
17.4.2025,2:49:6.691,26.924,38.767
17.4.2025,2:49:7.692,27.261,46.721
17.4.2025,2:49:8.692,26.756,43.405
17.4.2025,2:49:9.708,26.963,46.285
17.4.2025,2:49:10.710,26.846,47.240
17.4.2025,2:49:11.711,27.290,45.086
17.4.2025,2:49:12.710,26.642,49.322
17.4.2025,2:49:13.726,27.120,44.451
17.4.2025,2:49:14.740,27.061,53.676
17.4.2025,2:49:15.741,26.891,42.967
17.4.2025,2:49:16.740,27.545,32.837
17.4.2025,2:49:17.757,27.214,42.367
17.4.2025,2:49:18.758,27.119,34.139
17.4.2025,2:49:19.773,26.823,51.454
17.4.2025,2:49:20.775,26.968,31.066
17.4.2025,2:49:21.775,29.787,50.262
17.4.2025,2:49:22.775,26.735,30.233
17.4.2025,2:49:23.763,27.390,49.181
17.4.2025,2:49:24.764,27.004,30.805
17.4.2025,2:49:25.763,26.838,48.908
17.4.2025,2:49:26.762,26.637,32.873
17.4.2025,2:49:27.764,27.152,48.078
17.4.2025,2:49:28.764,26.949,35.659
17.4.2025,2:49:29.765,27.196,47.723
17.4.2025,2:49:30.762,27.196,35.924
17.4.2025,2:49:31.766,27.091,46.706
17.4.2025,2:49:32.783,26.773,39.000
17.4.2025,2:49:33.795,27.199,46.591
17.4.2025,2:49:34.796,26.930,40.912
17.4.2025,2:49:35.816,27.138,46.231
17.4.2025,2:49:36.830,26.575,39.560
17.4.2025,2:49:37.835,27.322,56.559
17.4.2025,2:49:38.848,26.641,36.732
17.4.2025,2:49:39.867,26.845,53.678
17.4.2025,2:49:40.866,26.929,34.628
17.4.2025,2:49:41.886,27.125,51.765
17.4.2025,2:49:42.899,26.685,32.697
17.4.2025,2:49:43.903,27.218,49.975
17.4.2025,2:49:44.902,26.758,32.437
17.4.2025,2:49:45.901,27.037,48.916
17.4.2025,2:49:46.890,26.924,32.006
17.4.2025,2:49:47.905,27.168,48.256
17.4.2025,2:49:48.904,26.595,31.951
17.4.2025,2:49:49.906,27.226,45.447
17.4.2025,2:49:50.920,26.983,45.483
17.4.2025,2:49:51.935,27.083,48.415
17.4.2025,2:49:52.935,26.871,45.124
17.4.2025,2:49:53.953,27.320,52.148
17.4.2025,2:49:54.951,27.033,43.329
17.4.2025,2:49:55.967,27.282,53.485
17.4.2025,2:49:56.967,26.975,39.972
17.4.2025,2:49:57.970,27.581,54.967
17.4.2025,2:49:58.986,26.690,35.695
17.4.2025,2:50:0.001,27.123,51.538
17.4.2025,2:50:0.998,26.843,32.673
17.4.2025,2:50:2.014,27.088,50.550
17.4.2025,2:50:3.011,26.906,31.127
17.4.2025,2:50:4.027,26.827,47.706
17.4.2025,2:50:5.044,27.417,35.513
17.4.2025,2:50:6.059,26.721,47.057
17.4.2025,2:50:7.059,27.224,37.544
17.4.2025,2:50:8.071,26.504,46.597
17.4.2025,2:50:9.074,27.526,37.866
17.4.2025,2:50:10.072,26.616,46.713
17.4.2025,2:50:11.061,27.418,41.507
17.4.2025,2:50:12.065,26.637,54.773
17.4.2025,2:50:13.067,27.580,39.645
17.4.2025,2:50:14.066,27.580,55.442
17.4.2025,2:50:15.081,26.617,36.719
17.4.2025,2:50:16.082,27.480,52.611
17.4.2025,2:50:17.079,26.468,37.457
17.4.2025,2:50:18.096,27.526,53.183
17.4.2025,2:50:19.096,26.717,34.354
17.4.2025,2:50:20.095,27.330,51.979
17.4.2025,2:50:21.107,26.628,31.064
17.4.2025,2:50:22.108,27.352,48.673
17.4.2025,2:50:23.112,26.761,32.793
17.4.2025,2:50:24.113,27.398,48.943
17.4.2025,2:50:25.115,26.742,32.922
17.4.2025,2:50:26.109,27.454,47.829
17.4.2025,2:50:27.117,26.806,36.495
17.4.2025,2:50:28.109,27.322,47.021
17.4.2025,2:50:29.113,26.674,39.423
17.4.2025,2:50:30.110,27.098,46.439
17.4.2025,2:50:31.111,26.849,41.799
17.4.2025,2:50:32.110,27.135,45.567
17.4.2025,2:50:33.114,26.619,45.103
17.4.2025,2:50:34.109,27.335,45.311
17.4.2025,2:50:35.113,26.554,47.858
17.4.2025,2:50:36.109,27.051,45.541
17.4.2025,2:50:37.111,26.665,46.974
17.4.2025,2:50:38.109,27.584,45.259
17.4.2025,2:50:39.110,26.831,38.849
17.4.2025,2:50:40.110,27.137,55.201
17.4.2025,2:50:41.113,26.727,38.597
17.4.2025,2:50:42.109,27.211,53.682
17.4.2025,2:50:43.112,26.792,35.217
17.4.2025,2:50:44.108,27.138,50.861
17.4.2025,2:50:45.125,27.023,31.839
17.4.2025,2:50:46.126,27.476,49.584
17.4.2025,2:50:47.144,26.761,32.244
17.4.2025,2:50:48.146,27.003,47.805
17.4.2025,2:50:49.145,26.616,33.556
17.4.2025,2:50:50.146,27.215,47.465
17.4.2025,2:50:51.142,26.796,37.636
17.4.2025,2:50:52.145,27.255,46.376
17.4.2025,2:50:53.142,26.939,38.769
17.4.2025,2:50:54.144,27.176,46.995
17.4.2025,2:50:55.148,26.750,40.627
17.4.2025,2:50:56.149,28.214,46.769
17.4.2025,2:50:57.152,28.740,39.672
17.4.2025,2:50:58.171,27.499,52.001
17.4.2025,2:50:59.187,26.438,41.606
17.4.2025,2:51:0.200,27.330,55.972
17.4.2025,2:51:1.216,26.568,39.318
17.4.2025,2:51:2.234,27.296,55.063
17.4.2025,2:51:3.236,26.594,36.295
17.4.2025,2:51:4.238,27.624,52.210
17.4.2025,2:51:5.238,26.442,33.012
17.4.2025,2:51:6.239,27.591,51.154
17.4.2025,2:51:7.237,26.674,32.083
17.4.2025,2:51:8.237,27.294,49.554
17.4.2025,2:51:9.234,26.732,33.764
17.4.2025,2:51:10.235,27.357,47.339
17.4.2025,2:51:11.250,26.770,34.592
17.4.2025,2:51:12.266,26.987,47.246
17.4.2025,2:51:13.265,26.661,37.009
17.4.2025,2:51:14.268,27.145,46.735
17.4.2025,2:51:15.285,26.739,40.618
17.4.2025,2:51:16.301,27.277,46.154
17.4.2025,2:51:17.318,26.664,42.281
17.4.2025,2:51:18.314,27.169,54.905
17.4.2025,2:51:19.317,26.894,41.090
17.4.2025,2:51:20.316,27.199,55.270
17.4.2025,2:51:21.318,26.853,37.553
17.4.2025,2:51:22.316,27.292,52.299
17.4.2025,2:51:23.318,26.840,34.256
17.4.2025,2:51:24.332,27.183,50.525
17.4.2025,2:51:25.346,26.664,32.421
17.4.2025,2:51:26.348,27.160,48.717
17.4.2025,2:51:27.368,27.051,33.435
17.4.2025,2:51:28.380,27.070,47.003
17.4.2025,2:51:29.385,26.637,37.255
17.4.2025,2:51:30.387,27.416,46.176
17.4.2025,2:51:31.386,26.623,42.459
17.4.2025,2:51:32.402,27.752,46.143
17.4.2025,2:51:33.388,26.572,47.664
17.4.2025,2:51:34.390,27.214,45.333
17.4.2025,2:51:35.390,26.995,48.522
17.4.2025,2:51:36.389,27.239,44.669
17.4.2025,2:51:37.391,26.966,50.406
17.4.2025,2:51:38.392,27.249,51.687
17.4.2025,2:51:39.408,26.883,32.682
17.4.2025,2:51:40.408,27.056,49.766
17.4.2025,2:51:41.423,26.871,32.559
17.4.2025,2:51:42.420,26.944,48.212
17.4.2025,2:51:43.420,26.871,34.634
17.4.2025,2:51:44.420,26.942,47.989
17.4.2025,2:51:45.440,26.831,38.508
17.4.2025,2:51:46.443,27.852,38.243
17.4.2025,2:51:47.458,28.926,47.074
17.4.2025,2:51:48.457,29.280,35.578
17.4.2025,2:51:49.458,28.602,46.142
17.4.2025,2:51:50.456,27.049,46.840
17.4.2025,2:51:51.470,26.990,46.221
17.4.2025,2:51:52.488,29.883,41.054
17.4.2025,2:51:53.486,27.097,45.703
17.4.2025,2:51:54.484,26.713,47.222
17.4.2025,2:51:55.503,27.009,45.939
17.4.2025,2:51:56.506,26.808,47.102
17.4.2025,2:51:57.508,27.213,45.088
17.4.2025,2:51:58.525,27.042,38.933
17.4.2025,2:51:59.524,27.242,54.869
17.4.2025,2:52:0.523,26.957,36.255
17.4.2025,2:52:1.523,27.112,51.006
17.4.2025,2:52:2.518,26.856,33.170
17.4.2025,2:52:3.520,27.183,50.861
17.4.2025,2:52:4.532,27.136,31.908
17.4.2025,2:52:5.548,26.823,50.145
17.4.2025,2:52:6.565,26.935,31.798
17.4.2025,2:52:7.563,26.517,50.151
17.4.2025,2:52:8.577,27.389,31.180
17.4.2025,2:52:9.580,26.529,48.984
17.4.2025,2:52:10.592,27.506,32.951
17.4.2025,2:52:11.596,26.638,47.377
17.4.2025,2:52:12.609,27.159,37.615
17.4.2025,2:52:13.610,26.837,46.365
17.4.2025,2:52:14.611,27.343,35.887
17.4.2025,2:52:15.611,26.475,46.440
17.4.2025,2:52:16.612,27.549,38.016
17.4.2025,2:52:17.613,26.817,38.016
17.4.2025,2:52:18.615,27.450,46.305
17.4.2025,2:52:19.614,26.749,44.842
17.4.2025,2:52:20.614,27.650,45.423
17.4.2025,2:52:21.629,26.613,36.893
17.4.2025,2:52:22.630,27.167,52.452
17.4.2025,2:52:23.645,26.457,35.465
17.4.2025,2:52:24.649,27.350,54.557
17.4.2025,2:52:25.662,26.504,34.253
17.4.2025,2:52:26.664,27.658,52.565
17.4.2025,2:52:27.679,26.392,32.514
17.4.2025,2:52:28.694,27.306,33.114
17.4.2025,2:52:29.707,26.608,47.932
17.4.2025,2:52:30.707,30.040,33.184
17.4.2025,2:52:31.710,26.501,48.594
17.4.2025,2:52:32.712,27.371,34.871
17.4.2025,2:52:33.713,26.492,46.959
17.4.2025,2:52:34.714,27.475,36.630
17.4.2025,2:52:35.714,26.637,36.630
17.4.2025,2:52:36.730,27.386,41.752
17.4.2025,2:52:37.745,26.494,56.124
17.4.2025,2:52:38.743,27.476,56.124
17.4.2025,2:52:39.748,26.647,46.531
17.4.2025,2:52:40.743,27.589,55.301
17.4.2025,2:52:41.744,26.666,36.849
17.4.2025,2:52:42.741,27.514,53.230
17.4.2025,2:52:43.756,26.571,53.270
17.4.2025,2:52:44.760,27.279,40.115
17.4.2025,2:52:45.761,26.593,31.546
17.4.2025,2:52:46.775,27.403,48.248
17.4.2025,2:52:47.777,26.585,35.065
17.4.2025,2:52:48.763,27.473,47.376
17.4.2025,2:52:49.767,27.011,37.986
17.4.2025,2:52:50.766,27.263,46.711
17.4.2025,2:52:51.770,26.708,43.546
17.4.2025,2:52:52.770,27.126,46.035
17.4.2025,2:52:53.771,26.844,47.255
17.4.2025,2:52:54.770,27.287,45.381
17.4.2025,2:52:55.783,26.635,51.011
17.4.2025,2:52:56.783,27.445,43.568
17.4.2025,2:52:57.786,26.718,52.705
17.4.2025,2:52:58.801,27.212,41.006
17.4.2025,2:52:59.805,26.536,55.787
17.4.2025,2:53:0.805,27.148,38.463
17.4.2025,2:53:1.819,27.198,54.125
17.4.2025,2:53:2.836,26.962,36.338
17.4.2025,2:53:3.836,26.879,54.294
17.4.2025,2:53:4.836,26.961,34.610
17.4.2025,2:53:5.855,26.848,53.333
17.4.2025,2:53:6.858,27.272,33.535
17.4.2025,2:53:7.860,26.912,39.930
17.4.2025,2:53:8.860,27.002,46.390
17.4.2025,2:53:9.860,26.946,42.734
17.4.2025,2:53:10.862,27.281,45.893
17.4.2025,2:53:11.863,26.989,46.704
17.4.2025,2:53:12.862,26.948,45.794
17.4.2025,2:53:13.877,26.704,47.012
17.4.2025,2:53:14.890,27.065,45.036
17.4.2025,2:53:15.905,26.939,51.294
17.4.2025,2:53:16.925,27.050,44.843
17.4.2025,2:53:17.928,26.917,52.526
17.4.2025,2:53:18.940,27.155,42.571
17.4.2025,2:53:19.942,26.865,56.119
17.4.2025,2:53:20.959,27.105,39.320
17.4.2025,2:53:21.974,26.940,56.591
17.4.2025,2:53:22.972,27.113,39.873
17.4.2025,2:53:23.989,26.715,54.534
17.4.2025,2:53:25.006,26.964,36.955
17.4.2025,2:53:26.009,26.674,53.035
17.4.2025,2:53:26.997,27.168,46.337
17.4.2025,2:53:27.999,26.942,38.028
17.4.2025,2:53:29.012,27.231,46.381
17.4.2025,2:53:30.015,26.997,40.209
17.4.2025,2:53:31.014,27.174,45.862
17.4.2025,2:53:32.017,26.947,44.965
17.4.2025,2:53:33.018,27.210,45.837
17.4.2025,2:53:34.018,26.799,48.820
17.4.2025,2:53:35.022,27.203,45.456
17.4.2025,2:53:36.016,26.952,50.156
17.4.2025,2:53:37.019,27.279,45.001
17.4.2025,2:53:38.022,26.950,49.397
17.4.2025,2:53:39.023,27.140,43.371
17.4.2025,2:53:40.038,26.945,54.386
17.4.2025,2:53:41.058,27.091,50.978
17.4.2025,2:53:42.057,27.162,31.958
17.4.2025,2:53:43.057,27.321,48.801
17.4.2025,2:53:44.060,26.951,34.108
17.4.2025,2:53:45.061,27.213,47.521
17.4.2025,2:53:46.060,26.873,37.081
17.4.2025,2:53:47.060,27.118,46.800
17.4.2025,2:53:48.063,27.199,39.480
17.4.2025,2:53:49.061,27.346,46.366
17.4.2025,2:53:50.061,26.817,40.962
17.4.2025,2:53:51.060,26.891,46.250
17.4.2025,2:53:52.060,26.711,44.715
17.4.2025,2:53:53.075,27.180,45.191
17.4.2025,2:53:54.077,26.842,51.737
17.4.2025,2:53:55.078,26.771,42.553
17.4.2025,2:53:56.092,27.163,53.462
17.4.2025,2:53:57.121,26.854,41.116
17.4.2025,2:53:58.107,27.377,55.253
17.4.2025,2:53:59.109,26.979,39.584
17.4.2025,2:54:0.110,26.956,54.930
17.4.2025,2:54:1.112,26.975,35.894
17.4.2025,2:54:2.109,27.030,53.572
17.4.2025,2:54:3.128,26.921,33.536
17.4.2025,2:54:4.128,26.857,49.728
17.4.2025,2:54:5.132,29.824,30.156
17.4.2025,2:54:6.130,26.900,39.235
17.4.2025,2:54:7.136,27.141,46.096
17.4.2025,2:54:8.135,27.225,40.563
17.4.2025,2:54:9.149,27.221,46.056
17.4.2025,2:54:10.151,26.958,47.989
17.4.2025,2:54:11.148,26.895,45.532
17.4.2025,2:54:12.152,26.720,46.906
17.4.2025,2:54:13.137,27.216,44.942
17.4.2025,2:54:14.154,26.660,52.016
17.4.2025,2:54:15.154,27.106,42.370
17.4.2025,2:54:16.169,26.912,52.033
17.4.2025,2:54:17.186,27.404,41.863
17.4.2025,2:54:18.201,26.808,56.060
17.4.2025,2:54:19.216,27.145,38.941
17.4.2025,2:54:20.231,26.717,53.552
17.4.2025,2:54:21.245,27.342,37.633
17.4.2025,2:54:22.248,27.175,53.099
17.4.2025,2:54:23.266,27.266,33.208
17.4.2025,2:54:24.267,27.037,51.341
17.4.2025,2:54:25.267,27.024,31.683
17.4.2025,2:54:26.270,26.468,41.310
17.4.2025,2:54:27.271,27.175,45.625
17.4.2025,2:54:28.275,26.865,46.907
17.4.2025,2:54:29.272,27.555,44.853
17.4.2025,2:54:30.289,27.010,50.729
17.4.2025,2:54:31.291,27.168,41.276
17.4.2025,2:54:32.291,27.049,55.380
17.4.2025,2:54:33.280,27.082,38.564
17.4.2025,2:54:34.277,26.969,55.305
17.4.2025,2:54:35.279,27.117,35.718
17.4.2025,2:54:36.297,26.826,52.135
17.4.2025,2:54:37.311,27.334,33.552
17.4.2025,2:54:38.311,26.907,50.705
17.4.2025,2:54:39.325,27.319,30.355
17.4.2025,2:54:40.344,26.628,49.241
17.4.2025,2:54:41.342,27.167,32.312
17.4.2025,2:54:42.342,26.807,48.816
17.4.2025,2:54:43.370,27.203,45.655
17.4.2025,2:54:44.384,26.776,43.651
17.4.2025,2:54:45.387,27.398,44.865
17.4.2025,2:54:46.403,26.820,49.694
17.4.2025,2:54:47.388,27.168,44.856
17.4.2025,2:54:48.401,27.176,50.252
17.4.2025,2:54:49.415,28.388,46.153
17.4.2025,2:54:50.416,28.675,40.914
17.4.2025,2:54:51.432,28.941,36.124
17.4.2025,2:54:52.419,28.295,47.999
17.4.2025,2:54:53.435,26.800,55.793
17.4.2025,2:54:54.438,26.950,37.576
17.4.2025,2:54:55.438,27.197,53.184
17.4.2025,2:54:56.438,27.310,33.670
17.4.2025,2:54:57.453,26.841,53.090
17.4.2025,2:54:58.465,27.605,33.419
17.4.2025,2:54:59.464,26.723,50.591
17.4.2025,2:55:0.470,27.082,32.024
17.4.2025,2:55:1.488,26.727,48.834
17.4.2025,2:55:2.491,27.457,36.758
17.4.2025,2:55:3.508,27.137,49.176
17.4.2025,2:55:4.507,27.140,44.700
17.4.2025,2:55:5.522,27.089,52.111
17.4.2025,2:55:6.525,27.304,42.284
17.4.2025,2:55:7.523,26.801,55.049
17.4.2025,2:55:8.523,26.940,38.430
17.4.2025,2:55:9.523,27.060,53.740
17.4.2025,2:55:10.521,26.693,32.914
17.4.2025,2:55:11.522,27.516,49.808
17.4.2025,2:55:12.522,26.689,33.220
17.4.2025,2:55:13.522,27.329,47.192
17.4.2025,2:55:14.520,26.703,36.828
17.4.2025,2:55:15.521,27.473,46.722
17.4.2025,2:55:16.520,26.807,40.193
17.4.2025,2:55:17.520,27.606,46.478
17.4.2025,2:55:18.520,26.755,40.058
17.4.2025,2:55:19.520,27.245,46.029
17.4.2025,2:55:20.523,26.914,45.002
17.4.2025,2:55:21.524,27.078,45.055
17.4.2025,2:55:22.523,26.921,48.116
17.4.2025,2:55:23.522,27.258,44.527
17.4.2025,2:55:24.524,26.811,53.515
17.4.2025,2:55:25.528,27.263,39.265
17.4.2025,2:55:26.526,26.942,32.264
17.4.2025,2:55:27.540,27.358,47.344
17.4.2025,2:55:28.541,27.074,50.675
17.4.2025,2:55:29.543,27.162,47.018
17.4.2025,2:55:30.543,26.867,39.668
17.4.2025,2:55:31.544,27.085,46.257
17.4.2025,2:55:32.559,26.770,45.656
17.4.2025,2:55:33.573,27.186,45.710
17.4.2025,2:55:34.586,26.879,45.734
17.4.2025,2:55:35.600,27.114,45.237
17.4.2025,2:55:36.617,27.103,51.447
17.4.2025,2:55:37.619,26.831,44.316
17.4.2025,2:55:38.616,28.767,54.446
17.4.2025,2:55:39.615,27.763,43.879
17.4.2025,2:55:40.616,26.827,52.719
17.4.2025,2:55:41.616,27.112,40.399
17.4.2025,2:55:42.629,27.239,53.756
17.4.2025,2:55:43.631,26.504,37.615
17.4.2025,2:55:44.633,27.242,54.896
17.4.2025,2:55:45.632,27.191,35.000
17.4.2025,2:55:46.647,26.896,52.002
17.4.2025,2:55:47.665,27.205,32.654
17.4.2025,2:55:48.678,27.050,50.194
17.4.2025,2:55:49.690,27.079,32.326
17.4.2025,2:55:50.705,26.972,51.213
17.4.2025,2:55:51.725,26.965,32.425
17.4.2025,2:55:52.723,27.066,50.662
17.4.2025,2:55:53.740,27.128,32.541
17.4.2025,2:55:54.742,26.851,49.958
17.4.2025,2:55:55.745,27.218,32.136
17.4.2025,2:55:56.761,27.015,43.316
17.4.2025,2:55:57.763,27.021,45.440
17.4.2025,2:55:58.766,27.044,47.462
17.4.2025,2:55:59.767,27.075,45.206
17.4.2025,2:56:0.768,27.020,49.771
17.4.2025,2:56:1.768,26.987,44.008
17.4.2025,2:56:2.769,26.779,53.972
17.4.2025,2:56:3.771,27.141,40.746
17.4.2025,2:56:4.773,26.906,55.618
17.4.2025,2:56:5.789,27.141,36.963
17.4.2025,2:56:6.790,27.156,53.120
17.4.2025,2:56:7.793,27.094,33.808
17.4.2025,2:56:8.794,27.147,35.364
17.4.2025,2:56:9.781,27.295,46.480
17.4.2025,2:56:10.780,26.770,34.684
17.4.2025,2:56:11.792,27.362,46.763
17.4.2025,2:56:12.806,26.953,41.481
17.4.2025,2:56:13.820,27.119,46.049
17.4.2025,2:56:14.819,26.968,46.352
17.4.2025,2:56:15.819,26.530,45.498
17.4.2025,2:56:16.821,27.487,47.456
17.4.2025,2:56:17.822,26.807,44.658
17.4.2025,2:56:18.824,27.240,52.968
17.4.2025,2:56:19.811,28.733,42.348
17.4.2025,2:56:20.811,29.800,52.819
17.4.2025,2:56:21.816,28.329,43.589
17.4.2025,2:56:22.813,26.897,52.206
17.4.2025,2:56:23.815,27.057,40.558
17.4.2025,2:56:24.815,26.785,56.546
17.4.2025,2:56:25.813,27.516,38.607
17.4.2025,2:56:26.814,26.897,54.682
17.4.2025,2:56:27.812,26.952,35.597
17.4.2025,2:56:28.815,26.721,51.071
17.4.2025,2:56:29.819,27.249,31.241
17.4.2025,2:56:30.819,26.891,48.723
17.4.2025,2:56:31.834,27.019,33.784
17.4.2025,2:56:32.851,27.169,47.260
17.4.2025,2:56:33.867,26.904,44.981
17.4.2025,2:56:34.881,26.904,50.614
17.4.2025,2:56:35.893,27.208,44.750
17.4.2025,2:56:36.896,26.850,51.329
17.4.2025,2:56:37.899,26.931,42.182
17.4.2025,2:56:38.900,26.969,57.025
17.4.2025,2:56:39.913,26.866,37.096
17.4.2025,2:56:40.929,27.011,53.469
17.4.2025,2:56:41.926,26.685,35.410
17.4.2025,2:56:42.928,27.492,52.568
17.4.2025,2:56:43.927,26.616,33.505
17.4.2025,2:56:44.944,27.413,50.098
17.4.2025,2:56:45.962,26.447,31.367
17.4.2025,2:56:46.961,27.482,48.641
17.4.2025,2:56:47.974,26.518,35.270
17.4.2025,2:56:48.988,27.444,47.371
17.4.2025,2:56:50.003,26.677,39.890
17.4.2025,2:56:51.019,26.677,46.621
17.4.2025,2:56:52.021,27.026,42.437
17.4.2025,2:56:53.021,27.210,46.112
17.4.2025,2:56:54.038,26.600,44.867
17.4.2025,2:56:55.053,27.601,45.810
17.4.2025,2:56:56.067,26.909,46.421
17.4.2025,2:56:57.067,27.251,45.363
17.4.2025,2:56:58.066,26.704,49.961
17.4.2025,2:56:59.068,27.248,44.626
17.4.2025,2:57:0.072,26.778,49.104
17.4.2025,2:57:1.070,27.439,44.682
17.4.2025,2:57:2.084,26.771,53.655
17.4.2025,2:57:3.086,27.284,43.177
17.4.2025,2:57:4.089,26.735,54.769
17.4.2025,2:57:5.076,26.735,50.054
17.4.2025,2:57:6.094,26.845,32.968
17.4.2025,2:57:7.107,27.078,47.930
17.4.2025,2:57:8.108,26.431,34.417
17.4.2025,2:57:9.108,26.431,48.003
17.4.2025,2:57:10.106,27.464,33.187
17.4.2025,2:57:11.124,26.451,47.207
17.4.2025,2:57:12.126,27.111,37.025
17.4.2025,2:57:13.141,26.720,46.751
17.4.2025,2:57:14.140,30.020,38.494
17.4.2025,2:57:15.141,26.635,46.173
17.4.2025,2:57:16.142,27.533,41.640
17.4.2025,2:57:17.142,26.703,45.960
17.4.2025,2:57:18.159,27.565,46.976
17.4.2025,2:57:19.160,26.767,45.577
17.4.2025,2:57:20.161,27.271,47.770
17.4.2025,2:57:21.159,26.500,44.731
17.4.2025,2:57:22.160,27.337,33.073
17.4.2025,2:57:23.176,26.809,51.243
17.4.2025,2:57:24.176,27.428,32.903
17.4.2025,2:57:25.181,26.801,50.673
17.4.2025,2:57:26.175,27.227,32.301
17.4.2025,2:57:27.172,26.722,49.841
17.4.2025,2:57:28.177,27.187,32.408
17.4.2025,2:57:29.190,26.544,47.494
17.4.2025,2:57:30.207,27.195,35.058
17.4.2025,2:57:31.207,26.643,47.505
17.4.2025,2:57:32.210,27.172,36.118
17.4.2025,2:57:33.228,26.712,46.997
17.4.2025,2:57:34.228,27.204,38.527
17.4.2025,2:57:35.230,26.738,45.969
17.4.2025,2:57:36.231,27.131,39.856
17.4.2025,2:57:37.246,26.671,46.068
17.4.2025,2:57:38.263,27.220,46.669
17.4.2025,2:57:39.277,26.607,45.861
17.4.2025,2:57:40.263,27.258,36.788
17.4.2025,2:57:41.263,27.014,53.623
17.4.2025,2:57:42.265,27.216,32.978
17.4.2025,2:57:43.265,26.901,49.962
17.4.2025,2:57:44.279,27.284,31.806
17.4.2025,2:57:45.294,26.841,48.321
17.4.2025,2:57:46.297,27.075,35.250
17.4.2025,2:57:47.313,26.550,47.285
17.4.2025,2:57:48.328,27.219,32.808
17.4.2025,2:57:49.330,26.697,47.277
17.4.2025,2:57:50.332,27.357,37.977
17.4.2025,2:57:51.333,26.703,46.584
17.4.2025,2:57:52.348,27.435,47.199
17.4.2025,2:57:53.353,28.646,46.527
17.4.2025,2:57:54.353,29.129,39.812
17.4.2025,2:57:55.370,29.086,34.481
17.4.2025,2:57:56.385,27.361,52.538
17.4.2025,2:57:57.375,26.742,33.508
17.4.2025,2:57:58.374,26.701,51.459
17.4.2025,2:57:59.387,27.269,33.104
17.4.2025,2:58:0.387,26.602,50.686
17.4.2025,2:58:1.389,27.282,31.937
17.4.2025,2:58:2.404,26.525,49.698
17.4.2025,2:58:3.420,27.255,31.873
17.4.2025,2:58:4.434,26.770,48.596
17.4.2025,2:58:5.448,27.183,30.657
17.4.2025,2:58:6.464,26.769,48.881
17.4.2025,2:58:7.450,27.546,32.300
17.4.2025,2:58:8.451,26.887,45.235
17.4.2025,2:58:9.454,27.408,45.053
17.4.2025,2:58:10.458,26.802,49.000
17.4.2025,2:58:11.460,27.340,43.936
17.4.2025,2:58:12.461,26.694,54.324
17.4.2025,2:58:13.464,27.655,41.703
17.4.2025,2:58:14.464,26.511,55.263
17.4.2025,2:58:15.463,27.324,38.746
17.4.2025,2:58:16.463,26.631,54.026
17.4.2025,2:58:17.478,27.384,37.716
17.4.2025,2:58:18.496,27.085,54.639
17.4.2025,2:58:19.496,27.509,36.431
17.4.2025,2:58:20.498,27.004,35.806
17.4.2025,2:58:21.525,27.212,33.978
17.4.2025,2:58:22.527,26.571,52.304
17.4.2025,2:58:23.514,27.177,46.491
17.4.2025,2:58:24.514,26.803,39.205
17.4.2025,2:58:25.529,26.997,46.590
17.4.2025,2:58:26.529,26.799,42.020
17.4.2025,2:58:27.529,27.067,46.025
17.4.2025,2:58:28.531,26.697,44.115
17.4.2025,2:58:29.537,27.116,45.732
17.4.2025,2:58:30.551,27.168,46.843
17.4.2025,2:58:31.560,27.003,45.403
17.4.2025,2:58:32.568,27.296,46.951
17.4.2025,2:58:33.561,27.030,45.103
17.4.2025,2:58:34.569,27.278,53.193
17.4.2025,2:58:35.569,26.877,40.089
17.4.2025,2:58:36.562,27.038,55.384
17.4.2025,2:58:37.574,27.067,38.448
17.4.2025,2:58:38.573,26.947,54.489
17.4.2025,2:58:39.569,26.958,36.113
17.4.2025,2:58:40.576,27.150,54.535
17.4.2025,2:58:41.576,26.699,34.664
17.4.2025,2:58:42.604,27.344,51.251
17.4.2025,2:58:43.605,26.705,32.745
17.4.2025,2:58:44.620,27.299,39.718
17.4.2025,2:58:45.619,26.787,46.502
17.4.2025,2:58:46.622,27.009,42.096
17.4.2025,2:58:47.641,26.890,45.925
17.4.2025,2:58:48.644,29.717,39.512
17.4.2025,2:58:49.644,26.666,45.868
17.4.2025,2:58:50.644,27.204,46.319
17.4.2025,2:58:51.644,27.039,45.487
17.4.2025,2:58:52.645,27.193,47.493
17.4.2025,2:58:53.645,27.201,44.824
17.4.2025,2:58:54.646,27.049,50.007
17.4.2025,2:58:55.646,27.023,44.975
17.4.2025,2:58:56.643,27.124,51.578
17.4.2025,2:58:57.644,26.690,44.662
17.4.2025,2:58:58.637,27.052,51.505
17.4.2025,2:58:59.660,26.879,51.046
17.4.2025,2:59:0.661,27.214,30.951
17.4.2025,2:59:1.663,26.711,48.367
17.4.2025,2:59:2.680,27.040,33.944
17.4.2025,2:59:3.692,26.829,47.688
17.4.2025,2:59:4.706,27.327,34.562
17.4.2025,2:59:5.719,26.851,46.536
17.4.2025,2:59:6.737,27.409,43.286
17.4.2025,2:59:7.751,26.840,45.661
17.4.2025,2:59:8.751,27.162,48.650
17.4.2025,2:59:9.754,27.213,45.198
17.4.2025,2:59:10.770,27.310,52.032
17.4.2025,2:59:11.771,26.885,41.216
17.4.2025,2:59:12.772,27.116,55.320
17.4.2025,2:59:13.770,26.832,36.526
17.4.2025,2:59:14.770,27.268,52.843
17.4.2025,2:59:15.785,26.920,34.292
17.4.2025,2:59:16.786,27.174,52.460
17.4.2025,2:59:17.786,26.963,32.035
17.4.2025,2:59:18.788,27.138,50.304
17.4.2025,2:59:19.805,26.814,31.819
17.4.2025,2:59:20.822,26.929,47.865
17.4.2025,2:59:21.824,26.872,36.858
17.4.2025,2:59:22.821,26.921,46.542
17.4.2025,2:59:23.835,27.191,35.972
17.4.2025,2:59:24.836,26.927,46.709
17.4.2025,2:59:25.850,27.165,41.949
17.4.2025,2:59:26.868,26.728,53.554
17.4.2025,2:59:27.881,27.301,40.695
17.4.2025,2:59:28.883,27.113,55.063
17.4.2025,2:59:29.897,27.151,38.460
17.4.2025,2:59:30.899,26.685,55.469
17.4.2025,2:59:31.900,27.271,36.074
17.4.2025,2:59:32.901,26.965,52.801
17.4.2025,2:59:33.887,27.225,32.618
17.4.2025,2:59:34.889,27.226,50.636
17.4.2025,2:59:35.891,26.871,29.700
17.4.2025,2:59:36.896,27.435,49.196
17.4.2025,2:59:37.893,26.847,33.616
17.4.2025,2:59:38.895,26.945,47.846
17.4.2025,2:59:39.909,27.008,36.502
17.4.2025,2:59:40.927,27.107,46.677
17.4.2025,2:59:41.926,26.867,36.916
17.4.2025,2:59:42.944,27.019,52.829
17.4.2025,2:59:43.945,26.715,40.767
17.4.2025,2:59:44.962,26.865,56.350
17.4.2025,2:59:45.978,26.632,37.525
17.4.2025,2:59:46.984,27.017,53.782
17.4.2025,2:59:47.984,26.988,34.968
17.4.2025,2:59:48.981,27.129,51.307
17.4.2025,2:59:49.983,26.798,31.955
17.4.2025,2:59:50.981,26.827,48.436
17.4.2025,2:59:51.982,27.560,34.861
17.4.2025,2:59:52.984,26.468,47.700
17.4.2025,2:59:53.985,27.368,35.328
17.4.2025,2:59:54.990,26.516,47.216
17.4.2025,2:59:55.989,27.167,40.185
17.4.2025,2:59:57.003,26.871,46.644
17.4.2025,2:59:58.020,27.299,39.689
17.4.2025,2:59:59.019,26.710,53.563
17.4.2025,3:0:0.018,27.244,39.485
17.4.2025,3:0:1.020,26.917,55.100
17.4.2025,3:0:2.020,27.445,39.475
17.4.2025,3:0:3.037,26.431,53.634
17.4.2025,3:0:4.035,27.461,37.970
17.4.2025,3:0:5.035,26.650,55.023
17.4.2025,3:0:6.051,27.408,36.477
17.4.2025,3:0:7.051,26.827,51.706
17.4.2025,3:0:8.067,27.432,32.406
17.4.2025,3:0:9.088,26.737,50.372
17.4.2025,3:0:10.090,27.420,32.634
17.4.2025,3:0:11.076,26.817,51.763
17.4.2025,3:0:12.093,27.226,31.706
17.4.2025,3:0:13.112,27.538,48.894
17.4.2025,3:0:14.110,26.973,34.548
17.4.2025,3:0:15.114,26.956,47.048
17.4.2025,3:0:16.109,27.057,36.327
17.4.2025,3:0:17.117,26.830,50.121
17.4.2025,3:0:18.108,26.973,42.091
17.4.2025,3:0:19.120,27.190,54.972
17.4.2025,3:0:20.119,26.886,38.775
17.4.2025,3:0:21.122,26.951,55.386
17.4.2025,3:0:22.108,27.402,36.778
17.4.2025,3:0:23.136,29.417,52.609
17.4.2025,3:0:24.136,27.316,35.661
17.4.2025,3:0:25.154,26.711,53.064
17.4.2025,3:0:26.184,27.041,33.680
17.4.2025,3:0:27.169,26.549,50.152
17.4.2025,3:0:28.183,27.488,30.624
17.4.2025,3:0:29.200,26.768,49.944
17.4.2025,3:0:30.198,27.264,32.683
17.4.2025,3:0:31.197,26.585,48.617
17.4.2025,3:0:32.193,27.093,34.320
17.4.2025,3:0:33.195,26.525,47.362
17.4.2025,3:0:34.194,27.526,35.446
17.4.2025,3:0:35.195,26.413,47.879
17.4.2025,3:0:36.193,27.268,36.564
17.4.2025,3:0:37.195,26.538,47.289
17.4.2025,3:0:38.194,27.283,37.145
17.4.2025,3:0:39.195,26.685,46.361
17.4.2025,3:0:40.196,27.373,41.441
17.4.2025,3:0:41.198,26.555,46.067
17.4.2025,3:0:42.198,26.994,41.336
17.4.2025,3:0:43.198,28.894,46.401
17.4.2025,3:0:44.199,28.171,41.341
17.4.2025,3:0:45.211,26.502,46.009
17.4.2025,3:0:46.211,27.607,45.429
17.4.2025,3:0:47.211,26.636,55.076
17.4.2025,3:0:48.228,27.246,47.707
17.4.2025,3:0:49.242,26.839,53.534
17.4.2025,3:0:50.243,27.267,34.009
17.4.2025,3:0:51.242,26.613,51.575
17.4.2025,3:0:52.241,27.203,31.272
17.4.2025,3:0:53.244,26.753,49.450
17.4.2025,3:0:54.244,27.312,30.487
17.4.2025,3:0:55.246,27.018,46.122
17.4.2025,3:0:56.265,29.084,34.823
17.4.2025,3:0:57.264,29.009,46.392
17.4.2025,3:0:58.279,29.051,48.583
17.4.2025,3:0:59.280,26.941,32.392
17.4.2025,3:1:0.308,26.847,47.280
17.4.2025,3:1:1.323,27.438,34.413
17.4.2025,3:1:2.325,26.679,47.784
17.4.2025,3:1:3.309,27.237,35.585
17.4.2025,3:1:4.339,26.700,46.811
17.4.2025,3:1:5.339,27.114,38.246
17.4.2025,3:1:6.338,26.612,46.185
17.4.2025,3:1:7.337,27.179,41.252
17.4.2025,3:1:8.339,26.662,45.739
17.4.2025,3:1:9.339,27.391,46.266
17.4.2025,3:1:10.337,26.848,45.351
17.4.2025,3:1:11.336,27.277,51.359
17.4.2025,3:1:12.349,26.605,42.757
17.4.2025,3:1:13.365,27.579,54.291
17.4.2025,3:1:14.363,26.579,40.073
17.4.2025,3:1:15.380,27.347,33.346
17.4.2025,3:1:16.394,26.933,47.941
17.4.2025,3:1:17.395,27.318,51.922
17.4.2025,3:1:18.408,26.734,33.596
17.4.2025,3:1:19.410,27.128,38.468
17.4.2025,3:1:20.410,26.962,46.671
17.4.2025,3:1:21.409,27.351,42.142
17.4.2025,3:1:22.428,26.618,45.807
17.4.2025,3:1:23.430,27.306,42.927
17.4.2025,3:1:24.445,26.714,46.043
17.4.2025,3:1:25.450,27.194,44.647
17.4.2025,3:1:26.447,27.068,45.112
17.4.2025,3:1:27.449,27.148,51.054
17.4.2025,3:1:28.468,27.025,42.966
17.4.2025,3:1:29.470,27.296,55.267
17.4.2025,3:1:30.486,26.723,36.492
17.4.2025,3:1:31.499,27.106,52.981
17.4.2025,3:1:32.498,27.294,34.084
17.4.2025,3:1:33.518,26.965,52.081
17.4.2025,3:1:34.520,26.961,32.173
17.4.2025,3:1:35.520,26.791,49.589
17.4.2025,3:1:36.520,27.172,33.703
17.4.2025,3:1:37.535,26.919,47.163
17.4.2025,3:1:38.536,27.351,45.162
17.4.2025,3:1:39.535,26.896,52.215
17.4.2025,3:1:40.537,27.515,42.412
17.4.2025,3:1:41.554,26.565,53.664
17.4.2025,3:1:42.571,27.197,38.584
17.4.2025,3:1:43.567,26.766,54.195
17.4.2025,3:1:44.567,27.461,35.446
17.4.2025,3:1:45.565,26.778,53.130
17.4.2025,3:1:46.566,27.129,34.756
17.4.2025,3:1:47.569,26.626,53.271
17.4.2025,3:1:48.582,27.269,32.911
17.4.2025,3:1:49.584,26.781,51.490
17.4.2025,3:1:50.600,27.444,32.086
17.4.2025,3:1:51.617,26.542,49.811
17.4.2025,3:1:52.621,27.593,31.823
17.4.2025,3:1:53.640,26.758,46.019
17.4.2025,3:1:54.638,27.336,45.250
17.4.2025,3:1:55.639,26.707,49.842
17.4.2025,3:1:56.640,30.204,45.449
17.4.2025,3:1:57.653,26.366,48.960
17.4.2025,3:1:58.654,27.297,43.839
17.4.2025,3:1:59.669,26.852,52.397
17.4.2025,3:2:0.687,27.494,40.537
17.4.2025,3:2:1.688,26.854,53.610
17.4.2025,3:2:2.692,27.376,34.415
17.4.2025,3:2:3.708,26.810,51.320
17.4.2025,3:2:4.710,27.530,32.708
17.4.2025,3:2:5.712,26.553,50.668
17.4.2025,3:2:6.714,27.401,34.554
17.4.2025,3:2:7.716,26.759,50.254
17.4.2025,3:2:8.746,27.175,31.531
17.4.2025,3:2:9.759,26.919,50.101
17.4.2025,3:2:10.762,27.430,46.437
17.4.2025,3:2:11.762,27.260,39.830
17.4.2025,3:2:12.764,26.756,45.919
17.4.2025,3:2:13.762,27.315,39.876
17.4.2025,3:2:14.766,26.697,46.208
17.4.2025,3:2:15.765,27.143,39.761
17.4.2025,3:2:16.763,26.950,45.924
17.4.2025,3:2:17.777,27.263,44.789
17.4.2025,3:2:18.764,26.456,45.929
17.4.2025,3:2:19.765,27.342,45.265
17.4.2025,3:2:20.766,26.780,44.712
17.4.2025,3:2:21.781,27.251,49.089
17.4.2025,3:2:22.783,27.107,44.633
17.4.2025,3:2:23.789,27.125,48.189
17.4.2025,3:2:24.788,26.683,45.044
17.4.2025,3:2:25.794,27.053,50.682
17.4.2025,3:2:26.794,26.564,45.163
17.4.2025,3:2:27.795,27.338,35.224
17.4.2025,3:2:28.809,28.162,43.258
17.4.2025,3:2:29.838,27.161,51.767
17.4.2025,3:2:30.825,26.726,50.231
17.4.2025,3:2:31.839,27.525,30.698
17.4.2025,3:2:32.852,26.962,38.850
17.4.2025,3:2:33.852,27.159,54.771
17.4.2025,3:2:34.865,27.198,48.470
17.4.2025,3:2:35.883,27.212,33.714
17.4.2025,3:2:36.873,26.694,47.540
17.4.2025,3:2:37.888,27.247,36.436
17.4.2025,3:2:38.890,26.589,47.088
17.4.2025,3:2:39.888,27.223,36.589
17.4.2025,3:2:40.892,26.698,46.243
17.4.2025,3:2:41.893,27.216,43.839
17.4.2025,3:2:42.895,26.915,45.430
17.4.2025,3:2:43.894,27.207,46.740
17.4.2025,3:2:44.895,26.916,45.414
17.4.2025,3:2:45.895,27.159,48.829
17.4.2025,3:2:46.911,26.646,44.947
17.4.2025,3:2:47.916,27.199,51.635
17.4.2025,3:2:48.916,26.595,42.137
17.4.2025,3:2:49.920,27.267,32.468
17.4.2025,3:2:50.949,26.835,39.353
17.4.2025,3:2:51.949,27.186,31.159
17.4.2025,3:2:52.979,26.538,48.906
17.4.2025,3:2:53.980,27.167,34.730
17.4.2025,3:2:54.980,26.816,47.781
17.4.2025,3:2:55.985,27.114,35.892
17.4.2025,3:2:56.997,26.913,46.905
17.4.2025,3:2:58.015,27.197,38.142
17.4.2025,3:2:59.013,26.760,46.227
17.4.2025,3:3:0.014,27.585,41.357
17.4.2025,3:3:1.015,26.842,45.921
17.4.2025,3:3:2.028,27.296,43.583
17.4.2025,3:3:3.030,26.869,45.425
17.4.2025,3:3:4.048,27.259,46.348
17.4.2025,3:3:5.065,26.361,44.967
17.4.2025,3:3:6.070,27.340,50.761
17.4.2025,3:3:7.069,26.708,43.793
17.4.2025,3:3:8.073,27.317,32.422
17.4.2025,3:3:9.060,26.975,49.884
17.4.2025,3:3:10.062,27.165,29.630
17.4.2025,3:3:11.075,27.061,50.053
17.4.2025,3:3:12.078,27.411,31.894
17.4.2025,3:3:13.095,26.833,47.765
17.4.2025,3:3:14.110,27.281,34.643
17.4.2025,3:3:15.127,26.971,47.112
17.4.2025,3:3:16.126,27.297,36.367
17.4.2025,3:3:17.130,26.729,46.709
17.4.2025,3:3:18.146,27.471,39.069
17.4.2025,3:3:19.148,26.654,46.525
17.4.2025,3:3:20.147,27.493,39.861
17.4.2025,3:3:21.148,26.859,45.868
17.4.2025,3:3:22.147,27.116,45.956
17.4.2025,3:3:23.148,26.988,45.322
17.4.2025,3:3:24.149,27.333,50.940
17.4.2025,3:3:25.150,26.994,51.391
17.4.2025,3:3:26.149,27.426,50.820
17.4.2025,3:3:27.149,26.705,42.312
17.4.2025,3:3:28.149,27.393,54.607
17.4.2025,3:3:29.151,27.013,50.410
17.4.2025,3:3:30.151,27.357,33.095
17.4.2025,3:3:31.153,29.458,51.766
17.4.2025,3:3:32.153,27.459,33.359
17.4.2025,3:3:33.152,26.394,51.062
17.4.2025,3:3:34.155,27.437,31.146
17.4.2025,3:3:35.169,26.610,48.793
17.4.2025,3:3:36.171,27.633,30.238
17.4.2025,3:3:37.183,26.742,48.601
17.4.2025,3:3:38.183,27.252,34.477
17.4.2025,3:3:39.187,26.650,47.398
17.4.2025,3:3:40.189,27.612,36.244
17.4.2025,3:3:41.192,27.011,46.519
17.4.2025,3:3:42.193,27.194,42.045
17.4.2025,3:3:43.195,26.607,46.735
17.4.2025,3:3:44.207,27.489,42.232
17.4.2025,3:3:45.210,26.703,54.579
17.4.2025,3:3:46.209,27.329,40.655
17.4.2025,3:3:47.223,26.793,54.128
17.4.2025,3:3:48.238,27.052,41.027
17.4.2025,3:3:49.243,26.527,55.101
17.4.2025,3:3:50.245,27.515,38.619
17.4.2025,3:3:51.262,26.858,54.338
17.4.2025,3:3:52.264,27.659,35.546
17.4.2025,3:3:53.265,26.709,51.776
17.4.2025,3:3:54.265,27.395,31.183
17.4.2025,3:3:55.277,26.935,49.846
17.4.2025,3:3:56.278,27.220,32.171
17.4.2025,3:3:57.280,26.715,48.149
17.4.2025,3:3:58.295,27.886,46.814
17.4.2025,3:3:59.310,29.010,39.136
17.4.2025,3:4:0.336,29.060,39.327
17.4.2025,3:4:1.324,28.955,36.085
17.4.2025,3:4:2.327,26.838,49.862
17.4.2025,3:4:3.330,27.400,44.586
17.4.2025,3:4:4.329,26.473,53.376
17.4.2025,3:4:5.344,27.582,40.152
17.4.2025,3:4:6.345,26.599,54.622
17.4.2025,3:4:7.345,27.527,37.053
17.4.2025,3:4:8.348,26.674,54.624
17.4.2025,3:4:9.351,27.476,36.037
17.4.2025,3:4:10.363,26.638,53.236
17.4.2025,3:4:11.365,27.445,34.735
17.4.2025,3:4:12.364,26.716,53.874
17.4.2025,3:4:13.385,27.306,34.335
17.4.2025,3:4:14.400,27.312,50.953
17.4.2025,3:4:15.401,26.844,31.220
17.4.2025,3:4:16.400,27.350,49.222
17.4.2025,3:4:17.405,26.740,30.031
17.4.2025,3:4:18.407,26.863,49.248
17.4.2025,3:4:19.405,26.985,31.961
17.4.2025,3:4:20.406,27.232,47.717
17.4.2025,3:4:21.425,27.071,44.970
17.4.2025,3:4:22.446,27.230,49.619
17.4.2025,3:4:23.442,26.977,45.013
17.4.2025,3:4:24.444,26.998,50.585
17.4.2025,3:4:25.442,27.001,43.598
17.4.2025,3:4:26.445,27.420,52.905
17.4.2025,3:4:27.445,26.792,40.551
17.4.2025,3:4:28.447,27.006,55.705
17.4.2025,3:4:29.435,26.880,38.507
17.4.2025,3:4:30.437,27.364,53.933
17.4.2025,3:4:31.448,26.724,36.083
17.4.2025,3:4:32.451,27.066,51.528
17.4.2025,3:4:33.454,26.935,32.297
17.4.2025,3:4:34.453,27.243,49.723
17.4.2025,3:4:35.454,27.167,46.006
17.4.2025,3:4:36.467,27.212,45.114
17.4.2025,3:4:37.481,26.836,44.603
17.4.2025,3:4:38.484,27.011,49.211
17.4.2025,3:4:39.483,27.037,49.211
17.4.2025,3:4:40.497,27.280,44.855
17.4.2025,3:4:41.500,27.013,54.776
17.4.2025,3:4:42.513,26.863,55.428
17.4.2025,3:4:43.516,27.741,37.384
17.4.2025,3:4:44.520,26.929,54.940
17.4.2025,3:4:45.519,26.705,54.940
17.4.2025,3:4:46.535,27.131,35.196
17.4.2025,3:4:47.537,26.749,52.173
17.4.2025,3:4:48.539,27.074,33.827
17.4.2025,3:4:49.539,26.838,50.937
17.4.2025,3:4:50.535,26.851,32.185
17.4.2025,3:4:51.537,27.252,48.185
17.4.2025,3:4:52.539,26.728,36.428
17.4.2025,3:4:53.554,26.856,47.261
17.4.2025,3:4:54.568,26.846,35.832
17.4.2025,3:4:55.568,27.146,46.408
17.4.2025,3:4:56.568,26.936,36.855
17.4.2025,3:4:57.568,27.179,46.229
17.4.2025,3:4:58.566,26.767,40.195
17.4.2025,3:4:59.567,27.342,45.875
17.4.2025,3:5:0.582,26.576,44.150
17.4.2025,3:5:1.583,27.253,45.688
17.4.2025,3:5:2.586,26.597,37.347
17.4.2025,3:5:3.584,27.365,53.227
17.4.2025,3:5:4.599,26.773,33.626
17.4.2025,3:5:5.615,29.650,52.485
17.4.2025,3:5:6.614,26.647,33.753
17.4.2025,3:5:7.614,27.237,52.122
17.4.2025,3:5:8.613,26.473,32.356
17.4.2025,3:5:9.631,27.234,51.005
17.4.2025,3:5:10.648,26.606,32.186
17.4.2025,3:5:11.649,27.302,48.431
17.4.2025,3:5:12.649,26.511,35.129
17.4.2025,3:5:13.647,27.211,47.479
17.4.2025,3:5:14.662,26.396,36.138
17.4.2025,3:5:15.664,27.198,46.356
17.4.2025,3:5:16.683,26.676,40.966
17.4.2025,3:5:17.698,27.256,46.378
17.4.2025,3:5:18.699,26.647,42.603
17.4.2025,3:5:19.687,27.411,45.825
17.4.2025,3:5:20.704,26.572,36.826
17.4.2025,3:5:21.720,27.317,53.434
17.4.2025,3:5:22.719,26.806,34.926
17.4.2025,3:5:23.733,27.437,50.952
17.4.2025,3:5:24.732,26.702,32.742
17.4.2025,3:5:25.733,27.337,50.688
17.4.2025,3:5:26.746,26.721,31.301
17.4.2025,3:5:27.748,27.187,48.874
17.4.2025,3:5:28.748,26.411,32.086
17.4.2025,3:5:29.748,27.227,47.533
17.4.2025,3:5:30.760,26.827,35.743
17.4.2025,3:5:31.761,27.062,46.069
17.4.2025,3:5:32.763,26.591,40.051
17.4.2025,3:5:33.763,27.242,45.939
17.4.2025,3:5:34.768,26.776,44.109
17.4.2025,3:5:35.767,27.533,45.667
17.4.2025,3:5:36.767,26.506,46.633
17.4.2025,3:5:37.765,27.119,45.653
17.4.2025,3:5:38.768,26.491,37.708
17.4.2025,3:5:39.769,27.279,54.616
17.4.2025,3:5:40.782,26.948,34.424
17.4.2025,3:5:41.782,27.380,51.717
17.4.2025,3:5:42.798,26.734,31.979
17.4.2025,3:5:43.798,27.265,50.361
17.4.2025,3:5:44.799,26.778,31.355
17.4.2025,3:5:45.802,27.200,48.893
17.4.2025,3:5:46.820,26.689,32.546
17.4.2025,3:5:47.838,27.125,48.153
17.4.2025,3:5:48.826,26.524,33.611
17.4.2025,3:5:49.840,27.149,47.713
17.4.2025,3:5:50.839,26.935,35.287
17.4.2025,3:5:51.839,27.161,47.009
17.4.2025,3:5:52.840,26.787,37.248
17.4.2025,3:5:53.858,27.249,46.692
17.4.2025,3:5:54.874,26.412,38.479
17.4.2025,3:5:55.876,27.274,53.877
17.4.2025,3:5:56.873,26.698,41.008
17.4.2025,3:5:57.892,27.480,54.626
17.4.2025,3:5:58.910,26.531,37.329
17.4.2025,3:5:59.911,27.351,52.745
17.4.2025,3:6:0.910,26.789,33.279
17.4.2025,3:6:1.909,27.348,51.413
17.4.2025,3:6:2.912,26.635,32.028
17.4.2025,3:6:3.911,27.337,50.230
17.4.2025,3:6:4.927,26.602,31.554
17.4.2025,3:6:5.942,27.409,48.927
17.4.2025,3:6:6.940,26.434,32.677
17.4.2025,3:6:7.942,27.172,47.919
17.4.2025,3:6:8.944,26.938,34.820
17.4.2025,3:6:9.941,27.505,47.392
17.4.2025,3:6:10.946,26.770,38.461
17.4.2025,3:6:11.948,27.245,47.191
17.4.2025,3:6:12.948,26.558,41.968
17.4.2025,3:6:13.979,27.380,46.048
17.4.2025,3:6:14.992,26.673,42.191
17.4.2025,3:6:15.981,27.319,46.042
17.4.2025,3:6:16.994,26.738,46.150
17.4.2025,3:6:18.010,27.240,45.271
17.4.2025,3:6:19.024,26.693,48.203
17.4.2025,3:6:20.025,27.496,45.778
17.4.2025,3:6:21.027,26.761,48.315
17.4.2025,3:6:22.041,27.033,45.450
17.4.2025,3:6:23.045,26.807,47.477
17.4.2025,3:6:24.045,27.317,45.140
17.4.2025,3:6:25.059,26.818,34.081
17.4.2025,3:6:26.074,27.157,53.420
17.4.2025,3:6:27.059,26.627,35.214
17.4.2025,3:6:28.073,27.425,53.786
17.4.2025,3:6:29.068,26.928,33.751
17.4.2025,3:6:30.073,27.368,50.969
17.4.2025,3:6:31.069,26.793,33.166
17.4.2025,3:6:32.073,27.251,50.462
17.4.2025,3:6:33.072,27.177,31.080
17.4.2025,3:6:34.073,26.667,48.204
17.4.2025,3:6:35.071,26.995,33.925
17.4.2025,3:6:36.060,27.146,47.279
17.4.2025,3:6:37.061,26.822,37.997
17.4.2025,3:6:38.062,26.977,46.694
17.4.2025,3:6:39.077,28.603,39.885
17.4.2025,3:6:40.096,28.132,51.125
17.4.2025,3:6:41.110,26.966,44.946
17.4.2025,3:6:42.112,26.724,52.076
17.4.2025,3:6:43.115,27.170,43.271
17.4.2025,3:6:44.109,26.940,52.968
17.4.2025,3:6:45.116,27.156,40.104
17.4.2025,3:6:46.109,26.624,55.490
17.4.2025,3:6:47.120,26.920,41.726
17.4.2025,3:6:48.111,26.885,55.010
17.4.2025,3:6:49.107,27.341,38.203
17.4.2025,3:6:50.109,26.828,54.635
17.4.2025,3:6:51.120,27.129,36.035
17.4.2025,3:6:52.115,27.355,52.064
17.4.2025,3:6:53.132,27.168,32.451
17.4.2025,3:6:54.131,26.872,50.642
17.4.2025,3:6:55.147,27.173,33.416
17.4.2025,3:6:56.144,26.940,47.300
17.4.2025,3:6:57.144,26.863,38.786
17.4.2025,3:6:58.149,26.901,50.950
17.4.2025,3:6:59.146,27.346,44.949
17.4.2025,3:7:0.150,26.729,53.290
17.4.2025,3:7:1.146,27.720,39.157
17.4.2025,3:7:2.150,29.591,42.865
17.4.2025,3:7:3.138,28.956,34.405
17.4.2025,3:7:4.154,28.809,47.940
17.4.2025,3:7:5.172,26.843,52.766
17.4.2025,3:7:6.184,27.109,33.858
17.4.2025,3:7:7.189,26.762,51.927
17.4.2025,3:7:8.205,26.849,32.049
17.4.2025,3:7:9.204,26.743,48.853
17.4.2025,3:7:10.206,27.394,31.613
17.4.2025,3:7:11.208,27.030,48.432
17.4.2025,3:7:12.210,27.182,34.770
17.4.2025,3:7:13.211,27.048,49.604
17.4.2025,3:7:14.213,27.216,44.360
17.4.2025,3:7:15.202,26.823,52.464
17.4.2025,3:7:16.229,27.078,42.976
17.4.2025,3:7:17.244,26.865,55.917
17.4.2025,3:7:18.259,27.105,39.476
17.4.2025,3:7:19.276,27.043,52.895
17.4.2025,3:7:20.278,26.828,35.434
17.4.2025,3:7:21.276,26.983,51.917
17.4.2025,3:7:22.276,27.119,31.961
17.4.2025,3:7:23.264,26.848,49.112
17.4.2025,3:7:24.265,27.206,32.472
17.4.2025,3:7:25.263,26.737,48.106
17.4.2025,3:7:26.278,26.992,34.676
17.4.2025,3:7:27.295,26.706,46.992
17.4.2025,3:7:28.310,27.219,38.490
17.4.2025,3:7:29.328,27.009,46.748
17.4.2025,3:7:30.327,26.879,41.329
17.4.2025,3:7:31.325,26.887,55.709
17.4.2025,3:7:32.344,27.028,39.190
17.4.2025,3:7:33.347,27.098,54.833
17.4.2025,3:7:34.364,26.983,35.527
17.4.2025,3:7:35.362,26.872,53.382
17.4.2025,3:7:36.362,27.244,35.412
17.4.2025,3:7:37.361,27.130,53.553
17.4.2025,3:7:38.377,26.890,33.951
17.4.2025,3:7:39.377,27.406,50.953
17.4.2025,3:7:40.378,26.724,32.954
17.4.2025,3:7:41.392,27.214,50.112
17.4.2025,3:7:42.395,29.771,35.981
17.4.2025,3:7:43.395,26.639,53.631
17.4.2025,3:7:44.396,27.116,34.941
17.4.2025,3:7:45.398,27.150,54.070
17.4.2025,3:7:46.396,27.100,34.750
17.4.2025,3:7:47.395,26.866,53.922
17.4.2025,3:7:48.392,27.076,35.710
17.4.2025,3:7:49.395,26.919,52.891
17.4.2025,3:7:50.395,27.222,35.135
17.4.2025,3:7:51.393,27.216,51.084
17.4.2025,3:7:52.394,27.385,32.204
17.4.2025,3:7:53.393,26.882,48.225
17.4.2025,3:7:54.405,27.179,33.264
17.4.2025,3:7:55.405,26.860,47.268
17.4.2025,3:7:56.404,27.239,44.938
17.4.2025,3:7:57.407,27.020,45.317
17.4.2025,3:7:58.409,26.923,45.183
17.4.2025,3:7:59.407,26.793,47.813
17.4.2025,3:8:0.424,27.380,44.971
17.4.2025,3:8:1.442,26.484,50.689
17.4.2025,3:8:2.458,27.385,43.229
17.4.2025,3:8:3.456,26.577,55.128
17.4.2025,3:8:4.457,27.548,39.963
17.4.2025,3:8:5.458,26.835,55.578
17.4.2025,3:8:6.455,27.378,37.815
17.4.2025,3:8:7.474,26.806,52.618
17.4.2025,3:8:8.490,27.106,35.152
17.4.2025,3:8:9.490,26.962,52.297
17.4.2025,3:8:10.493,27.238,32.504
17.4.2025,3:8:11.482,26.735,50.647
17.4.2025,3:8:12.486,27.175,32.018
17.4.2025,3:8:13.503,29.535,49.996
17.4.2025,3:8:14.504,27.129,47.395
17.4.2025,3:8:15.503,26.516,36.693
17.4.2025,3:8:16.520,27.227,46.415
17.4.2025,3:8:17.520,27.013,38.755
17.4.2025,3:8:18.519,27.307,46.138
17.4.2025,3:8:19.523,26.606,42.883
17.4.2025,3:8:20.522,27.392,45.678
17.4.2025,3:8:21.525,26.677,43.802
17.4.2025,3:8:22.527,27.374,44.822
17.4.2025,3:8:23.525,27.174,45.100
17.4.2025,3:8:24.514,27.432,45.159
17.4.2025,3:8:25.528,26.806,37.611
17.4.2025,3:8:26.545,27.524,53.341
17.4.2025,3:8:27.561,26.449,35.484
17.4.2025,3:8:28.561,27.076,51.113
17.4.2025,3:8:29.562,26.642,31.288
17.4.2025,3:8:30.568,27.580,49.159
17.4.2025,3:8:31.571,26.687,32.990
17.4.2025,3:8:32.585,27.012,47.784
17.4.2025,3:8:33.587,26.731,36.112
17.4.2025,3:8:34.588,27.132,47.328
17.4.2025,3:8:35.589,26.769,37.720
17.4.2025,3:8:36.587,27.424,46.735
17.4.2025,3:8:37.603,26.774,36.892
17.4.2025,3:8:38.602,27.380,46.490
17.4.2025,3:8:39.602,26.286,41.108
17.4.2025,3:8:40.605,27.449,45.727
17.4.2025,3:8:41.607,26.701,42.418
17.4.2025,3:8:42.607,26.962,45.632
17.4.2025,3:8:43.621,26.742,46.470
17.4.2025,3:8:44.651,27.470,45.101
17.4.2025,3:8:45.638,26.477,51.470
17.4.2025,3:8:46.639,27.385,53.873
17.4.2025,3:8:47.637,26.940,34.290
17.4.2025,3:8:48.638,26.969,41.678
17.4.2025,3:8:49.653,26.780,32.622
17.4.2025,3:8:50.674,27.064,49.785
17.4.2025,3:8:51.671,26.706,32.340
17.4.2025,3:8:52.673,27.316,48.531
17.4.2025,3:8:53.673,26.445,33.732
17.4.2025,3:8:54.674,27.109,47.809
17.4.2025,3:8:55.692,26.734,38.097
17.4.2025,3:8:56.707,27.151,46.271
17.4.2025,3:8:57.707,26.897,39.751
17.4.2025,3:8:58.706,26.887,45.704
17.4.2025,3:8:59.705,26.789,45.983
17.4.2025,3:9:0.708,27.664,45.160
17.4.2025,3:9:1.707,26.987,47.188
17.4.2025,3:9:2.711,27.355,45.499
17.4.2025,3:9:3.727,27.010,51.147
17.4.2025,3:9:4.733,26.811,41.249
17.4.2025,3:9:5.732,27.068,34.052
17.4.2025,3:9:6.761,26.837,49.942
17.4.2025,3:9:7.749,26.952,32.423
17.4.2025,3:9:8.763,26.983,52.223
17.4.2025,3:9:9.766,26.843,32.852
17.4.2025,3:9:10.783,26.786,50.543
17.4.2025,3:9:11.791,27.137,31.851
17.4.2025,3:9:12.806,26.691,48.912
17.4.2025,3:9:13.821,27.228,32.309
17.4.2025,3:9:14.824,26.630,48.242
17.4.2025,3:9:15.809,27.085,35.474
17.4.2025,3:9:16.827,27.138,46.631
17.4.2025,3:9:17.830,27.128,37.731
17.4.2025,3:9:18.842,26.737,52.334
17.4.2025,3:9:19.855,27.134,42.605
17.4.2025,3:9:20.870,26.928,46.032
17.4.2025,3:9:21.872,27.192,49.111
17.4.2025,3:9:22.871,26.691,52.766
17.4.2025,3:9:23.873,26.880,35.651
17.4.2025,3:9:24.875,26.762,53.049
17.4.2025,3:9:25.876,27.094,35.491
17.4.2025,3:9:26.893,26.780,53.078
17.4.2025,3:9:27.911,26.923,32.379
17.4.2025,3:9:28.911,26.855,50.316
17.4.2025,3:9:29.928,27.453,31.443
17.4.2025,3:9:30.949,26.708,49.273
17.4.2025,3:9:31.935,27.145,30.720
17.4.2025,3:9:32.937,26.712,40.706
17.4.2025,3:9:33.958,27.385,46.270
17.4.2025,3:9:34.959,26.745,44.866
17.4.2025,3:9:35.964,27.290,45.668
17.4.2025,3:9:36.978,26.534,47.353
17.4.2025,3:9:37.981,27.373,45.287
17.4.2025,3:9:38.981,26.759,48.650
17.4.2025,3:9:39.998,27.184,44.749
17.4.2025,3:9:41.012,26.786,53.344
17.4.2025,3:9:42.012,27.317,41.222
17.4.2025,3:9:43.014,26.624,55.705
17.4.2025,3:9:44.031,27.161,36.277
17.4.2025,3:9:45.033,26.564,52.946
17.4.2025,3:9:46.037,27.437,33.121
17.4.2025,3:9:47.034,26.669,50.674
17.4.2025,3:9:48.035,29.610,31.438
17.4.2025,3:9:49.050,26.833,51.706
17.4.2025,3:9:50.067,26.995,32.441
17.4.2025,3:9:51.064,26.754,50.931
17.4.2025,3:9:52.067,27.281,33.398
17.4.2025,3:9:53.067,26.709,51.115
17.4.2025,3:9:54.067,27.359,32.456
17.4.2025,3:9:55.070,26.637,50.239
17.4.2025,3:9:56.069,27.392,31.561
17.4.2025,3:9:57.087,26.489,51.201
17.4.2025,3:9:58.090,27.529,46.870
17.4.2025,3:9:59.089,26.719,39.100
17.4.2025,3:10:0.100,27.194,46.400
17.4.2025,3:10:1.102,26.638,40.012
17.4.2025,3:10:2.117,27.299,46.113
17.4.2025,3:10:3.107,26.477,43.397
17.4.2025,3:10:4.111,28.140,45.878
17.4.2025,3:10:5.127,28.753,37.181
17.4.2025,3:10:6.126,28.950,47.325
17.4.2025,3:10:7.145,28.637,40.382
17.4.2025,3:10:8.144,26.441,51.538
17.4.2025,3:10:9.147,27.316,42.350
17.4.2025,3:10:10.149,26.753,53.932
17.4.2025,3:10:11.150,27.240,38.088
17.4.2025,3:10:12.152,26.869,54.197
17.4.2025,3:10:13.152,27.526,33.386
17.4.2025,3:10:14.150,26.557,37.242
17.4.2025,3:10:15.151,27.494,46.683
17.4.2025,3:10:16.151,26.631,38.290
17.4.2025,3:10:17.151,27.276,46.006
17.4.2025,3:10:18.148,26.837,45.384
17.4.2025,3:10:19.151,27.407,45.146
17.4.2025,3:10:20.152,26.728,50.951
17.4.2025,3:10:21.151,27.551,44.924
17.4.2025,3:10:22.153,26.645,51.002
17.4.2025,3:10:23.151,27.352,43.528
17.4.2025,3:10:24.153,26.555,54.315
17.4.2025,3:10:25.170,27.277,41.234
17.4.2025,3:10:26.185,26.796,54.647
17.4.2025,3:10:27.202,27.367,38.427
17.4.2025,3:10:28.207,26.879,54.964
17.4.2025,3:10:29.224,27.236,35.854
17.4.2025,3:10:30.220,26.591,53.018
17.4.2025,3:10:31.221,27.249,33.192
17.4.2025,3:10:32.235,26.603,50.092
17.4.2025,3:10:33.236,27.169,32.383
17.4.2025,3:10:34.255,26.666,49.951
17.4.2025,3:10:35.259,27.144,46.164
17.4.2025,3:10:36.261,26.885,43.728
17.4.2025,3:10:37.261,27.280,45.296
17.4.2025,3:10:38.276,26.548,49.075
17.4.2025,3:10:39.275,27.299,44.104
17.4.2025,3:10:40.274,26.470,54.116
17.4.2025,3:10:41.276,27.195,40.825
17.4.2025,3:10:42.291,26.575,53.479
17.4.2025,3:10:43.307,27.177,40.758
17.4.2025,3:10:44.323,26.673,53.515
17.4.2025,3:10:45.341,27.081,40.014
17.4.2025,3:10:46.327,27.016,54.450
17.4.2025,3:10:47.340,27.208,37.329
17.4.2025,3:10:48.342,27.034,54.581
17.4.2025,3:10:49.344,26.756,36.393
17.4.2025,3:10:50.360,26.995,54.117
17.4.2025,3:10:51.359,26.849,35.534
17.4.2025,3:10:52.358,26.995,53.972
17.4.2025,3:10:53.373,26.945,36.377
17.4.2025,3:10:54.372,27.333,53.791
17.4.2025,3:10:55.400,26.897,33.985
17.4.2025,3:10:56.400,27.414,50.803
17.4.2025,3:10:57.402,27.007,31.799
17.4.2025,3:10:58.404,26.904,39.979
17.4.2025,3:10:59.404,26.744,46.800
17.4.2025,3:11:0.419,27.341,41.790
17.4.2025,3:11:1.435,26.755,46.042
17.4.2025,3:11:2.463,26.775,47.120
17.4.2025,3:11:3.476,26.948,44.723
17.4.2025,3:11:4.491,26.937,51.367
17.4.2025,3:11:5.507,27.134,44.653
17.4.2025,3:11:6.522,26.857,52.428
17.4.2025,3:11:7.524,26.984,44.278
17.4.2025,3:11:8.520,26.651,51.479
17.4.2025,3:11:9.536,26.877,41.677
17.4.2025,3:11:10.551,27.148,56.544
17.4.2025,3:11:11.565,26.739,38.237
17.4.2025,3:11:12.564,26.910,53.974
17.4.2025,3:11:13.565,26.866,36.416
17.4.2025,3:11:14.568,26.950,53.406
17.4.2025,3:11:15.582,26.956,48.010
17.4.2025,3:11:16.581,27.055,51.459
17.4.2025,3:11:17.584,27.390,46.368
17.4.2025,3:11:18.597,26.841,38.629
17.4.2025,3:11:19.603,27.502,46.081
17.4.2025,3:11:20.617,26.964,44.945
17.4.2025,3:11:21.624,27.047,45.414
17.4.2025,3:11:22.624,30.966,39.391
17.4.2025,3:11:23.642,29.814,46.651
17.4.2025,3:11:24.643,28.061,37.492
17.4.2025,3:11:25.646,27.122,46.556
17.4.2025,3:11:26.647,27.049,38.527
17.4.2025,3:11:27.663,26.767,54.424
17.4.2025,3:11:28.683,27.242,45.199
17.4.2025,3:11:29.685,27.021,54.659
17.4.2025,3:11:30.701,26.943,37.272
17.4.2025,3:11:31.716,27.156,53.574
17.4.2025,3:11:32.728,26.793,34.384
17.4.2025,3:11:33.730,26.612,52.998
17.4.2025,3:11:34.745,26.947,33.384
17.4.2025,3:11:35.732,26.778,51.738
17.4.2025,3:11:36.733,27.184,32.641
17.4.2025,3:11:37.732,26.669,50.100
17.4.2025,3:11:38.748,27.388,32.596
17.4.2025,3:11:39.765,27.009,48.926
17.4.2025,3:11:40.762,26.876,32.206
17.4.2025,3:11:41.764,27.182,48.125
17.4.2025,3:11:42.791,26.931,34.842
17.4.2025,3:11:43.777,26.863,47.316
17.4.2025,3:11:44.793,27.359,37.496
17.4.2025,3:11:45.789,26.536,46.281
17.4.2025,3:11:46.804,27.084,41.346
17.4.2025,3:11:47.803,26.670,46.413
17.4.2025,3:11:48.819,26.945,41.561
17.4.2025,3:11:49.820,26.989,46.135
17.4.2025,3:11:50.821,26.985,42.759
17.4.2025,3:11:51.823,27.535,46.078
17.4.2025,3:11:52.822,27.277,46.058
17.4.2025,3:11:53.839,26.625,45.595
17.4.2025,3:11:54.827,26.987,48.295
17.4.2025,3:11:55.830,27.008,45.466
17.4.2025,3:11:56.830,27.097,47.728
17.4.2025,3:11:57.832,26.815,44.707
17.4.2025,3:11:58.848,27.083,53.095
17.4.2025,3:11:59.862,26.647,50.679
17.4.2025,3:12:0.877,27.179,55.974
17.4.2025,3:12:1.894,26.992,37.997
17.4.2025,3:12:2.893,27.220,35.990
17.4.2025,3:12:3.896,26.770,46.896
17.4.2025,3:12:4.910,26.865,37.747
17.4.2025,3:12:5.908,26.718,46.351
17.4.2025,3:12:6.910,27.306,42.352
17.4.2025,3:12:7.928,26.830,45.965
17.4.2025,3:12:8.945,27.150,45.036
17.4.2025,3:12:9.946,26.507,45.823
17.4.2025,3:12:10.948,27.116,46.640
17.4.2025,3:12:11.948,26.947,44.865
17.4.2025,3:12:12.948,27.195,50.949
17.4.2025,3:12:13.965,26.856,44.265
17.4.2025,3:12:14.965,27.588,53.328
17.4.2025,3:12:15.967,26.844,40.864
17.4.2025,3:12:16.980,27.502,56.170
17.4.2025,3:12:17.998,27.076,38.605
17.4.2025,3:12:18.999,26.835,54.051
17.4.2025,3:12:19.999,27.014,36.307
17.4.2025,3:12:21.017,27.407,54.339
17.4.2025,3:12:22.013,26.881,35.762
17.4.2025,3:12:23.014,27.413,51.633
17.4.2025,3:12:24.012,26.927,32.584
17.4.2025,3:12:25.014,27.001,49.795
17.4.2025,3:12:26.016,26.690,32.232
17.4.2025,3:12:27.016,27.283,45.354
17.4.2025,3:12:28.034,26.585,45.823
17.4.2025,3:12:29.051,27.308,45.628
17.4.2025,3:12:30.066,26.885,44.901
17.4.2025,3:12:31.081,27.226,50.192
17.4.2025,3:12:32.096,26.915,44.753
17.4.2025,3:12:33.111,27.114,50.624
17.4.2025,3:12:34.109,26.787,41.754
17.4.2025,3:12:35.125,26.928,55.259
17.4.2025,3:12:36.138,26.883,38.385
17.4.2025,3:12:37.140,27.226,54.971
17.4.2025,3:12:38.142,26.631,38.316
17.4.2025,3:12:39.141,26.961,54.498
17.4.2025,3:12:40.156,26.757,36.569
17.4.2025,3:12:41.155,27.193,52.673
17.4.2025,3:12:42.158,26.945,35.535
17.4.2025,3:12:43.161,27.047,34.804
17.4.2025,3:12:44.178,26.795,46.804
17.4.2025,3:12:45.194,27.139,37.354
17.4.2025,3:12:46.196,26.638,46.360
17.4.2025,3:12:47.198,27.313,42.166
17.4.2025,3:12:48.199,26.568,46.129
17.4.2025,3:12:49.202,27.259,44.660
17.4.2025,3:12:50.217,26.720,45.378
17.4.2025,3:12:51.234,26.950,48.957
17.4.2025,3:12:52.250,26.805,45.038
17.4.2025,3:12:53.266,27.260,51.284
17.4.2025,3:12:54.267,26.912,42.246
17.4.2025,3:12:55.271,27.142,54.825
17.4.2025,3:12:56.270,27.929,49.067
17.4.2025,3:12:57.269,28.539,30.529
17.4.2025,3:12:58.275,26.765,49.284
17.4.2025,3:12:59.275,27.249,35.591
17.4.2025,3:13:0.270,26.595,47.064
17.4.2025,3:13:1.277,27.141,35.152
17.4.2025,3:13:2.277,26.896,47.221
17.4.2025,3:13:3.278,27.377,37.973
17.4.2025,3:13:4.280,26.832,46.674
17.4.2025,3:13:5.296,27.239,41.405
17.4.2025,3:13:6.312,26.949,46.311
17.4.2025,3:13:7.324,27.971,41.533
17.4.2025,3:13:8.340,29.044,33.228
17.4.2025,3:13:9.355,28.819,46.864
17.4.2025,3:13:10.386,28.997,38.727
17.4.2025,3:13:11.388,26.668,45.004
17.4.2025,3:13:12.387,27.444,52.501
17.4.2025,3:13:13.389,26.682,43.797
17.4.2025,3:13:14.389,27.599,54.864
17.4.2025,3:13:15.387,26.674,40.790
17.4.2025,3:13:16.388,27.448,55.529
17.4.2025,3:13:17.418,26.747,40.700
17.4.2025,3:13:18.432,27.325,30.859
17.4.2025,3:13:19.448,26.750,38.932
17.4.2025,3:13:20.446,27.220,31.252
17.4.2025,3:13:21.445,26.763,48.517
17.4.2025,3:13:22.443,27.397,53.770
17.4.2025,3:13:23.459,26.646,47.382
17.4.2025,3:13:24.459,27.467,33.548
17.4.2025,3:13:25.461,26.674,47.151
17.4.2025,3:13:26.460,27.421,35.898
17.4.2025,3:13:27.461,26.609,46.183
17.4.2025,3:13:28.459,27.077,38.958
17.4.2025,3:13:29.459,26.714,46.201
17.4.2025,3:13:30.476,27.590,40.366
17.4.2025,3:13:31.480,26.369,46.023
17.4.2025,3:13:32.493,27.324,42.630
17.4.2025,3:13:33.496,26.615,46.119
17.4.2025,3:13:34.511,27.371,45.135
17.4.2025,3:13:35.524,26.384,45.003
17.4.2025,3:13:36.525,27.302,50.798
17.4.2025,3:13:37.525,26.686,41.178
17.4.2025,3:13:38.525,27.627,54.070
17.4.2025,3:13:39.542,26.601,39.144
17.4.2025,3:13:40.543,27.587,54.907
17.4.2025,3:13:41.544,26.503,35.934
17.4.2025,3:13:42.559,27.523,51.698
17.4.2025,3:13:43.560,26.371,32.792
17.4.2025,3:13:44.574,27.551,50.213
17.4.2025,3:13:45.573,26.606,31.577
17.4.2025,3:13:46.574,27.532,48.870
17.4.2025,3:13:47.570,26.655,34.647
17.4.2025,3:13:48.574,27.330,47.250
17.4.2025,3:13:49.572,26.467,33.998
17.4.2025,3:13:50.571,27.492,47.862
17.4.2025,3:13:51.585,26.450,34.193
17.4.2025,3:13:52.601,27.323,47.505
17.4.2025,3:13:53.616,26.766,45.431
17.4.2025,3:13:54.615,27.176,46.487
17.4.2025,3:13:55.632,26.595,44.947
17.4.2025,3:13:56.632,27.356,49.171
17.4.2025,3:13:57.649,26.769,44.462
17.4.2025,3:13:58.666,27.057,54.061
17.4.2025,3:13:59.669,26.767,40.751
17.4.2025,3:14:0.666,27.107,55.509
17.4.2025,3:14:1.654,26.429,36.422
17.4.2025,3:14:2.670,27.197,53.257
17.4.2025,3:14:3.674,26.638,33.826
17.4.2025,3:14:4.673,27.192,52.176
17.4.2025,3:14:5.689,26.785,32.766
17.4.2025,3:14:6.691,27.189,50.108
17.4.2025,3:14:7.692,26.543,32.327
17.4.2025,3:14:8.690,27.437,48.643
17.4.2025,3:14:9.693,26.647,32.529
17.4.2025,3:14:10.706,27.165,47.921
17.4.2025,3:14:11.722,26.631,34.548
17.4.2025,3:14:12.727,27.345,48.129
17.4.2025,3:14:13.739,26.537,45.275
17.4.2025,3:14:14.737,27.398,48.903
17.4.2025,3:14:15.755,26.626,44.480
17.4.2025,3:14:16.758,27.142,52.670
17.4.2025,3:14:17.776,26.794,41.372
17.4.2025,3:14:18.765,27.348,55.346
17.4.2025,3:14:19.766,26.659,39.007
17.4.2025,3:14:20.769,27.540,55.947
17.4.2025,3:14:21.769,26.799,38.681
17.4.2025,3:14:22.769,27.609,54.138
17.4.2025,3:14:23.767,26.726,36.470
17.4.2025,3:14:24.767,27.192,53.685
17.4.2025,3:14:25.770,26.498,33.151
17.4.2025,3:14:26.772,27.128,50.518
17.4.2025,3:14:27.787,26.798,32.874
17.4.2025,3:14:28.802,26.993,50.562
17.4.2025,3:14:29.821,26.432,30.904
17.4.2025,3:14:30.835,29.916,50.143
17.4.2025,3:14:31.852,26.944,32.457
17.4.2025,3:14:32.867,27.104,50.023
17.4.2025,3:14:33.866,26.964,31.692
17.4.2025,3:14:34.866,27.015,48.161
17.4.2025,3:14:35.882,26.510,45.757
17.4.2025,3:14:36.880,27.634,50.411
17.4.2025,3:14:37.895,26.684,38.695
17.4.2025,3:14:38.909,27.269,46.693
17.4.2025,3:14:39.908,26.763,41.028
17.4.2025,3:14:40.926,27.235,54.907
17.4.2025,3:14:41.926,26.662,39.336
17.4.2025,3:14:42.927,27.360,45.800
17.4.2025,3:14:43.944,26.590,39.902
17.4.2025,3:14:44.960,27.285,55.339
17.4.2025,3:14:45.961,26.784,39.244
17.4.2025,3:14:46.961,27.258,54.957
17.4.2025,3:14:47.975,26.670,36.308
17.4.2025,3:14:48.990,27.491,52.462
17.4.2025,3:14:49.990,26.439,34.131
17.4.2025,3:14:50.993,27.117,51.443
17.4.2025,3:14:51.993,26.803,31.411
17.4.2025,3:14:52.996,27.172,48.917
17.4.2025,3:14:53.996,26.674,46.554
17.4.2025,3:14:55.009,27.378,43.872
17.4.2025,3:14:56.026,26.698,45.113
17.4.2025,3:14:57.026,27.484,49.619
17.4.2025,3:14:58.043,26.866,43.753
17.4.2025,3:14:59.056,27.420,54.658
17.4.2025,3:15:0.074,26.809,39.385
17.4.2025,3:15:1.074,27.063,55.427
17.4.2025,3:15:2.088,26.524,37.074
17.4.2025,3:15:3.105,27.432,54.591
17.4.2025,3:15:4.120,26.687,34.662
17.4.2025,3:15:5.120,26.969,52.078
17.4.2025,3:15:6.137,26.993,32.680
17.4.2025,3:15:7.134,27.355,50.502
17.4.2025,3:15:8.129,26.741,30.871
17.4.2025,3:15:9.122,27.333,48.501
17.4.2025,3:15:10.139,26.726,36.223
17.4.2025,3:15:11.141,27.147,46.511
17.4.2025,3:15:12.157,26.876,40.515
17.4.2025,3:15:13.159,27.317,46.394
17.4.2025,3:15:14.160,26.901,39.808
17.4.2025,3:15:15.164,27.249,55.859
17.4.2025,3:15:16.161,26.919,38.138
17.4.2025,3:15:17.175,27.131,55.506
17.4.2025,3:15:18.191,26.905,36.608
17.4.2025,3:15:19.206,27.241,53.589
17.4.2025,3:15:20.203,26.972,33.524
17.4.2025,3:15:21.203,27.015,50.129
17.4.2025,3:15:22.204,26.967,32.513
17.4.2025,3:15:23.206,27.368,48.199
17.4.2025,3:15:24.221,26.514,33.848
17.4.2025,3:15:25.234,27.090,47.309
17.4.2025,3:15:26.235,26.841,35.317
17.4.2025,3:15:27.235,26.782,47.520
17.4.2025,3:15:28.237,27.031,40.480
17.4.2025,3:15:29.238,26.944,46.090
17.4.2025,3:15:30.240,27.876,46.855
17.4.2025,3:15:31.252,29.230,45.764
17.4.2025,3:15:32.254,26.968,42.885
17.4.2025,3:15:33.267,26.808,45.489
17.4.2025,3:15:34.271,27.156,46.511
17.4.2025,3:15:35.286,26.547,45.171
17.4.2025,3:15:36.299,27.513,52.009
17.4.2025,3:15:37.315,26.710,43.206
17.4.2025,3:15:38.316,27.767,51.904
17.4.2025,3:15:39.313,26.702,43.318
17.4.2025,3:15:40.328,27.249,51.304
17.4.2025,3:15:41.344,26.893,41.700
17.4.2025,3:15:42.357,27.136,56.214
17.4.2025,3:15:43.374,29.880,41.573
17.4.2025,3:15:44.389,26.988,52.799
17.4.2025,3:15:45.402,27.158,42.050
17.4.2025,3:15:46.387,26.669,51.677
17.4.2025,3:15:47.388,27.243,51.539
17.4.2025,3:15:48.387,26.957,31.567
17.4.2025,3:15:49.417,27.068,49.624
17.4.2025,3:15:50.419,26.808,32.653
17.4.2025,3:15:51.407,27.109,47.826
17.4.2025,3:15:52.407,26.928,39.048
17.4.2025,3:15:53.410,27.319,46.720
17.4.2025,3:15:54.426,26.797,38.697
17.4.2025,3:15:55.442,26.866,46.344
17.4.2025,3:15:56.443,26.991,42.271
17.4.2025,3:15:57.442,27.017,46.110
17.4.2025,3:15:58.456,26.748,45.324
17.4.2025,3:15:59.457,27.040,45.304
17.4.2025,3:16:0.457,26.726,48.823
17.4.2025,3:16:1.472,27.161,45.057
17.4.2025,3:16:2.488,27.118,51.629
17.4.2025,3:16:3.490,27.245,43.536
17.4.2025,3:16:4.490,26.737,54.657
17.4.2025,3:16:5.491,29.667,43.993
17.4.2025,3:16:6.492,26.606,53.695
17.4.2025,3:16:7.495,27.223,51.811
17.4.2025,3:16:8.481,26.680,32.489
17.4.2025,3:16:9.495,27.270,50.084
17.4.2025,3:16:10.495,27.824,36.524
17.4.2025,3:16:11.497,28.947,39.690
17.4.2025,3:16:12.482,29.040,46.801
17.4.2025,3:16:13.485,28.526,34.492
17.4.2025,3:16:14.487,26.999,47.337
17.4.2025,3:16:15.489,26.644,36.671
17.4.2025,3:16:16.488,27.380,46.105
17.4.2025,3:16:17.488,26.899,42.203
17.4.2025,3:16:18.488,27.339,45.246
17.4.2025,3:16:19.505,26.657,45.288
17.4.2025,3:16:20.507,27.255,45.162
17.4.2025,3:16:21.524,26.766,51.284
17.4.2025,3:16:22.524,27.094,52.118
17.4.2025,3:16:23.537,26.683,32.148
17.4.2025,3:16:24.557,27.125,49.211
17.4.2025,3:16:25.573,26.967,32.647
17.4.2025,3:16:26.588,27.186,47.435
17.4.2025,3:16:27.588,26.577,36.716
17.4.2025,3:16:28.591,27.077,46.417
17.4.2025,3:16:29.618,26.893,41.469
17.4.2025,3:16:30.621,26.657,45.466
17.4.2025,3:16:31.620,27.182,47.428
17.4.2025,3:16:32.618,27.092,44.837
17.4.2025,3:16:33.619,26.942,51.454
17.4.2025,3:16:34.621,26.808,42.642
17.4.2025,3:16:35.620,27.672,55.220
17.4.2025,3:16:36.618,26.859,39.446
17.4.2025,3:16:37.620,27.331,53.987
17.4.2025,3:16:38.619,26.457,38.578
17.4.2025,3:16:39.621,27.657,33.864
17.4.2025,3:16:40.625,26.119,47.494
17.4.2025,3:16:41.626,27.253,36.647
17.4.2025,3:16:42.627,26.607,46.948
17.4.2025,3:16:43.641,27.303,39.651
17.4.2025,3:16:44.642,26.611,46.088
17.4.2025,3:16:45.656,27.348,45.032
17.4.2025,3:16:46.670,26.688,45.737
17.4.2025,3:16:47.669,27.459,46.745
17.4.2025,3:16:48.670,26.325,45.482
17.4.2025,3:16:49.686,27.129,49.996
17.4.2025,3:16:50.698,26.639,43.513
17.4.2025,3:16:51.702,27.866,51.171
17.4.2025,3:16:52.704,26.890,43.518
17.4.2025,3:16:53.704,27.140,51.206
17.4.2025,3:16:54.704,26.791,43.175
17.4.2025,3:16:55.720,26.975,54.438
17.4.2025,3:16:56.740,26.971,40.575
17.4.2025,3:16:57.740,26.949,31.458
17.4.2025,3:16:58.742,26.823,50.233
17.4.2025,3:16:59.742,27.023,31.521
17.4.2025,3:17:0.759,26.955,48.182
17.4.2025,3:17:1.777,26.534,33.763
17.4.2025,3:17:2.778,27.432,47.594
17.4.2025,3:17:3.777,26.607,33.567
17.4.2025,3:17:4.797,27.261,47.842
17.4.2025,3:17:5.814,26.666,37.375
17.4.2025,3:17:6.812,27.189,46.828
17.4.2025,3:17:7.814,26.744,44.737
17.4.2025,3:17:8.814,27.110,53.386
17.4.2025,3:17:9.817,26.750,43.411
17.4.2025,3:17:10.831,27.288,55.132
17.4.2025,3:17:11.836,26.785,39.940
17.4.2025,3:17:12.852,27.186,55.371
17.4.2025,3:17:13.854,26.849,36.018
17.4.2025,3:17:14.857,26.838,55.668
17.4.2025,3:17:15.857,26.566,35.929
17.4.2025,3:17:16.856,27.198,52.838
17.4.2025,3:17:17.877,26.870,33.075
17.4.2025,3:17:18.878,27.024,51.500
17.4.2025,3:17:19.880,26.449,33.149
17.4.2025,3:17:20.894,27.207,50.129
17.4.2025,3:17:21.893,26.800,32.362
17.4.2025,3:17:22.892,27.401,50.137
17.4.2025,3:17:23.891,26.755,46.672
17.4.2025,3:17:24.907,27.308,42.859
17.4.2025,3:17:25.926,26.590,46.240
17.4.2025,3:17:26.942,27.472,43.120
17.4.2025,3:17:27.943,26.458,45.429
17.4.2025,3:17:28.945,27.297,48.490
17.4.2025,3:17:29.945,26.627,45.097
17.4.2025,3:17:30.963,27.425,53.333
17.4.2025,3:17:31.964,26.405,42.588
17.4.2025,3:17:32.965,27.449,52.965
17.4.2025,3:17:33.962,26.931,40.086
17.4.2025,3:17:34.966,27.401,55.794
17.4.2025,3:17:35.980,26.686,36.413
17.4.2025,3:17:36.995,27.533,53.309
17.4.2025,3:17:37.984,26.763,33.476
17.4.2025,3:17:38.983,27.739,50.397
17.4.2025,3:17:39.985,28.812,32.590
17.4.2025,3:17:40.985,27.242,35.566
17.4.2025,3:17:41.985,27.018,30.641
17.4.2025,3:17:42.989,27.065,39.677
17.4.2025,3:17:43.990,26.692,46.387
17.4.2025,3:17:45.003,27.289,40.650
17.4.2025,3:17:46.004,26.305,45.478
17.4.2025,3:17:47.006,27.355,46.740
17.4.2025,3:17:48.002,26.715,45.195
17.4.2025,3:17:49.019,27.097,49.386
17.4.2025,3:17:50.015,26.568,44.643
17.4.2025,3:17:51.018,27.310,51.884
17.4.2025,3:17:52.014,26.617,41.675
17.4.2025,3:17:53.014,27.350,55.895
17.4.2025,3:17:54.016,26.905,36.903
17.4.2025,3:17:55.016,27.071,52.261
17.4.2025,3:17:56.022,26.653,34.608
17.4.2025,3:17:57.023,27.244,51.060
17.4.2025,3:17:58.023,26.669,31.435
17.4.2025,3:17:59.027,27.313,48.206
17.4.2025,3:18:0.041,26.716,35.211
17.4.2025,3:18:1.054,27.140,47.277
17.4.2025,3:18:2.069,26.937,36.630
17.4.2025,3:18:3.075,27.443,46.926
17.4.2025,3:18:4.072,27.035,38.540
17.4.2025,3:18:5.086,27.012,46.376
17.4.2025,3:18:6.091,26.691,44.540
17.4.2025,3:18:7.120,27.176,54.179
17.4.2025,3:18:8.115,26.512,41.113
17.4.2025,3:18:9.107,27.287,54.209
17.4.2025,3:18:10.109,26.933,39.644
17.4.2025,3:18:11.111,27.154,54.956
17.4.2025,3:18:12.114,26.689,37.662
17.4.2025,3:18:13.116,27.300,53.982
17.4.2025,3:18:14.117,26.755,35.234
17.4.2025,3:18:15.131,27.260,51.612
17.4.2025,3:18:16.131,26.367,32.489
17.4.2025,3:18:17.136,27.406,51.462
17.4.2025,3:18:18.131,26.731,32.277
17.4.2025,3:18:19.134,27.337,49.816
17.4.2025,3:18:20.135,26.476,32.451
17.4.2025,3:18:21.153,27.336,51.343
17.4.2025,3:18:22.156,26.443,31.257
17.4.2025,3:18:23.170,27.462,42.276
17.4.2025,3:18:24.170,26.639,46.250
17.4.2025,3:18:25.188,27.300,43.177
17.4.2025,3:18:26.191,26.633,44.957
17.4.2025,3:18:27.195,27.422,49.799
17.4.2025,3:18:28.198,26.465,44.707
17.4.2025,3:18:29.198,27.638,54.059
17.4.2025,3:18:30.198,26.810,40.744
17.4.2025,3:18:31.197,27.199,54.582
17.4.2025,3:18:32.200,26.689,38.236
17.4.2025,3:18:33.185,27.390,55.209
17.4.2025,3:18:34.185,27.184,36.185
17.4.2025,3:18:35.185,27.184,55.202
17.4.2025,3:18:36.202,26.745,36.525
17.4.2025,3:18:37.230,27.123,53.303
17.4.2025,3:18:38.229,26.802,34.736
17.4.2025,3:18:39.243,26.955,53.555
17.4.2025,3:18:40.243,27.023,34.137
17.4.2025,3:18:41.245,27.096,51.326
17.4.2025,3:18:42.248,27.098,31.938
17.4.2025,3:18:43.262,27.222,40.902
17.4.2025,3:18:44.277,27.239,31.969
17.4.2025,3:18:45.306,26.971,48.334
17.4.2025,3:18:46.308,26.589,33.497
17.4.2025,3:18:47.306,27.351,46.975
17.4.2025,3:18:48.293,26.453,44.907
17.4.2025,3:18:49.311,27.394,50.972
17.4.2025,3:18:50.332,26.892,42.082
17.4.2025,3:18:51.348,27.351,55.908
17.4.2025,3:18:52.348,27.085,38.568
17.4.2025,3:18:53.362,27.295,55.984
17.4.2025,3:18:54.363,26.752,38.579
17.4.2025,3:18:55.365,27.215,53.961
17.4.2025,3:18:56.364,26.989,35.451
17.4.2025,3:18:57.367,27.099,52.397
17.4.2025,3:18:58.369,27.023,32.479
17.4.2025,3:18:59.370,26.742,50.016
17.4.2025,3:19:0.366,26.964,31.179
17.4.2025,3:19:1.368,27.057,50.094
17.4.2025,3:19:2.369,27.128,32.136
17.4.2025,3:19:3.369,26.800,44.200
17.4.2025,3:19:4.371,27.149,45.624
17.4.2025,3:19:5.372,26.806,44.493
17.4.2025,3:19:6.358,27.101,45.205
17.4.2025,3:19:7.357,27.101,48.691
17.4.2025,3:19:8.372,27.310,44.743
17.4.2025,3:19:9.374,26.959,51.859
17.4.2025,3:19:10.372,27.152,43.455
17.4.2025,3:19:11.402,26.801,53.996
17.4.2025,3:19:12.404,27.115,49.996
17.4.2025,3:19:13.421,29.593,35.806
17.4.2025,3:19:14.436,29.948,46.110
17.4.2025,3:19:15.438,28.859,38.091
17.4.2025,3:19:16.437,28.859,41.742
17.4.2025,3:19:17.450,27.437,51.314
17.4.2025,3:19:18.480,26.605,32.716
17.4.2025,3:19:19.479,27.233,50.389
17.4.2025,3:19:20.493,26.777,29.986
17.4.2025,3:19:21.481,26.777,48.133
17.4.2025,3:19:22.496,27.109,34.176
17.4.2025,3:19:23.483,27.041,47.526
17.4.2025,3:19:24.485,27.190,35.935
17.4.2025,3:19:25.488,26.930,47.576
17.4.2025,3:19:26.488,27.147,36.301
17.4.2025,3:19:27.486,26.816,46.570
17.4.2025,3:19:28.486,27.139,37.304
17.4.2025,3:19:29.488,26.960,52.555
17.4.2025,3:19:30.489,26.892,41.618
17.4.2025,3:19:31.508,26.991,54.266
17.4.2025,3:19:32.509,27.087,39.450
17.4.2025,3:19:33.525,26.892,55.323
17.4.2025,3:19:34.513,27.137,38.029
17.4.2025,3:19:35.516,26.741,55.487
17.4.2025,3:19:36.519,27.049,36.970
17.4.2025,3:19:37.521,26.869,55.683
17.4.2025,3:19:38.519,27.231,36.107
17.4.2025,3:19:39.520,26.983,53.010
17.4.2025,3:19:40.520,27.134,33.487
17.4.2025,3:19:41.521,26.675,51.685
17.4.2025,3:19:42.523,27.103,46.420
17.4.2025,3:19:43.520,27.044,37.742
17.4.2025,3:19:44.538,27.207,46.410
17.4.2025,3:19:45.541,26.668,42.003
17.4.2025,3:19:46.543,27.266,46.027
17.4.2025,3:19:47.529,26.351,41.359
17.4.2025,3:19:48.542,27.297,45.478
17.4.2025,3:19:49.541,26.606,47.148
17.4.2025,3:19:50.559,27.158,44.998
17.4.2025,3:19:51.573,26.566,47.899
17.4.2025,3:19:52.573,27.214,44.587
17.4.2025,3:19:53.571,26.933,51.289
17.4.2025,3:19:54.573,26.994,43.314
17.4.2025,3:19:55.574,26.937,52.787
17.4.2025,3:19:56.576,27.291,40.870
17.4.2025,3:19:57.591,26.593,54.453
17.4.2025,3:19:58.592,27.278,40.530
17.4.2025,3:19:59.592,26.651,55.890
17.4.2025,3:20:0.610,27.122,39.805
17.4.2025,3:20:1.610,26.828,54.934
17.4.2025,3:20:2.613,27.179,48.459
17.4.2025,3:20:3.613,26.917,32.733
17.4.2025,3:20:4.616,27.137,48.088
17.4.2025,3:20:5.617,26.519,31.943
17.4.2025,3:20:6.617,27.322,47.719
17.4.2025,3:20:7.632,26.587,32.044
17.4.2025,3:20:8.645,27.376,47.636
17.4.2025,3:20:9.646,26.942,36.825
17.4.2025,3:20:10.662,27.456,46.448
17.4.2025,3:20:11.665,26.839,39.775
17.4.2025,3:20:12.679,27.382,47.140
17.4.2025,3:20:13.696,26.667,39.331
17.4.2025,3:20:14.700,27.539,45.843
17.4.2025,3:20:15.699,26.657,38.886
17.4.2025,3:20:16.699,27.151,45.888
17.4.2025,3:20:17.728,26.877,45.891
17.4.2025,3:20:18.730,27.129,54.859
17.4.2025,3:20:19.744,26.684,36.257
17.4.2025,3:20:20.744,27.337,54.025
17.4.2025,3:20:21.747,26.857,36.605
17.4.2025,3:20:22.747,27.487,51.394
17.4.2025,3:20:23.748,26.586,32.742
17.4.2025,3:20:24.763,27.154,50.085
17.4.2025,3:20:25.765,26.756,32.257
17.4.2025,3:20:26.778,27.482,48.724
17.4.2025,3:20:27.778,26.670,32.500
17.4.2025,3:20:28.780,27.177,48.181
17.4.2025,3:20:29.783,26.687,30.627
17.4.2025,3:20:30.797,27.118,48.260
17.4.2025,3:20:31.798,26.752,32.672
17.4.2025,3:20:32.812,27.281,47.574
17.4.2025,3:20:33.826,27.310,45.122
17.4.2025,3:20:34.827,27.552,47.688
17.4.2025,3:20:35.826,26.535,33.664
17.4.2025,3:20:36.839,27.377,43.625
17.4.2025,3:20:37.855,26.570,45.149
17.4.2025,3:20:38.854,27.486,47.316
17.4.2025,3:20:39.842,26.669,44.924
17.4.2025,3:20:40.859,27.743,49.462
17.4.2025,3:20:41.862,26.832,45.079
17.4.2025,3:20:42.864,27.471,46.039
17.4.2025,3:20:43.865,27.390,44.940
17.4.2025,3:20:44.863,26.796,49.608
17.4.2025,3:20:45.881,26.893,44.753
17.4.2025,3:20:46.895,27.077,51.999
17.4.2025,3:20:47.896,26.848,43.100
17.4.2025,3:20:48.909,29.594,49.951
17.4.2025,3:20:49.925,27.270,44.661
17.4.2025,3:20:50.942,26.918,47.220
17.4.2025,3:20:51.945,27.060,45.461
17.4.2025,3:20:52.960,26.598,48.390
17.4.2025,3:20:53.976,27.565,55.879
17.4.2025,3:20:54.993,26.889,48.231
17.4.2025,3:20:55.995,27.247,53.408
17.4.2025,3:20:56.997,26.722,35.531
17.4.2025,3:20:58.001,26.982,53.639
17.4.2025,3:20:59.017,26.947,36.170
17.4.2025,3:21:0.020,27.374,53.701
17.4.2025,3:21:1.014,27.197,36.873
17.4.2025,3:21:2.013,27.631,53.957
17.4.2025,3:21:3.013,26.657,35.738
17.4.2025,3:21:4.014,27.623,54.380
17.4.2025,3:21:5.012,26.773,35.424
17.4.2025,3:21:6.029,27.143,54.143
17.4.2025,3:21:7.030,26.522,34.310
17.4.2025,3:21:8.045,27.419,53.435
17.4.2025,3:21:9.048,26.461,36.361
17.4.2025,3:21:10.043,27.057,54.397
17.4.2025,3:21:11.061,26.715,36.666
17.4.2025,3:21:12.061,27.076,53.263
17.4.2025,3:21:13.063,27.104,35.220
17.4.2025,3:21:14.077,26.683,54.102
17.4.2025,3:21:15.092,27.104,36.853
17.4.2025,3:21:16.104,26.862,54.390
17.4.2025,3:21:17.105,27.046,47.546
17.4.2025,3:21:18.092,26.887,33.015
17.4.2025,3:21:19.091,26.965,47.455
17.4.2025,3:21:20.107,26.775,35.419
17.4.2025,3:21:21.108,27.335,48.132
17.4.2025,3:21:22.109,26.559,34.241
17.4.2025,3:21:23.120,27.341,47.227
17.4.2025,3:21:24.109,26.759,34.589
17.4.2025,3:21:25.120,27.417,47.061
17.4.2025,3:21:26.109,26.544,38.261
17.4.2025,3:21:27.121,27.372,46.396
17.4.2025,3:21:28.109,26.750,38.154
17.4.2025,3:21:29.118,27.137,48.039
17.4.2025,3:21:30.116,26.521,33.211
17.4.2025,3:21:31.121,27.312,47.402
17.4.2025,3:21:32.107,26.733,37.098
17.4.2025,3:21:33.108,27.356,46.568
17.4.2025,3:21:34.107,26.582,38.504
17.4.2025,3:21:35.107,27.457,45.874
17.4.2025,3:21:36.108,26.487,38.348
17.4.2025,3:21:37.112,27.671,47.108
17.4.2025,3:21:38.109,27.116,36.843
17.4.2025,3:21:39.125,26.763,47.481
17.4.2025,3:21:40.122,26.924,36.227
17.4.2025,3:21:41.129,27.028,46.781
17.4.2025,3:21:42.132,27.160,41.122
17.4.2025,3:21:43.131,26.801,45.904
17.4.2025,3:21:44.127,27.039,44.088
17.4.2025,3:21:45.133,27.167,55.731
17.4.2025,3:21:46.134,27.281,36.730
17.4.2025,3:21:47.146,26.501,44.891
17.4.2025,3:21:48.146,27.065,44.891
17.4.2025,3:21:49.144,26.879,50.553
17.4.2025,3:21:50.145,27.214,44.678
17.4.2025,3:21:51.146,27.193,33.129
17.4.2025,3:21:52.144,27.523,51.563
17.4.2025,3:21:53.144,26.772,31.315
17.4.2025,3:21:54.145,27.306,53.522
17.4.2025,3:21:55.145,26.698,32.910
17.4.2025,3:21:56.147,27.235,51.352
17.4.2025,3:21:57.148,26.557,31.837
17.4.2025,3:21:58.150,27.177,50.370
17.4.2025,3:21:59.165,26.590,30.999
17.4.2025,3:22:0.166,27.144,50.396
17.4.2025,3:22:1.167,26.794,32.024
17.4.2025,3:22:2.165,27.515,50.540
17.4.2025,3:22:3.181,26.652,32.890
17.4.2025,3:22:4.197,27.171,51.334
17.4.2025,3:22:5.198,26.497,32.787
17.4.2025,3:22:6.198,27.545,50.700
17.4.2025,3:22:7.198,26.536,32.112
17.4.2025,3:22:8.196,27.104,50.754
17.4.2025,3:22:9.211,26.765,32.922
17.4.2025,3:22:10.210,27.262,51.660
17.4.2025,3:22:11.214,26.800,34.162
17.4.2025,3:22:12.218,27.342,32.621
17.4.2025,3:22:13.218,27.056,48.303
17.4.2025,3:22:14.221,26.855,34.929
17.4.2025,3:22:15.223,27.231,47.282
17.4.2025,3:22:16.222,26.706,36.090
17.4.2025,3:22:17.224,27.626,47.270
17.4.2025,3:22:18.237,29.120,47.810
17.4.2025,3:22:19.235,29.220,31.899
17.4.2025,3:22:20.236,29.220,46.116
17.4.2025,3:22:21.234,27.333,31.439
17.4.2025,3:22:22.249,27.362,48.455
17.4.2025,3:22:23.248,29.380,31.758
17.4.2025,3:22:24.260,27.514,48.498
17.4.2025,3:22:25.263,26.884,34.470
17.4.2025,3:22:26.283,27.225,47.452
17.4.2025,3:22:27.287,26.739,33.854
17.4.2025,3:22:28.302,27.384,47.675
17.4.2025,3:22:29.319,26.756,34.642
17.4.2025,3:22:30.318,27.303,47.076
17.4.2025,3:22:31.318,26.602,38.897
17.4.2025,3:22:32.320,27.191,46.317
17.4.2025,3:22:33.322,26.807,39.574
17.4.2025,3:22:34.340,27.476,54.790
17.4.2025,3:22:35.342,26.661,36.425
17.4.2025,3:22:36.354,27.479,54.834
17.4.2025,3:22:37.370,26.573,35.468
17.4.2025,3:22:38.371,27.216,52.555
17.4.2025,3:22:39.402,26.534,35.025
17.4.2025,3:22:40.389,27.572,50.933
17.4.2025,3:22:41.406,26.684,31.521
17.4.2025,3:22:42.408,27.282,48.014
17.4.2025,3:22:43.413,26.721,35.548
17.4.2025,3:22:44.414,27.294,47.458
17.4.2025,3:22:45.415,26.859,45.117
17.4.2025,3:22:46.417,27.238,49.765
17.4.2025,3:22:47.417,26.870,44.986
17.4.2025,3:22:48.431,27.261,49.997
17.4.2025,3:22:49.448,26.889,43.720
17.4.2025,3:22:50.445,27.522,53.570
17.4.2025,3:22:51.450,26.594,40.498
17.4.2025,3:22:52.447,27.159,55.078
17.4.2025,3:22:53.446,26.968,36.748
17.4.2025,3:22:54.447,27.020,54.862
17.4.2025,3:22:55.448,26.581,35.959
17.4.2025,3:22:56.448,27.317,52.542
17.4.2025,3:22:57.462,26.536,35.125
17.4.2025,3:22:58.463,27.228,53.532
17.4.2025,3:22:59.463,26.586,34.692
17.4.2025,3:23:0.451,27.504,51.970
17.4.2025,3:23:1.465,26.953,31.805
17.4.2025,3:23:2.470,27.171,52.007
17.4.2025,3:23:3.486,26.839,32.967
17.4.2025,3:23:4.499,27.133,50.636
17.4.2025,3:23:5.514,26.750,33.051
17.4.2025,3:23:6.530,27.215,49.044
17.4.2025,3:23:7.549,26.834,30.898
17.4.2025,3:23:8.565,27.256,47.716
17.4.2025,3:23:9.564,26.789,36.243
17.4.2025,3:23:10.563,27.426,46.572
17.4.2025,3:23:11.581,26.904,44.485
17.4.2025,3:23:12.596,27.255,53.429
17.4.2025,3:23:13.596,26.281,41.045
17.4.2025,3:23:14.617,27.525,52.863
17.4.2025,3:23:15.617,26.800,38.961
17.4.2025,3:23:16.635,26.777,55.927
17.4.2025,3:23:17.637,27.268,39.127
17.4.2025,3:23:18.641,26.959,55.018
17.4.2025,3:23:19.643,27.147,36.117
17.4.2025,3:23:20.641,26.888,53.625
17.4.2025,3:23:21.647,27.222,35.333
17.4.2025,3:23:22.642,26.763,50.568
17.4.2025,3:23:23.643,27.229,32.363
17.4.2025,3:23:24.643,26.849,49.962
17.4.2025,3:23:25.643,27.016,32.887
17.4.2025,3:23:26.644,26.868,47.276
17.4.2025,3:23:27.646,27.204,34.741
17.4.2025,3:23:28.664,26.677,46.535
17.4.2025,3:23:29.666,27.075,39.184
17.4.2025,3:23:30.668,26.655,51.718
17.4.2025,3:23:31.683,27.300,40.947
17.4.2025,3:23:32.698,26.724,45.814
17.4.2025,3:23:33.698,27.019,47.068
17.4.2025,3:23:34.698,27.013,54.290
17.4.2025,3:23:35.697,27.088,50.831
17.4.2025,3:23:36.699,26.682,42.354
17.4.2025,3:23:37.699,27.064,54.854
17.4.2025,3:23:38.697,26.843,51.317
17.4.2025,3:23:39.712,26.998,30.932
17.4.2025,3:23:40.715,26.729,40.466
17.4.2025,3:23:41.731,27.208,31.163
17.4.2025,3:23:42.731,26.656,48.516
17.4.2025,3:23:43.731,26.758,35.336
17.4.2025,3:23:44.731,27.353,46.867
17.4.2025,3:23:45.749,27.075,38.270
17.4.2025,3:23:46.749,26.806,46.783
17.4.2025,3:23:47.751,27.115,42.387
17.4.2025,3:23:48.750,26.870,46.445
17.4.2025,3:23:49.767,26.980,41.402
17.4.2025,3:23:50.767,27.094,46.034
17.4.2025,3:23:51.776,26.993,45.494
17.4.2025,3:23:52.789,26.753,45.044
17.4.2025,3:23:53.790,26.932,50.588
17.4.2025,3:23:54.786,26.953,44.445
17.4.2025,3:23:55.804,26.866,54.288
17.4.2025,3:23:56.804,27.544,40.484
17.4.2025,3:23:57.805,29.042,52.993
17.4.2025,3:23:58.805,26.743,43.062
17.4.2025,3:23:59.802,27.060,32.508
17.4.2025,3:24:0.822,27.293,38.799
17.4.2025,3:24:1.838,27.014,30.248
17.4.2025,3:24:2.854,26.895,50.261
17.4.2025,3:24:3.856,27.257,32.271
17.4.2025,3:24:4.870,26.828,49.219
17.4.2025,3:24:5.870,27.284,33.646
17.4.2025,3:24:6.870,26.928,48.299
17.4.2025,3:24:7.857,27.085,35.171
17.4.2025,3:24:8.859,26.714,47.572
17.4.2025,3:24:9.858,27.172,36.318
17.4.2025,3:24:10.859,26.944,47.546
17.4.2025,3:24:11.857,27.130,38.123
17.4.2025,3:24:12.856,26.892,47.211
17.4.2025,3:24:13.859,27.334,42.319
17.4.2025,3:24:14.858,26.667,46.074
17.4.2025,3:24:15.876,27.123,41.877
17.4.2025,3:24:16.892,26.839,45.431
17.4.2025,3:24:17.893,27.206,38.985
17.4.2025,3:24:18.907,26.908,54.023
17.4.2025,3:24:19.923,27.256,37.579
17.4.2025,3:24:20.936,26.847,53.810
17.4.2025,3:24:21.952,27.149,36.365
17.4.2025,3:24:22.968,26.857,53.393
17.4.2025,3:24:23.985,27.318,35.842
17.4.2025,3:24:24.989,26.633,53.470
17.4.2025,3:24:26.002,26.966,34.755
17.4.2025,3:24:27.016,26.971,53.236
17.4.2025,3:24:28.018,27.061,32.602
17.4.2025,3:24:29.016,26.940,51.261
17.4.2025,3:24:30.017,27.145,32.320
17.4.2025,3:24:31.015,27.047,49.997
17.4.2025,3:24:32.016,27.424,32.549
17.4.2025,3:24:33.015,26.675,47.760
17.4.2025,3:24:34.014,28.297,34.037
17.4.2025,3:24:35.030,26.788,48.033
17.4.2025,3:24:36.048,27.415,33.538
17.4.2025,3:24:37.062,26.709,48.181
17.4.2025,3:24:38.075,27.105,33.471
17.4.2025,3:24:39.093,26.931,47.025
17.4.2025,3:24:40.094,27.278,33.981
17.4.2025,3:24:41.111,26.779,47.738
17.4.2025,3:24:42.110,27.271,36.482
17.4.2025,3:24:43.130,26.842,49.842
17.4.2025,3:24:44.128,27.671,44.524
17.4.2025,3:24:45.128,26.633,53.416
17.4.2025,3:24:46.124,27.213,43.124
17.4.2025,3:24:47.132,26.721,54.093
17.4.2025,3:24:48.129,27.414,39.540
17.4.2025,3:24:49.146,26.510,56.083
17.4.2025,3:24:50.145,27.497,37.353
17.4.2025,3:24:51.150,26.743,54.932
17.4.2025,3:24:52.148,27.384,34.988
17.4.2025,3:24:53.151,26.648,51.423
17.4.2025,3:24:54.151,27.464,33.676
17.4.2025,3:24:55.150,26.701,51.734
17.4.2025,3:24:56.152,27.277,31.380
17.4.2025,3:24:57.165,26.803,48.752
17.4.2025,3:24:58.164,27.908,32.788
17.4.2025,3:24:59.179,26.433,47.980
17.4.2025,3:25:0.181,27.409,34.562
17.4.2025,3:25:1.184,26.827,49.138
17.4.2025,3:25:2.201,27.193,44.665
17.4.2025,3:25:3.200,26.785,53.112
17.4.2025,3:25:4.220,27.353,40.231
17.4.2025,3:25:5.220,26.931,54.552
17.4.2025,3:25:6.234,27.015,39.151
17.4.2025,3:25:7.250,26.984,55.244
17.4.2025,3:25:8.265,27.296,37.637
17.4.2025,3:25:9.263,27.045,55.202
17.4.2025,3:25:10.279,26.913,38.171
17.4.2025,3:25:11.293,26.917,54.421
17.4.2025,3:25:12.309,26.776,34.885
17.4.2025,3:25:13.324,27.167,53.139
17.4.2025,3:25:14.323,26.928,32.028
17.4.2025,3:25:15.324,27.082,50.155
17.4.2025,3:25:16.324,26.986,30.982
17.4.2025,3:25:17.310,27.022,50.035
17.4.2025,3:25:18.314,27.084,33.538
17.4.2025,3:25:19.316,26.875,47.894
17.4.2025,3:25:20.318,27.131,36.689
17.4.2025,3:25:21.335,29.010,42.712
17.4.2025,3:25:22.339,29.227,45.106
17.4.2025,3:25:23.341,29.298,40.788
17.4.2025,3:25:24.369,27.536,53.177
17.4.2025,3:25:25.372,27.109,43.717
17.4.2025,3:25:26.392,26.718,55.355
17.4.2025,3:25:27.392,27.098,38.410
17.4.2025,3:25:28.390,26.937,54.248
17.4.2025,3:25:29.391,27.079,37.001
17.4.2025,3:25:30.393,27.224,53.506
17.4.2025,3:25:31.391,28.581,35.737
17.4.2025,3:25:32.393,27.958,53.753
17.4.2025,3:25:33.392,26.922,34.148
17.4.2025,3:25:34.393,27.054,50.647
17.4.2025,3:25:35.391,27.049,31.684
17.4.2025,3:25:36.405,27.217,49.960
17.4.2025,3:25:37.405,26.692,32.752
17.4.2025,3:25:38.420,27.044,48.224
17.4.2025,3:25:39.419,26.813,35.327
17.4.2025,3:25:40.419,26.984,46.958
17.4.2025,3:25:41.436,26.906,36.959
17.4.2025,3:25:42.451,26.599,46.153
17.4.2025,3:25:43.455,27.238,39.507
17.4.2025,3:25:44.470,26.823,45.600
17.4.2025,3:25:45.484,27.389,44.468
17.4.2025,3:25:46.488,26.841,45.396
17.4.2025,3:25:47.489,27.527,50.060
17.4.2025,3:25:48.489,26.660,43.999
17.4.2025,3:25:49.490,27.343,51.673
17.4.2025,3:25:50.490,26.843,42.363
17.4.2025,3:25:51.490,27.317,31.475
17.4.2025,3:25:52.496,26.853,50.413
17.4.2025,3:25:53.495,27.329,30.610
17.4.2025,3:25:54.496,27.161,48.942
17.4.2025,3:25:55.495,27.055,32.793
17.4.2025,3:25:56.509,26.318,47.237
17.4.2025,3:25:57.525,27.376,36.211
17.4.2025,3:25:58.527,26.803,47.013
17.4.2025,3:25:59.523,27.281,37.409
17.4.2025,3:26:0.513,26.954,46.740
17.4.2025,3:26:1.514,27.010,43.871
17.4.2025,3:26:2.529,26.942,53.532
17.4.2025,3:26:3.544,27.239,45.120
17.4.2025,3:26:4.560,26.884,55.501
17.4.2025,3:26:5.560,27.063,38.656
17.4.2025,3:26:6.577,26.826,55.120
17.4.2025,3:26:7.575,27.450,35.127
17.4.2025,3:26:8.577,26.507,51.166
17.4.2025,3:26:9.593,27.368,33.218
17.4.2025,3:26:10.591,26.481,51.136
17.4.2025,3:26:11.606,27.514,32.243
17.4.2025,3:26:12.591,26.768,49.104
17.4.2025,3:26:13.593,27.326,31.480
17.4.2025,3:26:14.607,26.763,48.805
17.4.2025,3:26:15.606,27.298,32.378
17.4.2025,3:26:16.607,26.595,49.996
17.4.2025,3:26:17.608,27.488,32.422
17.4.2025,3:26:18.607,26.624,48.561
17.4.2025,3:26:19.608,27.283,45.621
17.4.2025,3:26:20.623,26.866,43.838
17.4.2025,3:26:21.626,27.125,45.281
17.4.2025,3:26:22.625,26.876,49.259
17.4.2025,3:26:23.640,27.176,44.688
17.4.2025,3:26:24.642,26.963,52.165
17.4.2025,3:26:25.643,29.256,45.048
17.4.2025,3:26:26.642,30.076,48.102
17.4.2025,3:26:27.645,27.449,45.230
17.4.2025,3:26:28.646,27.076,48.906
17.4.2025,3:26:29.645,27.086,44.576
17.4.2025,3:26:30.662,26.971,52.224
17.4.2025,3:26:31.665,26.699,42.943
17.4.2025,3:26:32.664,27.067,53.228
17.4.2025,3:26:33.663,27.053,39.488
17.4.2025,3:26:34.664,27.068,56.266
17.4.2025,3:26:35.667,26.823,38.291
17.4.2025,3:26:36.668,27.030,53.377
17.4.2025,3:26:37.669,26.946,48.420
17.4.2025,3:26:38.655,26.916,35.608
17.4.2025,3:26:39.654,26.810,47.674
17.4.2025,3:26:40.667,26.846,35.500
17.4.2025,3:26:41.686,27.012,46.582
17.4.2025,3:26:42.688,26.893,39.793
17.4.2025,3:26:43.692,26.471,46.763
17.4.2025,3:26:44.696,27.403,40.527
17.4.2025,3:26:45.708,26.444,46.116
17.4.2025,3:26:46.729,27.087,44.506
17.4.2025,3:26:47.731,26.664,45.854
17.4.2025,3:26:48.743,27.335,46.306
17.4.2025,3:26:49.745,26.977,44.882
17.4.2025,3:26:50.761,26.963,50.558
17.4.2025,3:26:51.762,26.986,44.366
17.4.2025,3:26:52.761,27.093,51.871
17.4.2025,3:26:53.761,26.926,43.398
17.4.2025,3:26:54.748,27.026,52.016
17.4.2025,3:26:55.749,26.678,39.138
17.4.2025,3:26:56.747,27.211,53.519
17.4.2025,3:26:57.764,26.609,37.344
17.4.2025,3:26:58.767,27.048,32.923
17.4.2025,3:26:59.766,26.878,35.716
17.4.2025,3:27:0.768,27.386,34.015
17.4.2025,3:27:1.773,26.444,47.280
17.4.2025,3:27:2.775,27.234,36.459
17.4.2025,3:27:3.777,26.842,47.078
17.4.2025,3:27:4.778,27.498,37.939
17.4.2025,3:27:5.776,29.315,46.997
17.4.2025,3:27:6.776,27.126,34.665
17.4.2025,3:27:7.773,26.627,47.370
17.4.2025,3:27:8.775,27.440,35.140
17.4.2025,3:27:9.775,26.702,47.831
17.4.2025,3:27:10.789,27.088,35.684
17.4.2025,3:27:11.795,27.102,46.273
17.4.2025,3:27:12.794,27.007,44.428
17.4.2025,3:27:13.822,26.955,51.789
17.4.2025,3:27:14.838,27.004,42.146
17.4.2025,3:27:15.840,26.792,55.304
17.4.2025,3:27:16.843,27.392,40.080
17.4.2025,3:27:17.861,26.795,54.652
17.4.2025,3:27:18.874,27.164,37.925
17.4.2025,3:27:19.889,26.684,52.954
17.4.2025,3:27:20.902,27.072,33.512
17.4.2025,3:27:21.888,26.754,50.111
17.4.2025,3:27:22.902,27.172,32.446
17.4.2025,3:27:23.902,26.732,49.207
17.4.2025,3:27:24.903,27.074,32.586
17.4.2025,3:27:25.888,26.448,48.180
17.4.2025,3:27:26.889,27.444,31.261
17.4.2025,3:27:27.888,26.688,48.173
17.4.2025,3:27:28.891,27.356,33.848
17.4.2025,3:27:29.894,26.931,48.016
17.4.2025,3:27:30.896,27.023,35.016
17.4.2025,3:27:31.895,26.689,47.096
17.4.2025,3:27:32.895,27.036,33.536
17.4.2025,3:27:33.896,26.790,48.729
17.4.2025,3:27:34.899,27.101,44.601
17.4.2025,3:27:35.901,27.083,53.428
17.4.2025,3:27:36.901,26.937,42.667
17.4.2025,3:27:37.902,26.867,53.528
17.4.2025,3:27:38.903,26.692,42.665
17.4.2025,3:27:39.899,26.933,53.337
17.4.2025,3:27:40.900,27.091,40.734
17.4.2025,3:27:41.916,27.190,56.547
17.4.2025,3:27:42.932,26.816,40.006
17.4.2025,3:27:43.935,27.182,55.490
17.4.2025,3:27:44.940,26.930,36.386
17.4.2025,3:27:45.934,27.210,54.143
17.4.2025,3:27:46.937,26.563,36.039
17.4.2025,3:27:47.937,26.932,53.768
17.4.2025,3:27:48.943,26.747,33.902
17.4.2025,3:27:49.941,26.994,51.033
17.4.2025,3:27:50.943,26.726,46.886
17.4.2025,3:27:51.958,27.001,37.636
17.4.2025,3:27:52.957,26.671,31.674
17.4.2025,3:27:53.973,27.310,40.566
17.4.2025,3:27:54.990,26.778,46.233
17.4.2025,3:27:55.991,27.214,45.515
17.4.2025,3:27:56.995,26.626,45.712
17.4.2025,3:27:57.994,27.340,49.496
17.4.2025,3:27:58.995,26.667,44.661
17.4.2025,3:27:59.982,27.174,51.990
17.4.2025,3:28:0.986,26.467,44.674
17.4.2025,3:28:1.984,27.050,51.476
17.4.2025,3:28:2.998,26.724,42.053
17.4.2025,3:28:3.999,27.546,54.875
17.4.2025,3:28:5.002,26.527,41.804
17.4.2025,3:28:6.019,27.256,30.867
17.4.2025,3:28:7.020,26.692,48.783
17.4.2025,3:28:8.020,27.284,31.566
17.4.2025,3:28:9.020,26.603,48.743
17.4.2025,3:28:10.020,27.297,32.319
17.4.2025,3:28:11.037,26.299,47.813
17.4.2025,3:28:12.039,27.118,34.059
17.4.2025,3:28:13.038,26.231,47.775
17.4.2025,3:28:14.055,27.192,34.425
17.4.2025,3:28:15.068,26.498,47.228
17.4.2025,3:28:16.069,27.332,34.676
17.4.2025,3:28:17.070,26.792,46.650
17.4.2025,3:28:18.069,27.171,39.021
17.4.2025,3:28:19.070,26.528,46.603
17.4.2025,3:28:20.074,27.496,42.925
17.4.2025,3:28:21.073,26.823,53.913
17.4.2025,3:28:22.072,27.084,39.791
17.4.2025,3:28:23.074,26.677,54.408
17.4.2025,3:28:24.062,29.101,37.264
17.4.2025,3:28:25.065,29.138,34.455
17.4.2025,3:28:26.069,29.030,46.853
17.4.2025,3:28:27.086,27.805,34.332
17.4.2025,3:28:28.086,26.860,52.398
17.4.2025,3:28:29.105,26.880,33.959
17.4.2025,3:28:30.105,27.046,51.938
17.4.2025,3:28:31.105,27.164,31.071
17.4.2025,3:28:32.119,26.553,49.685
17.4.2025,3:28:33.132,27.298,32.395
17.4.2025,3:28:34.127,26.433,47.371
17.4.2025,3:28:35.147,27.525,34.196
17.4.2025,3:28:36.149,26.502,47.512
17.4.2025,3:28:37.148,27.457,37.702
17.4.2025,3:28:38.149,26.679,46.217
17.4.2025,3:28:39.147,27.062,39.937
17.4.2025,3:28:40.148,29.965,50.639
17.4.2025,3:28:41.148,26.929,43.361
17.4.2025,3:28:42.153,27.160,53.692
17.4.2025,3:28:43.167,26.753,39.649
17.4.2025,3:28:44.167,26.884,55.432
17.4.2025,3:28:45.168,27.062,36.194
17.4.2025,3:28:46.186,27.083,53.376
17.4.2025,3:28:47.199,26.939,35.116
17.4.2025,3:28:48.213,26.814,50.621
17.4.2025,3:28:49.210,27.133,31.758
17.4.2025,3:28:50.211,26.809,49.420
17.4.2025,3:28:51.227,27.370,31.046
17.4.2025,3:28:52.226,26.214,50.233
17.4.2025,3:28:53.239,27.504,31.140
17.4.2025,3:28:54.255,26.510,48.632
17.4.2025,3:28:55.271,27.536,32.530
17.4.2025,3:28:56.270,26.516,48.564
17.4.2025,3:28:57.273,27.490,31.953
17.4.2025,3:28:58.274,26.650,47.561
17.4.2025,3:28:59.274,27.345,34.501
17.4.2025,3:29:0.273,26.709,46.407
17.4.2025,3:29:1.272,27.312,37.929
17.4.2025,3:29:2.270,26.490,46.264
17.4.2025,3:29:3.273,27.581,40.004
17.4.2025,3:29:4.276,26.608,45.742
17.4.2025,3:29:5.290,27.573,46.381
17.4.2025,3:29:6.306,26.609,45.457
17.4.2025,3:29:7.310,27.445,50.302
17.4.2025,3:29:8.309,26.668,44.913
17.4.2025,3:29:9.312,27.079,51.604
17.4.2025,3:29:10.314,26.740,51.288
17.4.2025,3:29:11.330,27.854,32.844
17.4.2025,3:29:12.347,26.799,51.537
17.4.2025,3:29:13.349,27.294,32.834
17.4.2025,3:29:14.363,27.052,50.513
17.4.2025,3:29:15.378,27.151,33.058
17.4.2025,3:29:16.381,27.105,50.524
17.4.2025,3:29:17.381,27.248,31.279
17.4.2025,3:29:18.383,27.009,48.602
17.4.2025,3:29:19.399,26.994,31.890
17.4.2025,3:29:20.402,26.928,47.313
17.4.2025,3:29:21.418,26.720,36.624
17.4.2025,3:29:22.404,27.128,46.381
17.4.2025,3:29:23.421,27.138,40.973
17.4.2025,3:29:24.439,27.188,55.728
17.4.2025,3:29:25.442,27.272,38.380
17.4.2025,3:29:26.443,27.375,55.518
17.4.2025,3:29:27.446,27.002,34.056
17.4.2025,3:29:28.446,27.243,52.384
17.4.2025,3:29:29.446,27.047,33.868
17.4.2025,3:29:30.448,27.230,50.514
17.4.2025,3:29:31.451,27.152,31.648
17.4.2025,3:29:32.451,27.109,48.743
17.4.2025,3:29:33.453,27.039,35.306
17.4.2025,3:29:34.456,27.214,46.978
17.4.2025,3:29:35.458,26.935,45.071
17.4.2025,3:29:36.458,27.075,47.460
17.4.2025,3:29:37.464,26.666,45.436
17.4.2025,3:29:38.467,27.428,45.214
17.4.2025,3:29:39.480,27.126,45.271
17.4.2025,3:29:40.484,27.339,49.081
17.4.2025,3:29:41.501,26.865,43.048
17.4.2025,3:29:42.502,26.823,54.648
17.4.2025,3:29:43.504,26.944,40.850
17.4.2025,3:29:44.521,26.881,53.792
17.4.2025,3:29:45.523,26.863,40.972
17.4.2025,3:29:46.524,27.194,54.177
17.4.2025,3:29:47.539,26.616,39.955
17.4.2025,3:29:48.539,27.222,30.830
17.4.2025,3:29:49.557,26.386,48.914
17.4.2025,3:29:50.544,27.230,32.454
17.4.2025,3:29:51.562,26.835,47.094
17.4.2025,3:29:52.578,27.104,36.502
17.4.2025,3:29:53.590,26.533,47.350
17.4.2025,3:29:54.592,27.459,38.273
17.4.2025,3:29:55.608,26.542,46.435
17.4.2025,3:29:56.623,27.318,41.679
17.4.2025,3:29:57.627,26.811,45.998
17.4.2025,3:29:58.630,27.510,41.041
17.4.2025,3:29:59.633,26.730,46.686
17.4.2025,3:30:0.628,27.413,40.990
17.4.2025,3:30:1.625,27.000,46.114
17.4.2025,3:30:2.641,27.308,43.355
17.4.2025,3:30:3.640,26.640,45.604
17.4.2025,3:30:4.654,27.524,46.782
17.4.2025,3:30:5.656,26.569,45.448
17.4.2025,3:30:6.671,27.128,47.688
17.4.2025,3:30:7.670,26.431,44.772
17.4.2025,3:30:8.687,27.533,52.579
17.4.2025,3:30:9.701,26.773,41.498
17.4.2025,3:30:10.704,27.294,30.929
17.4.2025,3:30:11.710,26.706,48.614
17.4.2025,3:30:12.709,27.451,32.339
17.4.2025,3:30:13.707,26.698,47.708
17.4.2025,3:30:14.723,30.697,32.190
17.4.2025,3:30:15.723,26.542,47.176
17.4.2025,3:30:16.739,27.377,34.090
17.4.2025,3:30:17.739,26.728,46.991
17.4.2025,3:30:18.736,27.272,37.966
17.4.2025,3:30:19.755,26.680,46.986
17.4.2025,3:30:20.766,27.197,43.469
17.4.2025,3:30:21.766,26.809,45.747
17.4.2025,3:30:22.782,27.229,45.753
17.4.2025,3:30:23.783,27.043,46.161
17.4.2025,3:30:24.785,27.279,46.082
17.4.2025,3:30:25.799,26.828,45.319
17.4.2025,3:30:26.813,27.657,49.144
17.4.2025,3:30:27.814,26.934,43.192
17.4.2025,3:30:28.812,27.355,54.936
17.4.2025,3:30:29.812,26.726,40.573
17.4.2025,3:30:30.825,27.275,54.296
17.4.2025,3:30:31.843,26.745,50.310
17.4.2025,3:30:32.857,27.210,31.810
17.4.2025,3:30:33.871,26.462,50.200
17.4.2025,3:30:34.886,27.440,31.703
17.4.2025,3:30:35.887,26.543,50.524
17.4.2025,3:30:36.902,27.478,31.248
17.4.2025,3:30:37.901,26.368,48.410
17.4.2025,3:30:38.901,27.257,33.662
17.4.2025,3:30:39.916,26.634,48.612
17.4.2025,3:30:40.933,27.494,34.458
17.4.2025,3:30:41.946,26.617,46.992
17.4.2025,3:30:42.948,27.185,35.303
17.4.2025,3:30:43.950,31.083,52.807
17.4.2025,3:30:44.968,27.030,34.939
17.4.2025,3:30:45.970,27.134,53.003
17.4.2025,3:30:46.990,26.705,32.554
17.4.2025,3:30:47.991,27.311,50.209
17.4.2025,3:30:49.011,26.572,46.437
17.4.2025,3:30:50.012,27.150,42.825
17.4.2025,3:30:51.030,26.801,45.836
17.4.2025,3:30:52.042,27.161,46.340
17.4.2025,3:30:53.042,27.103,44.807
17.4.2025,3:30:54.045,27.240,48.542
17.4.2025,3:30:55.047,26.683,44.721
17.4.2025,3:30:56.049,27.156,53.836
17.4.2025,3:30:57.063,27.214,39.918
17.4.2025,3:30:58.082,26.880,55.738
17.4.2025,3:30:59.099,27.145,37.796
17.4.2025,3:31:0.117,27.660,53.649
17.4.2025,3:31:1.114,26.784,33.868
17.4.2025,3:31:2.109,27.093,53.379
17.4.2025,3:31:3.116,26.872,32.049
17.4.2025,3:31:4.112,29.566,53.513
17.4.2025,3:31:5.117,30.680,37.493
17.4.2025,3:31:6.109,29.614,55.384
17.4.2025,3:31:7.120,26.823,50.464
17.4.2025,3:31:8.120,27.246,34.073
17.4.2025,3:31:9.108,26.798,53.490
17.4.2025,3:31:10.110,27.255,34.026
17.4.2025,3:31:11.109,26.766,53.468
17.4.2025,3:31:12.111,27.340,33.899
17.4.2025,3:31:13.117,27.119,52.758
17.4.2025,3:31:14.108,26.873,33.864
17.4.2025,3:31:15.112,27.403,53.476
17.4.2025,3:31:16.109,26.779,34.538
17.4.2025,3:31:17.128,27.400,54.322
17.4.2025,3:31:18.122,26.957,36.079
17.4.2025,3:31:19.142,26.723,54.795
17.4.2025,3:31:20.142,26.626,35.740
17.4.2025,3:31:21.138,26.885,54.753
17.4.2025,3:31:22.142,26.663,34.759
17.4.2025,3:31:23.145,26.938,53.926
17.4.2025,3:31:24.144,26.719,47.513
17.4.2025,3:31:25.145,27.084,31.194
17.4.2025,3:31:26.145,26.728,48.610
17.4.2025,3:31:27.149,28.075,45.155
17.4.2025,3:31:28.149,28.659,34.759
17.4.2025,3:31:29.149,28.942,46.798
17.4.2025,3:31:30.149,28.027,32.943
17.4.2025,3:31:31.159,26.584,50.040
17.4.2025,3:31:32.163,27.237,31.487
17.4.2025,3:31:33.165,26.336,50.302
17.4.2025,3:31:34.164,27.187,31.783
17.4.2025,3:31:35.164,26.443,50.478
17.4.2025,3:31:36.165,27.744,30.972
17.4.2025,3:31:37.164,26.594,48.853
17.4.2025,3:31:38.166,27.290,31.294
17.4.2025,3:31:39.167,26.455,48.852
17.4.2025,3:31:40.181,27.192,30.083
17.4.2025,3:31:41.184,26.923,50.458
17.4.2025,3:31:42.185,26.986,30.141
17.4.2025,3:31:43.203,27.033,37.819
17.4.2025,3:31:44.216,26.739,46.428
17.4.2025,3:31:45.219,26.900,50.827
17.4.2025,3:31:46.219,26.691,46.932
17.4.2025,3:31:47.232,27.234,35.956
17.4.2025,3:31:48.249,27.987,47.186
17.4.2025,3:31:49.262,27.912,32.343
17.4.2025,3:31:50.279,26.503,48.910
17.4.2025,3:31:51.293,27.611,31.593
17.4.2025,3:31:52.293,26.860,49.206
17.4.2025,3:31:53.292,27.168,31.623
17.4.2025,3:31:54.290,26.663,48.435
17.4.2025,3:31:55.291,27.069,32.223
17.4.2025,3:31:56.307,26.774,47.568
17.4.2025,3:31:57.294,27.288,32.224
17.4.2025,3:31:58.310,26.675,47.385
17.4.2025,3:31:59.327,27.372,34.506
17.4.2025,3:32:0.328,26.793,47.729
17.4.2025,3:32:1.328,27.099,33.669
17.4.2025,3:32:2.331,26.793,47.847
17.4.2025,3:32:3.329,27.094,33.703
17.4.2025,3:32:4.329,26.790,47.859
17.4.2025,3:32:5.345,27.483,36.256
17.4.2025,3:32:6.344,26.398,47.449
17.4.2025,3:32:7.347,27.256,44.837
17.4.2025,3:32:8.362,26.356,48.115
17.4.2025,3:32:9.379,27.295,45.485
17.4.2025,3:32:10.379,26.505,46.022
17.4.2025,3:32:11.397,27.390,45.044
17.4.2025,3:32:12.400,26.904,43.518
17.4.2025,3:32:13.401,26.369,45.953
17.4.2025,3:32:14.404,26.997,42.043
17.4.2025,3:32:15.420,26.919,45.919
17.4.2025,3:32:16.419,26.970,47.661
17.4.2025,3:32:17.436,26.651,45.741
17.4.2025,3:32:18.436,27.161,45.138
17.4.2025,3:32:19.439,26.687,45.978
17.4.2025,3:32:20.440,27.437,46.563
17.4.2025,3:32:21.442,26.453,45.732
17.4.2025,3:32:22.444,27.423,41.165
17.4.2025,3:32:23.443,26.661,56.065
17.4.2025,3:32:24.462,27.351,38.049
17.4.2025,3:32:25.463,26.662,54.414
17.4.2025,3:32:26.478,27.297,36.993
17.4.2025,3:32:27.491,26.498,54.209
17.4.2025,3:32:28.490,27.386,34.665
17.4.2025,3:32:29.507,26.744,54.173
17.4.2025,3:32:30.510,27.435,34.426
17.4.2025,3:32:31.510,26.723,51.402
17.4.2025,3:32:32.525,27.587,31.800
17.4.2025,3:32:33.526,26.592,51.147
17.4.2025,3:32:34.526,27.374,33.030
17.4.2025,3:32:35.526,26.765,51.776
17.4.2025,3:32:36.524,27.314,34.033
17.4.2025,3:32:37.542,27.087,51.047
17.4.2025,3:32:38.541,26.748,36.126
17.4.2025,3:32:39.558,27.075,54.887
17.4.2025,3:32:40.544,26.639,36.826
17.4.2025,3:32:41.545,26.782,54.463
17.4.2025,3:32:42.549,26.756,39.570
17.4.2025,3:32:43.569,27.456,31.543
17.4.2025,3:32:44.568,26.745,50.527
17.4.2025,3:32:45.566,27.093,31.374
17.4.2025,3:32:46.565,26.857,49.292
17.4.2025,3:32:47.583,27.176,32.236
17.4.2025,3:32:48.596,26.371,49.221
17.4.2025,3:32:49.610,27.116,32.282
17.4.2025,3:32:50.611,26.850,48.025
17.4.2025,3:32:51.627,27.145,34.296
17.4.2025,3:32:52.644,26.649,47.534
17.4.2025,3:32:53.651,27.063,33.258
17.4.2025,3:32:54.651,26.482,48.466
17.4.2025,3:32:55.652,27.189,30.753
17.4.2025,3:32:56.654,26.604,49.300
17.4.2025,3:32:57.654,27.552,32.176
17.4.2025,3:32:58.659,26.575,48.739
17.4.2025,3:32:59.658,27.063,33.276
17.4.2025,3:33:0.655,26.727,48.411
17.4.2025,3:33:1.659,26.926,34.255
17.4.2025,3:33:2.672,26.734,47.694
17.4.2025,3:33:3.688,27.282,32.368
17.4.2025,3:33:4.702,26.503,47.898
17.4.2025,3:33:5.717,27.402,34.479
17.4.2025,3:33:6.722,26.525,45.591
17.4.2025,3:33:7.720,27.894,46.266
17.4.2025,3:33:8.733,26.254,42.710
17.4.2025,3:33:9.761,27.363,46.334
17.4.2025,3:33:10.776,26.893,42.449
17.4.2025,3:33:11.790,27.332,46.455
17.4.2025,3:33:12.791,26.429,42.027
17.4.2025,3:33:13.794,27.452,45.687
17.4.2025,3:33:14.806,26.579,47.333
17.4.2025,3:33:15.812,27.588,45.635
17.4.2025,3:33:16.826,26.903,46.264
17.4.2025,3:33:17.830,26.916,45.265
17.4.2025,3:33:18.842,26.781,48.439
17.4.2025,3:33:19.846,27.487,45.137
17.4.2025,3:33:20.863,26.810,42.986
17.4.2025,3:33:21.862,26.955,45.838
17.4.2025,3:33:22.861,29.457,41.000
17.4.2025,3:33:23.876,26.706,46.646
17.4.2025,3:33:24.875,27.174,41.277
17.4.2025,3:33:25.894,27.008,46.598
17.4.2025,3:33:26.908,27.297,41.198
17.4.2025,3:33:27.911,26.885,45.989
17.4.2025,3:33:28.916,27.228,39.737
17.4.2025,3:33:29.914,26.715,50.576
17.4.2025,3:33:30.904,27.329,44.659
17.4.2025,3:33:31.916,26.682,50.258
17.4.2025,3:33:32.931,26.949,45.306
17.4.2025,3:33:33.947,26.728,49.553
17.4.2025,3:33:34.945,27.180,44.759
17.4.2025,3:33:35.945,26.824,46.561
17.4.2025,3:33:36.943,27.280,44.955
17.4.2025,3:33:37.944,26.534,48.621
17.4.2025,3:33:38.959,27.221,45.065
17.4.2025,3:33:39.977,26.353,48.056
17.4.2025,3:33:40.980,27.431,45.606
17.4.2025,3:33:41.981,26.545,47.169
17.4.2025,3:33:42.966,26.876,45.084
17.4.2025,3:33:43.984,26.976,36.329
17.4.2025,3:33:45.001,27.080,45.009
17.4.2025,3:33:46.001,27.117,48.515
17.4.2025,3:33:47.018,26.797,55.157
17.4.2025,3:33:48.024,27.056,37.007
17.4.2025,3:33:49.023,26.929,54.918
17.4.2025,3:33:50.024,27.278,37.675
17.4.2025,3:33:51.026,26.488,54.816
17.4.2025,3:33:52.026,27.075,38.634
17.4.2025,3:33:53.039,26.819,53.756
17.4.2025,3:33:54.039,26.991,39.072
17.4.2025,3:33:55.055,26.528,53.906
17.4.2025,3:33:56.072,27.041,38.351
17.4.2025,3:33:57.075,26.625,54.001
17.4.2025,3:33:58.077,27.312,38.511
17.4.2025,3:33:59.081,26.559,55.923
17.4.2025,3:34:0.082,27.024,39.827
17.4.2025,3:34:1.086,26.547,55.059
17.4.2025,3:34:2.100,27.388,38.950
17.4.2025,3:34:3.099,26.492,55.168
17.4.2025,3:34:4.115,27.666,39.695
17.4.2025,3:34:5.113,26.860,54.453
17.4.2025,3:34:6.112,26.966,39.746
17.4.2025,3:34:7.127,26.380,54.008
17.4.2025,3:34:8.147,27.304,40.759
17.4.2025,3:34:9.145,26.777,30.643
17.4.2025,3:34:10.148,27.131,50.051
17.4.2025,3:34:11.146,26.802,31.665
17.4.2025,3:34:12.149,27.155,49.016
17.4.2025,3:34:13.150,26.893,32.272
17.4.2025,3:34:14.150,27.317,50.429
17.4.2025,3:34:15.147,26.605,32.369
17.4.2025,3:34:16.149,27.041,49.217
17.4.2025,3:34:17.151,27.421,32.291
17.4.2025,3:34:18.150,26.987,48.087
17.4.2025,3:34:19.151,27.072,34.434
17.4.2025,3:34:20.152,26.760,48.376
17.4.2025,3:34:21.140,26.760,32.319
17.4.2025,3:34:22.157,26.950,49.213
17.4.2025,3:34:23.171,26.834,30.554
17.4.2025,3:34:24.189,26.491,50.391
17.4.2025,3:34:25.190,27.158,32.677
17.4.2025,3:34:26.193,26.871,51.282
17.4.2025,3:34:27.192,27.333,33.036
17.4.2025,3:34:28.197,26.300,35.952
17.4.2025,3:34:29.200,27.243,47.854
17.4.2025,3:34:30.219,27.140,35.690
17.4.2025,3:34:31.232,28.579,46.968
17.4.2025,3:34:32.248,28.478,34.439
17.4.2025,3:34:33.261,28.691,46.585
17.4.2025,3:34:34.264,28.943,39.760
17.4.2025,3:34:35.265,28.710,40.266
17.4.2025,3:34:36.267,29.043,38.511
17.4.2025,3:34:37.269,24.854,22.072
17.4.2025,3:34:38.273,11.073,22.079
